0000004500000045
0000015700000157
000003790000037a
000006a8000006aa
00000ae000000ae4
0000101c00001025
0000165700001669
00001d8b00001dac
000025b4000025e9
00002ec900002f1a
000038c60000393d
000043a00000444b
00004f540000503f
00005bd500005d13
0000691d00006ac1
0000772400007942
000085e000008891
00009547000098a8
0000a5510000a97d
0000b5f30000bb0d
0000c7240000cd4e
0000d8da0000e03a
0000eb0b0000f3c9
0000fdac000107f3
000110b400011cb1
00012418000131fb
000137ce000147ca
00014bcd00015e15
00016009000174d4
0001747c00018bfe
000189180001a38d
00019dd80001bb77
0001b2b10001d3b5
0001c79a0001ec3f
0001dc8d0002050c
0001f17f00021e15
0002066c00023751
00021b4a000250b8
0002301500026a43
000244c6000283eb
0002595800029da7
00026dc70002b76f
0002820d0002d13e
000296290002eb0d
0002aa17000304d3
0002bdd400031e8b
0002d1600003382e
0002e4ba000351b7
0002f7e200036b1e
00030ad90003845f
00031da000039d76
000330390003b65c
000342a70003cf0d
000354ef0003e786
000367130003ffc2
00037918000417be
00038b0500042f77
00039cdf000446ea
0003aeaa00045e17
0003c070000474f9
0003d23700048b91
0003e4070004a1df
0003f5e60004b7e1
000407dd0004cd99
000419f20004e307
00042c2f0004f82c
00043e9b00050d0b
0004513d000521a5
0004641b000535ff
0004773e00054a1b
00048aab00055dfd
00049e66000571ab
0004b27800058528
0004c6e30005987c
0004dbab0005abac
0004f0d30005bebe
0005065d0005d1ba
00051c4b0005e4a7
0005329d0005f78d
0005495400060a74
0005606c00061d67
000577e30006306b
00058fb70006438d
0005a7e4000656d5
0005c06600066a4d
0005d93500067dfe
0005f24d000691f2
00060ba50006a634
000625380006bace
00063efb0006cfc9
000658e60006e52e
000672f10006fb08
00068d100007115e
0006a73c0007283c
0006c16600073fa9
0006db89000757ae
0006f59500077050
00070f8300078998
000729460007a38b
000742d20007be31
00075c1f0007d98f
000775200007f5a8
00078dcc00081280
0007a6170008301a
0007bdf700084e7b
0007d56300086da1
0007ec5100088d8e
000802b60008ae43
0008188d0008cfbf
00082dcb0008f200
0008426900091505
00085660000938ca
000869a900095d4c
00087c3d00098288
00088e170009a878
00089f330009cf17
0008af8b0009f661
0008bf1c000a1e4d
0008cde5000a46d6
0008dbe0000a6ff4
0008e90d000a99a0
0008f56c000ac3d2
000900fb000aee83
00090bbc000b19a9
000915ae000b453a
00091ed6000b7130
00092732000b9d80
00092ec8000bca21
0009359a000bf70b
00093bae000c2434
00094108000c5191
000945ad000c7f1a
000949a2000cacc6
00094cf0000cda8b
00094f9b000d085f
000951ab000d363a
00095328000d6412
0009541b000d91df
0009548b000dbf98
0009547f000ded35
00095402000e1aac
0009531c000e47f7
000951d4000e750d
00095036000ea1e7
00094e47000ece7f
00094c12000efacb
0009499f000f26c7
000946f6000f526c
0009441e000f7db4
00094120000fa89a
00093e00000fd319
00093ac8000ffd2b
0009377c001026cf
0009342200104ffd
000930bf001078b5
00092d570010a0f1
000929ed0010c8b1
000926820010eff2
0009231c001116b3
00091fb900113cf2
00091c5b001162ae
00091900001187e8
000915a90011aca0
000912520011d0d5
00090ef90011f48b
00090b9b001217c1
0009083400123a7b
000904bf00125cbb
0009013700127e83
0008fd9600129fd7
0008f9d50012c0bc
0008f5ed0012e135
0008f1d900130147
0008ed8f001320f8
0008e9070013404c
0008e43b00135f49
0008df2200137df7
0008d9b300139c5b
0008d3e60013ba7b
0008cdb40013d860
0008c7130013f60f
0008bffc00141392
0008b868001430ef
0008b04d00144e2f
0008a7a700146b5a
00089e6d00148877
0008949b0014a58f
00088a290014c2ab
00087f130014dfd2
000873540014fd0e
000866e700151a66
000859ca001537e3
00084bfa0015558d
00083d740015736b
00082e3700159185
00081e440015afe2
00080d980015ce8b
0007fc370015ed86
0007ea2100160cdb
0007d75a00162c8d
0007c3e200164ca5
0007afc100166d26
00079af900168e18
000785920016af7d
00076f900016d15a
000758fc0016f3b4
000741de0017168d
00072a3e001739e7
0007122600175dc6
0006f9a10017822a
0006e0ba0017a713
0006c77c0017cc84
0006adf40017f27c
0006942f001818f9
00067a3b00183ffb
0006602600186780
000645fe00188f86
00062bd40018b809
000611b80018e107
0005f7b700190a7b
0005dde600193462
0005c45300195eb5
0005ab0d00198971
000592290019b48f
000579b50019e009
000561c2001a0bd9
00054a61001a37f8
000533a1001a645f
00051d92001a9105
00050842001abde6
0004f3c0001aeaf7
0004e016001b1830
0004cd51001b458a
0004bb7b001b72fc
0004aa9e001ba07f
00049abd001bce08
00048be2001bfb8f
00047e0d001c290c
00047143001c5676
00046580001c83c6
00045ac4001cb0f1
0004510a001cddf0
0004484d001d0ab9
00044084001d3747
000439a8001d6390
000433ac001d8f8c
00042e86001dbb34
00042a29001de681
00042685001e116b
0004238f001e3bed
00042137001e6600
00041f6d001e8f9d
00041e25001eb8be
00041d4f001ee161
00041cdd001f097c
00041cc2001f310f
00041cf2001f5813
00041d61001f7e85
00041e04001fa462
00041ed3001fc9a7
00041fc4001fee51
000420d20020125f
000421f5002035d0
0004232b002058a1
0004247000207ad2
000425c200209c65
000427220020bd58
0004288f0020ddab
00042a0e0020fd63
00042b9f00211c7e
00042d4900213b00
00042f12002158ec
000430fd00217644
000433160021930d
000435620021af4a
000437eb0021cafe
00043ab90021e631
00043dd8002200e6
0004414e00221b22
00044528002234ec
0004496f00224e4a
00044e2c00226742
0004536800227fdc
0004592b0022981e
00045f7e0022b010
000466660022c7b8
00046dea0022df20
0004760f0022f64e
00047ed900230d4b
000488490023241f
0004926200233ad1
00049d220023516c
0004a888002367f6
0004b49200237e78
0004c13a002394fa
0004ce7d0023ab84
0004dc530023c220
0004eab40023d8d2
0004f9980023efa5
000508f5002406a1
000518c100241dcb
000528f10024352c
0005397700244cca
00054a49002464ac
00055b5a00247cd6
00056c9c00249551
00057e020024ae21
00058f7d0024c74c
0005a1030024e0d5
0005b2840024fac1
0005c3f300251513
0005d54300252fd0
0005e66700254af9
0005f75300256692
000607f90025829a
0006185000259f15
0006284a0025bc02
000637de0025d962
000647000025f734
000655a700261578
000663cb0026342b
000671610026534d
00067e63002672da
00068ac8002692d0
0006968c0026b32b
0006a1a60026d3e8
0006ac110026f502
0006b5cb00271673
0006becd00273839
0006c71600275a4b
0006cea200277ca5
0006d57000279f40
0006db7e0027c216
0006e0cd0027e520
0006e55b00280856
0006e92b00282bb1
0006ec3c00284f29
0006ee93002872b8
0006f03000289654
0006f11a0028b9f4
0006f1500028dd93
0006f0da00290126
0006efbc002924a6
0006edfd0029480a
0006eba000296b4a
0006e8ad00298e5e
0006e52c0029b13e
0006e1220029d3e2
0006dc980029f641
0006d795002a1854
0006d221002a3a13
0006cc47002a5b77
0006c60c002a7c79
0006bf7a002a9d12
0006b898002abd3b
0006b172002adcef
0006aa0e002afc26
0006a275002b1adc
00069aaf002b390b
000692c5002b56ae
00068abf002b73c1
000682a4002b9040
00067a7b002bac27
0006724c002bc773
00066a1b002be221
000661f0002bfc2e
000659d0002c1599
000651be002c2e60
000649c1002c4682
000641d8002c5dff
00063a0a002c74d7
00063258002c8b0a
00062ac1002ca098
00062349002cb584
00061bed002cc9ce
000614ae002cdd7b
00060d8a002cf08b
00060680002d0303
0005ff8b002d14e5
0005f8a9002d2636
0005f1d5002d36fa
0005eb0d002d4735
0005e449002d56ef
0005dd85002d662b
0005d6bb002d74f0
0005cfe6002d8342
0005c8fd002d912b
0005c1fc002d9eb0
0005badb002dabd9
0005b392002db8ac
0005ac1c002dc532
0005a470002dd170
00059c89002ddd72
0005945e002de93c
00058beb002df4d9
00058328002e0050
00057a0e002e0baa
00057098002e16ef
000566bf002e2226
00055c7f002e2d5a
000551d2002e3891
000546b4002e43d5
00053b21002e4f2b
00052f16002e5a9e
0005228d002e6635
00051585002e71f6
000507fb002e7de9
0004f9ef002e8a16
0004eb5c002e9682
0004dc45002ea334
0004cca6002eb032
0004bc83002ebd81
0004abd9002ecb29
00049aab002ed92c
000488fb002ee78e
000476c8002ef656
00046418002f0585
000450ed002f151e
00043d49002f2524
00042932002f3599
000414aa002f4680
0003ffb7002f57d9
0003ea5e002f69a4
0003d4a2002f7be1
0003be8c002f8e8f
0003a81f002fa1af
00039164002fb53e
00037a60002fc939
00036319002fdda0
00034b96002ff26f
000333e0003007a0
00031bfc00301d33
000303f400303321
0002ebcd00304966
0002d38f00305ffd
0002bb44003076e0
0002a2f100308e08
00028a9e0030a571
000272560030bd14
00025a1d0030d4e9
000241fc0030ece9
000229fb0031050d
0002122100311d4c
0001fa75003135a1
0001e2ff00314e03
0001cbc500316668
0001b4cf00317ecb
00019e2200319723
000187c40031af65
000171bd0031c78d
00015c110031df90
000146c60031f767
000131e100320f0a
00011d6500322670
0001095800323d93
0000f5be0032546a
0000e29900326aef
0000cfed0032811a
0000bdbc003296e3
0000ac0a0032ac45
00009ad90032c139
00008a2c0032d5b8
00007a080032e9bf
00006a710032fd45
00005b7100331048
00004d18003322c2
00003f84003334af
000032f10033460b
000027df003356d2
00001f6300336703
00001b6a00337699
00001d5c00338593
000023f7003393f0
00002d030033a1ad
0000372a0033aecb
000041d30033bb48
00004cb70033c728
000057b70033d267
000062c80033dd09
00006de40033e70e
0000790e0033f079
000084470033f94c
00008f950034018c
00009afd00340939
0000a68300341059
0000b22e003416ef
0000be0200341d02
0000ca0300342295
0000d636003427ae
0000e29f00342c52
0000ef3e00343087
0000fc1700343455
0001092b003437c1
0001167a00343ad4
0001240300343d93
000131c700344006
00013fc300344236
00014df700344429
00015c5c003445e9
00016af40034477d
000179b6003448ec
000188a200344a40
000197b300344b80
0001a6e200344cb6
0001b62a00344de9
0001c58700344f23
0001d4f200345069
0001e467003451c5
0001f3dd00345340
00020350003454e0
000212b8003456ad
00022210003458ae
0002315100345aec
0002407400345d6c
00024f7300346035
00025e480034634d
00026ced003466ba
00027b5b00346a82
0002898c00346eaa
0002977b00347335
0002a5210034782a
0002b27a00347d8a
0002bf7f0034835a
0002cc2c0034899e
0002d87a00349056
0002e46800349785
0002efee00349f2b
0002fb090034a74b
000305b60034afe4
00030ff00034b8f7
000319b40034c282
000323010034cc84
00032bd10034d6fc
000334230034e1e9
00033bf70034ed46
000343470034f90f
00034a1600350544
00035060003511df
0003562500351edb
00035b6500352c35
00036020003539e6
00036456003547e8
0003680900355637
00036b37003564cb
00036de40035739e
00037011003582a8
000371bf003591e4
000372f30035a149
000373ad0035b0d0
000373f00035c070
000373c10035d024
000373230035dfe1
0003721a0035efa1
000370a90035ff5a
00036ed600360f05
00036ca500361e9a
00036a1c00362e11
0003673e00363d61
0003641100364c83
0003609c00365b6f
00035ce500366a1d
000358ef00367885
000354c3003686a1
0003506600369469
00034bde0036a1d7
000347320036aee3
000342690036bb88
00033d860036c7c0
000338940036d384
000333960036ded1
00032e940036e9a0
000329930036f3ed
000324990036fdb6
00031fad003706f4
00031ad200370fa5
00031610003717c7
0003116b00371f56
00030ce700372652
0003088900372cb8
0003045600373288
00030050003737c0
0002fc7a00373c61
0002f8d90037406b
0002f56d003743df
0002f239003746bf
0002ef3e0037490b
0002ec7e00374ac6
0002e9f700374bf3
0002e7ab00374c95
0002e59900374caf
0002e3c100374c46
0002e22000374b5c
0002e0b6003749f9
0002df7f0037481f
0002de7b003745d6
0002dda500374323
0002dcfd0037400c
0002dc7c00373c97
0002dc20003738cb
0002dbe8003734af
0002dbcd0037304b
0002dbcd00372ba7
0002dbe4003726c9
0002dc0d003721b9
0002dc4500371c80
0002dc8800371725
0002dcd2003711b1
0002dd2100370c2d
0002dd6e0037069f
0002ddb800370112
0002ddfc0036fb8d
0002de360036f617
0002de620036f0ba
0002de7e0036eb7c
0002de870036e668
0002de7b0036e183
0002de580036dcd5
0002de1c0036d866
0002ddc30036d43d
0002dd4d0036d060
0002dcb80036ccd5
0002dc040036c9a4
0002db2e0036c6d1
0002da350036c461
0002d91a0036c25c
0002d7db0036c0c2
0002d6770036bf9c
0002d4f00036bee9
0002d3430036beb0
0002d1720036bef1
0002cf7c0036bfb0
0002cd620036c0ed
0002cb240036c2ab
0002c8c30036c4eb
0002c63e0036c7ab
0002c3980036caec
0002c0cf0036cead
0002bde60036d2ee
0002badc0036d7ab
0002b7b40036dce4
0002b46e0036e294
0002b10c0036e8b8
0002ad8e0036ef4f
0002a9f50036f652
0002a6420036fdbd
0002a2790037058c
00029e9800370db8
00029aa20037163e
0002969700371f15
0002927b00372838
00028e4e003731a0
00028a1100373b47
000285c600374524
0002816f00374f32
00027d0d00375967
000278a3003763bb
0002743100376e28
00026fba003778a6
00026b400037832b
000266c400378db0
000262490037982e
00025dd00037a29b
0002595c0037acef
000254ef0037b723
0002508b0037c12f
00024c320037cb0b
000247e80037d4b0
000243af0037de14
00023f880037e733
00023b770037f003
0002377e0037f880
000233a0003800a1
00022fe000380861
00022c4100380fbb
000228c5003816a9
0002256f00381d24
0002224300382329
00021f42003828b2
00021c6f00382dbd
000219ce00383245
0002176100383648
00021529003839c2
0002132b00383caf
0002116700383f12
00020fdf003840e5
00020e9600384229
00020d8d003842de
00020cc400384302
00020c3f00384296
00020bfc0038419c
00020bfc00384016
00020c4000383e04
00020cc700383b69
00020d9100383847
00020e9d003834a2
00020fea0038307e
0002117600382bdd
0002133f003826c5
000215430038213b
0002178000381b44
000219f5003814e5
00021c9c00380e25
00021f7400380708
000222780037ff95
000225a60037f7d5
000228f90037efce
00022c6f0037e786
000230030037df06
000233b00037d654
000237740037cd7a
00023b490037c47e
00023f2d0037bb69
0002431a0037b244
0002470c0037a916
00024b0000379fe8
00024ef1003796c2
000252dc00378dac
000256bc003784ae
00025a8e00377bd0
00025e4f0037731b
000261fa00376a95
0002658c00376248
0002690300375a39
00026c5a00375271
00026f8f00374af7
0002729f003743cf
0002758800373d02
0002784700373696
00027ad90037308f
00027d3c00372af3
00027f70003725c7
0002817100372110
0002833d00371cd0
000284d40037190d
00028635003715c8
0002875e00371306
0002884e003710c7
0002890400370f0e
0002898100370dda
000289c300370d2e
000289c900370d09
0002899600370d6b
0002892800370e52
0002888000370fbe
0002879c003711ad
000286800037141c
0002852b00371708
0002839f00371a6e
000281db00371e4a
00027fe200372299
00027db400372755
00027b5400372c78
000278c2003731fe
00027601003737e2
0002731200373e1d
00026ff7003744a8
00026cb200374b7c
0002694700375293
000265b6003759e5
000262020037616b
00025e2d0037691d
00025a3b003770f4
0002562f003778e7
0002520a003780ee
00024dd000378902
000249830037911a
000245270037992d
000240bf0037a136
00023c4e0037a928
000237d80037b100
000233600037b8b3
00022ee80037c03a
00022a750037c78c
000226090037cea5
000221a90037d57a
00021d590037dc07
0002191b0037e243
000214f50037e829
000210e70037edb1
00020cf70037f2d8
000209280037f796
0002057e0037fbe7
000201fc0037ffc6
0001fea50038032e
0001fb7e0038061c
0001f88a0038088c
0001f5cb00380a7b
0001f34500380be4
0001f0fa00380cc8
0001eeef00380d24
0001ed2300380cf7
0001eb9d00380c3f
0001ea5c00380afc
0001e9630038092e
0001e8b3003806d6
0001e84e003803f4
0001e8360038008a
0001e86b0037fc9a
0001e8ee0037f826
0001e9be0037f331
0001eade0037edbd
0001ec4b0037e7d0
0001ee060037e16c
0001f00d0037da96
0001f2600037d353
0001f4fc0037cba9
0001f7e00037c39b
0001fb0a0037bb32
0001fe780037b272
000202280037a962
000206160037a00a
00020a4000379670
00020ea200378c9b
0002133b00378293
000218050037785f
00021cfd00376e07
0002222000376395
0002276c0037590e
00022cd900374e7c
00023267003743e8
0002381000373957
00023dd200372ed5
000243a600372468
0002498b00371a17
00024f7c00370fed
00025575003705f0
00025b710036fc29
000261700036f29d
000267690036e957
00026d5b0036e05c
000273430036d7b2
0002791b0036cf60
00027ee10036c76f
000284920036bfe2
00028a290036b8bf
00028fa40036b20c
000294ff0036abcc
00029a370036a606
00029f490036a0bd
0002a43300369bf3
0002a8f0003697ac
0002ad80003693eb
0002b1df003690b2
0002b60a00368e01
0002ba0000368bda
0002bdbe00368a3f
0002c1430036892e
0002c48c003688a7
0002c798003688aa
0002ca6600368934
0002ccf400368a44
0002cf4000368bd7
0002d14c00368deb
0002d3130036907b
0002d49900369384
0002d5d900369702
0002d6d600369af0
0002d78f00369f49
0002d8020036a408
0002d8340036a925
0002d8210036ae9c
0002d7cc0036b466
0002d7360036ba7b
0002d65f0036c0d5
0002d5480036c76d
0002d3f60036ce3a
0002d2670036d536
0002d09d0036dc59
0002ce9c0036e39a
0002cc660036eaf1
0002c9fd0036f258
0002c7650036f9c4
0002c49e0037012d
0002c1ae0037088d
0002be9700370fd9
0002bb5d0037170d
0002b80300371e1d
0002b48d00372504
0002b0ff00372bb8
0002ad5c00373234
0002a9aa00373870
0002a5ec00373e64
0002a22700374409
00029e5e0037495b
00029a9700374e52
000296d6003752e8
0002931f00375719
00028f7700375ade
00028be200375e34
0002886400376115
000285010037637d
000281bf0037656a
00027e9f003766d8
00027ba8003767c4
000278db0037682d
0002763d00376810
000273ce0037676b
000271950037663f
00026f910037648c
00026dc60037624e
00026c3500375f8a
00026adf00375c3f
000269c50037586e
000268e80037541a
0002684a00374f45
000267e6003749f1
000267bf00374423
000267d500373ddd
0002682300373723
000268aa00372ffb
0002696600372869
00026a5700372071
00026b780037181b
00026cc700370f6a
00026e4200370667
00026fe40036fd17
000271a90036f381
000273900036e9ac
000275920036dfa0
000277ae0036d564
000279de0036caff
00027c1e0036c079
00027e690036b5dc
000280bf0036ab2d
000283180036a077
00028571003695c1
000287c700368b11
00028a1600368073
00028c5a003675ed
00028e9000366b87
000290b50036614a
000292c30036573d
000294ba00364d68
00029695003643d2
0002985200363a83
000299ef00363183
00029b6a003628d6
00029cbe00362086
00029dec00361896
00029ef00036110e
00029fc9003609f3
0002a07600360349
0002a0f60035fd16
0002a1450035f75f
0002a1660035f226
0002a1550035ed6f
0002a1130035e93d
0002a09f0035e592
00029ff90035e271
00029f200035dfda
00029e150035ddd0
00029cd80035dc53
00029b680035db61
000299c80035dafb
000297f50035db20
000295f40035dbcd
000293c20035dd02
000291620035debb
00028ed50035e0f7
00028c1c0035e3af
000289370035e6e1
0002862a0035ea89
000282f40035eea3
00027f980035f328
00027c180035f813
000278750035fd5d
000274af00360302
000270cd003608fb
00026ccc00360f40
000268b0003615ca
0002647d00361c92
0002603200362391
00025bd400362abf
0002576400363213
000252e500363985
00024e590036410f
000249c4003648a8
0002452600365047
00024084003657e4
00023be100365f78
0002373f003666f9
0002329f00366e60
00022e08003675a5
0002297a00367cc1
000224f7003683ab
0002208600368a5d
00021c27003690ce
000217df003696f8
000213af00369cd6
00020f9c0036a25e
00020ba90036a78d
000207d70036ac5b
0002042d0036b0c4
000200ab0036b4c2
0001fd560036b852
0001fa2f0036bb6e
0001f73b0036be11
0001f47c0036c03a
0001f1f50036c1e4
0001efaa0036c30e
0001ed9b0036c3b5
0001ebcc0036c3d6
0001ea3f0036c372
0001e8f60036c286
0001e7f40036c113
0001e7380036bf19
0001e6c50036bc99
0001e69c0036b992
0001e6bf0036b608
0001e72d0036b1fb
0001e7e70036ad6e
0001e8eb0036a864
0001ea3c0036a2df
0001ebd600369ce5
0001edbb00369679
0001efe800368fa0
0001f25d0036885d
0001f516003680b7
0001f812003678b4
0001fb4f00367057
0001feca003667aa
0002028000365eb1
0002066e00365574
00020a9300364bfa
00020ebf0036427c
0002129b00363966
000215f3003630ed
000218c60036290b
00021b15003621be
00021ce000361b00
00021e2d003614c9
00021f0200360f15
00021f65003609d9
00021f610036050c
00021eff003600a4
00021e4b0035fc94
00021d510035f8d4
00021c1c0035f556
00021aba0035f20e
000219370035eeeb
0002179e0035ebe4
000215fb0035e8e8
000214570035e5ea
000212bb0035e2dd
0002112f0035dfb0
00020fb60035dc57
00020e560035d8c4
00020d0d0035d4e9
00020bdc0035d0ba
00020abf0035cc29
000209b00035c72c
000208a80035c1b5
0002079e0035bbbc
000206840035b536
000205510035ae19
000203f30035a65f
0002025e00359dff
00020081003594f4
0001fe4d00358b39
0001fbb0003580c9
0001f89b003575a1
0001f4ff003569bf
0001f0cd00355d22
0001ebf700354fcb
0001e670003541ba
0001e02c003532f1
0001d92200352375
0001d14b00351347
0001c89d0035026e
0001bf160034f0ef
0001b4b30034ded1
0001a9750034cc1a
00019d5d0034b8d3
000190710034a503
000182b8003490b6
0001743e00347bf1
00016513003466c0
000155480034512d
000144f800343b41
0001344000342505
0001234800340e84
0001123d0033f7c6
0001015c0033e0d6
0000f0f10033c9bb
0000e1560033b27f
0000d30100339b28
0000c678003383be
0000bc5a00336c47
0000b548003354c9
0000b1d500333d47
0000b25e003325c7
0000b6fb00330e49
0000bf750032f6d1
0000cb5b0032df5e
0000da210032c7f0
0000eb380032b086
0000fe1e0032991c
00011264003281ae
000127ae00326a38
00013db6003252b4
0001544200323b1a
00016b2100322363
0001823200320b86
000199580031f379
0001b07d0031db32
0001c7910031c2a4
0001de880031a9c6
0001f55d0031908a
00020c0a003176e3
0002229100315cc5
000238f500314222
00024f3b003126ee
0002656d00310b1a
00027b950030ee9a
000291c10030d160
0002a7fd0030b361
0002be5d0030948f
0002d4ef003074e0
0002ebc600305448
000302f5003032bd
00031a8d00301037
000332a1002fecaa
00034b43002fc811
00036483002fa265
00037e6e002f7ba1
00039913002f53bf
0003b47d002f2abe
0003d0b4002f009b
0003edc0002ed555
00040ba4002ea8ed
00042a62002e7b65
000449fa002e4cbf
00046a68002e1d00
00048ba6002dec2e
0004adad002dba4f
0004d073002d876b
0004f3ec002d538c
0005180b002d1ebb
00053cc1002ce901
000561fd002cb26d
000587af002c7b0b
0005adc6002c42e7
0005d42e002c0a0f
0005fad7002bd094
000621ae002b9683
000648a0002b5bec
00066f9c002b20dd
00069693002ae569
0006bd72002aa99d
0006e42c002a6d89
00070ab3002a313e
000730fc0029f4ca
000756fa0029b83c
00077ca500297ba2
0007a1f500293f0a
0007c6e500290281
0007eb700028c613
00080f97002889cc
0008335600284db4
000856b2002811d8
000879ac0027d63d
00089c4d00279aec
0008be9900275fec
0008e09a00272541
0009025c0026eaee
000923e90026b0f6
0009454e0026775d
0009669c00263e21
000987de00260541
0009a9270025ccbe
0009ca8400259493
0009ec0800255cbd
000a0dc200252538
000a2fc10024edff
000a52160024b70b
000a74cd00248057
000a97f5002449da
000abb9a0024138f
000adfc60023dd6b
000b04820023a769
000b29d50023717e
000b4fc400233ba4
000b7653002305d1
000b9d820022cfff
000bc55200229a25
000bedbd0022643a
000c16c100222e3a
000c40540021f81d
000c6a6f0021c1dd
000c950900218b77
000cc012002154e2
000ceb8000211e1f
000d17430020e72a
000d434c0020afff
000d6f8b0020789f
000d9bef00204109
000dc8670020093f
000df4e2001fd143
000e214f001f9915
000e4d9d001f60bd
000e79be001f283d
000ea5a2001eef9d
000ed13c001eb6e1
000efc7e001e7e13
000f275d001e453b
000f51d0001e0c61
000f7bce001dd391
000fa551001d9ad4
000fce54001d6238
000ff6d4001d29c5
00101ed1001cf18c
0010464c001cb996
00106d45001c81f4
001093c5001c4ab0
0010b9cf001c13db
0010df6d001bdd80
001104a8001ba7af
0011298a001b7275
00114e22001b3de0
0011727c001b09fd
001196a6001ad6da
0011bab0001aa483
0011deab001a7303
001202a4001a4267
001226ad001a12bb
00124ad60019e407
00126f2d0019b656
001293c2001989b0
0012b8a300195e1b
0012dddc001933a0
0013037a00190a44
001329860018e20b
001350070018baf7
001377070018950d
00139e870018704b
0013c68e00184cb4
0013ef1b00182a44
0014182c001808fb
001441bf0017e8d3
00146bcf0017c9ca
001496540017abd8
0014c14700178ef7
0014ec9e0017731f
0015184b00175848
0015444200173e66
0015707400172571
00159cd300170d5d
0015c94f0016f61d
0015f5d80016dfa5
0016225c0016c9e9
00164ecb0016b4d9
00167b150016a06a
0016a72800168c8b
0016d2f700167930
0016fe7300166648
0017298d001653c6
0017543b0016419c
00177e6f00162fba
0017a82200161e13
0017d14b00160c99
0017f9e50015fb40
001821eb0015e9f8
0018495b0015d8b9
001870340015c772
001896770015b61c
0018bc290015a4ac
0018e14e00159317
001905ec00158154
00192a0e00156f5c
00194dbb00155d2a
0019710200154ab3
001993ec001537f7
0019b68b001524ee
0019d8ea00151198
0019fb1a0014fdf0
001a1d2c0014e9f7
001a3f2f0014d5aa
001a61310014c10d
001a83460014ac1f
001aa57a001496e6
001ac7de00148162
001aea7f00146b98
001b0d690014558e
001b30a900143f4b
001b5448001428d3
001b784e0014122f
001b9cc10013fb67
001bc1a90013e482
001be7050013cd89
001c0cd90013b685
001c332100139f7f
001c59dd00138881
001c810500137192
001ca89400135abe
001cd0820013440b
001cf8c300132d83
001d214b0013172f
001d4a1000130115
001d73010012eb3c
001d9c100012d5aa
001dc52d0012c066
001dee490012ab74
001e1752001296d7
001e403800128290
001e68ec00126ea3
001e915b00125b10
001eb978001247d4
001ee136001234f0
001f08840012225e
001f2f590012101a
001f55aa0011fe20
001f7b6b0011ec66
001fa0980011dae8
001fc52a0011c99a
001fe91b0011b873
00200c6c0011a768
00202f1c0011966c
0020512c00118576
002072a000117475
0020937c0011635d
0020b3c90011521f
0020d391001140ae
0020f2db00112efb
002111b500111cf7
0021302c00110a93
00214e4d0010f7c2
00216c270010e474
002189cb0010d09d
0021a7480010bc31
0021c4ae0010a721
0021e20e00109162
0021ff7700107aeb
00221cf9001063b0
00223aa200104baa
00225881001032d1
002276a30010191e
00229512000ffe8b
0022b3d8000fe315
0022d2ff000fc6ba
0022f28c000fa977
00231284000f8b4d
002332eb000f6c3c
002353c0000f4c49
00237503000f2b76
002396b0000f09c9
0023b8c3000ee749
0023db36000ec3fd
0023fdfe000e9fef
00242112000e7b28
00244468000e55b5
002467f1000e2fa0
00248b9f000e08f8
0024af64000de1cb
0024d330000dba27
0024f6f3000d921b
00251a9c000d69b7
00253e1c000d410c
00256161000d182a
0025845e000cef21
0025a701000cc603
0025c93d000c9cde
0025eb05000c73c5
00260c4d000c4ac4
00262d0a000c21ee
00264d35000bf94f
00266cc4000bd0f4
00268bb3000ba8eb
0026a9fd000b813d
0026c7a1000b59f8
0026e49f000b3321
002700f9000b0cc3
00271cb3000ae6e1
002737d3000ac181
00275260000a9ca6
00276c62000a7850
002785e4000a5481
00279ef3000a3135
0027b79d000a0e6a
0027cfed0009ec1b
0027e7f50009ca41
0027ffc30009a8d6
00281768000987cf
00282ef500096724
00284678000946c9
00285e04000926b4
002875a5000906d8
00288d6c0008e727
0028a5670008c795
0028bda20008a816
0028d6290008889a
0028ef0400086916
0029083d0008497d
002921db000829c2
00293be2000809d9
002956540007e9b8
002971330007c953
00298c7d0007a8a2
0029a82f0007879e
0029c4440007663d
0029e0b70007447b
0029fd7d00072252
002a1a8c0006ffc0
002a37d90006dcc1
002a55580006b955
002a72fa0006957d
002a90b000067139
002aae6c00064c8d
002acc1b0006277e
002ae9af00060210
002b07170005dc4a
002b24440005b635
002b412400058fd9
002b5daa0005693f
002b79c800054274
002b957000051b83
002bb0960004f478
002bcb310004cd5f
002be5370004a648
002bfea000047f41
002c176a00045857
002c2f8d0004319c
002c470a00040b1e
002c5de20003e4ed
002c74140003bf18
002c89a7000399af
002c9ea0000374c2
002cb30500035061
002cc6e100032c9a
002cda3f0003097b
002ced2a0002e714
002cffaf0002c572
002d11de0002a4a2
002d23c5000284b1
002d3574000265a9
002d46fc00024798
002d586b00022a87
002d69d300020e7f
002d7b440001f389
002d8ccf0001d9ae
002d9e800001c0f5
002db0650001a965
002dc28c00019306
002dd50100017dde
002de7cd000169f4
002dfaf70001574e
002e0e86000145f6
002e2280000135f4
002e36e800012750
002e4bbb00011a16
002e60fd00010e53
002e76a600010411
002e8cb50000fb5d
002ea3200000f445
002eb9e00000eed1
002ed0ea0000eb0a
002ee8350000e8f2
002effb10000e889
002f17500000e9c6
002f2f050000ec9b
002f46bf0000f0f6
002f5e700000f6c0
002f76060000fde0
002f8d7100010638
002fa4a000010fac
002fbb8600011a1c
002fd2120001256f
002fe83600013186
002ffde700013e46
0030131700014b96
003027bd0001595c
00303bd100016781
00304f4b000175ed
003062240001848b
0030745c00019345
003085ef0001a207
003096de0001b0bc
0030a72c0001bf51
0030b6dc0001cdb4
0030c5f50001dbd4
0030d47e0001e99e
0030e2800001f703
0030f008000203f2
0030fd200002105d
003109d600021c35
003116380002276d
00312257000231f7
00312e4200023bcb
00313a08000244db
003145ba00024d20
0031516a00025490
00315d2600025b26
003168fe000260da
00317501000265a8
0031813d0002698d
00318dbe00026c87
00319a8f00026e96
0031a7bb00026fb9
0031b54a00026ff5
0031c34200026f4d
0031d1a600026dc5
0031e07c00026b67
0031efc100026839
0031ff7700026447
00320f9800025f9b
0032202100025a45
0032310a00025452
0032424b00024dd5
003253d9000246df
003265a900023f85
003277ad000237db
003289d800022ff9
00329c1c000227f6
0032ae6700021feb
0032c0aa000217f3
0032d2d600021027
0032e4da000208a1
0032f6a60002017a
0033082a0001facc
003319570001f4ad
00332a200001ef34
00333a780001ea72
00334a540001e677
003359a80001e34e
0033686c0001e0ff
0033769a0001df8c
0033842c0001def4
003391200001df31
00339d720001e038
0033a9250001e1fa
0033b43a0001e465
0033beb60001e764
0033c89f0001eadf
0033d1fc0001eebf
0033dad80001f2e8
0033e33d0001f740
0033eb370001fbad
0033f2d400020015
0033fa2300020460
0034013200020877
0034081200020c43
00340ed300020fb1
00341585000212af
00341c390002152e
003422fe00021720
003429e40002187b
003430fa00021936
0034384f0002194b
00343fed000218b7
003447e00002177a
0034503200021597
003458eb00021312
0034621300020ff5
00346bab00020c4b
003475b900020821
0034803a0002038c
00348b300001fe9f
003496960001f974
0034a2670001f425
0034ae9c0001eed4
0034bb2d0001e9a1
0034c80f0001e4b1
0034d5350001e02b
0034e2950001dc37
0034f01e0001d8ff
0034fdc30001d6ab
00350b740001d563
003519210001d54a
003526b90001d67e
0035342d0001d91c
0035416c0001dd35
00354e670001e2d7
00355b0f0001ea02
003567560001f2b4
003573300001fce2
00357e9100020879
003589700002155f
003593c20002237c
00359d82000232ae
0035a6aa000242d2
0035af38000253c7
0035b72900026569
0035be7f00027793
0035c53c00028a24
0035cb6500029cf8
0035d0ff0002aff2
0035d6130002c2f1
0035daaa0002d5db
0035decf0002e892
0035e28f0002fb00
0035e5f700030d0c
0035e91600031ea2
0035ebfa00032faf
0035eeb500034023
0035f15600034fef
0035f3ee00035f05
0035f68c00036d5d
0035f94200037aec
0035fc1e000387ac
0035ff2f00039399
0036028300039eaf
003606260003a8ef
00360a240003b25a
00360e850003baf4
003613520003c2bf
003618920003c9c6
00361e480003d00f
003624780003d5a7
00362b1f0003da99
0036323f0003def4
003639d50003e2c6
003641d90003e621
00364a460003e917
003653110003ebb9
00365c310003ee1e
0036659b0003f059
00366f420003f27d
003679160003f4a1
003683080003f6d9
00368d0b0003f938
0036970d0003fbd3
0036a0fd0003febb
0036aace00040200
0036b46d000405b1
0036bdcc000409dd
0036c6db00040e8c
0036cf8e000413c8
0036d7d700041996
0036dfaa00041ff9
0036e700000426f0
0036edcc00042e79
0036f40b00043690
0036f9b600043f2b
0036fecb00044842
00370348000451c8
0037072e00045bad
00370a80000465e2
00370d4200047056
00370f7a00047af5
00371132000485ac
0037127100049067
0037134300049b10
003713b40004a591
003713d30004afd9
003713ae0004b9d0
003713550004c364
003712d60004cc81
003712430004d515
003711ac0004dd0c
003711210004e45b
003710b20004eaef
003710700004f0bb
003710670004f5b3
003710a60004f9ce
003711390004fcff
0037122b0004ff43
0037138500050091
00371551000500e5
003717930005003d
00371a510004fe99
00371d8c0004fbf8
003721440004f85e
003725770004f3cf
00372a240004ee50
00372f440004e7e8
003734d00004e0a1
00373abf0004d885
003741060004cf9f
0037479a0004c5fd
00374e6e0004bbae
003755730004b0c1
00375c9a0004a547
003763d500049950
00376b1100048cf1
003772410004803b
0037795300047344
003780370004661c
003786dd000458db
00378d3800044b92
0037933a00043e55
003798d500043138
00379dff0004244d
0037a2ac000417a4
0037a6d600040b4d
0037aa750003ff57
0037ad850003f3cd
0037b0020003e8b9
0037b1eb0003de25
0037b3420003d415
0037b4090003ca8c
0037b4440003c18d
0037b3fa0003b913
0037b3320003b11b
0037b1f70003a99f
0037b0530003a294
0037ae5500039bef
0037ac09000395a4
0037a97c00038fa2
0037a6c0000389d8
0037a3e500038438
0037a0f900037eab
00379e0d00037921
00379b3400037386
0037987b00036dc5
003795f2000367cc
003793a800036189
003791aa00035ae8
00379005000353da
00378ec300034c4e
00378def00034435
00378d8e00033b84
00378daa0003322a
00378e4300032821
00378f5e00031d5e
003790fa000311da
003793160003058f
003795ad0002f877
003798bb0002ea92
00379c390002dbdd
0037a01d0002cc59
0037a45c0002bc08
0037a8ea0002aaee
0037adbc0002990f
0037b2c200028670
0037b7ec0002731b
0037bd2c00025f16
0037c27100024a6c
0037c7ac00023529
0037cccc00021f58
0037d1c000020905
0037d67b0001f23e
0037daeb0001db12
0037df060001c38f
0037e2bd0001abc6
0037e605000193c7
0037e8d400017ba1
0037eb2300016367
0037ecea00014b29
0037ee25000132f9
0037eed100011ae8
0037eeec00010308
0037ee780000eb6b
0037ed770000d424
0037ebef0000bd44
0037e9e40000a6dd
0037e76100009107
0037e46e00007bd7
0037e1170000676c
0037dd69000053f3
0037d971000041b3
0037d53c00003148
0037d0dd0000241e
0037cc6100001d60
0037c7db00002003
0037c3590000295b
0037beeb00003552
0037baa4000041f9
0037b69000004e8f
0037b2bf00005ac6
0037af3e00006682
0037ac1a000071b7
0037a95d00007c67
0037a7100000869b
0037a53c00009061
0037a3e6000099cc
0037a3110000a2f2
0037a2c20000abeb
0037a2f70000b4d3
0037a3ae0000bdc5
0037a4e40000c6dc
0037a6930000d038
0037a8b40000d9f2
0037ab3e0000e425
0037ae250000eee8
0037b15f0000fa4e
0037b4dc00010668
0037b89100011343
0037bc6d000120e6
0037c06000012f55
0037c45b00013e91
0037c84d00014e95
0037cc2500015f5c
0037cfd6000170d9
0037d34d00018304
0037d67d000195cb
0037d9590001a920
0037dbd30001bcf1
0037dde00001d12c
0037df780001e5bd
0037e0910001fa91
0037e12600020f94
0037e12f000224b1
0037e0ad000239d5
0037df9e00024eeb
0037de01000263e1
0037dbdb000278a2
0037d93000028d1d
0037d6070002a13e
0037d2670002b4f5
0037ce5c0002c833
0037c9ef0002dae5
0037c52e0002ed00
0037c0270002fe74
0037bae800030f35
0037b58000031f39
0037b00000032e75
0037aa7900033ce0
0037a4fa00034a74
00379f920003572a
00379a55000362ff
0037954e00036dee
0037908d000377f8
00378c200003811b
003788120003895c
0037846e000390ba
0037813e0003973e
00377e8900039ced
00377c560003a1cf
00377aa60003a5ef
0037797d0003a958
003778db0003ac17
003778bf0003ae3a
003779220003afd0
00377a010003b0ec
00377b540003b19f
00377d110003b1fb
00377f2e0003b215
0037819d0003b200
003784540003b1d2
003787420003b19d
00378a590003b179
00378d890003b178
003790c20003b1ac
003793f20003b229
0037970c0003b2ff
003799fd0003b43c
00379cb80003b5ed
00379f2d0003b81f
0037a14f0003bad7
0037a3110003be1d
0037a4680003c1f3
0037a54a0003c658
0037a5b00003cb4d
0037a5910003d0ca
0037a4eb0003d6c7
0037a3bc0003dd3c
0037a2000003e41a
00379fba0003eb54
00379cec0003f2da
0037999c0003fa99
003795d100040281
0037919100040a7a
00378ce800041274
003787e100041a59
0037828800042212
00377ceb0004298e
0037771a000430b7
003771230004377a
00376b1700043dc4
0037650500044384
00375efe000448a8
0037591300044d22
00375354000450e4
00374dce000453e1
003748910004560d
003743aa0004575e
00373f26000457ce
00373b0e00045757
0037376c000455f2
003734460004539f
003731a50004505c
00372f8900044c28
00372df600044707
00372cec000440ff
00372c6800043a14
00372c660004324e
00372ce2000429b6
00372dd100042058
00372f2c00041642
003730e800040b81
003732f800040024
003735510003f43e
003737e10003e7e1
00373a9b0003db20
00373d6e0003ce11
0037404a0003c0c9
003743210003b35e
003745df0003a5e7
003748770003987d
00374ad900038b34
00374cf600037e24
00374ec000037165
0037502b0003650a
0037512e00035929
003751bb00034dd2
003751cd00034317
0037515d00033906
0037506700032fa9
00374ee700032709
00374cde00031f2b
00374a4b00031811
00374733000311b9
0037439a00030c1d
00373f8700030737
00373b02000302f9
003736160002ff56
003730ce0002fc3c
00372b360002f998
0037255e0002f755
00371f520002f55d
003719230002f397
003712e00002f1ed
00370c9b0002f045
003706640002ee87
0037004a0002ec9e
0036fa5d0002ea71
0036f4ad0002e7eb
0036ef470002e4f9
0036ea3a0002e187
0036e5920002dd85
0036e1560002d8e3
0036dd930002d395
0036da4f0002cd8f
0036d78f0002c6c8
0036d5580002bf38
0036d3aa0002b6dc
0036d2850002adaf
0036d1e80002a3b1
0036d1ce000298e3
0036d23300028d4a
0036d30b000280ea
0036d451000273cc
0036d5f7000265f9
0036d7f30002577f
0036da360002486b
0036dcb2000238cf
0036df58000228be
0036e2170002184e
0036e4e000020798
0036e7a20001f6b6
0036ea4d0001e5c6
0036ecd20001d4e9
0036ef210001c443
0036f12a0001b3f9
0036f2e30001a435
0036f43c00019521
0036f52c000186ea
0036f5a8000179be
0036f5aa00016dcb
0036f52a00016339
0036f42500015a31
0036f297000152d2
0036f08000014d31
0036ede10001495c
0036eabe00014752
0036e71b00014703
0036e30000014857
0036de7500014b29
0036d98400014f4b
0036d4370001548c
0036ce9f00015aba
0036c8c50001619b
0036c2bb000168ff
0036bc90000170b3
0036b6530001788a
0036b0150001805c
0036a9e600018801
0036a3d600018f5b
00369df60001964d
0036985400019cbf
003692fe0001a29d
00368e030001a7d6
0036896c0001ac5e
003685450001b02b
003681980001b337
00367e6a0001b580
00367bc20001b706
003679a30001b7cc
0036780e0001b7da
003677040001b738
003676810001b5f4
003676830001b41d
003677020001b1c6
003677f70001af04
003679580001abf1
00367b1b0001a8a7
00367d320001a543
00367f900001a1e7
0036822800019eb4
003684e900019bce
003687c300019958
00368aa700019774
00368d8400019648
0036904a000195f1
003692e90001968c
0036955100019833
0036977500019af6
0036994600019ee4
00369aba0001a3fe
00369bc20001aa47
00369c590001b1b4
00369c740001ba38
00369c0e0001c3c0
00369b240001ce36
003699b10001d97c
003697b50001e576
003695330001f206
0036922d0001ff0b
00368ea900020c66
00368aac000219f9
00368641000227a3
0036817200023546
00367c48000242c9
003676d300025010
0036711f00025d03
00366b3c0002698a
0036653900027592
00365f2500028104
0036591200028bd3
0036530f000295ed
00364d2e00029f46
0036477d0002a7d1
0036420b0002af86
00363ce80002b65e
0036381e0002bc52
003633bc0002c15f
00362fca0002c583
00362c530002c8bf
0036295c0002cb16
003626eb0002cc8c
003625050002cd27
003623a90002ccf1
003622d70002cbf3
0036228f0002ca3a
003622c90002c7d5
003623820002c4d3
003624af0002c148
0036264a0002bd46
003628450002b8e3
00362a950002b436
00362d2b0002af59
00362ffa0002aa62
003632f20002a56d
003636030002a094
0036391c00029bf2
00363c2f000297a0
00363f28000293b7
003641fb00029052
0036449700028d83
003646f900028b4c
003649320002898b
00364b4e00028820
00364d53000286fd
00364f4700028612
0036512e0002854e
0036530b000284a5
003654e100028409
003656b30002836f
00365880000282cc
00365a4900028218
00365c0c0002814b
00365dc60002805f
00365f7600027f51
0036611600027e1e
003662a300027cc7
0036641400027b4d
00366563000279b3
0036668a000277fe
0036678100027635
0036683c00027463
003668b50002728f
003668e1000270c9
003668b600026f1d
0036682a00026d9c
0036673300026c55
003665c700026b5a
003663dc00026ac0
0036616800026a98
00365e6400026af6
00365ac500026bee
0036568500026d93
0036519b00026ff6
00364c0200027328
003645b30002773a
00363eac00027c35
003636e700028226
00362e6300028914
0036251d00029104
00361b16000299f9
0036104f0002a3f0
003604ca0002aee7
0035f8890002bad8
0035eb900002c7b8
0035dde50002d57d
0035cf8f0002e41b
0035c0920002f381
0035b0f8000303a1
0035a0ca00031469
0035900f000325c6
00357ed2000337a5
00356d1e000349f5
00355afc00035ca1
0035487700036f99
00353599000382c7
0035226e00039619
00350f000003a97f
0034fb580003bce6
0034e7820003d03f
0034d3860003e378
0034bf6b0003f684
0034ab3c00040954
003496ff00041bdb
003482ba00042e0b
00346e7200043fdc
00345a2b0004513f
003445ea0004622d
003431ae0004729f
00341d7c0004828a
00340951000491eb
0033f52c0004a0bb
0033e10c0004aef5
0033ccec0004bc97
0033b8cb0004c99e
0033a49f0004d609
003390670004e1d8
00337c190004ed0b
003367ad0004f7a5
0033531d000501a8
00333e5f00050b18
00332969000513fa
0033143400051c52
0032feb600052428
0032e8e300052b82
0032d2b40005326a
0032bc1e000538e6
0032a51a00053f01
00328d9d000544c3
003275a000054a38
00325d1c00054f6a
0032440800055465
00322a5f00055932
0032101b00055ddf
0031f53800056276
0031d9b000056702
0031bd8300056b8f
0031a0ac00057027
0031832d000574d7
00316504000579a9
0031463200057ea3
003126ba000583d2
0031069c0005893e
0030e5df00058eeb
0030c484000594e4
0030a29100059b2d
0030800c0005a1cb
00305cfc0005a8c1
003039670005b013
003015550005b7c4
002ff0cb0005bfd3
002fcbd50005c83f
002fa6780005d10b
002f80bf0005da31
002f5aaf0005e3b0
002f34520005ed85
002f0db10005f7aa
002ee6d30006021c
002ebfbe00060cd3
002e987c000617cb
002e7112000622fe
002e498800062e65
002e21e2000639f7
002dfa27000645af
002dd25a00065184
002daa8100065d72
002d829e0006696f
002d5ab500067575
002d32c90006817e
002d0ada00068d82
002ce2eb0006997c
002cbafb0006a568
002c930c0006b13d
002c6b1d0006bcf8
002c432e0006c895
002c1b3d0006d40e
002bf3490006df62
002bcb530006ea8c
002ba3560006f58b
002b7b510007005c
002b534400070afd
002b2b2c0007156e
002b030700071faf
002adad4000729bd
002ab2920007339b
002a8a3f00073d48
002a61db000746c5
002a396400075014
002a10da00075936
0029e83f0007622e
0029bf9100076afb
002996d2000773a3
00296e0300077c25
0029452400078485
00291c3900078cc5
0028f342000794e7
0028ca4400079cee
0028a13f0007a4dd
002878380007acb3
00284f310007b476
0028262d0007bc26
0027fd310007c3c5
0027d43e0007cb55
0027ab5a0007d2d5
002782860007da4a
002759c70007e1b1
002731200007e90e
002708940007f05f
0026e0240007f7a4
0026b7d50007fedf
00268fa80008060d
0026679e00080d2e
00263fbc00081443
002617fe00081b49
0025f06900082240
0025c8fa00082924
0025a1b400082ff7
00257a95000836b6
0025539e00083d5e
00252cca000843ef
0025061c00084a66
0024df8f000850c2
0024b92300085702
002492d500085d23
00246ca300086325
0024468b00086905
0024208b00086ec3
0023faa00008745e
0023d4c8000879d6
0023af0100087f2a
0023894900088459
0023639f00088964
00233e0100088e4d
0023186e00089313
0022f2e7000897b7
0022cd6d00089c3d
0022a7fd0008a0a5
0022829a0008a4f2
00225d470008a927
002238050008ad48
002212d70008b158
0021edc20008b55a
0021c8c70008b954
0021a3ef0008bd4b
00217f3b0008c142
00215ab40008c541
0021365f0008c94c
002112420008cd6a
0020ee650008d1a1
0020cacf0008d5f8
0020a7870008da75
002084960008df20
002062020008e3ff
00203fd50008e919
00201e150008ee76
001ffcca0008f41c
001fdbfb0008fa13
001fbbaf00090060
001f9bec0009070b
001f7cb900090e1b
001f5e1900091594
001f401200091d7e
001f22a7000925dd
001f05db00092eb7
001ee9b10009380f
001ece29000941ea
001eb34400094c4b
001e990100095736
001e7f5e000962ad
001e665900096eb1
001e4dec00097b42
001e361600098863
001e1ecf00099612
001e08130009a44f
001df1d80009b317
001ddc180009c269
001dc6cc0009d241
001db1e80009e29c
001d9d640009f377
001d8938000a04cb
001d7557000a1695
001d61ba000a28ce
001d4e54000a3b70
001d3b1c000a4e74
001d280a000a61d3
001d1512000a7586
001d022c000a8985
001cef4e000a9dc8
001cdc71000ab248
001cc98d000ac6f9
001cb69b000adbd6
001ca396000af0d6
001c9077000b05ef
001c7d3c000b1b19
001c69df000b304b
001c5660000b457e
001c42bc000b5aaa
001c2ef5000b6fc6
001c1b09000b84c9
001c06fc000b99ae
001bf2ce000bae6d
001bde84000bc2ff
001bca23000bd75f
001bb5b0000beb84
001ba130000bff6c
001b8cab000c130f
001b7828000c266b
001b63b0000c397a
001b4f49000c4c3a
001b3afd000c5ea7
001b26d6000c70c0
001b12dd000c8283
001aff19000c93ef
001aeb95000ca502
001ad85a000cb5bf
001ac571000cc624
001ab2e0000cd633
001aa0b2000ce5f0
001a8eec000cf55a
001a7d95000d0476
001a6cb4000d1349
001a5c4c000d21d4
001a4c64000d301d
001a3cfe000d3e28
001a2e1c000d4bfc
001a1fc0000d599e
001a11e9000d6714
001a0498000d7464
0019f7cc000d8196
0019eb81000d8eaf
0019dfb2000d9bb8
0019d45f000da8b7
0019c97f000db5b2
0019bf0e000dc2b2
0019b504000dcfbd
0019ab5a000ddcda
0019a209000dea10
00199907000df765
0019904d000e04e0
001987cf000e1285
00197f86000e205b
00197768000e2e68
00196f6c000e3cae
00196788000e4b32
00195fb2000e59f8
001957e3000e6903
00195011000e7853
00194835000e87ec
00194046000e97ce
0019383d000ea7fa
00193015000eb86f
001927c7000ec92c
00191f4e000eda30
001916a5000eeb79
00190dc8000efd02
001904b7000f0eca
0018fb6d000f20cc
0018f1e9000f3304
0018e82a000f456e
0018de32000f5802
0018d400000f6abd
0018c996000f7d98
0018bef6000f908b
0018b424000fa392
0018a922000fb6a6
00189df2000fc9be
0018929c000fdcd6
00188722000fefe4
00187b89001002e3
00186fd7001015cc
0018641000102896
0018583a00103b3e
00184c5b00104dba
0018407600106007
001834920010721c
001828b4001083f7
00181ce00010958f
0018111a0010a6e0
001805680010b7e8
0017f9cc0010c8a0
0017ee4a0010d905
0017e2e50010e915
0017d7a10010f8cc
0017cc7d00110828
0017c17e00111726
0017b6a1001125c5
0017abeb00113406
0017a159001141e4
001796ec00114f62
00178ca300115c7f
0017827e0011693b
0017787b00117597
00176e9700118195
001764d200118d35
00175b2800119879
001751990011a364
001748200011adf6
00173ebb0011b832
001735690011c21c
00172c250011cbb3
001722ef0011d4fa
001719c30011ddf7
0017109f0011e6a9
001707810011ef15
0016fe680011f73b
0016f5510011ff1e
0016ec3c001206c0
0016e32800120e24
0016da130012154c
0016d0ff00121c39
0016c7ea001222eb
0016bed400122966
0016b5c000122faa
0016acad001235b7
0016a39e00123b8f
00169a9100124132
0016918c0012469f
0016888e00124bd8
00167f9b001250db
001676b3001255a9
00166dda00125a41
0016651200125ea1
00165c5b001262c9
001653ba001266ba
00164b2f00126a70
001642be00126deb
00163a6700127129
0016322b0012742a
00162a0c001276ee
0016220b00127970
00161a2800127bb3
0016126100127db4
00160ab900127f71
0016032e001280ec
0015fbbf00128223
0015f46a00128317
0015ed2d001283c7
0015e60500128433
0015def20012845d
0015d7ee00128445
0015d0f8001283ed
0015ca0c00128355
0015c32600128281
0015bc4200128172
0015b55c0012802a
0015ae7200127eaf
0015a77e00127d02
0015a07d00127b27
0015996a00127922
00159244001276fa
00158b08001274b0
001583b10012724d
00157c3e00126fd3
001574af00126d4b
00156cff00126ab8
0015653100126822
00155d4300126590
0015553500126307
00154d0a0012608f
001544c300125e2e
00153c6300125beb
001533ed001259cd
00152b66001257db
001522d20012561c
00151a3700125495
0015119a0012534e
001509040012524e
0015007a00125199
0014f80500125136
0014efab0012512a
0014e77800125179
0014df730012522b
0014d7a500125340
0014d017001254bf
0014c8d1001256a9
0014c1de00125903
0014bb4500125bcd
0014b50f00125f0a
0014af44001262ba
0014a9ec001266df
0014a50c00126b78
0014a0ab00127084
00149ccf00127603
0014997c00127bf2
001496b40012824f
0014947c00128917
001492d400129048
001491be001297dc
0014913700129fd0
0014913f0012a820
001491d30012b0c4
001492ef0012b9b9
0014948e0012c2f8
001496ab0012cc7c
0014993e0012d63d
00149c420012e035
00149fab0012ea5d
0014a3740012f4ae
0014a7900012ff21
0014abf8001309af
0014b0a000131451
0014b57e00131f00
0014ba88001329b5
0014bfb200133468
0014c4f400133f15
0014ca41001349b3
0014cf900013543c
0014d4d800135eac
0014da10001368fc
0014df3000137326
0014e43100137d26
0014e90b001386f8
0014edb900139096
0014f237001399ff
0014f6810013a32e
0014fa930013ac21
0014fe6d0013b4d5
0015020d0013bd49
001505740013c57b
001508a50013cd6c
00150ba10013d51b
00150e6d0013dc88
0015110c0013e3b3
001513850013ea9f
001515de0013f14e
0015181d0013f7c2
00151a4d0013fdfd
00151c7300140404
00151e9a001409d9
001520ca00140f82
0015230e00141502
0015256f00141a5f
001527f700141f9d
00152aae001424c3
00152da0001429d6
001530d300142edd
00153454001433dc
00153827001438dc
00153c5600143de2
001540e6001442f4
001545dd00144818
00154b4100144d58
00155114001452b6
0015575b0014583a
00155e1700145dea
00156548001463cb
00156cee001469e3
0015750900147038
00157d94001476cc
0015868c00147da6
00158fed001484ca
001599b100148c39
0015a3d1001493f8
0015ae4600149c08
0015b9090014a46c
0015c40f0014ad25
0015cf510014b633
0015dac40014bf97
0015e65e0014c951
0015f2150014d35e
0015fddf0014ddbe
001609b00014e86e
0016157f0014f36c
001621420014feb4
00162cef00150a43
0016387c00151614
001643e100152223
00164f1400152e6a
00165a0e00153ae4
001664c70015478a
00166f3b00155459
0016796200156146
0016833700156e4d
00168cb700157b68
001695de0015888e
00169eaa001595b9
0016a7190015a2e3
0016af290015b001
0016b6db0015bd10
0016be300015ca08
0016c5270015d6e2
0016cbc40015e397
0016d20a0015f020
0016d7fa0015fc79
0016dd9700160899
0016e2e70016147f
0016e7ed00162021
0016ecad00162b7d
0016f12b0016368d
0016f56d0016414f
0016f97700164bbd
0016fd4d001655d5
001700f300165f93
0017046f001668f7
001707c4001671fc
00170af500167aa1
00170e07001682e7
001710fa00168acb
001713d40016924d
001716950016996e
001719400016a02d
00171bd60016a68c
00171e560016ac8b
001720c20016b22a
0017231a0016b76d
0017255d0016bc55
0017278a0016c0e1
0017299f0016c517
00172b9d0016c8f7
00172d800016cc84
00172f450016cfc1
001730ec0016d2ae
001732720016d550
001733d30016d7a7
001735100016d9b7
001736230016db81
0017370c0016dd09
001737c70016de4f
001738540016df57
001738b00016e021
001738da0016e0ad
001738d00016e100
001738930016e119
001738210016e0f9
0017377a0016e0a2
0017369e0016e012
0017358e0016df4b
0017344c0016de4f
001732d70016dd19
001731320016dbac
00172f5e0016da07
00172d5e0016d82a
00172b350016d612
001728e50016d3c1
0017266f0016d134
001723d70016ce6b
001721220016cb64
00171e4f0016c81e
00171b620016c497
001718600016c0d1
001715490016bcc9
0017121e0016b87d
00170ee50016b3ee
00170b9b0016af1a
001708450016aa02
001704e20016a4a5
0017017300169f03
0016fdf70016991b
0016fa6f001692f0
0016f6d900168c81
0016f334001685d0
0016ef7f00167edf
0016ebb6001677ad
0016e7d700167040
0016e3e000166897
0016dfcd001660b7
0016db9a001658a4
0016d7430016505e
0016d2c6001647ed
0016ce1d00163f54
0016c94300163696
0016c43700162dba
0016bef3001624c4
0016b97300161bba
0016b3b5001612a2
0016adb600160983
0016a77200160060
0016a0e70015f744
00169a150015ee31
001692f90015e532
00168b950015dc4b
001683e70015d383
00167bf10015cae1
001673b70015c26c
00166b390015ba2b
0016627d0015b224
001659850015aa5c
001650580015a2dc
001646fc00159ba7
00163d77001594c4
001633d200158e39
00162a1400158809
001620470015823a
0016167400157ccf
00160ca4001577cb
001602e200157334
0015f93a00156f09
0015efb500156b4e
0015e65e00156804
0015dd400015652d
0015d465001562c7
0015cbd8001560d4
0015c3a200155f54
0015bbcf00155e43
0015b46400155da1
0015ad6b00155d6c
0015a6ec00155da1
0015a0ec00155e3c
00159b7000155f38
0015967c00156094
0015921500156249
00158e3b00156453
00158aef001566ac
0015883000156950
001585fd00156c37
0015845300156f5b
0015832d001572b8
0015828600157644
0015825a001579fb
0015829e00157dd6
0015834c001581cd
0015845b001585da
001585c1001589f8
0015877600158e1e
0015896b00159248
00158b980015966e
00158df200159a8a
0015906e00159e97
001593010015a291
001595a00015a670
001598400015aa31
00159ad90015adce
00159d5f0015b146
00159fcd0015b493
0015a2190015b7b3
0015a43d0015baa2
0015a6330015bd5f
0015a7f60015bfe8
0015a9830015c23d
0015aad70015c45b
0015abf20015c643
0015acd20015c7f4
0015ad790015c971
0015ade90015caba
0015ae250015cbd0
0015ae330015ccb8
0015ae170015cd71
0015add70015ce01
0015ad7b0015ce69
0015ad0c0015ceb1
0015ac910015ced9
0015ac150015cee7
0015aba00015cee2
0015ab3e0015cece
0015aaf90015ceb1
0015aadb0015ce8f
0015aaef0015ce70
0015ab3d0015ce5a
0015abd20015ce52
0015acb60015ce5f
0015adf30015ce88
0015af8e0015ced1
0015b1920015cf44
0015b4040015cfe3
0015b6ea0015d0b7
0015ba470015d1c4
0015be200015d30f
0015c2780015d49f
0015c74e0015d677
0015cca30015d89e
0015d2740015db16
0015d8c10015dde2
0015df850015e106
0015e6bb0015e485
0015ee5e0015e862
0015f6660015ec9d
0015fecb0015f137
001607870015f632
0016108f0015fb8d
001619d900160146
0016235b0016075e
00162d0b00160dd2
001636de001614a0
001640c800161bc4
00164abe0016233c
001654b700162b05
00165ea600163317
0016688300163b71
001672410016440b
00167bd900164ce1
00168542001655ed
00168e7300165f27
001697640016688c
0016a00f00167211
0016a86e00167bb2
0016b07b00168566
0016b83400168f27
0016bf93001698ee
0016c6970016a2b4
0016cd3e0016ac71
0016d3870016b61f
0016d9720016bfb6
0016deff0016c930
0016e4300016d287
0016e9080016dbb4
0016ed870016e4b1
0016f1b10016ed79
0016f58b0016f606
0016f9180016fe54
0016fc5c0017065c
0016ff5c00170e1b
0017021c0017158f
001704a000171cb2
001706ee00172382
00170909001729fd
00170af600173020
00170cba001735e9
00170e5800173b57
00170fd20017406a
0017112f00174520
0017126e00174978
0017139200174d75
0017149f00175116
001715950017545a
0017167400175745
0017173e001759d7
001717f200175c11
0017189100175df5
0017191900175f85
00171988001760c4
001719de001761b3
00171a1900176254
00171a36001762ab
00171a34001762b8
00171a1000176280
001719c800176202
0017195900176143
001718c100176044
001717fd00175f07
0017170d00175d8d
001715eb00175bda
00171499001759ec
00171316001757c9
0017115d0017556d
00170f70001752de
00170d4e00175018
00170af700174d20
0017086a001749f2
001705aa00174691
001702b6001742fd
0016ff9000173f34
0016fc3b00173b37
0016f8b600173704
0016f5050017329c
0016f12c00172dfd
0016ed2c00172926
0016e90800172416
0016e4c200171ecd
0016e06000171948
0016dbe200171388
0016d74b00170d8a
0016d29e0017074e
0016cde0001700d3
0016c90f0016fa17
0016c4310016f31a
0016bf450016ebdc
0016ba4e0016e45c
0016b54b0016dc9a
0016b03e0016d497
0016ab270016cc51
0016a6040016c3cc
0016a0d60016bb06
00169b9b0016b203
001696500016a8c1
001690f400169f45
00168b8500169591
001685fd00168ba7
0016805c0016818a
00167a9c0016773d
001674ba00166cc5
00166eb200166225
0016688000165762
0016622100164c82
00165b8f00164187
001654c700163679
00164dc600162b5d
0016468700162039
00163f0900161512
00163749001609f0
00162f450015fed8
001626fb0015f3d2
00161e6b0015e8e4
001615960015de14
00160c7a0015d369
0016031b0015c8eb
0015f97b0015be9f
0015ef9c0015b48c
0015e5840015aab9
0015db370015a12c
0015d0b9001597eb
0015c61400158efa
0015bb4d00158660
0015b06d00157e22
0015a57c00157644
00159a8300156ecb
00158f8e001567ba
001584a500156115
001579d500155ade
00156f2700155518
001564a600154fc4
00155a5d00154ae5
001550580015467a
001546a100154283
00153d4200153f02
0015344600153bf3
00152bb600153957
001523990015372a
00151bf90015356c
001514db00153418
00150e460015332b
0015083e001532a1
001502c800153277
0014fde5001532a6
0014f9980015332a
0014f5de001533fe
0014f2b90015351c
0014f0250015367e
0014ee1e0015381e
0014eca1001539f6
0014eba500153bff
0014eb2600153e32
0014eb1a0015408b
0014eb7b00154301
0014ec3d0015458d
0014ed560015482a
0014eebc00154ad2
0014f06400154d7d
0014f24300155026
0014f44d001552c8
0014f6790015555d
0014f8b9001557e0
0014fb0400155a4c
0014fd5000155c9b
0014ff9200155ecb
001501c2001560d8
001503d8001562be
001505cc00156479
0015079700156609
001509350015676b
00150aa20015689e
00150bd90015699f
00150cdb00156a6f
00150da500156b0e
00150e3800156b7d
00150e9700156bbd
00150ec300156bcf
00150ec100156bb3
00150e9600156b6e
00150e4800156b02
00150ddd00156a73
00150d5f001569c3
00150cd5001568f8
00150c4800156815
00150bc200156720
00150b4e0015661c
00150af500156511
00150ac100156403
00150abf001562f8
00150af8001561f6
00150b7500156103
00150c4000156026
00150d6300155f64
00150ee700155ec4
001510d100155e4b
0015132b00155e01
001515f700155deb
0015193d00155e0d
00151d0000155e70
0015214100155f17
0015260300156007
00152b4500156145
00153107001562d5
00153745001564bb
00153dfd001566fc
0015452900156997
00154cc600156c93
001554ca00156fee
00155d30001573ab
001565ee001577cc
00156efa00157c4f
0015784c00158135
001581d90015867d
00158b9700158c25
0015957b0015922b
00159f780015988c
0015a98400159f47
0015b3950015a656
0015bd9e0015adb6
0015c7960015b563
0015d1720015bd57
0015db2a0015c58d
0015e4b20015cdfe
0015ee040015d6a6
0015f7160015df7e
0015ffe30015e87d
001608640015f1a0
001610930015fade
0016186c00160431
00161fec00160d8f
00162710001616f4
00162dd500162058
0016343b001629b3
00163a40001632ff
00163fe800163c35
001645310016454d
00164a1e00164e43
00164eb20016570f
001652ef00165fac
001656d900166813
00165a7400167041
00165dc50016782f
001660cf00167fda
001663970016873c
0016662200168e53
001668750016951b
00166a9400169b92
00166c840016a1b4
00166e490016a77f
00166fe80016acf2
001671630016b20b
001672bd0016b6cb
001673fb0016bb2f
001675200016bf39
0016762c0016c2e8
001677210016c63d
001678010016c938
001678cc0016cbda
001679820016ce26
00167a240016d01d
00167ab00016d1bf
00167b260016d310
00167b830016d412
00167bc80016d4c5
00167bf10016d52e
00167bfc0016d54d
00167be80016d526
00167bb10016d4bb
00167b560016d40d
00167ad40016d320
00167a280016d1f4
001679520016d08b
0016784d0016cee9
001677190016cd0f
001675b50016cafd
0016741d0016c8b5
001672540016c639
001670570016c388
00166e260016c0a4
00166bc10016bd8e
0016692a0016ba45
001666600016b6ca
001663650016b31c
0016603b0016af3c
00165ce40016ab29
001659610016a6e0
001655b50016a263
001651e400169db1
00164def001698c8
001649db001693a7
001645a800168e4e
0016415b001688bb
00163cf7001682ec
0016387d00167ce1
001633f100167699
00162f5600167012
00162aa50016695b
001625cb00166293
001620c500165bc9
00161b92001654fb
0016163800164e2c
001610b800164758
00160b1400164083
00160551001639ab
0015ff6f001632cf
0015f97200162bf0
0015f35c0016250e
0015ed2e00161e27
0015e6ec0016173b
0015e0980016104b
0015da3300160957
0015d3c00016025c
0015cd3f0015fb5c
0015c6b40015f455
0015c01f0015ed47
0015b9830015e633
0015b2e00015df16
0015ac370015d7f1
0015a5890015d0c3
00159ed90015c98b
001598250015c248
001591700015bafb
00158ab80015b3a2
001584000015ac3d
00157d470015a4ca
0015768d00159d4b
00156fd1001595bd
0015691500158e1e
0015625800158671
00155b9800157eb3
001554d6001576e3
00154e1100156f01
001547480015670c
0015407a00155f03
001539a6001556e5
001532cb00154eb2
00152be700154669
001524f900153e09
00151e0000153591
001516fb00152d00
00150fe700152456
001508c200151b92
0015018c001512b2
0014fa43001509b7
0014f2e40015009f
0014eb6d0014f76a
0014e3de0014ee16
0014dc340014e4a4
0014d46d0014db11
0014cc860014d15f
0014c47f0014c78b
0014bc550014bd95
0014b4070014b37e
0014ab920014a942
0014a2f400149ee2
00149a2d0014945e
0014913a001489b5
0014881900147ee6
00147ec9001473f0
00147548001468d3
00146b9600145d8e
001461b000145222
001457950014468c
00144d4400143acd
001442bc00142ee4
001437fb001422d1
00142d0300141693
001421d000140a2a
001416630013fd96
00140ab90013f0d6
0013fed70013e3e8
0013f2b70013d6d0
0013e65b0013c988
0013d9c40013bc15
0013ccf00013ae74
0013bfe10013a0a5
0013b297001392a8
0013a5120013847d
0013975300137623
0013895a0013679b
00137b28001358e6
00136cbf00134a01
00135e1e00133aee
00134f4900132bab
0013403f00131c3b
0013310300130c9b
001321950012fccc
001311f80012ecd0
0013022e0012dca5
0012f2370012cc4c
0012e2170012bbc5
0012d1cf0012ab10
0012c16100129a2d
0012b0cf0012891d
0012a01d001277e0
00128f4b00126677
00127e5d001254e0
00126d540012431e
00125c340012312f
00124afe00121f16
001239b700120cd2
0012285e0011fa64
001216f90011e7cb
001205880011d509
0011f40f0011c21f
0011e2910011af0d
0011d10e00119bd3
0011bf8b00118872
0011ae09001174ea
00119c8d0011613d
00118b1500114d6b
001179a700113975
001168430011255c
001156ed0011111f
001145a60010fcc1
001134700010e842
0011234d0010d3a3
0011123f0010bee4
001101470010aa06
0010f0680010950c
0010dfa200107ff5
0010cef700106ac1
0010be6800105574
0010adf60010400d
00109da300102a8c
00108d6e001014f4
00107d59000fff46
00106d64000fe982
00105d90000fd3a8
00104ddc000fbdbc
00103e49000fa7bd
00102ed8000f91ae
00101f86000f7b8e
00101055000f655f
00100144000f4f23
000ff252000f38d9
000fe37f000f2285
000fd4c8000f0c27
000fc62f000ef5bf
000fb7b1000edf50
000fa94d000ec8d9
000f9b03000eb25e
000f8cd0000e9bde
000f7eb2000e855c
000f70aa000e6ed8
000f62b3000e5854
000f54ce000e41d1
000f46f7000e2b50
000f392e000e14d3
000f2b6f000dfe5a
000f1dba000de7e8
000f100b000dd17c
000f0262000dbb1a
000ef4bb000da4c1
000ee715000d8e73
000ed96e000d7832
000ecbc2000d61fe
000ebe11000d4bda
000eb058000d35c6
000ea296000d1fc3
000e94c7000d09d3
000e86ea000cf3f7
000e78fe000cde30
000e6b00000cc880
000e5ced000cb2e7
000e4ec6000c9d67
000e4088000c8801
000e3231000c72b6
000e23bf000c5d87
000e1533000c4876
000e0689000c3383
000df7c2000c1eaf
000de8db000c09fe
000dd9d3000bf56d
000dcaaa000be0ff
000dbb60000bccb4
000dabf3000bb88f
000d9c64000ba48f
000d8cb1000b90b6
000d7cda000b7d05
000d6cdf000b697b
000d5cc0000b561b
000d4c7d000b42e6
000d3c17000b2fdb
000d2b8e000b1cfb
000d1ae1000b0a47
000d0a13000af7c1
000cf924000ae568
000ce813000ad33e
000cd6e3000ac142
000cc596000aaf76
000cb42a000a9dda
000ca2a3000a8c6d
000c9101000a7b31
000c7f46000a6a26
000c6d74000a594d
000c5b8c000a48a6
000c4991000a3830
000c3784000a27ed
000c2567000a17db
000c133c000a07fc
000c01060009f84f
000beec50009e8d6
000bdc7d0009d98e
000bca300009ca79
000bb7e10009bb95
000ba5910009ace5
000b934300099e66
000b80f900099018
000b6eb6000981fc
000b5c7d00097411
000b4a4e00096657
000b382e000958cd
000b261e00094b73
000b142100093e48
000b02380009314c
000af0670009247e
000adeaf000917dd
000acd1300090b6a
000abb930008ff22
000aaa340008f306
000a98f50008e715
000a87db0008db4d
000a76e50008cfae
000a66150008c439
000a556e0008b8ea
000a44f00008adc1
000a349e0008a2be
000a2476000897df
000a147b00088d23
000a04af0008828b
0009f51100087812
0009e5a200086dbb
0009d66200086382
0009c75300085968
0009b87400084f6a
0009a9c400084589
00099b4500083bc2
00098cf500083214
00097ed40008287f
000970e200081f01
0009631e00081598
0009558700080c44
0009481c00080305
00093add0007f9d7
00092dc70007f0bb
000920d90007e7ad
000914130007deb0
000907720007d5bf
0008faf60007ccdb
0008ee9c0007c403
0008e2610007bb34
0008d6450007b26f
0008ca450007a9b0
0008be5f0007a0f9
0008b29200079847
0008a6db00078f99
00089b38000786ef
00088fa600077e47
00088423000775a0
000878ae00076cf9
00086d4300076451
000861e100075ba8
00085684000752fc
00084b2d00074a4c
00083fd700074196
00083480000738db
0008292800073019
00081dcb00072750
0008126700071e7f
000806fc000715a5
0007fb8500070cc1
0007f003000703d2
0007e4740006fad7
0007d8d40006f1d1
0007cd240006e8bd
0007c1610006df9c
0007b58b0006d66d
0007a99f0006cd2f
00079d9e0006c3e2
000791860006ba85
000785560006b118
0007790d0006a799
00076cab00069e08
0007602f00069467
0007539900068ab3
000746e8000680ec
00073a1c00067713
00072d3600066d25
0007203400066324
000713190006590f
000705e300064ee6
0006f893000644a9
0006eb2a00063a56
0006dda900062ff0
0006d01000062573
0006c26000061ae2
0006b49a0006103c
0006a6bf00060580
000698d10005faaf
00068ad10005efc9
00067cc10005e4ce
00066ea00005d9bc
000660720005ce96
000652380005c35a
000643f50005b809
000635a90005aca3
000627560005a128
000618fe00059599
00060aa5000589f4
0005fc4b00057e3b
0005edf30005726f
0005df9f0005668d
0005d15100055a99
0005c30c00054e91
0005b4d100054276
0005a6a300053648
0005988500052a08
00058a7700051db5
00057c7e00051151
00056e9b000504db
000560cf0004f854
0005531e0004ebbd
0005458a0004df15
000538140004d25f
00052ac00004c599
00051d8e0004b8c3
000510810004abe0
0005039900049eef
0004f6db000491f1
0004ea46000484e5
0004dddc000477ce
0004d1a000046aab
0004c59200045d7d
0004b9b300045045
0004ae0400044302
0004a286000435b7
0004973c00042862
00048c2400041b05
0004813f00040da1
0004768e00040036
00046c110003f2c6
000461c90003e54f
000457b40003d7d3
00044dd20003ca54
000444250003bcd0
00043aaa0003af4a
000431610003a1c3
0004284a00039439
00041f62000386af
000416aa00037924
00040e2000036b9a
000405c200035e12
0003fd8e0003508b
0003f58500034307
0003eda300033588
0003e5e60003280b
0003de4d00031a95
0003d6d600030d24
0003cf7e0002ffba
0003c8440002f256
0003c1250002e4fb
0003ba1f0002d7a9
0003b3300002ca60
0003ac550002bd21
0003a58d0002afed
00039ed30002a2c6
00039828000295ab
000391880002889e
00038af000027b9f
0003845e00026eae
00037dd1000261cd
00037747000254fd
000370bc0002483e
00036a2f00023b92
0003639e00022ef8
00035d0700022273
0003566800021601
00034fbf000209a6
0003490c0001fd60
0003424b0001f132
00033b7c0001e51c
0003349d0001d91e
00032dae0001cd3a
000326ab0001c171
00031f950001b5c3
0003186c0001aa33
0003112d00019ebf
000309d800019369
0003026c00018833
0002fae900017d1d
0002f34f0001722a
0002eb9d00016757
0002e3d300015ca9
0002dbef00015220
0002d3f5000147bc
0002cbe200013d7f
0002c3b60001336b
0002bb7300012980
0002b31900011fc2
0002aaa900011630
0002a22300010ccc
0002998600010398
000290d40000fa95
0002880f0000f1c8
00027f380000e92f
0002764e0000e0ce
00026d530000d8a9
000264480000d0bf
00025b300000c915
0002520b0000c1ad
000248da0000ba8a
00023f9e0000b3af
0002365a0000ad1f
00022d0e0000a6df
000223be0000a0f1
00021a6a00009b58
000211140000961a
000207bc00009137
0001fe6700008cb6
0001f51600008897
0001ebca000084de
0001e2840000818d
0001d94900007ea5
0001d01800007c26
0001c6f500007a12
0001bde100007864
0001b4dd0000771d
0001abee00007636
0001a314000075ae
00019a500000757c
000191a60000759d
000189170000760a
000180a5000076b9
00017853000077a7
00017022000078cb
0001681400007a1e
0001602a00007b99
0001586700007d34
000150cc00007eed
0001495b000080bb
0001421600008298
00013afb00008481
0001341100008671
00012d5500008864
000126c900008a56
0001207000008c44
00011a4700008e2a
0001145200009006
00010e8f000091d6
0001090000009397
000103a300009547
0000fe7b000096e5
0000f9860000986f
0000f4c4000099e3
0000f03300009b41
0000ebd200009c88
0000e7a200009db5
0000e3a000009eca
0000dfcb00009fc4
0000dc210000a0a4
0000d8a10000a167
0000d5480000a210
0000d2150000a29d
0000cf040000a30d
0000cc160000a360
0000c9440000a397
0000c68f0000a3b1
0000c3f30000a3ae
0000c16e0000a38e
0000befd0000a351
0000bc9f0000a2f8
0000ba500000a281
0000b80d0000a1ee
0000b5d60000a13f
0000b3a70000a074
0000b17f00009f8e
0000af5b00009e8c
0000ad3a00009d6f
0000ab1900009c38
0000a8f900009ae6
0000a6d50000997c
0000a4ae000097f8
0000a2840000965c
0000a053000094a8
00009e1d000092dc
00009be0000090fc
0000999c00008f04
0000975000008cfa
000094fd00008ada
000092a3000088a9
0000904200008666
00008ddb00008414
00008b6e000081b1
000088fc00007f42
0000868600007cc6
0000840e00007a40
00008195000077b1
00007f1c0000751d
00007ca600007282
00007a3400006fe6
000077c900006d4b
0000756800006ab2
0000731200006820
000070ca00006597
00006e940000631c
00006c73000060b2
00006a6b00005e5d
0000687d00005c22
000066af00005a08
0000650300005811
0000637d00005645
0000621f000054a9
000060ee00005342
00005fed00005217
00005f1c0000512e
00005e7f0000508a
00005e1700005031
00005de400005025
00005de90000506b
00005e2300005103
00005e93000051ee
00005f370000532c
0000600c000054b9
0000611300005696
00006245000058bc
000063a100005b2b
0000652300005dda
000066c9000060ca
0000688e000063f3
00006a6e00006750
00006c6600006adf
00006e7200006e9b
0000708f0000727f
000072b800007689
000074eb00007ab5
0000772500007efe
0000796300008364
00007ba2000087e2
00007ddf00008c77
000080160000911f
00008248000095d9
0000847000009aa2
0000868d00009f79
0000889e0000a45d
00008aa00000a94a
00008c920000ae40
00008e720000b33e
0000903d0000b842
000091f60000bd4c
000093990000c258
000095240000c767
000096990000cc78
000097f50000d188
000099380000d699
00009a620000dba7
00009b710000e0b3
00009c660000e5be
00009d410000eac2
00009e010000efc3
00009ea60000f4be
00009f300000f9b3
00009f9f0000fea0
00009ff400010387
0000a03000010864
0000a05300010d39
0000a05b00011204
0000a04c000116c4
0000a02600011b7a
00009fe900012025
00009f98000124c3
00009f3200012956
00009eb900012ddb
00009e2f00013253
00009d94000136bc
00009cec00013b17
00009c3600013f63
00009b78000143a0
00009aaf000147cb
000099e100014be8
0000990f00014ff2
0000983c000153ed
00009768000157d4
0000969800015baa
000095cf00015f6e
0000950e0001631f
00009458000166bc
000093b100016a46
0000931b00016dbd
0000929a0001711e
0000922f0001746b
000091de000177a4
000091a900017ac6
0000919300017dd3
0000919e000180cb
000091cb000183ac
0000921e00018677
000092980001892c
0000933a00018bc9
0000940500018e4f
000094fa000190be
0000961a00019315
0000976400019554
000098d80001977c
00009a770001998b
00009c3f00019b82
00009e2e00019d60
0000a04400019f25
0000a2800001a0d2
0000a4df0001a265
0000a7600001a3df
0000a9ff0001a53f
0000acbd0001a686
0000af950001a7b3
0000b2860001a8c8
0000b58d0001a9c2
0000b8a80001aaa2
0000bbd50001ab68
0000bf0f0001ac15
0000c2570001aca6
0000c5a80001ad1e
0000c9030001ad7c
0000cc610001adc0
0000cfc30001ade9
0000d3260001adf8
0000d6880001aded
0000d9e60001adc7
0000dd3e0001ad88
0000e08f0001ad2e
0000e3d70001acba
0000e7130001ac2c
0000ea430001ab84
0000ed630001aac1
0000f0740001a9e5
0000f3720001a8ee
0000f65d0001a7de
0000f9330001a6b4
0000fbf30001a570
0000fe9b0001a414
0001012b0001a29d
0001039f0001a10e
000105fa00019f65
0001083800019da3
00010a5900019bc7
00010c5c000199d4
00010e40000197c8
00011005000195a2
000111a800019366
0001132c00019111
0001148e00018ea4
000115cd00018c20
000116eb00018984
000117e5000186d1
000118bd00018407
0001197100018127
00011a0100017e2f
00011a6e00017b22
00011ab8000177fe
00011add000174c5
00011ae000017177
00011abf00016e13
00011a7b00016a9a
00011a140001670c
0001198b0001636b
000118e000015fb5
0001181400015bec
000117270001580f
0001161a0001541f
000114ef0001501c
000113a500014c07
0001123c000147e1
000110b9000143a8
00010f1900013f5e
00010d6000013b04
00010b8e00013699
000109a30001321d
000107a300012d93
0001058e000128f9
000103650001244f
0001012b00011f98
0000fee200011ad3
0000fc8a00011600
0000fa260001111f
0000f7b900010c33
0000f5430001073b
0000f2c800010237
0000f0490000fd28
0000edc80000f80e
0000eb490000f2eb
0000e8cd0000edbe
0000e6570000e888
0000e3e90000e34b
0000e1870000de06
0000df320000d8bb
0000dcee0000d369
0000dabc0000ce12
0000d8a00000c8b7
0000d69d0000c358
0000d4b30000bdf6
0000d2e80000b892
0000d13b0000b32f
0000cfb00000adcb
0000ce490000a869
0000cd090000a309
0000cbef00009daf
0000caff0000985a
0000ca380000930d
0000c99e00008dca
0000c93000008892
0000c8ee00008368
0000c8da00007e4f
0000c8f30000794a
0000c9380000745c
0000c9a900006f89
0000ca4600006ad5
0000cb0b00006647
0000cbfa000061e4
0000cd0f00005db1
0000ce4a000059b7
0000cfa7000055fd
0000d1250000528c
0000d2c200004f6f
0000d47b00004cb0
0000d64c00004a58
0000d83500004871
0000da3300004705
0000dc430000461a
0000de60000045b5
0000e08b000045d5
0000e2c00000467d
0000e4fc000047a4
0000e73d00004945
0000e98000004b56
0000ebc300004dce
0000ee04000050a1
0000f040000053c4
0000f2760000572e
0000f4a300005ad4
0000f6c500005eb0
0000f8da000062b8
0000fae1000066e6
0000fcd800006b34
0000febd00006f9d
0001008e0000741b
0001024a000078ad
000103f100007d4c
0001057e000081f7
000106f4000086ab
0001085000008b66
0001099100009023
00010ab6000094e4
00010bbe000099a4
00010ca800009e64
00010d740000a322
00010e210000a7dc
00010ead0000ac92
00010f1a0000b142
00010f650000b5ea
00010f910000ba8c
00010f9b0000bf26
00010f820000c3b6
00010f490000c83c
00010eed0000ccb8
00010e700000d129
00010dd10000d58e
00010d100000d9e7
00010c2e0000de34
00010b2b0000e274
00010a060000e6a6
000108c20000eac9
0001075d0000eedf
000105d80000f2e5
000104350000f6dc
000102730000fac4
000100940000fe9d
0000fe9700010265
0000fc7f0001061c
0000fa4d000109c4
0000f7ff00010d59
0000f599000110de
0000f31a00011452
0000f086000117b2
0000eddc00011b01
0000eb1e00011e3e
0000e84e00012169
0000e56c00012482
0000e27b00012787
0000df7c00012a79
0000dc7000012d58
0000d95b00013024
0000d63e000132dc
0000d31900013581
0000cff100013811
0000ccc600013a8f
0000c99b00013cf8
0000c67300013f4c
0000c34f0001418d
0000c032000143b9
0000bd20000145d1
0000ba1a000147d4
0000b722000149c3
0000b43c00014b9c
0000b16b00014d61
0000aeb200014f12
0000ac11000150ae
0000a98f00015234
0000a72b000153a5
0000a4e900015503
0000a2cb0001564a
0000a0d50001577e
00009f090001589b
00009d68000159a3
00009bf300015a98
00009aae00015b77
0000999700015c41
000098b300015cf5
000097ff00015d95
0000977e00015e20
0000972e00015e96
0000971000015ef8
0000972100015f45
0000976200015f7d
000097d000015fa0
0000986a00015faf
0000992e00015faa
00009a1900015f90
00009b2800015f62
00009c5a00015f1f
00009dab00015ec8
00009f1900015e5e
0000a09f00015de0
0000a23c00015d4d
0000a3ed00015ca7
0000a5af00015bee
0000a77e00015b21
0000a95800015a41
0000ab390001594e
0000ad2100015848
0000af0b0001572f
0000b0f500015604
0000b2de000154c6
0000b4c200015375
0000b69f00015213
0000b8740001509e
0000ba3e00014f18
0000bbfc00014d81
0000bdac00014bd8
0000bf4c00014a1d
0000c0db00014852
0000c25800014676
0000c3c000014489
0000c5130001428c
0000c6510001407f
0000c77600013e62
0000c88300013c36
0000c976000139fa
0000ca50000137ae
0000cb0e00013554
0000cbb2000132eb
0000cc3800013074
0000cca200012dee
0000ccef00012b5b
0000cd1f000128b9
0000cd300001260b
0000cd240001234f
0000ccf800012086
0000ccaf00011db0
0000cc4600011ad0
0000cbbf000117e2
0000cb19000114e9
0000ca55000111e5
0000c97100010ed5
0000c87000010bbb
0000c75000010897
0000c61300010567
0000c4b90001022e
0000c3400000feec
0000c1ac0000fba1
0000bffb0000f84d
0000be2f0000f4f1
0000bc470000f18c
0000ba450000ee20
0000b8290000eaac
0000b5f40000e732
0000b3a70000e3b1
0000b1430000e02a
0000aec80000dc9c
0000ac370000d90a
0000a9920000d572
0000a6d80000d1d7
0000a40c0000ce37
0000a12f0000ca92
00009e420000c6ec
00009b460000c342
0000983c0000bf97
000095270000bbe9
000092060000b83a
00008edc0000b48b
00008bab0000b0dc
000088740000ad2d
0000853a0000a97f
000081fd0000a5d4
00007ec00000a22b
00007b8600009e85
0000785100009ae3
0000752300009746
000071fd000093ae
00006ee50000901d
00006bdb00008c92
000068e400008911
0000660200008599
000063390000822a
0000608b00007ec8
00005dfe00007b73
00005b940000782d
00005952000074f5
0000573a000071cf
0000555100006ebb
0000539900006bbd
00005217000068d5
000050cc00006605
00004fbb0000634f
00004ee7000060b6
00004e4e00005e3d
00004df300005be4
00004dd5000059af
00004df2000057a0
00004e49000055ba
00004ed7000053fe
00004f9900005271
0000508b00005111
000051a900004fe3
000052ef00004ee8
0000545900004e21
000055e300004d90
0000578900004d33
0000594500004d0c
00005b1500004d1a
00005cf600004d5c
00005ee100004dcf
000060d600004e75
000062d000004f47
000064cd00005047
000066cb0000516f
000068c5000052c0
00006abb00005433
00006cab000055c7
00006e9200005779
0000706d00005948
0000723d00005b2f
0000740000005d2b
000075b300005f3c
000077560000615f
000078e700006390
00007a66000065d0
00007bd20000681a
00007d2800006a6e
00007e6a00006ccb
00007f9600006f2e
000080ac00007196
000081aa00007403
0000829000007673
0000835e000078e4
0000841500007b55
000084b200007dc7
0000853500008039
0000859f000082a7
000085f000008514
000086260000877e
00008643000089e4
0000864600008c46
0000862e00008ea2
000085fd000090f9
000085b10000934a
0000854c00009596
000084cd000097db
0000843300009a19
0000838100009c4f
000082b500009e7e
000081cf0000a0a5
000080d20000a2c3
00007fbc0000a4d9
00007e8d0000a6e6
00007d470000a8ea
00007be90000aae6
00007a740000acd7
000078ea0000aebf
000077480000b09e
000075910000b273
000073c40000b43d
000071e40000b5ff
00006fef0000b7b5
00006de70000b961
00006bcb0000bb02
0000699e0000bc9a
0000675e0000be26
0000650e0000bfa7
000062ae0000c11f
0000603e0000c28c
00005dbe0000c3ec
00005b310000c543
000058960000c68f
000055ee0000c7d0
0000533b0000c905
0000507d0000ca31
00004db30000cb51
00004ae20000cc66
000048070000cd6f
000045250000ce6f
0000423d0000cf63
00003f4e0000d04d
00003c5c0000d12a
000039660000d1fe
0000366e0000d2c7
000033760000d386
0000307e0000d439
00002d880000d4e2
00002a980000d581
000027ad0000d615
000024cd0000d69e
000021d10000d750
00001e6e0000d89b
00001ac20000da72
000017260000dc87
0000139c0000df18
000010790000e237
00000e530000e561
00000d520000e837
00000d560000eac3
00000e2d0000ed19
00000f6e0000ef22
000010e70000f0e0
000012c10000f295
000014ea0000f44d
000017360000f5f1
0000198b0000f76e
00001bdc0000f8ad
00001e380000f9b8
000020ad0000faaa
000023410000fbb9
000025ea0000fce0
000028a20000fdf5
00002b620000ff05
00002e3400010004
00003132000100c3
0000346d00010137
000037e300010175
00003b9b0001017e
00003f5b00010182
00004306000101a1
000047030001018c
00004b3400010153
00004f5600010124
000053b2000100d8
000058020001008b
00005c1a00010056
0000604100010019
000064740000ffd3
000069010000ff6c
00006e2e0000feca
000073b60000fe08
000079510000fd3c
00007f4e0000fc57
000085ae0000fb58
00008c140000fa57
000092720000f957
000098a70000f85d
00009eaa0000f768
0000a49f0000f674
0000aaa80000f584
0000b0d40000f499
0000b7280000f3b9
0000bd880000f2e1
0000c3f50000f219
0000ca7c0000f168
0000d10f0000f0cc
0000d7ad0000f04b
0000de3f0000efd2
0000e4970000ef2c
0000eaa50000ee33
0000f07f0000ecfc
0000f6430000ebb5
0000fbf80000ea5c
0001019f0000e8d7
0001073d0000e725
00010cd70000e555
000112720000e35e
0001180d0000e14d
00011d9b0000df3e
000123170000dd3f
000128770000db5b
00012db60000d998
000132e30000d7df
000138250000d600
00013d930000d3e0
000142f80000d1bd
000147f10000d002
00014c810000ceab
000151120000cd48
000155c10000cbbc
00015a5b0000ca3a
00015f0b0000c895
0001640c0000c69c
000169420000c465
00016eae0000c1f0
000174700000bf1e
00017a860000bbf4
000180ff0000b861
000187df0000b461
00018f0f0000b009
0001965f0000ab89
00019d440000a76c
0001a3e70000a385
0001ab0b00009f09
0001b29a00009a10
0001ba37000094fc
0001c22100008f7f
0001ca7600008974
0001d2ee00008330
0001db3e00007d14
0001e3180000778f
0001ea5b000072d8
0001f13e00006ea6
0001f80e00006a77
0001fef9000065fa
0002060c0000610e
00020d2800005bee
0002141000005745
00021abc0000531f
0002215000004f16
000227cf00004b36
00022e340000478c
0002348600004458
00023ac600004218
000240ff000040be
0002473600003ff0
00024d6f00003f98
000253a300003f8a
000259ae00003f4f
00025f9c00003eff
000265ae00003f35
00026be500003ff3
00027227000040f8
0002788100004250
00027ed8000043cf
000284db00004502
00028a58000045a6
00028f8a0000460b
000294cc000046a5
00029a1a0000476d
00029f5500004841
0002a46c0000490b
0002a92e00004997
0002ad74000049bf
0002b13a0000497d
0002b488000048de
0002b7cf00004850
0002bb430000480b
0002be92000047bc
0002c1d90000477d
0002c50f00004748
0002c7b500004698
0002ca0d000045b1
0002ccbd00004543
0002cff500004584
0002d3b70000467c
0002d7d8000047fd
0002dc18000049bf
0002e08800004bd9
0002e55300004e8b
0002ea6e000051c7
0002ef930000552d
0002f4740000583c
0002f8fa00005ad3
0002fd4500005d17
0003016700005f2e
0003057700006142
000309700000633e
00030d5500006536
0003113200006748
000314fe00006946
000318b600006b40
00031c5f00006d02
00031ffa00006e2f
0003238400006f0d
000326ed00007048
00032a2b00007223
00032d5000007435
00033085000075f0
000333d00000773e
000337170000786c
00033a46000079a7
00033d7000007ad4
0003409000007bf0
0003439700007d1a
0003467800007e5d
0003494000007fab
00034c5a00008093
00034ff3000080e4
000353df000080d3
000357c8000080b3
00035b9c00008097
00035fbf00008032
000363fb00007fab
000367da00007f59
00036b6400007f36
00036eb200007f2f
000371dd00007f34
0003750200007f32
000377f000007f44
00037a2d00007faa
00037b9b00008076
00037cb30000816a
00037e1300008236
00037ff1000082be
000381d50000833b
00038386000083c7
0003854c00008444
000386dc000084d0
000387e100008593
000388cf0000865d
00038a13000086fd
00038b5c00008795
00038c3700008854
00038ccf0000892e
00038d7e000089fb
00038e3200008ac2
00038ee400008b85
00038fa300008c3d
0003906700008cec
0003912e00008d93
000391ea00008e37
0003928f00008ee2
0003931e00008f94
000393a30000904e
0003942200009110
000394a0000091da
00039519000092ae
000395770000938c
000395a900009472
0003959f00009562
0003957800009651
0003957d00009733
000395c000009807
00039631000098d2
000396f80000998d
0003980600009a41
000398f900009b08
000399aa00009be5
00039a4200009ccf
00039ada00009dbd
00039b6d00009eb1
00039bca00009fb9
00039bcf0000a0d9
00039bd70000a1f6
00039c450000a2f6
00039d130000a3dd
00039e000000a4c1
00039e970000a5c6
00039f130000a6d4
00039fc70000a7d1
0003a0950000a8ca
0003a1a70000a9aa
0003a2ec0000aa7f
0003a4310000ab59
0003a58d0000ac30
0003a7030000ad00
0003a8b60000adba
0003aa5c0000ae89
0003abb70000af83
0003acf90000b090
0003ae030000b1c4
0003aed00000b31d
0003af7e0000b48b
0003b0230000b5fa
0003b0be0000b76d
0003b12a0000b90e
0003b1780000bac3
0003b1c50000bc6f
0003b2070000be23
0003b2340000bff1
0003b2500000c1dc
0003b2650000c3ae
0003b27b0000c559
0003b28b0000c70e
0003b2990000c8f8
0003b29e0000cae9
0003b2980000ccbb
0003b29e0000ceb9
0003b2a80000d0d9
0003b2a50000d2e0
0003b28f0000d4cd
0003b2430000d665
0003b1c50000d7ad
0003b1660000d926
0003b1060000daa7
0003b0350000dba0
0003aee30000dbff
0003ad250000dbe8
0003aafa0000db5f
0003a88d0000da96
0003a64b0000da03
0003a4480000d9ba
0003a2270000d95c
00039fec0000d8ec
00039e320000d901
00039d470000d9e5
00039ce10000db4e
00039c640000dca5
00039baa0000ddc7
00039b200000df1b
00039ae10000e0bb
00039b160000e2d5
00039b9a0000e53f
00039be80000e776
00039be00000e956
00039b8f0000eaec
00039b660000ecb6
00039bf00000ef51
00039d4d0000f2ec
00039f790000f788
0003a2480000fcfa
0003a58f00010315
0003a936000109c2
0003ad09000110b2
0003b0e5000117be
0003b4ee00011f28
0003b916000126d3
0003bd4200012e9d
0003c18e000136c5
0003c5e500013f16
0003ca1400014703
0003ce1f00014ea9
0003d2250001567b
0003d62100015e47
0003da07000165c7
0003ddd900016d20
0003e19c00017445
0003e54e00017b39
0003e8ec00018228
0003ec7100018926
0003efdf0001902d
0003f354000196ec
0003f6df00019d38
0003fa6d0001a342
0003fdfb0001a921
000401900001aec7
000405310001b435
0004090c0001b93b
00040d110001bdea
000410de0001c2a8
000414320001c7b2
000416da0001cd29
000419200001d2d2
00041bc70001d822
00041f1c0001dce4
000422b70001e15e
000425f30001e5ef
000428bd0001eaa6
00042ba70001ef39
00042edf0001f392
000431ec0001f7e2
0004348f0001fc46
000436a6000200c6
000438700002054c
00043aa8000209a1
00043d3300020dc8
00043f9f000211e6
00044244000215e6
00044525000219c9
000447a800021da7
000449750002218c
00044a7500022574
00044ac40002295d
00044a9400022d3d
00044a1c00023114
000449a4000234e0
00044933000238a2
000448c300023c58
0004485900024005
000447eb000243a6
0004477b0002473e
0004470b00024acd
000446a500024e5b
00044646000251e2
000445bf0002553c
000444fb00025854
0004440b00025b26
000442fe00025dc5
000441e400026057
000440c7000262d7
00043fa30002654a
00043e7d000267ac
00043d5c000269ed
00043c4100026c13
00043b3200026e1a
00043a0f0002702c
000438c800027261
0004379100027479
000436710002766f
0004351800027890
0004335e00027b01
0004318900027d7e
00042fc300027fe4
00042dea0002824b
00042c19000284a0
00042a4c000286e6
0004286e0002892b
000426c400028b3c
0004253100028d2f
0004239500028f1d
0004222c000290d6
000420d500029277
00041f8700029405
00041ebb0002951c
00041e67000295c6
00041e220002965b
00041dcc000296f5
00041d7500029786
00041d37000297f4
00041cef00029865
00041c7f000298ee
00041c1900029963
00041bfc00029980
00041c3700029931
00041cb80002988a
00041d760002978d
00041e7400029631
00041f9a00029494
000420b8000292f7
000421cf00029153
000422c800028fd3
0004238800028ea7
0004244400028d63
0004250d00028bf1
000425ce00028a6f
000426a100028885
0004278e0002860f
0004287f0002835c
00042962000280b9
00042a3700027df3
00042b0600027b06
00042bd3000278a8
00042ca0000276fd
00042d72000275be
00042e4b000274df
00042f1800027410
00042fb8000272ea
0004300a00027126
0004302900026f00
0004305a00026d11
0004308b00026b41
0004309200026942
00043040000266d9
00042f7d000263e2
00042e3c0002605c
00042c8f00025c60
00042ab200025836
000428ea00025430
0004275200025069
000425c800024cbc
000424750002494f
000423a000024663
000422f3000243a9
0004222f000240e9
0004216a00023e34
000420a500023b8b
00041ff0000238fb
00041eee0002363d
00041d5500023315
00041b4e00022fa4
0004190e00022c12
000416c400022882
0004145b000224e2
000411a200022113
00040e6400021ceb
00040aca00021888
000407300002142b
0004036600020fb5
0003ff5b00020b14
0003fb3700020669
0003f71e000201cb
0003f32a0001fd50
0003ef690001f904
0003ec130001f512
0003e91c0001f176
0003e6460001ee00
0003e39f0001eabd
0003e1340001e7c1
0003defd0001e50b
0003dcf40001e29c
0003db080001e065
0003d92a0001de59
0003d7540001dc76
0003d5840001dac5
0003d3ba0001d942
0003d1f30001d7d7
0003d01e0001d699
0003ce420001d58d
0003cc7e0001d492
0003cae20001d394
0003c9560001d29e
0003c79e0001d1c9
0003c5a90001d122
0003c3940001d0a0
0003c1530001d043
0003beda0001d010
0003bc420001d006
0003b98a0001d020
0003b6890001d067
0003b3460001d0db
0003afcd0001d17f
0003ac250001d251
0003a8860001d354
0003a51d0001d482
0003a2060001d5d8
00039ef80001d74f
00039b7a0001d8e9
000397b50001daa9
000394290001dc93
000390d20001dea4
00038d700001e0d5
000389df0001e322
0003860a0001e58d
0003823f0001e81b
00037eb00001ead0
00037b2d0001eda1
0003775d0001f084
000372f70001f36e
00036e050001f669
000369180001f98d
000364c40001fcec
000360df00020077
00035d1b0002041d
0003599f000207e8
0003567a00020bd4
0003535300020fc6
00035012000213be
00034cf0000217ca
000349f200021be9
0003473900022028
000344b60002247b
0003422f000228cb
00033f9600022d0c
00033cde00023137
00033a1400023558
0003373f0002396a
0003346500023d79
000331c6000241c6
00032f6800024649
00032d1400024abf
00032ab600024f0e
0003284d00025327
000325d900025707
0003236300025ad2
000320f700025eb0
00031e9600026275
00031c3b00026620
000319da00026a05
0003176e00026e3d
000314fb000272aa
000312a4000276f7
0003107d00027aea
00030e7b00027e9f
00030c8300028248
00030aa1000285dc
0003090500028911
0003078200028c22
000305e800028f56
0003049f00029233
000303bc00029499
000302e8000296f1
0003020f00029951
0003010b00029bdd
0002ffb200029ec1
0002fe2b0002a1d3
0002fc750002a510
0002fa580002a8ae
0002f7d70002aca6
0002f5360002b0bc
0002f2dc0002b48b
0002f1390002b7b0
0002f0400002ba35
0002ef870002bc7e
0002eee80002beac
0002ee160002c107
0002ec9d0002c3fa
0002ea800002c783
0002e7d70002cb8e
0002e4930002d027
0002e1100002d4f5
0002ddb00002d998
0002da400002de47
0002d68b0002e335
0002d2b80002e83a
0002cf210002ecf1
0002cbf60002f121
0002c8d20002f547
0002c55a0002f9d0
0002c1970002feb5
0002bdb8000303b6
0002b9fc00030878
0002b67300030ce0
0002b32c000310d0
0002b02600031445
0002ad3f0003177b
0002aa7000031a7a
0002a7aa00031d6f
0002a4e50003205d
0002a244000322ca
00029fda00032473
00029d9800032587
00029b6a00032663
000299460003275f
0002972700032889
0002951000032992
000292fe00032a59
000290f800032b0f
00028f1500032c2a
00028d5900032dcc
00028bb000032fa3
00028a1e0003319d
000288b7000333e6
000287670003365b
00028628000338df
0002850f00033b91
0002840900033e5b
0002830e00034124
00028201000343d5
000280a400034627
00027f0a0003482a
00027da800034a53
00027cca00034ce2
00027c6600034fcb
00027c2a000352ce
00027b950003558c
00027ab200035809
00027a1200035aa2
000279f600035d82
00027a7e000360b7
00027bd400036453
00027d8b0003681f
00027f1800036bd2
000280ae00036f82
000282a300037357
000284d600037741
0002871c00037b2e
000289aa00037f32
00028ca000038358
00028fd400038791
0002934c00038bdf
000296d200039030
000299d800039457
00029c2e00039846
00029e0b00039c09
00029f7700039fa9
0002a06e0003a321
0002a15a0003a688
0002a2bd0003a9f8
0002a47f0003ad70
0002a6170003b0da
0002a7320003b42d
0002a7e50003b76e
0002a8650003ba9b
0002a8d10003bdbc
0002a9250003c0d0
0002a9700003c3d1
0002a9b00003c6cd
0002a9d30003c9c8
0002a9eb0003ccb9
0002a9fc0003cfa5
0002aa030003d27d
0002aa040003d53d
0002aa100003d807
0002aa210003dad6
0002aa360003dd9c
0002aa490003e057
0002aa550003e301
0002aa810003e5ba
0002aac00003e879
0002ab0b0003eb36
0002ab680003edf6
0002ab840003f075
0002ab570003f2b1
0002ab190003f4d4
0002aada0003f6ea
0002aa9f0003f8f7
0002aa2f0003fad3
0002a9780003fc6e
0002a86c0003fdbe
0002a7180003fecf
0002a60e0004000e
0002a58a000401a7
0002a55e0004037b
0002a54b00040558
0002a4dc000406e0
0002a3df000407ea
0002a28c000408a2
0002a15a0004096e
0002a09c00040a99
0002a00e00040be4
00029f6a00040d10
00029ef200040e62
00029ea200040fd1
00029e07000410e6
00029d1800041196
00029bdf000411e4
00029a280004118b
000297f700041086
0002958f00040f2d
0002931a00040db5
0002908200040bf0
00028dcd000409ef
00028b0f000407c8
0002884f00040590
000285ae000403aa
0002833f00040267
000280f100040191
00027e9b00040057
00027c330003fe60
000279c70003fc0a
0002775e0003f9ba
000274fc0003f75c
000272b30003f484
000270910003f113
00026e9b0003ed25
00026ccd0003e8d6
00026b010003e48e
000268ef0003e0dc
0002668d0003ddc8
000264020003dafe
0002612e0003d89d
00025e190003d69b
00025b500003d443
000259070003d157
000256e90003ce3c
000255130003cadf
000253ac0003c719
000252490003c34f
000250ca0003bfa2
00024f5d0003bbe8
00024de10003b83a
00024c480003b4a6
00024a810003b134
0002483d0003ae1d
000245b20003ab3b
000243820003a81d
0002419f0003a4cd
00023fd80003a16d
00023e4b00039de9
00023d0400039a39
00023be000039674
00023a62000392e6
0002387800038f99
000236d300038c28
0002357a00038887
000233f400038502
00023226000381ab
00022fe900037e98
00022d6800037bb5
00022b20000378b2
0002292000037582
0002272300037255
0002250100036f47
000222b700036c61
0002206c00036983
00021e4000036689
00021c2b00036378
00021a1d00036061
0002181200035d47
0002160300035a28
000213f400035705
00021204000353df
00021042000350b5
00020ec400034d80
00020d8a00034a41
00020c7d000346fd
00020bd0000343a5
00020b760003403e
00020b2700033cde
00020b1000033973
00020b3300033600
00020b4c0003329b
00020b8a00032f2f
00020c5e00032b9a
00020de0000327d3
00020fd3000323f3
000211cd00032020
0002133d00031c93
000213d70003196c
000213ec00031685
0002143e00031388
0002153700031044
0002166b00030cf1
0002179a000309a8
0002194d0003061e
00021b6c00030262
00021d6f0002fec6
00021f6b0002fb36
000221580002f7bf
000222d90002f4ab
000223cc0002f21d
000224430002f00d
000224760002ee4f
000224c20002ec7d
0002254d0002ea67
000225ce0002e882
0002261b0002e709
0002266c0002e597
000226db0002e400
0002275d0002e247
000227f10002e068
000228900002de6f
000229380002dc6c
000229eb0002da7f
00022aab0002d8b1
00022b730002d6ed
00022c400002d521
00022d380002d3a4
00022e790002d2bc
00022fec0002d227
000231400002d148
000232650002d006
000233790002ce9f
0002343b0002ccbe
0002346d0002ca1b
0002344f0002c70c
0002347a0002c44f
000234ef0002c1e6
000235320002bf44
000235090002bc2e
0002348a0002b8bb
0002345d0002b59a
000234ab0002b2fa
000234e50002b044
000234e10002ad51
000234c00002aa3f
000234d40002a766
0002357d0002a521
000236d80002a393
000239040002a2dd
00023c000002a306
00023f7d0002a3ba
000243120002a490
000246bb0002a582
00024acd0002a6f8
00024f5b0002a90d
000254090002ab51
0002587c0002ad52
00025cae0002af06
000260c60002b0a2
000264ef0002b26c
0002692b0002b466
00026d6c0002b67f
000271ad0002b8ae
000275df0002bad7
00027a0e0002bd20
00027e420002bfa6
0002826d0002c241
000286880002c4c6
00028a910002c6fd
00028e8d0002c8c2
0002927a0002ca4c
000296490002cc0d
000299eb0002ce38
00029d4d0002d0e6
0002a0820002d3e3
0002a3c40002d6ab
0002a7240002d924
0002aaa60002db50
0002ae7a0002dd00
0002b29e0002de40
0002b6e00002df48
0002bb4b0002e01c
0002bfc50002e0cc
0002c40d0002e188
0002c8140002e25c
0002cbf80002e334
0002cfd30002e401
0002d3c60002e4b4
0002d8170002e531
0002dcf50002e569
0002e2080002e57e
0002e6a00002e5a9
0002eaa00002e5f6
0002eea10002e639
0002f30b0002e65a
0002f7740002e66c
0002fb5b0002e68a
0002fee40002e6ae
000301f80002e6d4
000304930002e6ff
000307220002e725
000309d40002e743
00030cd50002e75b
0003105b0002e76f
0003141f0002e77d
000317e30002e786
00031bc00002e78d
00031fb90002e796
000323df0002e7a8
000328430002e7cb
00032cbc0002e7f5
0003310f0002e80a
000335220002e7fc
000339170002e7e3
00033d140002e7da
000340f80002e7b9
000344a30002e750
0003481f0002e6a0
00034b7e0002e5cf
00034ed00002e501
000352140002e421
000355450002e337
000358610002e26b
00035b790002e186
00035eb00002e029
000362180002de38
000365a20002dbec
000369260002d98c
00036c910002d740
00036fbe0002d533
000372760002d3a6
000374bf0002d28d
000376c50002d1af
000378720002d11f
000379ef0002d0b0
00037bdb0002cfbe
00037e920002cdef
000381bb0002cb9e
0003848e0002c98f
000386d70002c7f5
000388ce0002c69a
00038a3d0002c5ae
00038b450002c514
00038c880002c433
00038e360002c2dd
0003901f0002c141
0003926e0002bf33
000395770002bc61
000398e20002b923
00039c2a0002b5f7
00039f630002b2cb
0003a2510002afe0
0003a4d60002ad53
0003a74c0002aac5
0003a9830002a871
0003ab730002a65d
0003ad840002a40e
0003afe40002a142
0003b25800029e4f
0003b45400029bfd
0003b5bc00029a74
0003b6cc0002996a
0003b7ab0002989d
0003b8a50002977a
0003b9dc000295b5
0003bb310002938c
0003bc7200029183
0003bd8a00028fe5
0003be8200028ea5
0003bf6300028db5
0003c03600028cc5
0003c10100028b8b
0003c1c100028a26
0003c2700002888e
0003c315000286e4
0003c3bb0002855e
0003c444000283b0
0003c4b1000281c9
0003c5480002803b
0003c5f900027efa
0003c67500027d78
0003c6bf00027bb8
0003c6e0000279ce
0003c6e8000277cf
0003c6e3000275cb
0003c67b00027376
0003c56a00027095
0003c3ad00026d2e
0003c1590002695c
0003bee500026576
0003bcb5000261c0
0003ba5800025dfb
0003b732000259cb
0003b33f00025537
0003af0600025085
0003ab1d00024bfe
0003a794000247a7
0003a40b00024358
0003a05500023f00
00039c9000023aaa
000398e500023661
000395790002322f
0003923000022e0c
00038ef1000229f0
00038bfd000225e6
00038919000221e6
000385e900021de4
00038280000219e2
00037ebd000215e5
00037a8a000211ef
0003761d00020e05
000371b400020a23
00036d860002063c
0003699b0002024e
000365d50001fe5c
0003621a0001fa6c
00035e3a0001f69c
00035a1a0001f300
000355d80001ef8a
0003519a0001ec13
00034d730001e880
000349550001e4ea
000345350001e16e
000341130001ddfe
00033ced0001da66
000338bf0001d684
000334860001d269
000330470001ce37
00032bf10001c9d0
0003276c0001c504
000322d40001c007
00031e400001bb13
000319ac0001b61e
000315440001b169
000311280001ad20
00030d1b0001a8f3
000308f80001a4ab
000304b00001a03c
0003003d00019b9d
0002fbb2000196e4
0002f7350001923c
0002f2dc00018dbe
0002ee7c0001893c
0002e9d100018470
0002e4a500017f23
0002dec900017926
0002d87b000172b8
0002d20700016c23
0002cb6800016566
0002c50800015ee8
0002bf7200015930
0002babf0001545b
0002b67000015025
0002b1bc00014c3e
0002ac4c00014890
0002a62800014523
00029f52000141ff
000297d100013f2d
00028fac00013cb8
000286ea00013aa7
00027d9300013905
000273af000137da
000269470001372d
00025e6400013706
0002530e0001376a
000247510001385d
00023b34000139e0
00022ec200013bf7
0002220600013e9d
00021507000141d2
000207d000014590
0001fa6c000149d0
0001ece200014e8d
0001df3b000153bd
0001d18200015955
0001c3bb00015f4d
0001b5f200016598
0001a82b00016c2d
00019a6e000172fd
00018cc2000179ff
00017f2a00018126
000171aa00018868
0001644900018fbb
0001570600019711
000149e800019e61
00013cee0001a5a4
0001301b0001acce
0001236e0001b3d7
000116e80001bab8
00010a8b0001c16b
0000fe550001c7e7
0000f24a0001ce29
0000e6690001d42a
0000dab80001d9e7
0000cf3a0001df5b
0000c3f90001e487
0000b9000001e966
0000ae610001edfa
0000a4350001f242
00009a9f0001f640
000091c90001f9f6
000089ee0001fd68
000083570002009a
00007e5300020394
00007b3a0002065c
00007a5b000208fa
00007bf100020b78
0000801400020de3
000086b800021044
00008fb6000212ac
00009ad60002152a
0000a7d9000217cd
0000b68400021aa9
0000c6a100021dcf
0000d80500022154
0000ea890002254b
0000fe10000229cb
0001128000022ee8
000127c2000234b9
00013dc400023b52
00015477000242c7
00016bcb00024b2c
000183b300025495
00019c2300025f10
0001b50f00026aad
0001ce6a00027777
0001e82b0002857a
00020247000294c0
00021cb20002a54b
000237620002b722
0002524d0002ca45
00026d670002deb2
000288a80002f46a
0002a40400030b65
0002bf71000323a1
0002dae400033d15
0002f655000357ba
000311b800037385
00032d040003906f
000348300003ae6c
000363300003cd73
00037dfe0003ed77
0003988f00040e6d
0003b2db0004304a
0003ccda00045302
0003e68300047688
0003ffce00049ad4
000418b50004bfd6
000431310004e584
0004493a00050bd3
000460cb000532b7
000477df00055a25
00048e7000058211
0004a47a0005aa71
0004b9fa0005d33a
0004ceea0005fc61
0004e349000625db
0004f71400064f9e
00050a4a000679a0
00051cea0006a3d7
00052ef20006ce3a
000540640006f8be
0005513f0007235b
0005618400074e08
00057137000778bb
000580570007a36c
00058eeb0007ce14
00059cf30007f8a9
0005aa7400082324
0005b77400084d7e
0005c3f6000877af
0005d0000008a1b2
0005db970008cb7d
0005e6c30008f50d
0005f18800091e5b
0005fbef00094761
000605fd0009701a
00060fba00099881
0006192c0009c094
0006225c0009e84a
00062b50000a0fa4
00063410000a369c
00063ca2000a5d31
0006450d000a835e
00064d59000aa924
0006558a000ace7e
00065da8000af36e
000665b7000b17f1
00066dbc000b3c08
000675be000b5fb3
00067dbe000b82f1
000685c1000ba5c5
00068dc9000bc82f
000695d8000bea31
00069df0000c0bcf
0006a610000c2d09
0006ae3a000c4de4
0006b66d000c6e63
0006bea5000c8e8b
0006c6e2000cae5f
0006cf21000ccde4
0006d75d000ced1f
0006df94000d0c16
0006e7bf000d2ad0
0006efd8000d4952
0006f7db000d67a2
0006ffc1000d85c6
00070782000da3c9
00070f18000dc1ae
0007167a000ddf7f
00071da0000dfd42
00072483000e1b00
00072b1a000e38c1
0007315e000e568d
00073743000e746c
00073cc4000e9266
000741d7000eb084
00074673000ececb
00074a92000eed47
00074e29000f0bfe
00075132000f2af8
000753a6000f4a3d
0007557d000f69d4
000756b0000f89c4
00075739000faa14
00075712000fcaca
00075637000febee
000754a000100d82
0007524d00102f90
00074f3500105219
00074b5900107524
000746b4001098b3
000741450010bcca
00073b0a0010e16e
000734010011069f
00072c2d00112c60
0007238b001152b1
00071a1e00117994
00070fe90011a10a
000704eb0011c910
0006f9280011f1a8
0006eca700121ace
0006df6800124481
0006d17200126ec0
0006c2ca00129984
0006b3760012c4ce
0006a37e0012f096
000692e700131cda
000681ba00134993
00067000001376be
00065dc00013a453
00064b040013d24d
000637d6001400a5
0006243f00142f54
0006104a00145e53
0005fc0200148d9a
0005e7710014bd23
0005d2a30014ece3
0005bda300151cd5
0005a87c00154cf0
0005933a00157d29
00057de70015ad7b
000568910015dddc
0005534300160e44
00053e0500163ea9
000528e600166f05
000513ed00169f4c
0004ff270016cf78
0004ea9c0016ff81
0004d65600172f5e
0004c25c00175f07
0004aeb800178e75
00049b700017bd9e
0004888b0017ec7d
0004760d00181b09
000463fb0018493c
0004525a00187711
0004412b0018a47e
000430700018d17f
000420290018fe10
0004105600192a28
000400f5001955c5
0003f204001980e2
0003e37f0019ab79
0003d5610019d587
0003c7a50019ff09
0003ba46001a27fd
0003ad3c001a505f
0003a081001a782d
0003940d001a9f65
000387d6001ac606
00037bd7001aec11
00037005001b1183
0003645a001b365f
000358cd001b5aa2
00034d55001b7e4f
000341ec001ba168
0003368b001bc3ef
00032b2d001be5e5
00031fcc001c074d
00031462001c282c
000308ef001c4883
0002fd6e001c6858
0002f1e1001c87af
0002e645001ca68c
0002da9f001cc4f4
0002cef2001ce2ee
0002c342001d007f
0002b797001d1dae
0002abfa001d3a7f
0002a075001d56fc
00029516001d732a
000289ea001d8f10
00027f03001daab7
00027473001dc626
00026a4f001de163
000260af001dfc78
000257a8001e176e
00024f58001e3249
000247d6001e4d14
0002413e001e67d8
00023bac001e8299
0002373b001e9d64
00023402001eb83e
00023219001ed32f
00023196001eee40
00023287001f0977
000234f9001f24dd
000238f4001f4077
00023e7a001f5c4d
0002458a001f7867
00024e1c001f94c7
00025826001fb178
00026396001fce7c
0002705d001febdb
00027e6400200997
00028d94002027b5
00029dd400204639
0002af0c00206527
0002c12100208482
0002d3fa0020a44c
0002e77c0020c486
0002fb910020e532
0003101f00210652
0003250f002127e4
00033a4a002149eb
00034fbd00216c63
0003655300218f4e
00037af70021b2a8
000390990021d670
0003a6280021faa3
0003bb9300221f3d
0003d0cd0022443b
0003e5c600226998
0003fa7100228f51
00040ec40022b561
000422b20022dbc1
000436310023026c
000449380023295d
00045bc00023508c
00046dbd002377f3
00047f2d00239f8b
000490060023c74d
0004a0440023ef32
0004afe300241730
0004bede00243f41
0004cd330024675c
0004dae100248f7a
0004e7e30024b792
0004f43b0024df9d
0004ffe700250791
00050ae700252f67
0005153f00255716
00051eee00257e97
000527f80025a5e0
0005305f0025ccec
000538270025f3b0
00053f5500261a26
000545ec00264046
00054bf200266609
0005516d00268b68
000556620026b05d
00055ada0026d4e1
00055ed90026f8ed
0005626700271c7d
0005658c00273f8a
000568510027620f
00056aba00278409
00056cd50027a571
00056ea40027c644
000570330027e680
000571890028061f
000572ae00282522
000573ab00284383
0005748500286142
0005754600287e5e
000575f500289ad5
000576970028b6a8
000577340028d1d6
000577d20028ec5e
0005787600290644
0005792400291f87
000579e00029382b
00057ab00029502f
00057b9400296799
00057c9100297e6b
00057da5002994a7
00057ed50029aa54
0005801d0029bf74
0005817f0029d40d
000582f90029e824
000584890029fbbe
0005862c002a0ee1
000587df002a2193
0005899d002a33db
00058b63002a45c0
00058d2c002a5748
00058ef2002a687b
000590af002a7960
0005925c002a89ff
000593f4002a9a5f
00059570002aaa8a
000596c7002aba87
000597f4002aca5d
000598ef002ada14
000599b0002ae9b7
00059a30002af94c
00059a68002b08db
00059a51002b186e
000599e4002b280b
00059919002b37bb
000597ea002b4786
00059652002b5772
00059448002b6788
000591c9002b77cf
00058ecd002b884c
00058b52002b9907
00058750002baa07
000582c7002bbb51
00057dae002bccea
00057806002bded8
000571ca002bf120
00056af8002c03c5
0005638f002c16cc
00055b8c002c2a38
000552ee002c3e0c
000549b7002c524b
00053fe5002c66f6
00053579002c7c0f
00052a73002c9196
00051ed5002ca78d
000512a2002cbdf3
000505dc002cd4c8
0004f885002cec0b
0004eaa0002d03b9
0004dc32002d1bd2
0004cd3d002d3451
0004bdc9002d4d35
0004add8002d667a
00049d6f002d801b
00048c94002d9a15
00047b4f002db463
000469a3002dceff
00045798002de9e4
00044534002e050b
0004327f002e206f
00041f81002e3c0a
00040c3e002e57d3
0003f8bf002e73c5
0003e50d002e8fd8
0003d12d002eac04
0003bd29002ec840
0003a908002ee487
000394d2002f00d0
0003808e002f1d12
00036c45002f3945
000357fd002f5562
000343be002f7160
00032f90002f8d38
00031b7b002fa8e0
00030784002fc452
0002f3b3002fdf84
0002e00d002ffa71
0002cc990030150f
0002b95e00302f59
0002a66000304946
000293a2003062cf
0002812c00307bef
00026eff003094a0
00025d200030acd9
00024b910030c496
00023a560030dbd2
0002296e0030f287
000218dc003108b2
000208a000311e4e
0001f8b900313356
0001e926003147c7
0001d9e900315b9f
0001cafc00316edc
0001bc6000318179
0001ae0f00319377
0001a0080031a4d3
000192460031b58f
000184c60031c5a7
000177830031d51d
00016a790031e3f2
00015da30031f227
000150fe0031ffbc
0001448500320cb6
0001383400321915
00012c08003224db
00011fff0032300f
0001141500323ab1
0001084c003244c8
0000fca300324e56
0000f11d00325762
0000e5bd00325ff2
0000da8c00326808
0000cf9200326fae
0000c4dc003276e7
0000ba7c00327dbb
0000b08a00328433
0000a72300328a52
00009e6b00329022
0000968f003295ab
00008fc300329af3
00008a3f0032a003
0000863d0032a4e3
000083f50032a99b
0000838f0032ae33
000085230032b2b4
000088ae0032b725
00008e1e0032bb8f
0000954b0032bffa
00009e030032c46e
0000a8140032c8f4
0000b34b0032cd94
0000bf7c0032d253
0000cc7f0032d73c
0000da300032dc55
0000e8710032e1a5
0000f7280032e733
000106410032ed05
000115a70032f322
0001254a0032f98f
0001351b00330052
0001450c00330770
0001551200330eef
00016521003316d2
0001753000331f1c
00018534003327d3
00019525003330f8
0001a4fa00333a8d
0001b4ac00334495
0001c43400334f12
0001d38a00335a03
0001e2a70033656a
0001f18400337148
0002001d00337d99
00020e6c00338a60
00021c6900339798
00022a130033a540
000237610033b357
000244510033c1d8
000250df0033d0c0
00025d060033e00c
000268c30033efb7
000274140033ffbb
00027ef400341015
00028963003420be
0002935d003431b1
00029ce0003442e6
0002a5ec0034545a
0002ae8000346601
0002b69a003477da
0002be3a003489d8
0002c56100349bf7
0002cc0f0034ae2e
0002d2440034c076
0002d8030034d2c6
0002dd4b0034e518
0002e2200034f761
0002e6830035099b
0002ea7800351bbe
0002ee0000352dc0
0002f11f00353f9a
0002f3db00355146
0002f633003562b9
0002f830003573ed
0002f9d4003584db
0002fb250035957b
0002fc260035a5c5
0002fcde0035b5b5
0002fd530035c540
0002fd890035d464
0002fd870035e318
0002fd540035f158
0002fcf40035ff1f
0002fc6d00360c66
0002fbc80036192a
0002fb0800362566
0002fa3600363117
0002f95600363c39
0002f870003646ca
0002f788003650c6
0002f6a500365a2c
0002f5cc003662fa
0002f50100366b2f
0002f44c003672ca
0002f3af003679cb
0002f32f00368032
0002f2d000368601
0002f29400368b37
0002f28000368fd7
0002f296003693e2
0002f2d60036975d
0002f34300369a48
0002f3de00369ca7
0002f4a700369e7f
0002f59d00369fd4
0002f6c10036a0aa
0002f8100036a107
0002f98b0036a0ef
0002fb2c0036a069
0002fcf400369f79
0002fee000369e28
000300e900369c7b
0003031000369a7a
0003054f0036982a
000307a200369595
00030a04003692c2
00030c7300368fb7
00030ee800368c7f
0003115f0036891f
000313d4003685a1
000316420036820d
000318a400367e6a
00031af500367ac2
00031d300036771d
00031f5200367382
0003215700366ffa
0003233900366c8c
000324f500366942
0003268700366623
000327eb00366334
0003291e0036607f
00032a1d00365e0c
00032ae400365bdf
00032b7200365a00
00032bc200365875
00032bd500365743
00032ba600365671
00032b3500365602
00032a81003655fe
0003298700365666
0003284800365740
000326c20036588d
000324f500365a51
000322e000365c90
0003208600365f4a
00031de500366281
00031afd00366636
000317d100366a69
0003145f00366f1b
000310ab00367449
00030cb6003679f4
000308800036801a
0003040b003686b8
0002ff5b00368dcc
0002fa7100369554
0002f54e00369d4b
0002eff60036a5ad
0002ea6b0036ae77
0002e4b00036b7a2
0002dec80036c12b
0002d8b40036cb0b
0002d27a0036d53d
0002cc1d0036dfba
0002c59d0036ea7b
0002bf000036f57b
0002b849003700b1
0002b17b00370c16
0002aa9a003717a5
0002a3a800372352
00029cac00372f18
000295a500373aee
00028e9b003746cd
0002878f003752ab
0002808600375e83
0002798300376a4a
00027289003775f9
00026b9d00378188
000264c300378cf0
00025dfd00379826
000257510037a326
000250c00037ade7
00024a500037b861
000244020037c28f
00023ddc0037cc67
000237e00037d5e6
000232120037df03
00022c750037e7b8
0002270c0037f001
000221db0037f7d9
00021ce50037ff38
0002182b0038061d
000213b400380c81
00020f7e00381262
00020b8e003817bc
000207e700381c8d
00020489003820d1
0002017800382487
0001feb5003827ac
0001fc4100382a40
0001fa1e00382c43
0001f84d00382db4
0001f6d000382e93
0001f5a500382ee1
0001f4cf00382e9f
0001f44b00382dd0
0001f41c00382c73
0001f43f00382a8e
0001f4b500382822
0001f57b00382533
0001f690003821c5
0001f7f400381ddb
0001f9a20038197c
0001fb9b003814ab
0001fddb00380f6e
0002005f003809cb
00020325003803c8
000206280037fd6b
000209680037f6bb
00020cde0037efbf
000210890037e87e
000214630037e100
0002186a0037d94b
00021c9a0037d169
000220ef0037c960
000225640037c139
000229f60037b8fc
00022ea00037b0b1
0002335e0037a861
0002382c0037a013
00023d07003797d0
000241e800378fa1
000246cf0037878d
00024bb500377f9b
00025097003777d5
0002557000377042
00025a3f003768e9
00025efd003761d1
000263a800375b02
0002683c00375482
00026cb800374e58
000271140037488a
000275500037431d
0002796900373e17
00027d5a0037397e
0002812200373555
000284be003731a0
0002882a00372e65
00028b6600372ba6
00028e6e00372965
00029140003727a4
000293db00372667
0002963c003725ad
0002986300372579
00029a4c003725ca
00029bf8003726a1
00029d65003727fb
00029e93003729d9
00029f8000372c38
0002a02c00372f17
0002a09600373272
0002a0bd00373647
0002a0a400373a91
0002a04900373f4e
00029fac00374479
00029ecf00374a0b
00029db200375001
00029c5400375654
00029ab900375cff
000298e1003763fc
000296cd00376b43
0002947f003772cf
000291fa00377a96
00028f3d00378292
00028c4d00378abd
0002892a0037930e
000285d900379b7d
0002825b0037a401
00027eb30037ac94
00027ae40037b52d
000276f10037bdc3
000272dd0037c64f
00026eac0037cec9
00026a610037d727
000266010037df64
0002618d0037e777
00025d0b0037ef57
0002587e0037f6fe
000253eb0037fe64
00024f5400380583
00024ac100380c52
00024632003812cc
000241ad003818eb
00023d3700381ea8
000238d3003823fe
00023486003828e7
0002305300382d5e
00022c4000383160
0002284f003834e8
00022486003837f1
000220e600383a7a
00021d7500383c7d
00021a3600383dfa
0002172b00383eef
0002145800383f59
000211c000383f38
00020f6400383e8b
00020d4800383d52
00020b6d00383b8c
000209d60038393c
0002088200383661
00020773003832ff
000206aa00382f16
0002062700382aa9
000205e9003825bc
000205f200382052
0002063f00381a6f
000206d000381416
000207a300380d4e
000208b700380619
00020a0b0037fe80
00020b9b0037f685
00020d650037ee31
00020f690037e589
000211a10037dc94
0002140c0037d359
000216a70037c9df
000219700037c02d
00021c600037b64c
00021f780037ac43
000222b30037a21a
0002260d003797d8
0002298400378d86
00022d140037832c
000230bb003778d4
0002347300376e83
0002383c00376443
00023c1100375a1c
00023ff000375016
000243d50037463a
000247be00373c8e
00024ba70037331a
00024f8d003729e7
0002536f003720fa
000257490037185c
00025b1a00371013
00025edd00370824
0002629100370098
000266350036f971
000269c40036f2b7
00026d3e0036ec6f
000270a00036e69c
000273e80036e143
000277160036dc68
00027a250036d80d
00027d160036d437
00027fe50036d0e5
000282930036ce1c
0002851c0036cbda
000287810036ca24
000289bf0036c8f6
00028bd60036c852
00028dc40036c836
00028f880036c8a2
000291220036c994
000292910036cb0a
000293d30036cd00
000294e90036cf73
000295d20036d261
0002968d0036d5c4
0002971b0036d998
0002977b0036ddd9
000297ad0036e280
000297b20036e789
000297890036ecec
000297320036f2a4
000296b00036f8ab
000296010036fef9
0002952800370587
0002942300370c4c
000292f600371343
000291a200371a63
00029027003721a4
00028e88003728ff
00028cc40037306a
00028ae0003737df
000288dd00373f53
000286bc003746c1
0002848200374e1f
0002822e00375566
00027fc500375c8d
00027d4a0037638d
00027ac000376a5e
00027828003770f8
0002758700377753
000272e100377d6b
0002703800378336
00026d90003788af
00026aec00378dcf
0002685100379290
000265c3003796ee
0002634400379ae1
000260da00379e66
00025e870037a178
00025c500037a414
00025a390037a633
000258440037a7d5
000256750037a8f6
000254d10037a993
0002535a0037a9aa
000252120037a93b
000251000037a843
000250220037a6c3
00024f7c0037a4b9
00024f100037a227
00024ee000379f0d
00024eed00379b6c
00024f3900379747
00024fc40037929f
0002508d00378d77
00025197003787d1
000252de003781b2
0002546300377b1d
0002562600377417
0002582300376ca4
00025a59003764c9
00025cc700375c8c
00025f69003753f2
0002623c00374b02
0002653e003741c1
0002686c00373838
00026bc100372e6b
00026f3900372464
000272d300371a29
0002768600370fc2
00027a5300370536
00027e330036fa8e
000282220036efd0
0002861c0036e508
00028a1e0036da3a
00028e210036cf71
000292220036c4b4
0002961e0036ba0a
00029a0f0036af7e
00029df10036a516
0002a1c100369adb
0002a57c003690d3
0002a91c00368708
0002ac9e00367d80
0002afff00367442
0002b33d00366b56
0002b653003662c2
0002b93d00365a8c
0002bbfb003652ba
0002be8900364b53
0002c0e40036445b
0002c30b00363dd6
0002c4fb003637cb
0002c6b20036323c
0002c82e00362d2e
0002c96e003628a3
0002ca710036249e
0002cb3600362122
0002cbba00361e30
0002cbfe00361bc8
0002cc01003619ed
0002cbc30036189d
0002cb44003617da
0002ca82003617a1
0002c97e003617f2
0002c83a003618cb
0002c6b500361a28
0002c4ef00361c09
0002c2e900361e68
0002c0a600362143
0002be2400362495
0002bb670036285b
0002b87000362c8d
0002b54000363128
0002b1d800363625
0002ae3a00363b80
0002aa6a00364130
0002a6690036472f
0002a23a00364d77
00029ddd003653ff
0002995800365ac1
000294ab003661b5
00028fda003668d3
00028ae900367013
000285da0036776d
000280af00367eda
00027b6d00368650
0002761600368dc7
000270b000369538
00026b3c00369c9b
000265bf0036a3e6
0002603b0036ab14
00025ab50036b21a
000255310036b8f1
00024fb30036bf93
00024a3e0036c5f9
000244d70036cc1a
00023f800036d1f0
00023a400036d775
000235180036dca2
0002300d0036e171
00022b230036e5dd
0002265e0036e9e0
000221c20036ed75
00021d510036f099
000219100036f347
000215020036f57a
0002112a0036f731
00020d8c0036f868
00020a290036f91c
000207060036f94c
000204240036f8f7
000201860036f81a
0001ff2d0036f6b6
0001fd1c0036f4ca
0001fb540036f258
0001f9d50036ef5f
0001f8a00036ebe1
0001f7b80036e7df
0001f71b0036e35d
0001f6c90036de5c
0001f6c10036d8df
0001f7040036d2eb
0001f7900036cc82
0001f8640036c5a9
0001f97e0036be66
0001fadc0036b6bc
0001fc7d0036aeb2
0001fe5e0036a64e
0002007c00369d95
000202d50036948e
0002056600368b3f
0002082c003681af
00020b24003677e7
00020e4b00366dec
0002119d003663c8
0002151700365980
000218b500364f1e
00021c75003644ab
0002205200363a2b
0002244a00362fab
0002285800362530
00022c7a00361ac3
000230ac0036106c
000234ea00360633
000239320035fc21
00023d7f0035f23d
000241d00035e890
000246200035df20
00024a6b0035d5f5
00024eb10035cd17
000252ed0035c48b
0002571d0035bc59
00025b3e0035b486
00025f4d0035ad1a
000263470035a61a
0002672a00359f8a
0002a4760035eabe
00032fd000368642
0003c84500371fdc
0004681f0037b7b0
00050b8e00384d9d
0005b12d0038e1cb
0006576200397413
0006fdf4003a049f
0007a3f8003a9349
00084994003b203c
0008ee21003bab51
000991e3003c34b2
000a345a003cbc3a
000ad5d0003d4212
000b75db003dc616
000c14c7003e486c
000cb238003ec8f3
000d4e74003f47d2
000de931003fc4e6
000e82a800404057
000f1aa20040ba03
000fb14a0041320d
001046790041a858
0010da4d00421d07
00116cae00428ffa
0011fdaa00430155
00128d3c004370fa
00131b620043df0b
0013a82600444b6c
001433760044b63b
0014bd6e00451f60
001545ee004586f9
0015cd200045ecec
001652d200465157
0016d7420046b423
00175a2d00471569
0017dbe000477517
00185c090047d343
0018db0400482fdb
0019587100488af7
0019d4ba0048e485
001a4f7300493c9a
001ac91000499325
001b411a0049e83b
001bb810004a3bcd
001c2d74004a8def
001ca1cb004ade94
001d148d004b2dca
001d864a004b7b89
001df673004bc7de
001e659c004c12c3
001ed333004c5c40
001f3fcf004ca453
001faada004ceb02
002014ef004d304d
00207d78004d7437
0020e50a004db6c2
00214b17004df7f1
0021b030004e37c6
002213c7004e7642
0022766a004eb36b
0022d794004eef3e
002337ca004f29c5
0023968e004f62f9
0023f45c004f9ae7
002450c0004fd186
0024ac2d005006e3
0025063a00503af6
00255f4d00506dcc
0025b70800509f5b
00260dc70050cfb3
0026633a0050fec7
0026b7ab00512caa
00270adc0051594e
00275d07005184c5
0027adfe0051aeff
0027fde90051d814
00284cab0051ffef
00289a5c005226a9
0028e6f000524c2e
0029326f00527099
00297cdc005293d0
0029c62f0052b5f3
002a0e7c0052d6e7
002a55a90052f6cb
002a9bdc00531584
002ae0ea00533331
002b250b00534fb7
002b680000536b37
002baa1400538593
002beafa00539eed
002c2b070053b727
002c69e20053ce65
002ca7ef0053e487
002ce4c70053f9b0
002d20db00540dc2
002d5bb8005420df
002d95d8005432e8
002dcec000544402
002e06f40054540c
002e3dee0054632a
002e743a0054713d
002ea94c00547e68
002eddb700548a8b
002f10e9005495cc
002f43780054a008
002f74d00054a967
002fa5880054b1c4
002fd50e0054b948
003003f70054bfcd
003031b10054c57f
00305ecf0054ca36
00308ac30054ce1b
0030b61d0054d10b
0030e0530054d32e
003109ed0054d45e
0031326c0054d4c5
00315a4f0054d440
0031811d0054d2f3
0031a74c0054d0bf
0031cc700054cdc8
0031f0f20054c9ec
003214710054c54f
0032374b0054bfd3
0032592e0054b99a
00327a650054b285
00329ab20054aab6
0032ba4d0054a211
0032d906005498b4
0032f70b00548e84
00331438005483a0
003330ac005477ef
00334c5600546b8c
0033673e00545e5e
0033816700545084
00339acb005441e3
0033b37b00543297
0033cb5e00542289
0033e29a005411d3
0033f9040054005f
00340ed10053ee47
003423c70053db75
0034382b0053c7ff
00344bb20053b3d5
00345eb200539f0b
003470d100538990
0034827300537376
0034933000535cb1
0034a37700534550
0034b2d700532d48
0034c1cb005314a7
0034cfd50052fb61
0034dd780052e185
0034ea300052c70a
0034f6890052abfa
003501f600529050
00350d0a00527412
003517330052573e
00352106005239da
003529f100521be3
003532870051fd5d
00353a380051de4a
003541970051beab
0035481500519e80
00354e4200517dcd
0035539000515c95
0035588f00513ad3
00355cb600511891
0035608b0050f5c8
0035638f0050d282
003566410050aeb7
0035682600508a72
003569b8005065ab
00356a870050406f
00356afb00501ab1
00356ab7004ff483
00356a16004fcdd6
003568c3004fa6bb
0035670f004f7f24
003564b5004f5723
003561f2004f2ea6
00355e95004f05c4
00355ac9004edc69
0035566d004eb2ac
0035519e004e8878
00354c48004e5de6
00354678004e32dd
0035402e004e0778
00353963004ddba1
00353228004daf73
00352a66004d82d1
00352241004d55dd
0035198d004d2877
00351081004cfac2
003506e1004ccc9d
0034fcf1004c9e2c
0034f268004c6f4f
0034e79a004c4027
0034dc2d004c1096
0034d083004be0be
0034c436004bb07e
0034b7b6004b7ffa
0034aa8f004b4f0f
00349d3b004b1de2
00348f3f004aec53
0034811b004aba85
0034724e004a8855
0034635f004a55ea
003453c5004a231f
0034440f0049f01a
003433ad0049bcb8
003423340049891f
003412110049552b
003400d800492103
0033eef50048ec83
0033dd000048b7d0
0033ca64004882c7
0033b7b500484d8e
0033a46400481801
003391000047e246
00337cfe0047ac39
003368e600477600
0033543800473f79
00333f71004708c8
00332a1b0046d1ca
003314aa00469aa3
0032feaf00466333
0032e89600462b9c
0032d1fd0045f3bd
0032bb400045bbb9
0032a40b00458370
00328cac00454b04
003274e100451256
00325ce40044d986
003244850044a077
00322bf000446748
0032130100442ddb
0031f9d50043f44f
0031e05a0043ba89
0031c69b004380a5
0031ac9700434689
0031924800430c4f
003177c10042d1e2
00315ce700429757
003141de00425c9c
0031267d004221c4
00310af60041e6be
0030ef0f0041ab9f
0030d30d00417051
0030b6a6004134ec
00309a2d0040f95d
00307d480040bdb5
0030605a004081e6
003042fa00404600
00302599004009f6
003007c5003fcdd4
002fe9f5003f9191
002fcbae003f5536
002fad73003f18bd
002f8ebc003edc2f
002f7018003e9f85
002f50f7003e62c6
002f31eb003e25ee
002f1262003de902
002ef2f2003dac00
002ed306003d6ee9
002eb333003d31bf
002e92e7003cf482
002e72b6003cb733
002e520b003c79d1
002e317c003c3c62
002e107a003bfedf
002def90003bc150
002dce37003b83af
002dacf6003b4604
002d8b49003b0848
002d69b2003aca84
002d47b7003a8cb0
002d25cc003a4ed7
002d0384003a10ee
002ce1470039d303
002cbeb600399506
002c9c2b0039570c
002c795300391900
002c567c0038daf7
002c336200389cdf
002c104100385ecc
002bece7003820a9
002bc97f0037e28e
002ba5e70037a463
002b823b00376641
002b5e6900372812
002b3a7a0036e9ee
002b166e0036abbb
002af23f00366d97
002acdfe00362f64
002aa9920035f142
002a851e0035b313
002a6078003574f6
002a3bd4003536cd
002a16f60034f8b7
0029f2220034ba96
0029cd0f00347c89
0029a80e00343e71
002982c80034006f
00295d9d0033c264
0029382700338471
002912d400334675
0028ed2f00330893
0028c7b40032caa7
0028a1e500328cd7
00287c4600324eff
0028564f00321144
0028308b0031d382
00280a6f003195dd
0027e48a00315833
0027be4b00311aa7
002798460030dd15
002771e600309fa4
00274bc30030622f
00272546003024db
0026ff07002fe784
0026d86f002faa4f
0026b213002f6d17
00268b65002f3003
002664ee002ef2ed
00263e29002eb5fb
0026179b002e7908
0025f0c3002e3c39
0025ca1e002dff6b
0025a334002dc2c2
00257c79002d861b
00255580002d499a
00252eb2002d0d1d
002507ac002cd0c4
0024e0cb002c9471
0024b9bb002c5843
002492c8002c1c1c
00246bb1002be01c
002444ae002ba423
00241d91002b684f
0023f682002b2c85
0023cf5f002af0e2
0023a843002ab549
0023811d002a79d7
002359f5002a3e70
002332cf002a0331
00230b9e0029c7ff
0022e47800298cf4
0022bd41002951f8
0022961d00291721
00226ee00028dc5b
002247c00028a1bc
0022207f00286730
0021f96400282cca
0021d2230027f277
0021ab0e0027b84b
002183cc00277e34
00215cc000274443
0021358200270a68
00210e7e0026d0b3
0020e74300269716
0020c04a00265d9f
0020991400262441
002072260025eb09
00204af80025b1ec
00202416002578f2
001ffcf200254017
001fd61b0025075e
001faf020024cec5
001f88390024964e
001f612e00245df8
001f3a74002425c4
001f13780023edb3
001eeccc0023b5c2
001ec5e000237df7
001e9f440023464c
001e786a00230ec7
001e51df0022d763
001e2b1a0022a027
001e04a00022690a
001dddf000223218
001db7880021fb43
001d90f00021c49a
001d6a9c00218e0f
001d441e002157b0
001d1ddd00212170
001cf7780020eb5c
001cd14c0020b566
001cab0400207f9e
001c84ec002049f4
001c5ec200201478
001c38c1001fdf1a
001c12b6001fa9ed
001beccd001f74db
001bc6e1001f3ffd
001ba10f001f0b3a
001b7b46001ed6ab
001b558c001ea237
001b2fe4001e6df9
001b0a45001e39d5
001ae4c0001e05e7
001abf3b001dd213
001a99db001d9e76
001a7473001d6af3
001a4f38001d37a8
001a29ee001d0476
001a04d8001cd17f
0019dfac001c9e9f
0019babc001c6bfb
001995b0001c396e
001970e9001c071d
00194bfd001bd4e3
0019275d001ba2e6
00190293001b7101
0018de1c001b3f58
0018b976001b0dc8
00189527001adc73
001870a6001aab38
00184c80001a7a39
00182825001a4953
00180427001a18a9
0017dff40019e819
0017bc1f0019b7c6
001798140019878c
0017746700195791
00175085001927ae
00172d020018f809
001709490018c87e
0016e5f000189931
0016c264001869fd
00169f3300183b07
00167bd300180c2c
001658cb0017dd8f
0016359b0017af0d
001612bd001780c8
0015efba0017529e
0015cd07001724b2
0015aa340016f6e3
001587ab0016c950
0015650b00169bda
001542ad00166ea0
0015203d00164184
0014fe09001614a3
0014dbcd0015e7e2
0014b9c50015bb5c
001497bc00158ef5
001475e0001562c8
0014540b001536bc
0014325a00150aea
001410bb0014df38
0013ef360014b3bf
0013cdcc00148867
0013ac7400145d49
00138b400014324c
00136a1500140788
001349170013dce6
0013281a0013b27c
0013075200138835
0012e68200135e26
0012c5f00013343a
0012a55000130a85
001284f60012e0f6
001264860012b79c
0012446200128e69
001224240012656a
0012043800123c92
0011e42b001213ee
0011c4760011eb73
0011a49b0011c32a
0011851d00119b0a
001165750011731b
0011462f00114b57
001126bc001123c2
001107ab0010fc59
0010e86c0010d51f
0010c9930010ae14
0010aa8900108735
00108be600106085
00106d1400103a02
00104ea7001013ad
0010300b000fed85
001011d3000fc78d
000ff370000fa1bf
000fd56e000f7c22
000fb742000f56af
000f9974000f316f
000f7b80000f0c56
000f5de8000ee770
000f402f000ec2b1
000f22c9000e9e27
000f054a000e79c2
000ee81a000e5593
000ecad6000e3187
000eadd9000e0db3
000e90d2000dea02
000e740a000dc688
000e573e000da331
000e3aaa000d8011
000e1e1c000d5d13
000e01bd000d3a4f
000de56a000d17a9
000dc940000cf53e
000dad2c000cd2f1
000d9136000cb0df
000d755f000c8eeb
000d599d000c6d33
000d3e04000c4b99
000d2277000c2a3a
000d071b000c08f8
000cebc2000be7f2
000cd0a3000bc70a
000cb581000ba65f
000c9a9f000b85cf
000c7fb1000b657c
000c650d000b4544
000c4a57000b2549
000c2fef000b056a
000c156f000ae5c8
000bfb44000ac63f
000be0f9000aa6f6
000bc709000a87c5
000bacf7000a68d2
000b9343000a49f8
000b7967000a2b5d
000b5ff0000a0cdb
000b464d0009ee95
000b2d0f0009d068
000b13a50009b27a
000afaa3000994a4
000ae1720009770b
000ac8a80009598c
000aafaf00093c48
000a971f00091f1e
000a7e6200090231
000a66090008e55c
000a4d860008c8c5
000a35660008ac44
000a1d1d00089002
000a0534000873d7
0009ed27000857e9
0009d57500083c13
0009bda300082078
0009a627000804f6
00098e910007e9af
0009774b0007ce81
00095ff30007b38d
000948e3000798b3
000931c700077e12
00091aec0007638b
0009040d0007493c
0008ed6600072f09
0008d6c40007150d
0008c0520006fb2b
0008a9ed0006e180
000893ae0006c7f2
00087d860006ae98
0008677c0006955d
0008519100067c54
00083bba0006636a
0008260c00064ab3
0008106a0006321b
0007faf7000619b4
0007e5890006016d
0007d0520005e956
0007bb180005d15f
0007a61f0005b997
000791190005a1f0
00077c5a00058a78
0007678900057321
0007530600055bf7
00073e6a000544ef
00072a2200052e14
000715ba0005175c
000701ab000500ce
0006ed790004ea65
0006d9a30004d425
0006c5a60004be0c
0006b20a0004a81a
00069e410004924f
00068ade00047ca9
0006774b0004672d
0006641f000451d4
000650c200043ca6
00063dcc0004279a
00062aa7000412b9
000617e70003fdfa
000604f80003e965
0005f26e0003d4f2
0005dfb70003c0ab
0005cd610003ac82
0005bae200039887
0005a8bf000384ab
00059677000370fd
0005848800035d6b
0005727900034a0a
000560be000336c5
00054ee7000323af
00053d5c000310b5
00052bbe0002fded
00051a670002eb3e
000509010002d8c3
0004f7d90002c660
0004e6ac0002b432
0004d5b40002a21b
0004c4bf00029039
0004b3f700027e6e
0004a33900026cd9
000492a200025b5c
0004821c00024a15
000471b4000238e5
00046167000227ec
0004512d0002170c
0004411800020664
0004310d0001f5d3
0004212e0001e57d
000411520001d53d
000401ab0001c53a
0003f1fd0001b54f
0003e28d0001a5a2
0003d30f0001960e
0003c3d5000186bb
0003b48500017784
0003a58000016890
0003965f000159ba
0003878f00014b2c
0003789d00013cc0
00036a0100012ea0
00035b3e000120a8
00034cd500011302
00033e400001058e
0003300a0000f873
000321a50000eb95
000313a20000df1f
0003056d0000d2f5
0002f79a0000c745
0002e9950000bbfa
0002dbf20000b140
0002ce1d0000a70f
0002c0aa00009d93
0002b305000094d0
0002a5c000008cf2
0002984b00008608
00028b340000803e
00027df100007ba9
0002710800007865
000263f500007688
000257380000760f
00024a5600007703
00023dc600007941
0002311500007cc2
000224b10000814c
00021831000086d7
00020bf600008d21
0001ffa700009429
0001f39500009bae
0001e7780000a3ba
0001db8e0000ac13
0001cfa10000b4ca
0001c3e10000bdab
0001b8260000c6cf
0001ac8e0000d006
0001a1040000d96c
000195960000e2d4
00018a3b0000ec5c
00017ef40000f5dc
000173cb0000ff73
000168ab000108f9
00015db20001128e
000152b900011c0e
000147ef00012597
00013d1f00012f07
000132840001387c
000127db000141d6
00011d6f00014b31
000112ed00015471
000108b000015dad
0000fe57000166ce
0000f44800016fe8
0000ea17000178e7
0000e035000181de
0000d62c00018ab9
0000cc770001938a
0000c29800019c40
0000b9110001a4ea
0000af5b0001ad7a
0000a6000001b5fc
00009c750001be65
000093480001c6be
000089e90001cefd
000080ea0001d72c
000077b90001df44
00006eeb0001e749
000065ec0001ef36
00005d540001f711
0000548f0001fed6
00004c3600020686
000043b900020e22
00003bb3000215a7
0000339e00021d1b
00002c1f00022476
000024c900022bc0
00001e6d000232f1
000018f100023a13
000015b200024119
0000150700024811
0000178900024eed
00001c07000255bc
000021de00025c70
0000284d00026316
00002f26000269a1
000036250002701f
00003d4800027680
0000446b00027cd6
00004b9f0002830e
000052c10002893d
000059ee00028f4d
000060ff00029556
0000681c00029b3d
00006f130002a11f
0000761a0002a6df
00007cf30002ac9b
000083e10002b234
00008a9a0002b7c9
0000916f0002bd3b
000098070002c2a9
00009ec00002c7f6
0000a5370002cd3e
0000abd40002d264
0000b2290002d789
0000b8a90002dc89
0000bedd0002e189
0000c5400002e666
0000cb520002eb41
0000d1990002eff9
0000d7890002f4b0
0000ddb20002f943
0000e3820002fdd7
0000e98b00030247
0000ef3a000306b8
0000f52600030b05
0000fab600030f53
000100820003137d
000105f5000317a9
00010ba300031bb0
000110f800031fb9
000116880003239f
00011bc100032787
0001213100032b4b
0001264e00032f11
00012b9e000332b4
000130a00003365a
000135d0000339dd
00013ab700033d61
00013fc7000340c4
0001449500034427
000149850003476a
00014e3900034aae
0001530a00034dd2
000157a5000350f7
00015c56000353fc
000160d900035702
0001656a000359e9
000169d700035cd0
00016e4900035f99
0001729e00036263
000176f00003650f
00017b2f000367ba
00017f6100036a49
0001838a00036cd7
0001879e00036f49
00018bb1000371ba
00018fa600037411
000193a200037665
000197790003789f
00019b5f00037ad6
00019f1800037cf4
0001a2e800037f0f
0001a68400038113
0001aa3f00038311
0001adbf000384f9
0001b164000386dd
0001b4c7000388ab
0001b85700038a74
0001bb9f00038c29
0001bf1900038dd8
0001c24800038f73
0001c5ad00039108
0001c8c10003928b
0001cc0f00039406
0001cf0b00039570
0001d243000396d2
0001d52600039824
0001d8480003996a
0001db1300039aa4
0001de1d00039bd3
0001e0d100039cf5
0001e3c400039e0c
0001e66300039f19
0001e93f0003a018
0001ebc80003a10c
0001ee8c0003a1f4
0001f1020003a2d2
0001f3af0003a3a2
0001f6100003a46b
0001f8a50003a524
0001faf40003a5d6
0001fd710003a679
0001ffae0003a717
000202140003a7a4
000204400003a82e
0002068c0003a8a5
000208a70003a91a
00020adb0003a97c
00020ce50003a9de
00020f030003aa2b
000210fe0003aa79
000213030003aab1
000214ee0003aaeb
000216da0003ab0e
000218b60003ab35
00021a8c0003ab45
00021c590003ab59
00021e170003ab56
00021fd50003ab57
0002217b0003ab42
0002232b0003ab30
000224bb0003ab08
0002265d0003aae5
000227d60003aaab
000229690003aa77
00022acc0003aa2a
00022c510003a9e5
00022d9f0003a986
00022f160003a92f
000230500003a8bf
000231b80003a858
000232de0003a7d6
000234390003a75e
0002354b0003a6cc
000236970003a644
000237970003a5a3
000238d50003a50b
000239c30003a459
00023af10003a3b3
00023bcd0003a2f1
00023cec0003a23b
00023db80003a169
00023ec70003a0a4
00023f8300039fc4
0002408200039eef
0002413100039e00
0002422000039d1d
000242bf00039c1f
0002439e00039b2d
0002443000039a22
000244ff00039922
0002458500039809
00024641000396fb
000246ba000395d5
00024766000394b9
000247d500039386
0002486f0003925d
000248d20003911d
0002495b00038fe7
000249b500038e9a
00024a2b00038d58
00024a7b00038bff
00024ae100038ab1
00024b270003894d
00024b7c000387f2
00024bba00038681
00024bfd0003851a
00024c320003839e
00024c6500038229
00024c92000380a2
00024cb300037f22
00024cd800037d8f
00024ce900037c04
00024d0600037a66
00024d07000378cf
00024d1d00037728
00024d0d00037586
00024d1b000373d5
00024cfd00037229
00024d030003706e
00024cd500036eb6
00024cd300036cf3
00024c9700036b30
00024c8c00036963
00024c4200036797
00024c2f000365c0
00024bd7000363ea
00024bbb0003620a
00024b570003602a
00024b3200035e41
00024ac100035c57
00024a9300035a67
00024a1700035875
000249e00003567c
0002495900035483
0002491800035283
000248880003507f
0002483d00034e78
000247a400034c6c
0002474f00034a5d
000246ad00034848
0002464d00034633
000245a400034416
00024539000341f9
0002448800033fd5
0002441100033db1
0002435b00033b86
000242d80003395d
0002421b0003372a
0002418d000334fb
000240ca000332c0
000240300003308a
00023f6900032e4a
00023ec200032c0e
00023df6000329c5
00023d4300032784
00023c7300032535
00023bb5000322ee
00023ae200032098
00023a1500031e4c
0002393e00031bf1
00023866000319a0
0002378c0003173e
000236a8000314e8
000235ca00031281
000234db00031025
000233fa00030dba
000232fe00030b5a
0002321b000308e9
0002311600030685
0002302f00030410
00022f1e000301a7
00022e340002ff2c
00022d190002fcc1
00022c2d0002fa41
00022b070002f7d2
00022a170002f54e
000228ea0002f2da
000227f50002f052
000226c00002eddb
000225c80002eb4f
0002248a0002e8d4
0002238f0002e643
000222490002e3c5
000221490002e132
00021ffd0002deb0
00021ef80002dc1a
00021da70002d994
00021c9d0002d6fb
00021b460002d473
00021a360002d1d6
000218da0002cf4c
000217c50002ccac
000216650002ca1f
000215490002c77e
000213e50002c4ee
000212c30002c24b
0002115c0002bfb9
000210330002bd14
00020ecb0002ba7f
00020d990002b7d8
00020c2f0002b541
00020af50002b298
0002098a0002afff
000208490002ad54
000206dd0002aab8
000205940002a80a
000204270002a56b
000202d60002a2bd
000201680002a01d
0002000f00029d6c
0001fea200029acb
0001fd400002981a
0001fbd400029577
0001fa69000292c5
0001f8fe00029021
0001f78c00028d6f
0001f62000028ac9
0001f4a500028817
0001f33b00028570
0001f1b8000282bc
0001f04e00028012
0001eec500027d5f
0001ed5c00027ab4
0001ebcb00027800
0001ea6300027555
0001e8cb000272a0
0001e76200026ff4
0001e5c400026d40
0001e45d00026a93
0001e2b8000267e0
0001e15000026533
0001dfa600026280
0001de3e00025fd2
0001dc9000025d1f
0001db2700025a70
0001d975000257be
0001d80a0002550f
0001d6540002525d
0001d4e700024fad
0001d32f00024cfc
0001d1c000024a4b
0001d0050002479a
0001ce93000244e9
0001ccd600024239
0001cb6100023f88
0001c9a400023cd9
0001c82c00023a28
0001c66d0002377b
0001c4f2000234ca
0001c3330002321e
0001c1b400022f6d
0001bff800022cc2
0001be7400022a11
0001bcb900022768
0001bb31000224b7
0001b9770002220f
0001b7e900021f60
000193bd00024b3b
000177740002b7af
00019fc200033511
0001fb330003bbfd
000272bd00044843
0002f8640004d77e
000385360005683f
000415bd0005f9a1
0004a82700068b0f
00053b7100071c27
0005cf010007aca5
0006627a00083c58
0006f5a30008cb1f
00078856000958e1
00081a7e0009e58f
0008ac0b000a711c
00093cf5000afb7f
0009cd38000b84b5
000a5cd3000c0cb9
000aebc3000c938e
000b7a0c000d1933
000c07ae000d9daa
000c94aa000e20f7
000d2102000ea320
000dacb5000f2429
000e37c6000fa419
000ec233001022f6
000f4bfc0010a0c7
000fd51f00111d95
00105d9800119968
0010e56400121447
00116c8000128e3b
0011f2e40013074f
0012788c00137f8a
0012fd6d0013f6f6
0013818400146d9c
001404c40014e386
00148725001558bc
0015089b0015cd48
0015891d00164133
0016089e0016b486
001687120017274a
0017046b00179988
0017809f00180b46
0017fb9f00187c8f
0018755c0018ed69
0018edcb00195ddb
001964dd0019cded
0019da84001a3da4
001a4eb3001aad08
001ac15e001b1c1d
001b3277001b8ae9
001ba1f2001bf971
001c0fc3001c67b8
001c7bdf001cd5c2
001ce63a001d4392
001d4ecc001db12a
001db58a001e1e8e
001e1a6c001e8bbc
001e7d6b001ef8b9
001ede80001f6581
001f3da6001fd216
001f9ad700203e77
001ff6110020aaa4
00204f5200211698
0020a69500218253
0020fbdd0021edd1
00214f280022590e
0021a07b0022c408
0021efd700232eb9
00223d400023991c
002288b90024032e
0022d24c00246ce8
002319fd0024d644
00235fd400253f3c
0023a3db0025a7ca
0023e61a00260fe6
0024269c0026778a
0024656c0026deae
0024a2950027454b
0024de230027ab5a
00251823002810d2
002550a1002875ab
002587a90028d9de
0025bd4b00293d64
0025f1930029a033
0026248e002a0245
00265649002a6391
002686d3002ac40f
0026b637002b23b9
0026e482002b8286
002711c1002be06f
00273dfc002c3d6d
00276943002c997a
0027939d002cf48e
0027bd13002d4ea2
0027e5b1002da7b2
00280d7c002dffb8
0028347d002e56ae
00285ab9002eac8e
00288035002f0155
0028a4f6002f54fe
0028c8ff002fa785
0028ec52002ff8e8
00290ef100304921
002930dc00309831
002952130030e614
00297293003132c8
0029925b00317e4e
0029b1670031c8a3
0029cfb3003211c9
0029ed3c003259be
002a09fb0032a086
002a25eb0032e61f
002a410600332a8e
002a5b4400336dd2
002a749f0033aff1
002a8d100033f0ed
002aa490003430cb
002abb1500346f8c
002ad09b0034ad38
002ae5180034e9d4
002af88700352563
002b0ae000355fed
002b1c1e00359978
002b2c3a0035d20b
002b3b30003609ad
002b48fa00364066
002b55940036763b
002b60fd0036ab39
002b6b310036df63
002b742f003712c5
002b7bf800374566
002b828b00377751
002b87ea0037a88c
002b8c180037d923
002b8f1a0038091e
002b90f300383885
002b91aa00386764
002b9145003895c3
002b8fce0038c3ab
002b8d4d0038f127
002b89cd00391e3e
002b855800394afa
002b7ffb00397763
002b79c50039a384
002b72c10039cf63
002b6afe0039fb08
002b628e003a267d
002b597e003a51c9
002b4fe1003a7cf2
002b45c7003aa800
002b3b40003ad2f8
002b3060003afde3
002b2538003b28c4
002b19d9003b53a1
002b0e54003b7e7f
002b02bd003ba962
002af723003bd44e
002aeb99003bff46
002ae02c003c2a4e
002ad4ef003c5565
002ac9ee003c8090
002abf3a003cabce
002ab4df003cd721
002aaae8003d0289
002aa162003d2e05
002a9856003d5994
002a8fce003d8534
002a87d0003db0e3
002a8062003ddc9f
002a798c003e0866
002a734e003e3433
002a6dae003e6001
002a68a9003e8bcf
002a6442003eb795
002a6075003ee34f
002a5d40003f0ef8
002a5a9f003f3a88
002a588c003f65fb
002a5701003f9149
002a55f7003fbc6c
002a5565003fe75d
002a554200401214
002a558300403c8b
002a561f004066b7
002a570900409094
002a58370040ba19
002a599c0040e33e
002a5b2c00410bfa
002a5cda00413446
002a5e9a00415c1b
002a606100418371
002a62200041aa3f
002a63ce0041d07e
002a655e0041f627
002a66c600421b31
002a67fb00423f98
002a68f300426354
002a69a60042865e
002a6a0c0042a8b0
002a6a1c0042ca43
002a69d20042eb14
002a692700430b1a
002a681600432a54
002a669d004348bb
002a64ba0043664d
002a626a00438304
002a5fae00439ede
002a5c850043b9d9
002a58f20043d3f2
002a54f90043ed26
002a509a00440575
002a4bdc00441cde
002a46c300443361
002a4156004448fc
002a3b9c00445db3
002a359b00447184
002a2f5c00448473
002a28e800449681
002a22460044a7b0
002a1b810044b804
002a14a10044c781
002a0db00044d62a
002a06b80044e403
0029ffc20044f113
0029f8d60044fd5d
0029f1fe004508e7
0029eb43004513b8
0029e4ac00451dd7
0029de410045274b
0029d80800453018
0029d2090045384a
0029cc4700453fe5
0029c6c8004546f3
0029c18e00454d7c
0029bc9e00455388
0029b7f700455920
0029b39a00455e4d
0029af8800456317
0029abbd00456789
0029a83800456ba9
0029a4f300456f83
0029a1ec0045731f
00299f1a00457685
00299c77004579c0
002999fc00457cd9
0029979e00457fd6
00299554004582c2
00299313004585a5
002990d000458887
00298e7f00458b71
00298c1200458e69
0029897c00459179
002986b0004594a5
002983a0004597f5
0029803c00459b71
00297c7800459f1c
002978440045a2fe
002973910045a71b
00296e520045ab79
002968790045b01a
002961f80045b504
00295ac10045ba38
002952c80045bfba
00294a000045c58c
0029405e0045cbaf
002935d70045d225
00292a610045d8ef
00291df30045e00b
002910830045e77b
0029020c0045ef3c
0028f2860045f74d
0028e1ec0045ffad
0028d03b00460858
0028bd6e0046114c
0028a98400461a85
0028947b004623fe
00287e5400462db4
0028670e004637a2
00284eae004641c2
0028353500464c0f
00281aa900465683
0027ff0d00466117
0027e26a00466bc5
0027c4c400467686
0027a62400468152
0027869300468c23
0027661a004696f0
002744c30046a1b1
002722990046ac61
0026ffa60046b6f4
0026dbf70046c165
0026b7970046cbac
002692930046d5be
00266cf50046df94
002646cb0046e928
002620210046f271
0025f9040046fb66
0025d18000470400
0025a9a100470c38
0025817100471407
002558fc00471b64
0025304d0047224a
0025076f004728b2
0024de6900472e95
0024b545004733ee
00248c0b004738b7
002462c200473cea
0024397100474084
0024101e00474380
0023e6cc004745d9
0023bd7f0047478b
0023943a00474895
00236afe004748f3
002341ce004748a2
002318a7004747a2
0022ef89004745f1
0022c6730047438d
00229d6000474078
0022745000473cb1
00224b3a00473839
0022221c00473310
0021f8ef00472d3a
0021cfad004726b6
0021a64f00471f8b
00217ccf004717b8
0021532300470f43
002129440047062e
0020ff2b0046fc81
0020d4cf0046f23e
0020aa280046e76b
00207f2d0046dc0e
002053d80046d02d
0020281f0046c3ce
001ffbfd0046b6f9
001fcf690046a9b4
001fa25e00469c07
001f74d500468df9
001f46ca00467f93
001f1838004670dc
001ee91c004661dd
001eb9710046529f
001e89380046432a
001e586d00463387
001e2713004623be
001df529004613d8
001dc2b1004603df
001d8fae0045f3da
001d5c260045e3d4
001d281b0045d3d5
001cf3940045c3e4
001cbe9a0045b40b
001c89340045a453
001c536a004594c2
001c1d4800458562
001be6da00457639
001bb02a0045674e
001b7945004558aa
001b423800454a53
001b0b1400453c4e
001ad3e600452ea2
001a9cbe00452154
001a65ad0045146a
001a2ec1004507e8
0019f80d0044fbd1
0019c1a10044f02b
00198b8d0044e4f6
001955e40044da39
001920b50044cff2
0018ec120044c626
0018b80a0044bcd3
001884ae0044b3fc
0018520c0044aba0
001820340044a3be
0017ef3200449c56
0017bf1500449566
00178fe800448eec
001761b6004488e6
0017348800448351
0017086600447e27
0016dd5a00447967
0016b3680044750b
00168a950044710f
001662e300446d6c
00163c5500446a1f
001616ea00446720
0015f2a300446468
0015cf7c004461f2
0015ad7100445fb7
00158c7d00445dae
00156c9900445bd2
00154dbf00445a18
00152fe40044587a
00151300004456f2
0014f70700445575
0014dbef004453fa
0014c1a80044527c
0014a82b004450f0
00148f6600444f50
0014774e00444d91
00145fd400444bae
001448eb0044499c
0014328400444755
00141c92004444d0
0014070700444207
0013f1d800443ef1
0013dcf600443b88
0013c856004437c5
0013b3ed004433a0
00139fb000442f15
00138b9600442a1c
00137795004424b1
001363a700441ecf
00134fc40044186f
00133be70044118f
0013280a00440a29
001314290044023c
001300440043f9c3
0012ec580043f0bc
0012d8640043e724
0012c4690043dcfb
0012b0690043d23e
00129c670043c6ee
001288650043bb0a
001274680043ae92
001260760043a187
00124c95004393ea
001238cc004385be
0012252000437704
0012119b004367bf
0011fe44004357f3
0011eb24004347a1
0011d843004336d1
0011c5ab00432584
0011b364004313c1
0011a1750043018d
00118fea0042eeed
00117ec80042dbe8
00116e170042c883
00115de10042b4c6
00114e290042a0b8
00113ef700428c60
00113050004277c5
00112236004262ef
001114ae00424de8
001107bb004238b5
0010fb5e00422361
0010ef9600420df3
0010e4620041f874
0010d9c00041e2ec
0010cfae0041cd64
0010c6270041b7e6
0010bd250041a279
0010b4a100418d26
0010ac96004177f5
0010a4f8004162ef
00109dc000414e1c
001096e300413983
001090560041252d
00108a0b00411122
001083f90040fd68
00107e100040ea07
001078440040d704
001072870040c468
00106cca0040b236
001067000040a075
0010611900408f2a
00105b0700407e5a
001054bd00406e09
00104e2c00405e3a
0010474600404ef2
00103ffe00404032
00103848004031fd
0010301600402455
0010275d0040173b
00101e1100400ab0
00101429003ffeb3
0010099b003ff346
000ffe5c003fe866
000ff267003fde11
000fe5b4003fd448
000fd83a003fcb07
000fc9f8003fc24a
000fbae6003fba10
000fab02003fb252
000f9a4a003fab0f
000f88bc003fa440
000f7657003f9de1
000f631c003f97ec
000f4f0b003f925a
000f3a27003f8d26
000f2474003f8849
000f0df4003f83bd
000ef6ae003f7f79
000edea5003f7b77
000ec5e1003f77ae
000eac68003f7417
000e9242003f70aa
000e7777003f6d5e
000e5c10003f6a2c
000e4016003f670c
000e2393003f63f4
000e0690003f60dc
000de919003f5dbc
000dcb38003f5a8c
000dacf6003f5743
000d8e60003f53db
000d6f81003f5049
000d5062003f4c87
000d310f003f488d
000d1193003f4454
000cf1f7003f3fd5
000cd246003f3b09
000cb28a003f35e9
000c92ca003f3070
000c7311003f2a96
000c5366003f2458
000c33d2003f1dae
000c145a003f1695
000bf505003f0f0a
000bd5d9003f0707
000bb6d9003efe89
000b980a003ef58e
000b796f003eec11
000b5b0a003ee213
000b3cdc003ed791
000b1ee5003ecc89
000b0126003ec0fb
000ae39d003eb4e7
000ac647003ea84d
000aa923003e9b2f
000a8c2d003e8d8c
000a6f60003e7f67
000a52b7003e70c4
000a362d003e61a3
000a19bd003e5207
0009fd5f003e41f6
0009e10d003e3172
0009c4bf003e2081
0009a86e003e0f27
00098c13003dfd69
00096fa5003deb4d
0009531c003dd8d9
00093672003dc613
0009199e003db303
0008fc98003d9fad
0008df59003d8c1b
0008c1da003d7853
0008a415003d645d
00088603003d5042
0008679d003d3c08
000848de003d27b9
000829c3003d135b
00080a47003cfef9
0007ea64003cea9b
0007ca1a003cd648
0007a965003cc20a
00078844003cade7
000766b5003c99ea
000744b8003c861a
0007224f003c727f
0006ff79003c5f22
0006dc3a003c4c09
0006b891003c393d
00069486003c26c7
0006701b003c14a9
00064b55003c02ee
00062638003bf19c
000600cc003be0b8
0005db18003bd048
0005b523003bc052
00058ef4003bb0d9
00056896003ba1e3
00054213003b9374
00051b72003b8591
0004f4c0003b783a
0004ce08003b6b72
0004a755003b5f3f
000480b5003b539e
00045a34003b4892
000433e0003b3e1a
00040dc7003b3439
0003e7f8003b2aed
0003c284003b2235
00039d78003b1a0f
000378e7003b1279
000354e2003b0b71
0003317c003b04f4
00030ec7003afeff
0002ecd8003af98c
0002cbc4003af498
0002aba0003af01e
00028c83003aec19
00026e87003ae883
000251c4003ae556
00023654003ae28c
00021c52003ae01d
000203db003ade04
0001ed08003adc39
0001d7f5003adab3
0001c4bc003ad96c
0001b373003ad85b
0001a42c003ad779
000196f6003ad6bf
00018bd6003ad621
000182ca003ad59b
00017bc9003ad521
000176bf003ad4ac
0001738f003ad434
00017217003ad3b1
0001722f003ad31b
000173a8003ad269
00017656003ad193
00017a09003ad092
00017e95003acf5e
000183d1003acdf0
00018995003acc40
00018fc0003aca49
00019632003ac802
00019cd4003ac567
0001a38e003ac272
0001aa50003abf1b
0001b109003abb60
0001b7b0003ab73b
0001be3c003ab2a7
0001c4a7003aada0
0001caee003aa825
0001d111003aa230
0001d70f003a9bbf
0001dcea003a94d1
0001e2a7003a8d64
0001e849003a8575
0001edd7003a7d06
0001f356003a7416
0001f8cd003a6aa4
0001fe42003a60b0
000203bf003a563e
00020948003a4b4e
00020ee5003a3fe2
0002149d003a33fc
00021a78003a27a1
00022077003a1ad4
000226a3003a0d97
00022cfe0039ffef
0002338c0039f1e3
00023a4e0039e375
000241480039d4ac
000248780039c58d
00024fde0039b61f
000257780039a669
00025f4500399670
000267400039863c
00026f64003975d4
000277af00396541
0002801700395489
00028898003943b4
0002912c003932cb
000299c8003921d4
0002a268003910d9
0002ab010038ffe3
0002b38c0038eef8
0002bc000038de23
0002c4550038cd6a
0002cc830038bcd7
0002d47e0038ac70
0002dc4200389c3e
0002e3c400388c4a
0002eafd00387c9b
0002f1e400386d38
0002f87300385e29
0002fea300384f74
0003046c00384120
000309c900383334
00030eb2003825b6
00031324003818ab
0003171800380c19
00031a8a00380005
00031d770037f473
00031fda0037e966
000321b00037dee5
000322f80037d4ef
000323ae0037cb8a
000323d10037c2b6
000323620037ba76
0003225d0037b2ca
000320c40037abb4
00031e980037a532
00031bd800379f46
00031887003799ee
000314a600379528
00031039003790f3
00030b4100378d4b
000305c300378a30
0002ffc00037879c
0002f9400037858c
0002f244003783fb
0002ead3003782e6
0002e2f100378247
0002daa500378218
0002d1f400378253
0002c8e5003782f2
0002bf7f003783ef
0002b5c800378543
0002abc7003786e6
0002a185003788d2
0002970800378afe
00028c5900378d62
0002817f00378ff9
00027684003792b6
00026b6e00379596
000260480037988d
0002551900379b95
000249eb00379ea3
00023ec60037a1b2
000233b20037a4b9
000228ba0037a7ad
00021de50037aa89
0002133e0037ad45
000208ca0037afd6
0001fe950037b239
0001f4a60037b464
0001eb060037b650
0001e1bd0037b7f6
0001d8d20037b951
0001d04f0037ba59
0001c8390037bb08
0001c0990037bb5a
0001b9740037bb49
0001b2d10037bace
0001acb60037b9e9
0001a7280037b891
0001a22c0037b6c6
00019dc70037b483
000199fb0037b1c5
000196cd0037ae8b
0001943f0037aad3
000192520037a69b
000191090037a1e1
0001906400379ca6
00019062003796ea
00019106003790ad
0001924d003789ef
00019437003782b4
000196c200377afb
000199ee003772c7
00019db600376a1c
0001a21b003760fd
0001a7180037576c
0001acac00374d6e
0001b2d300374309
0001b98900373840
0001c0ce00372d18
0001c89b00372197
0001d0ef003715c3
0001d9c4003709a2
0001e3170036fd3c
0001ece60036f096
0001f7290036e3b8
000201de0036d6a9
00020d000036c970
000218880036bc16
000224740036aea1
000230bd0036a11a
00023d5c0036938a
00024a4f003685f8
0002578e0036786c
0002651100366aee
000272d500365d88
000280d100365041
00028f0100364321
00029d5b00363630
0002abdb00362976
0002ba7700361cfb
0002c92a003610c6
0002d7ed003604df
0002e6b80035f94c
0002f5840035ee15
000304480035e33f
000312ff0035d8d3
000321a10035ced4
000330260035c548
00033e870035bc35
00034cbf0035b39f
00035ac30035ab8b
0003688f0035a3fc
0003761c00359cf7
000383630035967c
0003905f00359090
00039d0700358b33
0003a95700358668
0003b5490035822f
0003c0d800357e89
0003cbfe00357b75
0003d6b7003578f4
0003e0fe00357703
0003eacf003575a1
0003f426003574cd
0003fcff00357482
00040558003574bf
00040d2d00357581
0004147c003576c1
00041b440035787e
0004218200357ab1
0004273500357d54
00042c5d00358064
000430f9003583d8
00043509003587ac
0004388e00358bda
00043b8800359058
00043df900359520
00043fe200359a2d
0004414700359f74
000442280035a4ef
000442890035aa95
0004426e0035b060
000441da0035b646
000440d10035bc3e
00043f580035c242
00043d740035c849
00043b280035ce4b
0004387b0035d43e
000435730035da1c
000432140035dfdc
00042e670035e577
00042a6f0035eae5
000426350035f01e
000421bf0035f51d
00041d120035f9d7
000418370035fe48
000413330036026a
00040e0d00360636
000408cb003609a5
0004037500360cb3
0003fe1000360f5a
0003f8a200361197
0003f33000361363
0003edc3003614bd
0003e85c0036159f
0003e30100361607
0003ddb8003615f3
0003d8820036155f
0003d3650036144b
0003ce61003612b5
0003c97a0036109b
0003c4b100360e00
0003c00700360ae1
0003bb7d0036073f
0003b7120036031b
0003b2c50035fe78
0003ae950035f958
0003aa800035f3ba
0003a6830035eda6
0003a29b0035e71a
00039ec60035e01e
00039afd0035d8b2
0003973d0035d0df
000393810035c8a6
00038fc40035c00f
00038c000035b71f
0003882f0035adda
0003844c0035a449
0003805000359a71
00037c3600359058
000377f600358608
0003738b00357b85
00036eee003570d9
00036a1a0035660a
0003650800355b20
00035fb300355024
00035a150035451d
0003542a00353a15
00034deb00352f12
000347550035241c
000340620035193c
0003390f00350e7b
00033159003503e1
0003293b0034f974
000320b50034ef3d
000317c10034e543
00030e600034db90
0003048f0034d228
0002fa4d0034c913
0002ef9a0034c058
0002e4750034b7fe
0002d8df0034b00a
0002ccd70034a882
0002c0600034a16d
0002b37c00349acd
0002a62a003494a9
0002987000348f04
00028a4e003489e3
00027bca00348548
00026ce500348136
00025da500347db0
00024e0e00347ab7
00023e240034784c
00022dee00347671
00021d7100347525
00020cb30034746a
0001fbbb0034743d
0001ea900034749e
0001d93a0034758c
0001c7c000347702
0001b62c00347900
0001a48600347b81
000192d800347e84
0001812e00348202
00016f92003485f8
00015e1000348a62
00014cb700348f38
00013b9500349477
00012abc00349a18
00011a3d0034a014
00010a2e0034a665
0000faa90034ad03
0000ebc60034b3ea
0000dda70034bb0e
0000d0700034c26b
0000c4470034c9f8
0000b95b0034d1ac
0000afda0034d980
0000a7f40034e16d
0000a1d40034e969
00009d990034f16d
00009b580034f96f
00009b0f00350169
00009ca800350952
00009ffd00351122
0000a4d8003518d0
0000ab0400352056
0000b243003527ac
0000ba6200352ec9
0000c32d003535a9
0000cc7c00353c43
0000d62c0035428e
0000e02000354888
0000ea4000354e29
0000f4780035536c
0000febc0035584a
000108fe00355cbe
00011337003560c5
00011d5f0035645b
0001277400356779
0001317200356a1f
00013b5700356c48
0001452600356df1
00014ede00356f1a
0001588100356fc0
0001621200356fe2
00016b9700356f7f
0001751100356e96
00017e8500356d28
000187fa00356b36
00019172003568c1
00019af5003565c9
0001a48500356252
0001ae2900355e5d
0001b7e7003559ee
0001c1c200355507
0001cbbf00354fae
0001d5e2003549e4
0001e02f003543af
0001eaaa00353d15
0001f55400353619
0002003100352ec3
00020b4300352718
0002168a00351f1e
00022206003516db
00022db800350e56
0002399f00350597
000245ba0034fca6
000252070034f388
00025e840034ea47
00026b2c0034e0e9
000277fd0034d777
000284f40034cdf9
0002920c0034c478
00029f400034baf9
0002ac8b0034b188
0002b9e70034a829
0002c74f00349ee9
0002d4bd003495cd
0002e22a00348cdc
0002ef9000348420
0002fcea00347ba0
00030a3000347363
0003175c00346b70
00032467003463d0
0003314a00345c87
00033e000034559d
00034a8100344f16
000356c7003448fa
000362cc0034434e
00036e8a00343e17
000379fa00343958
0003851800343518
00038fdd00343158
00039a4300342e1c
0003a44700342b68
0003ade30034293c
0003b7130034279c
0003bfd200342689
0003c81d00342602
0003cfef00342609
0003d7450034269d
0003de1c003427be
0003e4720034296a
0003ea4500342ba1
0003ef9100342e5e
0003f4560034319f
0003f89400343563
0003fc47003439a5
0003ff7000343e60
0004020f00344391
0004042400344933
000405b000344f3f
000406b4003455b1
0004072f00345c82
00040726003463ad
0004069a00346b2a
0004058d003472f2
0004040100347aff
000401fa00348349
0003ff9000348b98
0003fcf400349387
0003fa3f00349aed
0003f7700034a1d1
0003f48b0034a83d
0003f1920034ae3c
0003ee860034b3d7
0003eb6a0034b916
0003e8420034be05
0003e50e0034c2aa
0003e1d40034c70f
0003de960034cb3e
0003db560034cf3f
0003d8190034d31b
0003d4e10034d6db
0003d1b10034da87
0003ce8b0034de25
0003cb740034e1c1
0003c86d0034e561
0003c5780034e90d
0003c2970034eccb
0003bfcd0034f0a5
0003bd1a0034f4a0
0003ba810034f8c4
0003b8010034fd16
0003b59b0035019f
0003b34f00350663
0003b11e00350b69
0003af05003510b6
0003ad040035164f
0003ab1a00351c3a
0003a9450035227c
0003a78300352918
0003a5d000353013
0003a42c00353770
0003a29100353f35
0003a0fe00354763
00039f6d00354ffd
00039ddc00355907
00039c4500356283
00039aa700356c72
000398fa003576d7
0003973c003581b2
0003956600358d05
00039377003598d0
000391670035a514
00038f320035b1d1
00038cd40035bf07
00038a490035ccb5
0003878d0035dada
0003849a0035e976
0003816c0035f885
00037e0000360809
00037a54003617fd
0003766100362860
000372260036392e
00036da100364a66
000368ce00365c03
000363aa00366e04
00035e3500368063
0003586d0036931d
000352510036a62e
00034bdf0036b993
0003451a0036cd44
00033e010036e13f
000336940036f57e
00032ed7003709fc
000326c800371eb4
00031e6e0037339f
000315ca003748ba
00030ce100375dfc
000303b600377363
0002fa52003788e4
0002f0b800379e7d
0002e6f00037b425
0002dd030037c9d7
0002d2fa0037df8b
0002c8de0037f53b
0002beba00380ae1
0002b49b00382076
0002aa8b003835f3
0002a09c00384b50
000296da00386088
00028d5700387592
0002842300388a69
00027b5100389f04
000272f40038b35f
00026b1f0038c76f
000263e50038db30
00025d5d0038ee9a
0002579b003901a5
000252b10039144c
00024eb400392687
00024bb800393851
000249cb003949a0
000248fe00395a70
0002495d00396ab9
00024af200397a74
00024dc50039899b
000251da0039982a
000257320039a616
00025dca0039b35c
0002659f0039bff5
00026ea90039cbdc
000278dd0039d709
0002842f0039e177
000290920039eb22
00029df50039f401
0002ac480039fc12
0002bb7a003a034d
0002cb79003a09ae
0002dc32003a0f31
0002ed95003a13d0
0002ff8e003a1786
0003120c003a1a4e
000324fe003a1c23
00033853003a1d03
00034bfa003a1ce7
00035fe6003a1bce
00037403003a19b2
00038846003a168f
00039ca0003a1262
0003b104003a0d28
0003c564003a06dd
0003d9b40039ff7e
0003ede80039f708
000401f50039ed79
000415cf0039e2cf
0004296e0039d704
00043cc40039ca19
00044fca0039bc0b
000462770039acd8
000474c100399c7c
000486a000398afa
0004980c0039784d
0004a8fd00396474
0004b96c00394f6f
0004c9510039393c
0004d8a7003921da
0004e7660039094b
0004f5890038ef8b
000503090038d49c
00050fe30038b87d
00051c0f00389b2e
0005278a00387caf
0005324f00385d02
00053c5b00383c24
000545a900381a1a
00054e350037f6e1
000555fe0037d27d
00055cff0037aced
0005633600378634
000568a000375e52
00056d3e0037354a
0005710a00370b1d
000574070036dfcd
000576310036b35d
00057788003685ce
0005780e00365724
000577c00036275f
000576a00035f685
000574ae0035c496
000571eb00359198
00056e5a00355d8c
000569fb00352876
000564d00034f25a
00055ede0034bb3a
000558250034831c
000550aa00344a02
0005486f00340ff2
00053f7b0033d4ef
000535cf003398fd
00052b7300335c22
0005206a00331e62
000514bb0032dfc0
0005086d0032a044
0004fb8400325ff1
0004ee0a00321ecd
0004e0050031dcdd
0004d17e00319a26
0004c27e003156af
0004b30c0031127d
0004a3360030cd95
00049302003087fe
0004827f003041be
000471b7002ffada
000460b5002fb35a
00044f89002f6b44
00043e3f002f229d
00042ce7002ed96e
00041b8d002e8fbc
00040a46002e458f
0003f91e002dfaed
0003e829002dafde
0003d779002d6469
0003c722002d1895
0003b734002ccc69
0003a7c7002c7fed
000398ed002c3329
00038abc002be624
00037d47002b98e7
000370a5002b4b77
000364ea002afddf
00035a29002ab026
00035075002a6252
000347e0002a146e
0003407a0029c681
00033a5300297895
0003357400292aaf
000331e90028dcda
00032fb800288f1d
00032ee600284181
00032f730027f40f
0003315e0027a6cf
000334a0002759cb
0003393300270d09
00033f0b0026c092
0003461c00267472
00034e57002628ad
000357aa0025dd4f
000362040025925f
00036d50002547e7
0003797c0024fdee
000386700024b47e
0003941a00246b9e
0003a26400242357
0003b1380023dbb2
0003c082002394b7
0003d02f00234e6e
0003e02a002308df
0003f0610022c413
000400c100228011
0004113900223ce1
000421bb0021fa8b
000432330021b915
0004429400217889
000452cf002138eb
000462d70020fa45
000472a00020bc9c
0004821b00207ff7
0004913f0020445d
0004a001002009d2
0004ae55001fd05e
0004bc34001f9806
0004c992001f60ce
0004d668001f2abc
0004e2af001ef5d4
0004ee5e001ec21c
0004f96f001e8f96
000503db001e5e46
00050d9d001e2e31
000516ae001dff57
00051f0a001dd1be
000526ac001da564
00052d90001d7a4d
000533b3001d507a
00053910001d27ed
00053da5001d00a5
0005416e001cdaa2
0005446b001cb5e4
00054697001c926a
000547f5001c7033
00054880001c4f3d
00054838001c2f86
0005471d001c110b
0005452f001bf3ca
0005426e001bd7bf
00053eda001bbce6
00053a75001ba33a
00053540001b8ab7
00052f3c001b7359
0005286a001b5d1b
000520ce001b47f4
0005186a001b33e1
00050f40001b20dc
00050555001b0edb
0004faab001afdd9
0004ef46001aedce
0004e32b001adeb4
0004d65f001ad080
0004c8e5001ac32e
0004bac4001ab6b3
0004ac02001aab07
00049ca3001aa021
00048caf001a95f9
00047c2d001a8c86
00046b23001a83be
0004599a001a7b99
0004479a001a740d
0004352c001a6d11
00042258001a669c
00040f27001a60a3
0003fba6001a5b1f
0003e7de001a5605
0003d3da001a514c
0003bfa7001a4ceb
0003ab52001a48d9
000396e7001a450a
00038276001a4179
00036e0e001a3e1b
000359bf001a3ae6
00034599001a37d3
000331ae001a34d8
00031e12001a31ee
00030ad9001a2f0b
0002f817001a2c26
0002e5e3001a2938
0002d451001a2639
0002c37c001a2321
0002b37b001a1fe8
0002a465001a1c87
00029654001a18f6
00028960001a152f
00027d9f001a112a
0002732a001a0ce0
00026a13001a084b
0002626b001a0366
00025c430019fe27
000257a50019f88c
000254970019f28c
0002531c0019ec23
000253320019e54c
000254d30019de01
000257f30019d63d
00025c830019cdfb
000262700019c537
000269a70019bbec
0002720f0019b215
00027b8f0019a7b1
0002860c00199cb8
0002916c00199129
00029d9500198500
0002aa6d00197838
0002b7d900196ad1
0002c5c100195cc5
0002d40d00194e13
0002e2a700193eb8
0002f17b00192eb2
0003007300191dfd
00030f7e00190c98
00031e890018fa83
00032d840018e7b9
00033c600018d43a
00034b100018c004
000359850018ab18
000367b400189571
0003759000187f10
00038311001867f5
0003902b0018501e
00039cd50018378b
0003a90700181e3b
0003b4bb0018042e
0003bfe70017e964
0003ca860017cdde
0003d4910017b19a
0003de030017949b
0003e6d7001776de
0003ef0700175865
0003f69000173932
0003fd6e00171944
0004039d0016f89c
0004091b0016d73c
00040de50016b524
000411f700169256
0004154f00166ed3
000417ef00164a9b
000419d1001625b1
00041af600160016
00041b5d0015d9cd
00041b050015b2d6
000419ef00158b34
0004181a001562e7
00041586001539f3
000412340015105a
00040e240014e61e
000409590014bb40
000403d200148fc3
0003fd92001463ab
0003f69a001436f9
0003eeed001409ae
0003e68d0013dbd0
0003dd7c0013ad5f
0003d3bc00137e60
0003c95200134ed4
0003be3f00131ebf
0003b2870012ee22
0003a62e0012bd03
0003993800128b62
00038ba900125944
00037d84001226ac
00036ecf0011f39d
00035f8d0011c01a
00034fc500118c26
00033f7b001157c5
00032eb5001122fa
00031d780010edc9
00030bca0010b834
0002f9b100108240
0002e73500104bf1
0002d45b00101548
0002c12b000fde4b
0002adad000fa6fd
000299e9000f6f62
000285e6000f377c
000271b0000eff50
00025d4e000ec6e1
000248ca000e8e35
00023432000e554d
00021f8f000e1c2e
00020af1000de2dd
0001f666000da95c
0001e1fb000d6faf
0001cdc4000d35db
0001b9d5000cfbe4
0001a643000cc1cc
00019326000c8799
0001809c000c4d4e
00016ec2000c12ef
00015dbd000bd881
00014db3000b9e07
00013ed0000b6386
00013141000b2901
00012539000aee7c
00011aea000ab3fc
00011281000a7985
00010c2b000a3f1a
00010805000a04c2
000106230009ca7e
0001068600099054
0001092000095648
00010dd300091c5f
000114730008e29c
00011cd00008a904
000126b000086f9b
000131de00083668
00013e250007fd6c
00014b510007c4af
0001593600078c34
000167ad00075400
0001768f00071c1a
000185c00006e485
000195240006ad47
0001a4a200067666
0001b42600063fe9
0001c39c000609d5
0001d2f70005d430
0001e22700059f03
0001f11e00056a54
0001ffd40005362a
00020e3d0005028f
00021c500004cf8d
00022a0700049d2d
0002375700046b7a
0002443d00043a81
000250b200040a50
00025cb00003daf8
000268330003ac89
0002733500037f17
00027db4000352bc
000287ab0003278f
000291180002fdb1
000299f70002d545
0002a2460002ae77
0002aa0300028972
0002b12b00026672
0002b7bc000245b5
0002bdb500022780
0002c31600020c23
0002c7db0001f3f2
0002cc050001df3f
0002cf930001ce5c
0002d2840001c18d
0002d4d90001b903
0002d6910001b4d2
0002d7ac0001b4ef
0002d82b0001b92e
0002d80e0001c147
0002d7550001ccdc
0002d6010001db84
0002d4130001ecd2
0002d18e0002005c
0002ce71000215c2
0002cabd00022ca8
0002c675000244c1
0002c19c00025dcb
0002bc300002778c
0002b636000291d2
0002afb00002ac73
0002a89f0002c74d
0002a1060002e240
000298e60002fd35
0002904400031813
00028723000332c9
00027d8200034d48
0002736700036782
000268d50003816a
00025dce00039af7
000252570003b420
000246710003ccdd
00023a210003e528
00022d690003fcfa
0002204f0004144f
000212d400042b22
000204fc0004416f
0001f6cc00045734
0001e84800046c6d
0001d97300048117
0001ca5100049531
0001bae60004a8b8
0001ab370004bbac
00019b460004ce09
00018b190004dfd1
00017b0f0004f144
00016bed000502e4
00015e25000514ef
000151d200052766
0001471300053a48
00013e0b00054d96
000136e000056152
000131b90005757e
00012ebb00058a1c
00012e0700059f30
00012fb50005b4be
000133d40005caca
00013a660005e156
000143640005f868
00014eba00061004
00015c500006282e
00016c04000640e9
00017db500065a3b
0001914000067428
0001a68100068eb1
0001bd570006a9de
0001d5a30006c5ad
0001ef470006e225
00020a270006ff48
0002262c00071d17
0002433f00073b94
0002614a00075ac2
0002803900077aa2
00029ffb00079b34
0002c07c0007bc78
0002e1ae0007de71
0003037f0008011c
000325e10008247a
000348c40008488a
00036c1b00086d4a
00038fd6000892b9
0003b3ea0008b8d4
0003d8470008df9b
0003fce000090709
000421aa00092f1d
00044696000957d2
00046b9800098127
000490a30009ab17
0004b5aa0009d59e
0004daa3000a00b8
0004ff7f000a2c63
00052434000a5897
000548b6000a8551
00056cf8000ab28d
000590f0000ae046
0005b492000b0e74
0005d7d3000b3d15
0005faa9000b6c25
00061d09000b9b99
00063ee8000bcb72
0006603d000bfba5
000680fe000c2c30
0006a120000c5d0b
0006c09d000c8e32
0006df69000cbf9e
0006fd7c000cf149
00071ad0000d232e
0007375c000d5547
00075317000d878d
00076dfc000db9fc
00078804000dec8b
0007a128000e1f38
0007b961000e51f9
0007d0ac000e84ca
0007e703000eb7a6
0007fc63000eea85
000810c5000f1d62
00082427000f5038
00083687000f8300
000847e1000fb5b4
00085834000fe84e
0008677d00101aca
000875bd00104d21
000882f300107f4d
00088f1f0010b149
00089a410010e30e
0008a45a00111498
0008ad70001145e3
0008b580001176e5
0008bc900011a79d
0008c2a40011d803
0008c7c000120812
0008cbe9001237c6
0008cf2300126718
0008d17700129606
0008d2ea0012c488
0008d3850012f29a
0008d34f00132037
0008d25100134d5a
0008d096001379ff
0008ce260013a621
0008cb0d0013d1ba
0008c7560013fcc8
0008c30e00142745
0008be400014512c
0008b8fb00147a7a
0008b34b0014a32a
0008ad410014cb38
0008a6ea0014f2a0
0008a0550015195e
0008999200153f6f
000892b2001564cd
00088bc500158976
000884dc0015ad66
00087e080015d099
000877590015f30c
000870e2001614bc
00086ab4001635a3
000864df001655c2
00085f7400167513
00085a8500169393
000856200016b142
000852560016ce19
00084f360016ea17
00084cce0017053b
00084b2c00171f80
00084a5b001738e4
00084a6700175166
00084b5b00176902
00084d3f00177fb7
0008501b00179582
000853f50017aa62
000858d20017be54
00085eb50017d157
000865a00017e36a
00086d930017f489
0008768c001804b4
0008808b001813ea
00088b8700182229
0008977f00182f70
0008a46a00183bbe
0008b23f00184711
0008c0f60018516b
0008d08300185ac7
0008e0dc00186326
0008f1f300186a89
000903bc001870ee
0009162700187654
0009292800187abd
00093cae00187e26
000950ab00188090
0009650e001881fb
000979c600188268
00098ec4001881d7
0009a3f900188046
0009b95400187db8
0009cec300187a2d
0009e438001875a4
0009f9a100187020
000a0ef1001869a0
000a241700186226
000a3905001859b2
000a4daa00185046
000a61fb001845e2
000a75e800183a8a
000a896400182e3c
000a9c62001820fc
000aaed6001812cb
000ac0b4001803aa
000ad1f00017f39c
000ae2810017e2a1
000af25a0017d0bd
000b01730017bdf1
000b0fc20017aa40
000b1d3f001795ab
000b29e200178037
000b35a2001769e3
000b407a001752b5
000b4a6300173aaf
000b5357001721d2
000b5b5100170823
000b624e0016eda4
000b68470016d258
000b6d3c0016b643
000b712800169969
000b740900167bcc
000b75e000165d71
000b76a800163e5a
000b766500161e8c
000b75150015fe0c
000b72b90015dcdc
000b6f530015bb01
000b6ae600159880
000b65730015755c
000b5efe0015519a
000b578d00152d40
000b4f2100150851
000b45c20014e2d3
000b3b750014bcca
000b30400014963c
000b242b00146f2e
000b173d001447a5
000b097e00141fa6
000afaf70013f739
000aebb20013ce60
000adbb80013a525
000acb1400137b8b
000ab9d10013519a
000aa7fc00132757
000a95a00012fcc8
000a82ca0012d1f6
000a6f870012a6e6
000a5be500127b9e
000a47f300125027
000a33be00122487
000a1f580011f8c5
000a0ace0011ccea
0009f6320011a0fd
0009e19200117505
0009cd000011490a
0009b88d00111d15
0009a44a0010f12d
000990480010c55c
00097c97001099a9
0009694900106e1f
0009566f001042c4
0009441b001017a2
0009325c000fecc5
00092142000fc232
000910de000f97f5
0009013e000f6e17
0008f271000f44a2
0008e484000f1ba0
0008d784000ef31a
0008cb7c000ecb1b
0008c079000ea3ae
0008b682000e7cdd
0008ada0000e56b0
0008a5d9000e3133
00089f32000e0c73
000899af000de875
00089552000dc548
0008921d000da2f5
0008900e000d8185
00088f21000d6103
00088f54000d417a
000890a0000d22f1
000892fe000d0575
00089665000ce90e
00089acd000ccdc3
0008a02a000cb3a1
0008a66f000c9aac
0008ad8f000c82ee
0008b57c000c6c6e
0008be29000c5732
0008c784000c4342
0008d17e000c30a3
0008dc06000c1f5a
0008e70c000c0f6b
0008f27e000c00d8
0008fe4b000bf3a7
00090a61000be7d9
000916b1000bdd6e
00092328000bd468
00092fb5000bccc6
00093c47000bc686
000948d0000bc1a7
0009553d000bbe26
00096180000bbc00
00096d8a000bbb2e
0009794c000bbbad
000984b8000bbd77
00098fbf000bc084
00099a57000bc4ce
0009a470000bca4d
0009ae00000bd0f7
0009b6fc000bd8c4
0009bf59000be1a9
0009c70c000beba0
0009ce0d000bf69a
0009d451000c028e
0009d9d2000c0f72
0009de88000c1d3b
0009e26b000c2bdb
0009e576000c3b49
0009e7a1000c4b79
0009e8e9000c5c5f
0009e949000c6def
0009e8bd000c801d
0009e742000c92df
0009e4d4000ca627
0009e171000cb9ec
0009dd19000cce21
0009d7ca000ce2bc
0009d184000cf7b1
0009ca47000d0cf8
0009c213000d2282
0009b8eb000d3849
0009aecf000d4e3f
0009a3c4000d645d
000997c9000d7a98
00098ae5000d90e8
00097d1c000da742
00096e71000dbd9d
00095eea000dd3f3
00094e8d000dea39
00093d5f000e0068
00092b69000e1679
000918b0000e2c63
0009053e000e421e
0008f11b000e57a5
0008dc4f000e6cf0
0008c6e5000e81f9
0008b0e4000e96b8
00089a5b000eab28
00088351000ebf43
00086bd5000ed304
000853f1000ee663
00083bb2000ef95e
00082327000f0bee
00080a5b000f1e0e
0007f15d000f2fba
0007d83d000f40ed
0007bf09000f51a3
0007a5d0000f61d8
00078ca4000f7187
00077393000f80af
00075ab0000f8f49
0007420a000f9d54
000729b3000faacb
000711bd000fb7ac
0006fa39000fc3f4
0006e339000fcf9f
0006cccf000fdaac
0006b70c000fe518
0006a201000feedf
00068dc1000ff802
00067a5a0010007b
000667dd0010084b
0006565700100f70
000645db001015e7
0006367100101bae
00062829001020c5
00061b0b0010252a
00060f21001028dc
0006047200102bd9
0005fb0400102e21
0005f2db00102fb2
0005ebf90010308c
0005e65c001030ae
0005e20600103018
0005def100102ec8
0005dd1500102cbf
0005dc6f001029fd
0005dcf200102681
0005de9300102249
0005e14600101d57
0005e4fe001017ac
0005e9ab00101146
0005ef3b00100a26
0005f5a00010024c
0005fcc7000ff9b9
0006049c000ff06d
00060d0f000fe668
0006160b000fdbac
00061f7e000fd038
00062955000fc40e
0006337c000fb72e
00063de2000fa999
00064874000f9b50
00065321000f8c54
00065dd6000f7ca5
00066883000f6c47
0006731a000f5b39
00067d87000f497c
000687c0000f3713
000691b3000f23fd
00069b54000f103d
0006a494000efbd4
0006ad6a000ee6c4
0006b5c9000ed10f
0006bda5000ebab6
0006c4f4000ea3b9
0006cbae000e8c1d
0006d1c8000e73e1
0006d73c000e5b08
0006dc00000e4194
0006e00e000e2788
0006e360000e0ce3
0006e5ef000df1aa
0006e7b7000dd5dd
0006e8b1000db97e
0006e8dc000d9c92
0006e832000d7f18
0006e6b1000d6114
0006e456000d4287
0006e11f000d2374
0006dd0a000d03dd
0006d817000ce3c5
0006d245000cc32f
0006cb94000ca21b
0006c402000c808d
0006bb92000c5e88
0006b246000c3c0d
0006a81f000c1920
00069d1e000bf5c2
00069146000bd1f6
0006849b000badc1
0006771f000b8922
000668d7000b641e
000659c6000b3eb8
000649f1000b18f0
0006395d000af2cb
00062810000acc4b
00061610000aa573
00060361000a7e46
0005f00d000a56c6
0005dc17000a2ef7
0005c78a000a06da
0005b26d0009de73
00059cc80009b5c5
000586a300098cd2
000570080009639e
0005590000093a2c
000541960009107d
000529d40008e696
000511c50008bc78
0004f97500089227
0004e0f1000867a7
0004c84300083cf8
0004af7c00081220
000496a70007e720
00047dd40007bbfc
00046511000790b7
00044c6e00076554
000433fd000739d4
00041bce00070e3c
000403f20006e28f
0003ec7d0006b6d0
0003d58300068b01
0003bf1700065f26
0003a94c00063342
0003943800060758
00037ff10005db6a
00036c8b0005af7e
00035a1c00058394
000348ba000557b1
0003387800052bd9
0003296b0005000d
00031ba50004d453
00030f370004a8ac
0003042f00047d1d
0002fa9b000451ab
0002f28300042657
0002ebee0003fb28
0002e6de0003d020
0002e3530003a545
0002e14800037a9c
0002e0b500035029
0002e190000325f3
0002e3c80002fc01
0002e74c0002d25a
0002ec090002a906
0002f1e900028010
0002f8d300025784
000300b100022f70
00030968000207e6
000312df0001e0fe
00031cff0001bad4
000327ad0001958e
000332d100017162
00033e5500014e95
00034a2100012d89
0003562200010ec8
000362420000f310
00036e6f0000db65
00037a960000c90a
000386a70000bd61
000392920000b97e
00039e490000bdaa
0003a9bd0000c93a
0003b4e30000dad4
0003bfad0000f101
0003ca1200010a78
0003d4070001263c
0003dd8500014396
0003e68100016204
0003eef30001812a
0003f6d60001a0c4
0003fe210001c0a2
000404d10001e0a1
00040ae0000200a5
0004104700022098
000415040002406a
000419120002600f
00041c6f00027f7c
00041f1800029ea8
000421080002bd8b
000422410002dc20
000422be0002fa61
000422800003184a
00042185000335d8
00041fcd00035306
00041d5700036fd2
00041a2500038c39
000416340003a838
000411880003c3cf
00040c200003defa
000405ff0003f9b7
0003ff2400041406
0003f79400042de4
0003ef4f00044751
0003e6570004604b
0003dcaf000478d1
0003d25a000490e2
0003c75c0004a87d
0003bbb60004bfa3
0003b7d20004caca
0003f1590004835b
0004cb1a00038054
00069f3c000190b3
000977680001a6f6
000d05d400052f73
0010cb110008fa39
00142b84000c607a
0016f507000f2e85
0019496e00118426
001b576500138fe8
001d550700158846
001eec6000170e5f
001fde6a0017d93c
0020bcf600188ab3
0021ea01001995c7
002338aa001ac82b
00248fd4001c0537
0025e588001d3dd8
0027590d001eb0c1
0028fcee00207b36
002a82b30021fd8a
002bc0560022ccf1
002cd2b10022f4c1
002de6610022b4a1
002f195500226cd3
0030704a002240cf
0031ffdb0022134d
0033d04f0021efee
0035dbd80021f4fa
00382da200222a8f
003a6aea0022952d
003c1b790023120d
003d47f100238268
003e28230023e333
003f030e00244328
00402cec0024bbe8
0041cce6002560ca
0043bd1b00262c6f
00458dae0026f12d
0046be6800276904
00471c3f00276f49
0046e33700272110
00469f790026ceb1
0046e1370026cc49
004760180026e9ab
004767780026b3d1
0047209500264976
0046c2240025cae1
00465269002540d1
0046354a0024fe76
00462ff60024c705
0045bcfd00241f37
0044e5e500230a35
0043f3070021d6d3
004326aa0020d79c
00428d08002022a4
004221be001fc4ff
0041e43e001fdc67
0041c75100206772
0041b7ac00212b54
0041a8c00021f7d3
0041971a0022e4f8
00417a6400244050
004152c900262c43
0041254800289b44
00410a68002b3d3a
00411c75002d7c45
00413c1a002f99af
004146230032413c
004140e20035871a
0041547d00390576
0041957c003c663d
0041e758003ff5e8
004240b20043f5a0
00429c5300488f18
0042f72b004e180d
0043855700545d14
00447a82005ae237
0045d8550061a3fb
004797390068efa5
0049c6680070eb2f
004c81ca00797510
004fdaf5008233a3
0053ccbb008a8a2c
0058267200926a61
005cccd0009a312b
0061b9da00a176b0
0066ce1300a821da
006bfb9300ae7fb0
0071388800b49b28
0076665900baf5c4
007b8dce00c1a1a2
0080dc5000c7dbdd
00865f7100cd51ca
008beebf00d27041
0091497d00d7d64f
00966edc00dd916d
009b663300e3802a
009ff19d00e9f9a1
00a40f2a00f108c6
00a7de4300f878f5
00ab7dbd0100266b
00af61eb010790b9
00b3a73b010e8959
00b812f901154d2d
00bc939d011beced
00c0dcd50122a132
00c4c6ed01298c50
00c8632b01309c95
00cb9d2c0137dc53
00ce7774013f4900
00d1334b0146bd7d
00d427c3014e0a0a
00d6fec4015551a4
00d9191d015cdf2a
00dac3de016495b0
00dc5194016c4d23
00dd7dcd01741dda
00de9836017bf01b
00e046ad01838abe
00e2cabf018ad94c
00e5e5590191ec8c
00e8e2b40198f1fa
00eb315d01a00a81
00ecc21a01a7387b
00edb9fa01ae72c0
00ee823001b5aa09
00efaac001bcc8fb
00f1282901c3ce25
00f2cf6701cac027
00f4b8ab01d19d8e
00f7279201d8668c
00fa15a501df19c4
00fce1ae01e5b5ac
00ff284701ec36ea
0100f8ec01f29cdb
0102d26e01f8f6e7
0104fd0201ff4a60
01073b7802058e7f
0109c76a020bd6aa
010ced4a02123662
011064d902189932
0113e1f9021ee8b6
01173ffe02251345
011a7c9e022b1ad9
011de0f702312da3
01217b7802374fec
01250151023d471e
0128517e0242f854
012b6f7302485e1e
012e628f024d80f5
0131473402528a66
0134246402577b15
0136f4d7025c5039
0139c1cc02612d2d
013c8d6602661e9f
013f5441026b20d6
0142150202702db9
0144d12202752f4e
014786bc027a219c
014a35f0027f088c
014ce9080283c5ef
014f913c0288765d
01520be2028d6c66
0154668402929061
0156b9420297ab2e
0158e282029cf1b0
015ae03e02a26c75
015ce7fa02a7c6da
015ed77502ad2ade
0160924602b2c5ad
01626e3b02b825a8
0164a02902bd03ba
0166ff6802c1927f
0169625e02c6060e
016c004d02ca20dc
016efbc902cdba27
017231fb02d0fa80
0175b3c502d3d1df
0179b41002d60b42
017e565102d78365
0183a5b902d8309e
01898c6d02d82b18
018f810a02d7fe63
0194ede802d841d0
019a01bc02d8c6b5
019f4d4702d8fc33
01a4a1cc02d9118e
01a98aa602d97ba9
01ae510102d9f0a7
01b34f9802da147a
01b88e5a02d9de7a
01bda5ac02d9bc27
01c21e0802da2c64
01c6081e02db1f3a
01c9566c02dca9e5
01cbdddf02df0181
01cdba7e02e20c6f
01cf3aa102e56fcb
01d0afff02e8c854
01d1ff2d02ec413d
01d2f6da02f0224f
01d3a5ca02f45dec
01d4353002f8b533
01d4ceb102fce139
01d579380300d1bd
01d6361203047901
01d7069b0307caf1
01d7e308030ad028
01d8bd66030dc7c7
01d9847b03113722
01da38fc031509e3
01dae6c20318be21
01db965b031c6a3e
01dc576d0320635a
01dd2be30324a0c9
01dde6420328a701
01de4cd6032c02c4
01de51cb032eb2db
01de082c0330eacf
01dd8ddc0332dd41
01dd3a480334e5df
01dd5a3603374d5b
01dda8a30339d7ef
01ddbc05033c303d
01dd6523033e3b03
01dc9602033ff5b9
01db660d034172ab
01d9be7e0342afbe
01d776c10343a059
01d4b32c0344583a
01d16b1f0344ddc6
01cd595b0345231a
01c870d903452d7c
01c2a6ea034506a5
01bc6a9c0344c790
01b67a70034490c5
01b0962203445e93
01a9fdcc03442519
01a2b7f10343e9c7
019b597c0343b311
0194314903437fe2
018d491203434cef
01866fe103431fe0
017f7de50342fd82
0178606b0342edb8
0170ac8a03431296
0168847903436421
0160843e0343b3cb
015890cd03441098
01509c1f03447a4e
0149168b0344b2c5
0141e8220344c995
013a9e5b03450730
0133558d03454fd9
012c7718034545a8
0125ffcc0344ebdd
011f83680344ba9e
0118e59f0344c998
01126e780344b2e5
010c25d303447540
0105f7d803442613
010003b8034371a1
00fa420d03428ba7
00f4825003420b78
00eec0950341f39b
00e90a8803421515
00e3634603426615
00ddcd340342e78d
00d84c5a0343bd88
00d2da380344c022
00cd74080345a8f6
00c81c0203468295
00c2cfc503474968
00bd9943034816b4
00b85bca0348a69e
00b2f45003488512
00ad708a0347ccf6
00a7c64f03466942
00a1d4c80343fb4b
009baf550340821d
0095c3ea033cb0f6
0090759b03394977
008bc8d703365edc
00879dad0333b327
0083bff30330dc18
008023d6032da0d7
007cd5d80329fb81
0079e8bd0325e395
0077b2d30321d71a
00766bc0031e5482
0075d72b031b096e
00759bda03173aa6
0075d7f90312ecab
0076bf42030e854e
007820770309a2c2
0079f02e0303efae
007c5c1702fda041
007f70d602f6b86f
0083523902ef6d85
0088281102e85ba9
008dc4d502e18ba4
0093ed1602da97c4
009aa3df02d3a5bf
00a1e4bc02cd02b6
00a98d2b02c69e09
00b17b4f02c05036
00b99b5c02ba05f7
00c2052f02b3fa30
00cad6c102ae7f35
00d3df3b02a963e5
00dcc09502a42b34
00e5753d029ec63c
00ee08d0029951ee
00f66c7f0293c676
00feb604028e3863
0106bcc702889da8
010e8fe40282fb5b
01168648027d7d87
011e685a02781841
0125faee0272bb4f
012d9104026d790f
0135b0b402685e51
013e2ace026364c4
0146417d025e8639
014da96c0259cb7f
0154876f02553ca9
015b04c60250de24
0160ebc6024cc452
01665f5e0248edd9
016bccc4024544f2
01711c0c0241d2d7
01767d99023e83ca
017c6f71023b21a5
0182f3ca0237a208
01897a57023442ea
018f6bcf023151a5
01949e88022eed3e
019979c9022ce008
019e5b9a022af4c4
01a3381102293175
01a80d6d02279650
01acba6302263c95
01b185f90224e7bd
01b6e4f8022334e8
01bcf4800220ff2b
01c38bac021e6475
01ca22b8021be12e
01d0ab9902197be8
01d735ea021728e3
01dda68802150146
01e413920212ebfc
01ea64db02110841
01f07b35020f8032
01f62cbc020e9741
01fbafec020defc2
020196d4020c9886
0208006f020a54e5
020ec6e302075d01
0215aff20204299d
021c7fb302013c77
022346ad01fe5688
022a34bc01fae5d5
02313da401f7239e
023833dc01f3bf29
023f0ef001f0c65a
0245d7f401ee33ba
024c8aee01ec2adc
0253279401ea318d
0259b7ff01e829ac
0260517601e6d022
0266edae01e62791
026d61bf01e55c36
0273992601e41d94
027995de01e28c5b
027f615901e0cad8
0284ffeb01def01e
028a656501dcf31d
028fb70301db044d
02951dfe01d95a07
029a8c0e01d7e267
029ff0fb01d68ac0
02a514f001d52d58
02a9b61c01d3a343
02ae017601d20e63
02b2545c01d0a47c
02b6f63e01cf7fa6
02bbf43d01ce9d3e
02c149cb01cdeff5
02c73bdf01cd7bf3
02cdac5d01cd330b
02d3ed5501ccf5ba
02d972f301ccb99d
02de348d01cc879c
02e29b9101cc69d1
02e6cbfb01cc65fe
02ea700101cc8896
02ed6d9901ccdc5f
02f0548c01cd4d0b
02f36cb401cdcd62
02f6816001ce660a
02f9ea1901cef3f4
02fdd9a701cf5fb1
0301df7801cfcfac
0305960c01d07130
03092eab01d128cd
030d3f6b01d19d75
0311ed9b01d1af4a
0316fe9701d17a66
031c263a01d1327a
0320f9ad01d13247
0325311001d1c181
0328c06e01d2fc62
032bd32801d4be52
032eb3e701d6b80d
033153e301d91080
033382b801dc1d95
033539ed01e008a3
03367e4f01e4ea8d
03376e2b01ea9e44
03382e2b01f0de0d
0338d25801f78440
0339610201fe9f2f
0339e1340205e94c
033a58d2020cafd3
033abe7b021291be
033b026302178852
033b1ef1021bbccf
033b27f9021faf1e
033b34780223cbf0
033b54fc02283d15
033b76f6022cd2ec
033b471b0230d50a
033ab9dd02342681
033a0c8b02374a21
033921cc023a1e14
0337f177023c9180
03369921023ed967
0334e0550240b2f7
0332c93f024220a1
0330ada802439098
032ec84902454386
032cdbed0246fbb3
032ac503024890f9
0328d18e024a4c97
0326dc93024c1055
0324771a024d7e20
03219077024e8c10
031ea0ec024f9853
031c39c402510ce8
031a0b5a0252b0b1
0317985302542b8c
0315353e0255b301
03135a4402578f0b
031258c10259e81a
0311d829025c887f
03115b86025f2731
031158fd0261fd21
03120b9102652506
0312c81102684bd2
03133c19026b4a4a
0313d13e026e4dbe
03146eed02714dfd
0314a781027420e8
0314ad8e0276d97d
0314ee2302799c3a
03153ebd027c5d23
031525a0027efb8b
0314975f02817870
0313c2560283e2bc
0312a8e502864161
031137cb02889905
030f8805028af069
030dd1bd028d44a8
030c337d028f8e47
030aa30f0291cbde
0309137402940323
03077dd302963f10
0305deb802986813
03043585029a5987
03028236029c1f8f
0300c712029dd1f5
02ff03f6029f7403
02fd411002a111ad
02fb8ac802a2bd32
02f9dd1802a47198
02f8338102a62780
02f69e5202a7f010
02f4f06102a99e21
02f2fddd02ab01e4
02f125b102ac77c0
02efa98f02ae4215
02ee271302b004d9
02ec1bc902b14653
02e9997402b21522
02e748c302b308f9
02e5459302b43caf
02e2e0a602b51535
02e00f8802b587cd
02dd358102b5ebcb
02da70e502b65c1a
02d82e2002b738c5
02d636e902b85206
02d39c7202b8d300
02d0715102b8cc09
02cd8fd902b902a5
02cb4e2c02b9c656
02c9506302bac292
02c77a7402bbdfcf
02c614c302bd64db
02c5179802bf4b91
02c464b402c1786e
02c3be0e02c3aaca
02c2965402c54a56
02c0aa9c02c60b86
02be19ac02c60a83
02bb19ff02c5823a
02b7fe6e02c4d549
02b4bbe202c3ecc5
02b0f5f202c247d9
02ac9dd002bfc942
02a7e31402bcadda
02a3120e02b96c6c
029e547702b646a0
02998caf02b2ff03
0294aab302af744d
028fb57f02aba965
028aaeb202a79aa8
0285b46702a3bcba
0280e8db02a0bc93
027c401d029e5479
02779ca8029bf710
0272fb000299d242
026e5d6b0297e911
0269cc7e0295d785
0265595202934ba2
0261118402902dd0
025d0744028c72de
025943990288219c
0255d8fa02833c45
0252cdb7027dcdb6
024ff95802782509
024d419c027271ff
024a9b37026cc2c8
0247d2590267477e
0244ae5602622cef
024169dc025d41bc
023e350a02585a17
023ac21f0253a60a
02373188024f14a5
02341d52024a5275
02318572024560f8
022efb4402407779
022cc249023b8186
022b183302366924
02298ba80231577f
02281146022c54ad
02272a9a0227445b
0226bba002222f1d
022653fa021d2f0e
0225d04102184805
0224a59002137f08
0222b40a020ed0cd
0220ca63020a3499
021f9a740205b224
021f59ac02015a37
021f85c201fd2619
021f7efe01f90006
021f88ef01f4fdec
021fe8c901f13524
02202a4501ed74e4
022003f901e994c2
021fbf0b01e5bcc4
021f9ed101e21dd8
021fa7bc01dec702
021fc95901dbad8e
021ffaca01d8d862
02203dba01d653eb
0220876d01d4198f
0220d48e01d246a7
0221231801d0ca4d
02216a9901cf7ffa
0221acf301ce5c51
0221f34301cd2ed8
02224af801cbc83f
0222b2b901ca3478
022311c201c8be5a
02233da701c7c773
022336b601c7502c
0223311801c6edef
0223060601c6d623
022295f301c743f0
022245b801c79b9f
0222179001c7cfce
0221d79b01c82e93
0221cec301c85ae4
0222192701c82ed0
022281a401c7ee0c
0223046b01c79f99
02238b6401c75ae6
0223fe0d01c73bcb
0224b6f701c6e3d8
02259eca01c668b9
0226611401c62213
0227563701c5b96f
0228ecc001c4c56e
022b678701c30ba2
022eb91301c09dd3
0232bee501bda1cd
02373d4301ba51c9
023b655d01b7664f
023f0bc601b50329
0242a43601b2c236
0246556801b08269
024a4b8301ae2064
024e74df01abad5f
0252b10601a945a4
0256c35901a71b1b
025a4a6901a5782f
025d6b7f01a43954
02607cad01a3186b
0263643001a229bd
0265ec4001a19390
0268208601a1491d
0269ffb501a1493e
026ba36301a17bef
026d444801a1b30d
026efb0e01a1d8f1
0270d20c01a1e4f3
0272b08a01a1f298
02747d7201a2169a
02763fd601a24334
0277fe8701a277ad
0279b5b101a2bbd4
027b540c01a314df
027cdd1801a38341
027e618801a400b3
027fe6b801a488d3
02815fac01a521a5
02828ee501a5f0c8
0283747d01a6fbb0
02845bd501a814b8
0285756601a91925
0286fc0c01a9dc69
0289106201aa41b6
028b871201aa6213
028e188601aa6d0c
0290bdf201aa6681
0293bd1101aa1bb1
02973e0301a96da6
029ade2c01a8a24a
029de7bd01a83ec7
02a0977501a816d7
02a3dc3b01a776b3
02a7992501a67357
02aaf71401a5b2e6
02adcee701a554f8
02b02a3601a55642
02b1a82601a60c0e
02b233f801a78d9b
02b2148601a9a3b3
02b1630601ac3e90
02b01df801af64d7
02ae7f7e01b2e1dd
02acb38201b68def
02aa865f01baa527
02a7bb2d01bf714c
02a4ad0001c48989
02a21cea01c8fe21
02a0290901cca4a4
029e425d01d03d68
029c4b4e01d3e60b
029abd3101d6d229
0299bff501d8b235
029914cd01d9eac1
02988f9601dac42b
02983f3801db0110
02981b1c01dabce7
0297f72801da6b5b
0297de2d01d9bb94
0297d8b701d89d5e
0297d19801d76696
0297c73201d6390d
0297bf5901d5a9b6
0297b51d01d5c089
029791ba01d59039
029741f201d4a32f
0296dd0a01d3675c
029695be01d2863d
02966f0d01d20e98
029661d701d1d694
02969bbf01d21d27
0297211a01d2e2eb
0297a83e01d3b99f
0297d72501d43674
0297b42001d46081
02978ca801d489cd
0297574901d4b029
0296bed101d494dc
0295d51c01d444fe
02950a6901d40b8a
0294904601d403b0
029445c301d418a1
0293cc8201d41de4
029353e401d4223c
0292fc8c01d4375d
029215aa01d42413
02909c7501d3e836
028f65c401d3bd9d
028f070101d3c0a9
028f6a9201d3e61e
0290286c01d4170f
0291352801d44c32
0292b44001d485c0
02947b6c01d4bf1b
0296003501d4f5a2
0296fab601d5296b
0297e82d01d55587
0299684e01d56c2d
029baa0701d56359
029e5ad501d54434
02a1354901d515ae
02a43b9701d4d5ab
02a7707c01d480a0
02ab0b3001d3fdb0
02af09c901d35049
02b31cef01d296e0
02b7542c01d1c14e
02bbd9d301d0b5b8
02c0832c01cf94d4
02c5124601ce8c6f
02c9857501cd9985
02cde24e01ccbe1a
02d211ac01cc23a2
02d616e101cbbb93
02da180b01cb1b9b
02de22d801ca3055
02e2269601c96c5e
02e61c7301c90250
02ea0e1101c8eaa4
02edf88801c9085e
02f1b9ac01c8e5f8
02f55dce01c88c45
02f8f9b401c84229
02fc796701c7e1a7
02ffeefb01c7835b
0303484501c7159c
0306431d01c63a1a
0308e18501c4f6e8
030b3d9e01c374ad
030d707f01c1d3b0
030fd35101c07798
0312b42101bfb3a6
0315f46501bf6408
0319285401bf186c
031be29701be6478
031dcc7601bcf73e
031f36d401bb1fd2
032127c101b9d4a3
0323a06401b9163c
0325bf4701b81431
032733b701b68578
03283d8201b4a587
032987d501b31030
032b70d401b219ee
032d913401b16371
032f713101b07ee8
03314da101afa651
03334f2601aefd73
0335086201ae1c06
0336749901acfe85
0337d47101abe3a7
03397de501ab24a9
033be38e01ab3add
033ee21101ac005c
03420ad001ad0043
03456d8501ae51f7
0348e85d01afc869
034bf4c201b0bc74
034eb6e401b162e9
03518aaa01b2317a
03546a8601b32250
0357813101b4816a
035ad53a01b65524
035e0c7801b7fd23
0361143901b95f99
036441d501bb3fa2
03679ef201bda026
036ac73101bf6a25
036da35401c0652a
0370610f01c11f2c
0373127201c1e44d
0375b93401c2a825
03784fc501c2f4a9
037ad0d401c2f090
037d3e5001c33113
037f91cc01c3da9c
0381d48101c4b009
03840dc901c57324
03861fac01c67b49
038807c901c7de81
0389e61b01c93f48
038bccba01ca746a
038da2ce01cba823
038f67ac01cce58e
039168a201cdbb18
0393dd8901cddd9c
03969f4201cd85c4
03993bb201cd3e22
039baf3b01cd145c
039e3e4301ccbdf0
03a0816b01cc972c
03a1f07a01cd1ac5
03a2d2c601ce0b81
03a3daa601ced5fd
03a5552301cf3dc0
03a7221901cf5c93
03a9384501cf3d40
03ab843a01ceed00
03ad7e0901cec11a
03aec4c701cef528
03afc08601cf4cc4
03b15dcb01cf43e5
03b3a52901ced311
03b61b3701ce3f99
03b9253e01cd5b54
03bce78101cc1572
03c0dcbc01caae94
03c4902d01c95a5d
03c7e0e901c82624
03cacda001c70fb7
03cd14bd01c62c80
03cf05a801c56202
03d169dc01c46cc4
03d462b101c34343
03d79b7b01c20188
03dabeef01c0bef0
03ddbf2e01bf8053
03e0dd4e01be3a2a
03e40a7501bced65
03e6fadc01bba204
03e9afcd01ba579d
03ec504d01b90c8e
03eef39d01b7c549
03f19dc801b682c1
03f4310401b534e2
03f696ee01b3c776
03f8db3501b24894
03fb105901b0cf70
03fd3ece01af3e75
03ff640c01ad8863
040184a401abbabd
0403a78001a9d0e7
0405d00101a7cb5f
0407f86201a5b5a6
040a091c01a3aada
040bedd301a1bf88
040dbcb9019fde09
040f8362019df8aa
0410ebc3019c564b
0411bdf4019b23c5
04126364019a0b15
04135f470198a46b
0414c13c0196e4a5
04161eb501951e64
04174d9a019371de
0418ee3401916729
041b1893018eedde
041d1c7d018c8a59
041ead6b018a7514
041fbeca0188b751
042029d401876e9e
041fc5640186bb54
041eb99d01867f61
041d321701869bb9
041ae3950187500f
0417f1860188805a
0414ef170189b458
04120ab5018ac4e8
040f8010018b7967
040d4372018bde0a
040af2eb018c4ca9
0408bf46018c91cc
0406c397018c9454
0404c83b018c8cc1
0402b32e018c9902
040093c2018ca4f9
03fec1e6018c3ead
03fd47d7018b5a2e
03fb9e0c018ab809
03f95b33018afa8d
03f69b1a018bfe32
03f3c749018d0ea5
03f143fc018d6193
03ef022b018d1e46
03ecc0bd018cc997
03ea8f80018c252f
03e8617d018b7d4d
03e6133b018b5093
03e3b9e8018b1d48
03e1656d018a9cb6
03df0f02018a3ec8
03dcb92e018a62db
03da7538018b5afa
03d83fc9018cf414
03d60993018e9f5f
03d3d0b00190447a
03d1a4cb01920d2f
03cf81100193f09e
03cd2d5101957a1f
03cacb1a0196d938
03c8d6230198e04c
03c73724019b6df9
03c55ffb019db402
03c33aab019f912e
03c10a0401a15aeb
03bee19201a3290e
03bcd32801a50a8c
03baf8ff01a716e6
03b96ab601a95ef9
03b84e3801abfe40
03b7b69501aeffc5
03b7ce3a01b27d09
03b864f501b652fc
03b8a5bb01b9ed19
03b8196601bcfa49
03b7529f01bfd831
03b6eb5d01c2e974
03b6e4c001c62df0
03b73da101c9a347
03b7f59f01cd48ec
03b8e63801d10974
03b9b4ac01d4b470
03ba807c01d857d5
03bbaf6601dc2994
03bce1b301dffac5
03bdcef301e3a4f7
03beb73b01e74780
03bfab3001eaeb22
03c0818101ee7bde
03c12b3301f1f1b3
03c1ddcd01f565a5
03c291fc01f8d556
03c3271f01fc3079
03c3ad9f01ff7eb4
03c4070b0202b139
03c41d660205bc15
03c3fbd60208a36c
03c3bf8f020b748a
03c38291020e3c26
03c343f40210fa18
03c306600213b0e2
03c2c84502166262
03c283f902190c98
03c23a38021baeda
03c1e61f021e46f4
03c1893a0220d5e5
03c138f902236412
03c11bb102260056
03c135630228ab22
03c16c27022b59b3
03c1e78f022e1e0e
03c2cee002310998
03c41dc302341be1
03c5c95302375165
03c7cc2a023aa99f
03ca67df023e47f7
03cda5c7024233d6
03d1421e02464dbd
03d56b76024ab31a
03da1b9c024f62fb
03de86cf0253e89c
03e1fb9f0257d6e4
03e47739025b2665
03e6a406025e400d
03e9676f0261ba78
03ed3c6f0265edeb
03f22aad026ae90d
03f7f74302708a96
03fe0b360276658c
04039786027bd59b
0408519702809922
040c95b80284f8fb
0410cdf602895155
041553a7028dfa5b
041a10820292dd08
041e82f902977062
042271cd029b6f14
0425bae4029e9f44
04286f2202a10dad
042adfb702a31c26
042d13cf02a4c661
042f1c5602a628e5
04310c1b02a75386
0432d79102a82d4a
0434950c02a8e30c
0436532902a99e69
04382db402aaeff7
043a2eb802ad1aac
043c34d902af6e8e
043e2ef802b18b1f
04401d4902b3bf9e
0441fe7102b6332f
0443dce802b88d55
0445d5f502ba452a
0447d76b02bb9c0f
0449b73402bd3334
044b78fb02befe79
044d29a802c0d30b
044efa5202c25bdd
0450f01202c38964
0452d7d202c4b616
0454b55902c5dfa1
04567a9502c712b5
04583a6202c83deb
0459e4e602c96afa
045b30cf02cae673
045c5b4402cc74aa
045de19302cda156
045fea3402ce4e6d
04623b1202ceb0e3
0464b27e02cee8a6
0466f82002cf3560
