0000000000000000
0000000200000002
0000000600000006
0000000b0000000b
0000001200000012
0000001b0000001b
0000002500000025
0000003100000032
0000003f0000003f
0000004e0000004f
0000005f00000060
0000007200000073
0000008600000087
0000009c0000009e
000000b3000000b6
000000cb000000ce
000000e5000000ea
0000010100000106
0000011d00000123
0000013a00000143
0000015900000163
0000017900000186
0000019a000001a9
000001bc000001ce
000001de000001f4
000002020000021a
0000022600000243
0000024c0000026b
0000027100000296
00000298000002c1
000002bf000002ee
000002e60000031a
0000030f00000349
0000033700000378
0000035f000003a7
00000389000003d7
000003b200000409
000003db0000043a
000004040000046c
0000042f000004a0
00000458000004d3
0000048300000507
000004ad0000053b
000004d600000570
00000500000005a5
00000529000005da
0000055400000610
0000057e00000645
000005a80000067b
000005d1000006b1
000005fb000006e7
000006250000071e
0000064f00000754
000006790000078a
000006a3000007c1
000006cd000007f7
000006f70000082d
0000072100000863
0000074b00000899
00000776000008d0
000007a100000905
000007cc0000093a
000007f900000970
00000825000009a5
00000852000009db
0000087f00000a11
000008ad00000a46
000008dc00000a7b
0000090b00000ab0
0000093c00000ae6
0000096c00000b1a
0000099f00000b4f
000009d000000b84
00000a0400000bba
00000a3900000bee
00000a6e00000c24
00000aa500000c5a
00000adb00000c90
00000b1400000cc5
00000b4d00000cfd
00000b8800000d34
00000bc300000d6b
00000bff00000da3
00000c3d00000ddb
00000c7b00000e14
00000cba00000e4f
00000cf900000e89
00000d3a00000ec4
00000d7a00000f00
00000dbd00000f3d
00000e0000000f7b
00000e4300000fbb
00000e8600000ffc
00000ecb0000103d
00000f1000001080
00000f54000010c5
00000f990000110a
00000fdf00001151
000010230000119a
00001068000011e4
000010ae00001230
000010f30000127d
00001138000012cc
0000117c0000131d
000011bf00001370
00001203000013c3
000012460000141a
0000128900001471
000012cb000014ca
0000130b00001526
0000134c00001583
0000138b000015e2
000013c900001642
00001407000016a5
0000144300001709
0000147f0000176f
000014b9000017d7
000014f200001840
0000152b000018ab
0000156200001918
0000159800001986
000015cc000019f6
0000160000001a68
0000163200001adb
0000166300001b50
0000169300001bc6
000016c200001c3d
000016ef00001cb5
0000171c00001d30
0000174700001dab
0000177100001e27
0000179b00001ea5
000017c200001f23
000017ea00001fa2
0000181000002023
00001836000020a3
0000185a00002126
0000187e000021a9
000018a20000222c
000018c4000022b0
000018e600002335
00001907000023bb
0000192700002441
00001949000024c6
000019680000254d
00001988000025d4
000019a70000265b
000019c6000026e4
000019e60000276b
00001a05000027f3
00001a240000287b
00001a4200002903
00001a610000298c
00001a8000002a14
00001a9f00002a9d
00001abe00002b25
00001add00002bad
00001afb00002c35
00001b1a00002cbd
00001b3a00002d45
00001b5900002dcd
00001b7800002e55
00001b9700002edd
00001bb600002f65
00001bd600002fed
00001bf500003073
00001c15000030fb
00001c3400003183
00001c5100003209
00001c7000003291
00001c8f00003318
00001cad0000339e
00001ccb00003425
00001ce7000034ac
00001d0400003534
00001d21000035bb
00001d3c00003642
00001d56000036ca
00001d7000003751
00001d89000037d9
00001da100003862
00001db9000038eb
00001dd000003973
00001de5000039fd
00001df900003a87
00001e0c00003b11
00001e1e00003b9c
00001e3000003c28
00001e3f00003cb4
00001e4e00003d42
00001e5a00003dd0
00001e6600003e5e
00001e7100003eee
00001e7a00003f7f
00001e8200004011
00001e8a000040a4
00001e8f00004138
00001e95000041cd
00001e9700004264
00001e9a000042fb
00001e9b00004394
00001e9b0000442f
00001e9b000044cb
00001e9900004568
00001e9700004607
00001e94000046a7
00001e9000004749
00001e8c000047eb
00001e8700004891
00001e8200004938
00001e7c000049df
00001e7700004a8a
00001e7100004b35
00001e6b00004be2
00001e6600004c91
00001e6000004d42
00001e5b00004df4
00001e5700004ea7
00001e5300004f5d
00001e4f00005014
00001e4c000050cd
00001e4b00005187
00001e4a00005244
00001e4b00005301
00001e4c000053bf
00001e4e00005480
00001e5200005542
00001e5600005606
00001e5d000056cb
00001e6500005791
00001e6e00005858
00001e7900005921
00001e85000059eb
00001e9200005ab5
00001ea100005b82
00001eb200005c4f
00001ec300005d1d
00001ed600005ded
00001eeb00005ebd
00001f0100005f8e
00001f1900006060
00001f3100006132
00001f4b00006205
00001f65000062d9
00001f81000063ad
00001f9e00006483
00001fbb00006557
00001fda0000662d
00001ff900006704
00002019000067da
0000203a000068b1
0000205b00006988
0000207d00006a5f
0000209f00006b37
000020c100006c0f
000020e400006ce7
0000210800006dbe
0000212a00006e95
0000214d00006f6d
0000217100007045
000021950000711c
000021b8000071f4
000021db000072cb
00002200000073a2
0000222300007479
0000224600007550
0000226900007627
0000228d000076fd
000022b1000077d4
000022d5000078aa
000022f800007980
0000231c00007a56
0000234100007b2c
0000236400007c02
0000238900007cd7
000023ae00007dad
000023d300007e82
000023f900007f57
0000241f0000802d
0000244600008102
0000246d000081d8
00002494000082ad
000024bd00008383
000024e700008458
000025110000852f
0000253c00008605
00002569000086dc
00002596000087b2
000025c50000888a
000025f400008962
0000262600008a3a
0000265700008b13
0000268a00008bed
000026be00008cc6
000026f500008da2
0000272c00008e7e
0000276400008f5a
0000279d00009038
000027d800009116
00002814000091f5
00002850000092d5
0000288e000093b6
000028cd00009499
0000290d0000957d
0000294f00009662
0000299100009747
000029d30000982f
00002a1700009918
00002a5b00009a01
00002aa000009aed
00002ae500009bda
00002b2b00009cc9
00002b7100009db8
00002bb700009eaa
00002bfe00009f9d
00002c430000a091
00002c890000a188
00002ccf0000a27f
00002d150000a379
00002d5a0000a473
00002d9f0000a56f
00002de20000a66e
00002e260000a76d
00002e680000a86f
00002eaa0000a971
00002eeb0000aa76
00002f2a0000ab7b
00002f690000ac83
00002fa70000ad8c
00002fe30000ae96
0000301e0000afa2
000030590000b0af
000030910000b1bd
000030c80000b2ce
000030fe0000b3df
000031320000b4f1
000031650000b604
000031980000b718
000031c80000b82f
000031f70000b945
000032250000ba5e
000032510000bb77
0000327c0000bc90
000032a60000bdab
000032cf0000bec6
000032f60000bfe3
0000331d0000c100
000033420000c21d
000033660000c33b
000033890000c45a
000033ab0000c579
000033cc0000c699
000033ed0000c7b9
0000340d0000c8d9
0000342d0000c9fa
0000344b0000cb1b
000034690000cc3c
000034860000cd5d
000034a40000ce7e
000034c10000cfa0
000034de0000d0c1
000034f90000d1e3
000035150000d304
000035310000d426
0000354d0000d547
000035690000d668
000035850000d788
000035a00000d8a9
000035bb0000d9ca
000035d70000daeb
000035f30000dc0b
0000360e0000dd2b
0000362a0000de4a
000036460000df69
000036610000e089
0000367d0000e1a9
000036980000e2c7
000036b30000e3e6
000036cf0000e504
000036ea0000e623
000037050000e741
000037200000e85f
0000373a0000e97d
000037540000ea9b
0000376d0000ebb8
000037870000ecd6
0000379e0000edf4
000037b70000ef13
000037ce0000f030
000037e40000f14f
000037fa0000f26d
0000380f0000f38b
000038230000f4ab
000038360000f5ca
000038480000f6e9
000038570000f809
000038670000f92a
000038750000fa4b
000038840000fb6d
0000388f0000fc8f
0000389a0000fdb2
000038a30000fed6
000038ac0000fffb
000038b20001011f
000038b700010246
000038bc0001036d
000038be00010495
000038c0000105bf
000038c1000106e9
000038c100010815
000038be00010941
000038bb00010a6f
000038b700010b9e
000038b200010ccf
000038ac00010e00
000038a500010f34
0000389d00011068
000038940001119d
0000388b000112d5
000038810001140e
0000387700011548
0000386d00011685
00003862000117c1
0000385700011900
0000384c00011a41
0000384100011b83
0000383600011cc6
0000382b00011e0b
0000382100011f51
0000381700012099
0000380e000121e3
000038060001232e
000037fe0001247a
000037f7000125c8
000037f100012718
000037ec00012868
000037e8000129ba
000037e600012b0d
000037e400012c62
000037e300012db8
000037e400012f0f
000037e700013067
000037ea000131c1
000037f00001331b
000037f700013477
000037fe000135d3
0000380800013730
000038130001388f
0000381f000139ee
0000382d00013b4d
0000383c00013cae
0000384c00013e0f
0000385d00013f71
00003870000140d4
0000388300014237
000038980001439b
000038ae000144fe
000038c500014662
000038dd000147c7
000038f50001492c
0000390f00014a91
0000392800014bf6
0000394300014d5b
0000395e00014ec1
0000397a00015026
000039950001518b
000039b2000152f1
000039ce00015456
000039eb000155bb
00003a0900015720
00003a2600015885
00003a43000159ea
00003a6100015b4e
00003a7e00015cb2
00003a9c00015e16
00003ab900015f7a
00003ad7000160dd
00003af400016240
00003b11000163a3
00003b2f00016506
00003b4c00016669
00003b6a000167cb
00003b880001692c
00003ba500016a8e
00003bc300016bef
00003be200016d50
00003bff00016eb2
00003c1e00017012
00003c3d00017173
00003c5d000172d4
00003c7c00017433
00003c9d00017594
00003cbe000176f4
00003cdf00017855
00003d02000179b5
00003d2500017b15
00003d4a00017c77
00003d6e00017dd8
00003d9500017f38
00003dbb0001809a
00003de4000181fc
00003e0d0001835e
00003e37000184c1
00003e6300018624
00003e9000018788
00003ebe000188ec
00003eee00018a51
00003f1e00018bb6
00003f5000018d1d
00003f8300018e85
00003fb800018fed
00003fed00019156
00004025000192c0
0000405e0001942b
0000409700019597
000040d100019704
0000410c00019872
00004149000199e2
0000418600019b53
000041c500019cc5
0000420300019e38
0000424300019fac
000042840001a122
000042c30001a299
000043050001a412
000043470001a58c
000043880001a707
000043ca0001a884
0000440b0001aa03
0000444c0001ab83
0000448e0001ad05
000044cf0001ae88
0000450e0001b00c
0000454f0001b192
0000458e0001b319
000045cd0001b4a1
0000460a0001b62b
000046470001b7b7
000046830001b943
000046bf0001bad1
000046f80001bc62
000047310001bdf2
000047690001bf84
0000479f0001c118
000047d30001c2ad
000048070001c442
000048390001c5da
0000486a0001c772
000048990001c90b
000048c80001caa5
000048f40001cc40
000049200001cddc
0000494a0001cf79
000049720001d117
000049990001d2b5
000049c00001d455
000049e50001d5f4
00004a080001d794
00004a2a0001d935
00004a4c0001dad8
00004a6c0001dc79
00004a8b0001de1c
00004aa90001dfbe
00004ac70001e161
00004ae30001e304
00004aff0001e4a8
00004b1a0001e64b
00004b350001e7ee
00004b4e0001e992
00004b680001eb35
00004b800001ecd9
00004b990001ee7c
00004bb10001f020
00004bc90001f1c3
00004be10001f366
00004bf80001f50a
00004c100001f6ac
00004c280001f84e
00004c3e0001f9f1
00004c560001fb92
00004c6d0001fd34
00004c840001fed6
00004c9b00020076
00004cb200020217
00004cc9000203b7
00004ce100020557
00004cf8000206f6
00004d0f00020896
00004d2600020a35
00004d3d00020bd3
00004d5400020d72
00004d6b00020f10
00004d81000210ae
00004d970002124c
00004dad000213e9
00004dc200021587
00004dd700021724
00004deb000218c1
00004dff00021a5e
00004e1200021bfb
00004e2400021d98
00004e3600021f36
00004e47000220d3
00004e5600022270
00004e650002240e
00004e74000225ac
00004e810002274a
00004e8c000228e8
00004e9700022a88
00004ea100022c27
00004ea900022dc7
00004eb000022f68
00004eb600023109
00004ebb000232ac
00004ebd0002344e
00004ebf000235f1
00004ebf00023795
00004ebf0002393a
00004ebd00023ae0
00004eb900023c87
00004eb400023e2f
00004eaf00023fd8
00004ea800024182
00004e9f0002432e
00004e96000244da
00004e8c00024687
00004e8100024836
00004e75000249e7
00004e6800024b98
00004e5a00024d4b
00004e4c00024eff
00004e3d000250b5
00004e2e0002526c
00004e1f00025424
00004e0f000255dd
00004dff00025798
00004def00025954
00004ddf00025b13
00004dd000025cd2
00004dc000025e93
00004db100026055
00004da300026218
00004d95000263de
00004d88000265a3
00004d7b0002676b
00004d7000026934
00004d6500026afe
00004d5b00026cc9
00004d5300026e96
00004d4b00027064
00004d4500027233
00004d4100027403
00004d3d000275d5
00004d3a000277a6
00004d3a0002797a
00004d3a00027b4e
00004d3c00027d23
00004d3f00027ef9
00004d44000280d0
00004d4a000282a7
00004d520002847f
00004d5a00028658
00004d6400028831
00004d7000028a0b
00004d7c00028be5
00004d8a00028dc0
00004d9900028f9b
00004da900029177
00004dba00029352
00004dcc0002952e
00004ddf0002970b
00004df2000298e7
00004e0700029ac3
00004e1c00029c9f
00004e3100029e7c
00004e470002a058
00004e5e0002a235
00004e740002a410
00004e8c0002a5ec
00004ea40002a7c8
00004ebb0002a9a3
00004ed30002ab7f
00004eeb0002ad59
00004f040002af34
00004f1c0002b10e
00004f340002b2e8
00004f4c0002b4c2
00004f650002b69b
00004f7d0002b874
00004f950002ba4c
00004fae0002bc25
00004fc60002bdfc
00004fde0002bfd4
00004ff60002c1ab
0000500f0002c381
000050280002c558
000050410002c72d
000050590002c904
000050730002cad8
0000508c0002ccae
000050a60002ce83
000050c10002d057
000050db0002d22c
000050f60002d400
000051130002d5d4
0000512f0002d7a9
0000514c0002d97d
0000516b0002db51
0000518a0002dd25
000051aa0002def9
000051cb0002e0cf
000051ed0002e2a4
000052100002e479
000052340002e64e
000052590002e824
0000527f0002e9fa
000052a70002ebd0
000052d10002eda8
000052fb0002ef80
000053270002f159
000053540002f331
000053820002f50b
000053b10002f6e6
000053e20002f8c1
000054140002fa9e
000054470002fc7b
0000547c0002fe5a
000054b20003003a
000054e900030219
00005520000303fa
00005559000305de
00005592000307c1
000055cc000309a7
0000560700030b8c
0000564300030d74
0000567f00030f5d
000056bc00031147
000056f800031332
000057350003151f
000057720003170d
000057af000318fc
000057ec00031aec
0000582900031cdf
0000586500031ed2
000058a1000320c7
000058dd000322be
00005918000324b5
00005952000326ad
0000598c000328a8
000059c400032aa3
000059fc00032ca0
00005a3300032e9e
00005a680003309d
00005a9d0003329e
00005ad00003349f
00005b02000336a2
00005b33000338a6
00005b6200033aab
00005b9000033cb0
00005bbd00033eb7
00005be8000340c0
00005c12000342c7
00005c3a000344d1
00005c62000346dc
00005c87000348e7
00005cac00034af2
00005ccf00034cfe
00005cf100034f0b
00005d1000035119
00005d3000035327
00005d4e00035535
00005d6b00035744
00005d8700035953
00005da200035b62
00005dbc00035d71
00005dd500035f81
00005ded00036191
00005e04000363a1
00005e1c000365b1
00005e31000367c0
00005e47000369d0
00005e5c00036be0
00005e7100036def
00005e8500036ffe
00005e9a0003720d
00005eac0003741c
00005ec00003762b
00005ed400037839
00005ee700037a47
00005efa00037c54
00005f0d00037e61
00005f200003806e
00005f330003827a
00005f4500038486
00005f5800038691
00005f6b0003889d
00005f7e00038aa7
00005f9100038cb1
00005fa400038ebb
00005fb7000390c4
00005fc9000392cd
00005fdc000394d6
00005fee000396de
00006001000398e5
0000601300039aed
0000602400039cf4
0000603500039efc
000060460003a102
000060570003a308
000060670003a50e
000060760003a715
000060840003a91b
000060930003ab21
000060a00003ad27
000060ac0003af2d
000060b80003b134
000060c20003b33a
000060cb0003b540
000060d40003b747
000060db0003b94e
000060e10003bb55
000060e60003bd5c
000060ea0003bf64
000060ec0003c16d
000060ed0003c377
000060ed0003c581
000060eb0003c78b
000060e90003c996
000060e50003cba2
000060de0003cdaf
000060d80003cfbc
000060d00003d1cb
000060c60003d3d9
000060bc0003d5ea
000060b00003d7fb
000060a30003da0e
000060960003dc21
000060870003de36
000060770003e04b
000060660003e263
000060550003e47b
000060420003e695
000060300003e8af
0000601c0003eaca
000060090003ece8
00005ff40003ef06
00005fe00003f127
00005fcc0003f347
00005fb80003f569
00005fa30003f78e
00005f8f0003f9b2
00005f7c0003fbd9
00005f680003fe01
00005f5500040029
00005f4300040254
00005f320004047f
00005f21000406ac
00005f11000408da
00005f0200040b09
00005ef500040d39
00005ee800040f6b
00005edc0004119c
00005ed2000413d0
00005ec800041605
00005ec10004183a
00005ebb00041a70
00005eb600041ca7
00005eb200041edf
00005eb000042118
00005eaf00042352
00005eaf0004258c
00005eb1000427c6
00005eb400042a02
00005eb900042c3e
00005ebe00042e7a
00005ec6000430b7
00005ecf000432f4
00005ed700043531
00005ee20004376f
00005eee000439ad
00005efa00043beb
00005f0800043e29
00005f1700044067
00005f26000442a6
00005f35000444e4
00005f4600044722
00005f570004495f
00005f6900044b9e
00005f7a00044ddb
00005f8d00045018
00005fa000045255
00005fb300045492
00005fc7000456ce
00005fd90004590a
00005fed00045b46
0000600100045d81
0000601500045fbc
00006029000461f6
0000603d00046430
000060500004666a
00006064000468a2
0000607800046adb
0000608c00046d13
000060a000046f4a
000060b300047182
000060c7000473b8
000060db000475ef
000060f000047824
0000610400047a59
0000611800047c8e
0000612d00047ec3
00006142000480f6
000061570004832b
0000616e0004855e
0000618400048791
0000619a000489c4
000061b200048bf8
000061ca00048e2b
000061e20004905d
000061fd00049290
00006218000494c3
00006233000496f5
0000625000049928
0000626c00049b5b
0000628b00049d8e
000062ab00049fc2
000062cd0004a1f6
000062ee0004a42a
000063120004a65f
000063370004a894
0000635d0004aac9
000063850004acff
000063ad0004af36
000063d70004b16d
000064020004b3a6
0000642f0004b5de
0000645d0004b818
0000648c0004ba52
000064bc0004bc8d
000064ed0004beca
000065200004c108
000065530004c345
000065870004c585
000065bd0004c7c5
000065f30004ca07
000066290004cc49
000066610004ce8d
000066990004d0d2
000066d00004d319
0000670a0004d560
000067420004d7a8
0000677b0004d9f3
000067b40004dc3d
000067ed0004de8a
000068260004e0d8
0000685e0004e327
000068950004e577
000068cd0004e7c9
000069040004ea1c
0000693a0004ec70
000069700004eec5
000069a30004f11c
000069d70004f373
00006a090004f5cc
00006a3b0004f826
00006a6b0004fa81
00006a9b0004fcdc
00006ac90004ff3a
00006af500050198
00006b20000503f7
00006b4a00050657
00006b72000508b8
00006b9a00050b19
00006bc000050d7b
00006be400050fdf
00006c0700051243
00006c29000514a7
00006c490005170b
00006c6800051971
00006c8500051bd7
00006ca200051e3d
00006cbd000520a4
00006cd70005230b
00006cf000052572
00006d08000527d9
00006d1e00052a41
00006d3500052ca9
00006d4900052f10
00006d5e00053178
00006d71000533e0
00006d8400053648
00006d96000538af
00006da800053b16
00006db900053d7d
00006dc900053fe4
00006dd90005424b
00006de9000544b0
00006df900054717
00006e080005497c
00006e1700054be1
00006e2700054e45
00006e36000550aa
00006e450005530d
00006e5400055570
00006e63000557d3
00006e7100055a35
00006e8100055c96
00006e9000055ef8
00006e9e00056158
00006ead000563b9
00006ebc00056618
00006ecb00056876
00006ed900056ad6
00006ee900056d33
00006ef700056f91
00006f04000571ee
00006f130005744b
00006f20000576a7
00006f2d00057903
00006f3b00057b5f
00006f4700057dbb
00006f5200058016
00006f5e00058270
00006f68000584cb
00006f7300058726
00006f7c00058983
00006f8700058be0
00006f9000058e3e
00006f9b0005909e
00006fa7000592fe
00006fb200059560
00006fbe000597c3
00006fcb00059a28
00006fd900059c8d
00006fe600059ef3
00006ff60005a159
000070060005a3c1
000070170005a62a
000070290005a893
0000703b0005aafd
0000704f0005ad67
000070630005afd2
000070790005b23d
0000708e0005b4a7
000070a50005b712
000070bc0005b97e
000070d40005bbe9
000070ec0005be54
000071040005c0bf
0000711d0005c32a
000071350005c594
0000714e0005c7fd
000071670005ca66
0000717f0005cccf
000071980005cf36
000071af0005d19d
000071c60005d404
000071dd0005d668
000071f30005d8cc
000072080005db2f
0000721d0005dd92
000072310005dff3
000072440005e253
000072570005e4b3
000072680005e711
000072780005e96f
000072880005ebcb
000072960005ee26
000072a40005f080
000072b10005f2d9
000072bd0005f530
000072c90005f788
000072d50005f9de
000072df0005fc34
000072e90005fe89
000072f3000600dd
000072fd00060331
0000730700060583
00007311000607d6
0000731b00060a27
0000732500060c79
0000732f00060ec9
0000733b0006111a
000073470006136a
00007353000615ba
000073600006180a
0000736e00061a59
0000737c00061ca9
0000738c00061ef8
0000739c00062147
000073ad00062396
000073c0000625e5
000073d200062834
000073e700062a83
000073fb00062cd2
0000741200062f21
000074280006316e
00007440000633bd
000074580006360b
0000747100063859
0000748a00063aa7
000074a300063cf5
000074bd00063f42
000074d70006418f
000074f1000643db
0000750b00064626
0000752500064871
0000753e00064abc
0000755800064d05
0000757100064f4e
0000758900065196
000075a1000653dc
000075b900065622
000075cf00065866
000075e500065aa9
000075fa00065cea
0000760f00065f2a
0000762200066168
00007635000663a5
00007648000665e1
000076580006681a
0000766a00066a51
0000767a00066c86
0000768900066eb9
00007698000670e9
000076a700067319
000076b600067546
000076c500067770
000076d200067998
000076e100067bbf
000076f000067de3
000076ff00068004
0000770e00068223
0000771f00068441
0000772f0006865c
0000774000068874
0000775300068a8a
0000776600068ca0
0000777a00068eb2
0000778f000690c2
000077a5000692d0
000077bd000694dc
000077d6000696e8
000077f0000698f0
0000780b00069af7
0000782600069cfd
0000784400069f02
000078620006a105
000078820006a306
000078a10006a506
000078c30006a705
000078e50006a905
000079090006ab02
0000792c0006acfe
000079500006aefa
000079750006b0f5
0000799a0006b2ef
000079be0006b4ea
000079e40006b6e3
00007a090006b8dc
00007a2f0006bad5
00007a530006bcce
00007a790006bec7
00007a9d0006c0bf
00007ac10006c2b7
00007ae50006c4b0
00007b080006c6a8
00007b2b0006c8a1
00007b4d0006ca99
00007b6f0006cc92
00007b900006ce8a
00007bb00006d083
00007bd00006d27b
00007bf10006d474
00007c100006d66c
00007c300006d865
00007c4f0006da5c
00007c6f0006dc55
00007c8e0006de4c
00007cad0006e045
00007ccd0006e23c
00007cee0006e434
00007d0e0006e62a
00007d300006e821
00007d510006ea17
00007d750006ec0d
00007d980006ee02
00007dbd0006eff7
00007de40006f1eb
00007e0b0006f3de
00007e340006f5d0
00007e5e0006f7c2
00007e8a0006f9b3
00007eb70006fba3
00007ee50006fd92
00007f160006ff80
00007f480007016d
00007f7b0007035a
00007fb000070545
00007fe50007072f
0000801d00070919
0000805500070b02
0000808f00070cea
000080cb00070ed0
00008107000710b6
000081440007129c
0000818100071481
000081bf00071664
000081ff00071848
0000823d00071a2b
0000827e00071c0d
000082be00071def
000082fe00071fd1
0000833f000721b2
0000837f00072394
000083c000072574
0000840000072755
0000844100072937
0000848000072b18
000084c100072cfa
0000850100072edd
00008540000730bf
00008580000732a2
000085be00073485
000085fe0007366a
0000863c00073850
0000867c00073a35
000086ba00073c1c
000086fa00073e04
0000873900073fee
0000877a000741d8
000087ba000743c4
000087fb000745b0
0000883d0007479e
000088810007498e
000088c400074b7e
0000890a00074d70
0000894f00074f62
0000899700075156
000089e00007534c
00008a2a00075544
00008a760007573b
00008ac400075934
00008b1400075b2f
00008b6500075d2a
00008bb800075f27
00008c0d00076124
00008c6300076323
00008cbc00076522
00008d1600076721
00008d7200076923
00008dd000076b24
00008e2e00076d25
00008e8f00076f28
00008ef00007712a
00008f530007732d
00008fb80007752f
0000901d00077733
0000908400077936
000090eb00077b38
0000915300077d3b
000091bb00077f3d
000092250007813f
0000928f00078341
000092f900078541
0000936300078741
000093ce00078941
0000943900078b3f
000094a400078d3d
0000950e00078f3b
0000957900079137
000095e400079332
0000964f0007952c
000096ba00079726
000097250007991f
0000978f00079b16
000097fa00079d0c
0000986600079f02
000098d10007a0f6
0000993d0007a2eb
000099a90007a4dd
00009a160007a6cf
00009a830007a8c0
00009af20007aab0
00009b620007ac9f
00009bd20007ae8d
00009c430007b07b
00009cb60007b268
00009d2a0007b455
00009d9f0007b641
00009e160007b82d
00009e8e0007ba17
00009f090007bc02
00009f850007bded
0000a0030007bfd6
0000a0830007c1c1
0000a1050007c3aa
0000a1880007c594
0000a20e0007c77c
0000a2950007c966
0000a31f0007cb4f
0000a3a90007cd39
0000a4360007cf21
0000a4c50007d10a
0000a5550007d2f4
0000a5e70007d4dc
0000a6790007d6c5
0000a70e0007d8af
0000a7a40007da97
0000a83b0007dc80
0000a8d20007de69
0000a96c0007e051
0000aa050007e239
0000aa9f0007e422
0000ab3a0007e60a
0000abd50007e7f1
0000ac700007e9d7
0000ad0c0007ebbe
0000ada80007eda4
0000ae440007ef88
0000aee10007f16d
0000af7d0007f350
0000b01a0007f532
0000b0b60007f714
0000b1520007f8f4
0000b1ef0007fad3
0000b28c0007fcb1
0000b3290007fe8d
0000b3c600080068
0000b46400080241
0000b50200080419
0000b59f000805ee
0000b63e000807c2
0000b6de00080995
0000b77e00080b64
0000b81f00080d33
0000b8c100080eff
0000b964000810c9
0000ba0900081290
0000baae00081457
0000bb550008161a
0000bbfe000817db
0000bca80008199a
0000bd5400081b57
0000be0100081d11
0000beb100081eca
0000bf6200082081
0000c01500082235
0000c0ca000823e7
0000c18100082597
0000c23a00082745
0000c2f5000828f1
0000c3b100082a9c
0000c47000082c43
0000c52f00082dea
0000c5f100082f8f
0000c6b400083133
0000c778000832d4
0000c83e00083475
0000c90600083614
0000c9ce000837b2
0000ca970008394e
0000cb6200083aeb
0000cc2d00083c85
0000ccf900083e1f
0000cdc500083fb8
0000ce9200084150
0000cf60000842e8
0000d02d0008447f
0000d0fb00084617
0000d1c9000847ad
0000d29700084944
0000d36500084ad9
0000d43300084c70
0000d50200084e05
0000d5d000084f9b
0000d69f00085130
0000d76d000852c6
0000d83b0008545c
0000d909000855f2
0000d9d800085788
0000daa70008591d
0000db7600085ab3
0000dc4600085c4a
0000dd1600085ddf
0000dde700085f76
0000deb90008610c
0000df8c000862a1
0000e05f00086438
0000e133000865ce
0000e20900086764
0000e2e0000868f9
0000e3b900086a8e
0000e49200086c24
0000e56e00086db8
0000e64b00086f4d
0000e729000870e1
0000e80900087275
0000e8ec00087408
0000e9d00008759a
0000eab50008772c
0000eb9d000878bd
0000ec8700087a4e
0000ed7200087bdd
0000ee5f00087d6c
0000ef4d00087efa
0000f03e00088087
0000f13000088213
0000f223000883a0
0000f3170008852a
0000f40d000886b3
0000f5040008883c
0000f5fc000889c4
0000f6f500088b4c
0000f7ef00088cd2
0000f8e900088e57
0000f9e400088fdb
0000fae000089160
0000fbdc000892e3
0000fcd800089466
0000fdd5000895e8
0000fed20008976a
0000ffcf000898eb
000100cb00089a6c
000101c800089bec
000102c500089d6d
000103c100089eed
000104be0008a06d
000105bb0008a1ed
000106b70008a36f
000107b40008a4ef
000108b00008a670
000109ae0008a7f2
00010aaa0008a975
00010ba80008aaf7
00010ca50008ac7b
00010da40008adff
00010ea20008af84
00010fa20008b10b
000110a10008b292
000111a20008b41a
000112a40008b5a3
000113a70008b72d
000114ac0008b8ba
000115b10008ba46
000116b80008bbd4
000117c00008bd64
000118cb0008bef5
000119d60008c087
00011ae30008c21a
00011bf20008c3b0
00011d030008c546
00011e150008c6dd
00011f280008c876
0001203f0008ca0f
000121560008cbaa
0001226f0008cd47
000123890008cee5
000124a60008d083
000125c30008d222
000126e20008d3c2
000128020008d563
000129240008d705
00012a470008d8a7
00012b6a0008da49
00012c8f0008dbed
00012db40008dd91
00012ed90008df34
000130000008e0d8
000131270008e27c
0001324e0008e420
000133740008e5c4
0001349c0008e767
000135c30008e90b
000136ec0008eaae
000138130008ec50
0001393a0008edf2
00013a620008ef94
00013b890008f135
00013cb00008f2d5
00013dd70008f475
00013efe0008f613
000140250008f7b0
0001414c0008f94d
000142730008fae9
0001439a0008fc85
000144c10008fe1f
000145e80008ffb8
0001471000090150
00014839000902e7
000149610009047d
00014a8b00090613
00014bb6000907a8
00014ce10009093c
00014e0d00090acf
00014f3a00090c61
0001506800090df2
0001519800090f83
000152ca00091113
000153fc000912a3
0001553000091431
00015666000915c0
0001579d0009174e
000158d6000918dc
00015a1100091a69
00015b4c00091bf7
00015c8b00091d83
00015dca00091f10
00015f0b0009209d
0001604e00092229
00016192000923b5
000162d800092542
0001641d000926ce
000165660009285b
000166ae000929e6
000167f900092b73
0001694400092d00
00016a9000092e8c
00016bdd00093019
00016d2a000931a5
00016e7700093332
00016fc5000934be
000171140009364a
00017263000937d6
000173b200093963
0001750100093aee
0001764f00093c7a
0001779d00093e04
000178ec00093f90
00017a3b00094119
00017b89000942a3
00017cd70009442c
00017e25000945b4
00017f730009473b
000180c0000948c2
0001820e00094a46
0001835b00094bcb
000184a900094d4f
000185f600094ed0
0001874400095050
00018892000951cf
000189e10009534c
00018b2f000954c7
00018c7f00095642
00018dcf000957ba
00018f1f00095930
0001907100095aa4
000191c400095c17
0001931800095d87
0001946d00095ef5
000195c300096062
0001971b000961cb
0001987400096334
000199cf0009649a
00019b2b000965fd
00019c880009675e
00019de7000968be
00019f4800096a1a
0001a0ab00096b76
0001a20f00096ccf
0001a37400096e25
0001a4db00096f7a
0001a643000970cd
0001a7ad0009721e
0001a9180009736d
0001aa84000974bb
0001abf200097606
0001ad6000097750
0001aed000097899
0001b040000979e0
0001b1b100097b26
0001b32200097c6a
0001b49400097dae
0001b60600097ef0
0001b77900098031
0001b8ec00098172
0001ba5f000982b2
0001bbd2000983f0
0001bd440009852f
0001beb80009866d
0001c02a000987aa
0001c19c000988e7
0001c30f00098a23
0001c48100098b60
0001c5f200098c9d
0001c76300098dd8
0001c8d500098f15
0001ca4600099051
0001cbb70009918d
0001cd28000992c9
0001ce9900099406
0001d00a00099541
0001d17b0009967e
0001d2ed000997bb
0001d45e000998f8
0001d5d100099a34
0001d74400099b71
0001d8b800099cae
0001da2c00099deb
0001dba200099f28
0001dd170009a064
0001de8f0009a1a1
0001e0080009a2de
0001e1810009a41b
0001e2fc0009a557
0001e47a0009a694
0001e5f70009a7d0
0001e7770009a90b
0001e8f70009aa46
0001ea7b0009ab81
0001ebfe0009acbb
0001ed840009adf5
0001ef0b0009af2e
0001f0930009b066
0001f21d0009b19e
0001f3a80009b2d5
0001f5350009b40b
0001f6c30009b540
0001f8510009b675
0001f9e20009b7a8
0001fb720009b8db
0001fd040009ba0e
0001fe960009bb3f
000200290009bc6f
000201bc0009bd9f
000203510009becd
000204e40009bffb
000206790009c129
0002080d0009c255
000209a20009c381
00020b360009c4ac
00020ccb0009c5d6
00020e5f0009c701
00020ff30009c82b
000211860009c954
0002131a0009ca7d
000214ad0009cba7
0002163f0009cccf
000217d20009cdf8
000219640009cf20
00021af60009d049
00021c880009d173
00021e1b0009d29c
00021fac0009d3c6
0002213e0009d4f0
000222d00009d61b
000224620009d747
000225f60009d874
000227880009d9a1
0002291d0009dacf
00022ab10009dbfe
00022c460009dd2f
00022ddd0009de60
00022f740009df93
0002310c0009e0c7
000232a60009e1fc
000234400009e333
000235dc0009e46a
000237790009e5a3
000239190009e6de
00023ab90009e81a
00023c5b0009e957
00023dfe0009ea96
00023fa30009ebd6
000241490009ed17
000242f10009ee59
000244990009ef9d
000246430009f0e3
000247f00009f229
0002499c0009f370
00024b4a0009f4b9
00024cf80009f602
00024ea90009f74c
0002505a0009f897
0002520b0009f9e3
000253bd0009fb2f
000255700009fc7c
000257230009fdc9
000258d60009ff17
00025a8a000a0065
00025c3e000a01b3
00025df1000a0301
00025fa5000a044f
00026159000a059e
0002630c000a06ec
000264c0000a0839
00026672000a0986
00026825000a0ad4
000269d8000a0c20
00026b89000a0d6c
00026d3b000a0eb7
00026eec000a1001
0002709e000a114c
0002724e000a1295
000273ff000a13dd
000275b0000a1524
00027761000a166b
00027911000a17b1
00027ac3000a18f6
00027c74000a1a3a
00027e25000a1b7d
00027fd7000a1cbf
0002818a000a1e00
0002833d000a1f40
000284f1000a2080
000286a6000a21c0
0002885c000a22fe
00028a13000a243b
00028bcb000a2578
00028d85000a26b4
00028f3f000a27f0
000290fc000a292b
000292b9000a2a64
00029478000a2b9e
00029638000a2cd8
000297fa000a2e12
000299bd000a2f4b
00029b82000a3084
00029d47000a31bd
00029f0f000a32f5
0002a0d7000a342e
0002a2a1000a3567
0002a46c000a369f
0002a638000a37d7
0002a806000a3910
0002a9d3000a3a49
0002aba2000a3b81
0002ad71000a3cba
0002af40000a3df3
0002b111000a3f2b
0002b2e2000a4064
0002b4b2000a419e
0002b683000a42d6
0002b855000a440f
0002ba26000a4549
0002bbf7000a4681
0002bdc8000a47ba
0002bf99000a48f3
0002c169000a4a2a
0002c339000a4b63
0002c509000a4c99
0002c6d8000a4dd1
0002c8a7000a4f07
0002ca75000a503c
0002cc43000a5172
0002ce12000a52a6
0002cfe0000a53d9
0002d1ad000a550b
0002d37b000a563d
0002d548000a576c
0002d715000a589b
0002d8e3000a59c9
0002dab2000a5af4
0002dc80000a5c1e
0002de4f000a5d47
0002e01f000a5e6f
0002e1ef000a5f93
0002e3bf000a60b7
0002e591000a61d8
0002e764000a62f8
0002e938000a6415
0002eb0d000a6531
0002ece3000a664b
0002eeba000a6762
0002f093000a6877
0002f26d000a698a
0002f449000a6a9b
0002f625000a6baa
0002f804000a6cb6
0002f9e3000a6dc1
0002fbc4000a6eca
0002fda7000a6fd1
0002ff8b000a70d4
00030170000a71d7
00030356000a72d8
0003053d000a73d7
00030725000a74d4
0003090e000a75cf
00030af8000a76c9
00030ce3000a77c2
00030ece000a78b8
000310ba000a79ad
000312a6000a7aa2
00031492000a7b95
00031680000a7c86
0003186c000a7d77
00031a59000a7e67
00031c46000a7f57
00031e32000a8044
0003201f000a8132
0003220b000a8220
000323f6000a830c
000325e1000a83f8
000327cc000a84e5
000329b7000a85d1
00032ba1000a86bb
00032d8b000a87a7
00032f75000a8893
0003315e000a897e
00033347000a8a69
00033530000a8b55
00033718000a8c40
00033900000a8d2c
00033aea000a8e18
00033cd2000a8f03
00033ebb000a8ff0
000340a4000a90dc
0003428f000a91c9
00034479000a92b5
00034664000a93a1
00034851000a948e
00034a3d000a957b
00034c2b000a9668
00034e1a000a9754
0003500a000a9841
000351fb000a992e
000353ee000a9a1a
000355e1000a9b06
000357d6000a9bf2
000359cc000a9cdd
00035bc5000a9dc9
00035dbe000a9eb3
00035fb8000a9f9d
000361b4000aa087
000363b1000aa170
000365b0000aa259
000367b0000aa340
000369af000aa427
00036bb2000aa50e
00036db5000aa5f3
00036fb8000aa6d8
000371bd000aa7bc
000373c1000aa89f
000375c7000aa982
000377cd000aaa64
000379d3000aab45
00037bda000aac25
00037de0000aad04
00037fe8000aade2
000381ee000aaec0
000383f4000aaf9d
000385fb000ab07b
00038801000ab156
00038a07000ab232
00038c0c000ab30d
00038e11000ab3e7
00039016000ab4c1
0003921a000ab59c
0003941e000ab676
00039621000ab750
00039824000ab82a
00039a27000ab904
00039c2a000ab9de
00039e2c000ababa
0003a02e000abb94
0003a231000abc70
0003a433000abd4c
0003a636000abe28
0003a838000abf06
0003aa3b000abfe4
0003ac3e000ac0c4
0003ae42000ac1a4
0003b047000ac285
0003b24c000ac367
0003b452000ac44b
0003b65a000ac530
0003b862000ac615
0003ba6c000ac6fe
0003bc76000ac7e6
0003be82000ac8d1
0003c08f000ac9bc
0003c29d000acaa9
0003c4ad000acb97
0003c6be000acc87
0003c8d0000acd78
0003cae5000ace6a
0003ccf9000acf5f
0003cf10000ad054
0003d128000ad14b
0003d340000ad243
0003d559000ad33b
0003d775000ad435
0003d990000ad530
0003dbac000ad62c
0003ddca000ad72a
0003dfe7000ad828
0003e206000ad926
0003e424000ada25
0003e643000adb25
0003e862000adc25
0003ea82000add27
0003eca1000ade27
0003eec0000adf28
0003f0df000ae029
0003f2fe000ae12b
0003f51c000ae22c
0003f73b000ae32d
0003f958000ae42e
0003fb76000ae52e
0003fd93000ae62e
0003ffaf000ae72e
000401cb000ae82d
000403e6000ae92c
00040601000aea29
0004081c000aeb26
00040a37000aec23
00040c51000aed1f
00040e6b000aee1a
00041085000aef14
000412a0000af00d
000414ba000af105
000416d5000af1fc
000418f0000af2f3
00041b0b000af3e9
00041d27000af4de
00041f44000af5d3
00042161000af6c6
00042380000af7b9
0004259e000af8ab
000427bf000af99c
000429e0000afa8d
00042c02000afb7d
00042e27000afc6c
0004304c000afd5c
00043272000afe4a
00043499000aff39
000436c3000b0027
000438ec000b0114
00043b18000b0202
00043d45000b02ef
00043f72000b03dd
000441a2000b04ca
000443d1000b05b7
00044603000b06a5
00044835000b0791
00044a68000b087f
00044c9c000b096c
00044ed1000b0a5a
00045106000b0b47
0004533c000b0c35
00045571000b0d23
000457a8000b0e11
000459de000b0efe
00045c14000b0fed
00045e4a000b10db
00046080000b11ca
000462b7000b12b7
000464ec000b13a6
00046722000b1494
00046957000b1581
00046b8c000b166f
00046dbf000b175c
00046ff3000b1849
00047226000b1935
00047459000b1a21
0004768b000b1b0c
000478bd000b1bf7
00047aee000b1ce0
00047d20000b1dc9
00047f51000b1eb1
00048182000b1f98
000483b2000b207d
000485e3000b2161
00048814000b2244
00048a46000b2326
00048c78000b2405
00048ea9000b24e4
000490dc000b25c0
0004930f000b269c
00049544000b2775
00049778000b284b
000499ae000b2921
00049be4000b29f4
00049e1c000b2ac6
0004a055000b2b95
0004a28f000b2c62
0004a4cb000b2d2d
0004a707000b2df6
0004a945000b2ebe
0004ab85000b2f83
0004adc5000b3046
0004b008000b3106
0004b24b000b31c5
0004b48f000b3281
0004b6d4000b333c
0004b91b000b33f6
0004bb62000b34ac
0004bdab000b3561
0004bff3000b3615
0004c23d000b36c7
0004c488000b3778
0004c6d3000b3826
0004c91e000b38d4
0004cb6b000b3980
0004cdb6000b3a2b
0004d002000b3ad5
0004d24e000b3b7e
0004d49b000b3c25
0004d6e7000b3ccc
0004d931000b3d73
0004db7d000b3e19
0004ddc8000b3ebe
0004e012000b3f62
0004e25c000b4006
0004e4a6000b40aa
0004e6ef000b414d
0004e938000b41f1
0004eb7f000b4293
0004edc7000b4337
0004f00e000b43da
0004f255000b447d
0004f49c000b4521
0004f6e3000b45c3
0004f929000b4667
0004fb6f000b470b
0004fdb5000b47af
0004fffb000b4853
00050242000b48f7
00050489000b499b
000506d0000b4a3f
00050918000b4ae4
00050b60000b4b89
00050da9000b4c2e
00050ff4000b4cd3
0005123f000b4d78
0005148a000b4e1d
000516d7000b4ec2
00051926000b4f67
00051b75000b500c
00051dc6000b50b0
00052018000b5154
0005226a000b51f8
000524bf000b529c
00052714000b533f
0005296b000b53e2
00052bc3000b5484
00052e1d000b5526
00053077000b55c7
000532d3000b5667
0005352f000b5707
0005378c000b57a6
000539e9000b5844
00053c48000b58e2
00053ea7000b597f
00054107000b5a1b
00054367000b5ab6
000545c8000b5b50
00054828000b5beb
00054a89000b5c84
00054cea000b5d1e
00054f4a000b5db7
000551ac000b5e52
0005540e000b5eec
00055670000b5f88
000558d2000b6024
00055b34000b60c0
00055d97000b615f
00055ffb000b61fd
00056260000b629b
000564c4000b633b
00056728000b63db
0005698e000b647c
00056bf4000b651d
00056e59000b65c0
000570c0000b6664
00057326000b6708
0005758d000b67ad
000577f4000b6852
00057a5c000b68f8
00057cc3000b699f
00057f2b000b6a48
00058191000b6af0
000583f8000b6b99
0005865f000b6c42
000588c6000b6ced
00058b2c000b6d97
00058d92000b6e43
00058ff7000b6eef
0005925c000b6f9b
000594bf000b7048
00059723000b70f6
00059985000b71a3
00059be7000b7251
00059e49000b72fe
0005a0a8000b73ad
0005a307000b745b
0005a566000b750a
0005a7c2000b75b8
0005aa1f000b7667
0005ac79000b7715
0005aed4000b77c3
0005b12d000b7872
0005b384000b7920
0005b5dc000b79ce
0005b832000b7a7c
0005ba88000b7b2a
0005bcdc000b7bd7
0005bf2f000b7c85
0005c182000b7d31
0005c3d4000b7ddd
0005c626000b7e8a
0005c877000b7f36
0005cac8000b7fe1
0005cd18000b808d
0005cf67000b8138
0005d1b6000b81e2
0005d406000b828d
0005d655000b8337
0005d8a3000b83e1
0005daf2000b848b
0005dd41000b8534
0005df8f000b85de
0005e1de000b8687
0005e42d000b8730
0005e67b000b87d9
0005e8ca000b8882
0005eb18000b892b
0005ed68000b89d4
0005efb7000b8a7d
0005f205000b8b26
0005f455000b8bd1
0005f6a4000b8c7a
0005f8f3000b8d24
0005fb42000b8dcf
0005fd91000b8e79
0005ffe0000b8f24
0006022e000b8fd0
0006047c000b907c
000606c9000b9128
00060917000b91d5
00060b64000b9284
00060db0000b9332
00060ffc000b93e0
00061247000b9490
00061491000b9541
000616da000b95f1
00061923000b96a3
00061b6a000b9755
00061db0000b9808
00061ff5000b98bd
00062239000b9971
0006247c000b9a27
000626bd000b9add
000628fe000b9b93
00062b3c000b9c4c
00062d7a000b9d04
00062fb6000b9dbd
000631f0000b9e76
0006342a000b9f30
00063662000b9feb
00063899000ba0a7
00063ace000ba163
00063d03000ba21f
00063f35000ba2dc
00064167000ba399
00064398000ba457
000645c7000ba516
000647f5000ba5d4
00064a22000ba692
00064c4e000ba751
00064e79000ba810
000650a4000ba8d0
000652cd000ba98f
000654f5000baa4d
0006571c000bab0c
00065944000babcb
00065b6a000bac8a
00065d90000bad4a
00065fb4000bae08
000661d9000baec6
000663fc000baf84
00066620000bb042
00066843000bb100
00066a65000bb1bd
00066c87000bb27a
00066ea8000bb336
000670c9000bb3f2
000672ea000bb4ae
0006750a000bb56a
00067729000bb624
00067948000bb6de
00067b67000bb798
00067d85000bb851
00067fa3000bb90b
000681c0000bb9c3
000683dc000bba7a
000685f9000bbb32
00068814000bbbe8
00068a2f000bbc9f
00068c4a000bbd56
00068e63000bbe0b
0006907d000bbec0
00069295000bbf74
000694ae000bc028
000696c5000bc0dc
000698dc000bc18f
00069af1000bc243
00069d07000bc2f6
00069f1c000bc3a8
0006a130000bc459
0006a343000bc50b
0006a557000bc5bc
0006a769000bc66c
0006a97b000bc71e
0006ab8c000bc7ce
0006ad9d000bc87d
0006afac000bc92d
0006b1bc000bc9dc
0006b3cb000bca8b
0006b5da000bcb39
0006b7e8000bcbe8
0006b9f6000bcc96
0006bc04000bcd43
0006be11000bcdf0
0006c01e000bce9d
0006c22a000bcf49
0006c436000bcff5
0006c642000bd0a2
0006c84d000bd14d
0006ca58000bd1f8
0006cc63000bd2a3
0006ce6d000bd34d
0006d078000bd3f7
0006d282000bd4a1
0006d48b000bd54a
0006d694000bd5f2
0006d89d000bd69a
0006daa5000bd742
0006dcae000bd7e9
0006deb5000bd890
0006e0bd000bd936
0006e2c4000bd9dc
0006e4ca000bda81
0006e6d1000bdb26
0006e8d6000bdbca
0006eadb000bdc6f
0006ece0000bdd12
0006eee4000bddb5
0006f0e8000bde58
0006f2eb000bdefa
0006f4ee000bdf9d
0006f6f0000be03e
0006f8f1000be0df
0006faf3000be180
0006fcf3000be220
0006fef4000be2c1
000700f4000be361
000702f4000be401
000704f3000be4a0
000706f2000be540
000708f0000be5e0
00070aee000be680
00070cec000be71f
00070eeb000be7be
000710e8000be85e
000712e6000be8ff
000714e4000be99e
000716e1000bea3f
000718df000beadf
00071add000beb80
00071cdb000bec22
00071eda000becc3
000720d8000bed65
000722d7000bee07
000724d7000beeaa
000726d6000bef4e
000728d6000beff3
00072ad6000bf098
00072cd8000bf13d
00072ed9000bf1e3
000730dc000bf28a
000732de000bf332
000734e1000bf3da
000736e4000bf483
000738e8000bf52d
00073aec000bf5d8
00073cf0000bf683
00073ef4000bf72f
000740fa000bf7dc
000742ff000bf88a
00074504000bf938
0007470a000bf9e7
0007490f000bfa96
00074b15000bfb47
00074d1a000bfbf8
00074f1f000bfca9
00075124000bfd5c
00075328000bfe0f
0007552c000bfec2
00075730000bff76
00075933000c002a
00075b36000c00de
00075d37000c0194
00075f38000c0249
00076139000c02ff
00076338000c03b4
00076537000c046a
00076734000c0520
00076931000c05d6
00076b2d000c068c
00076d28000c0742
00076f22000c07f8
00077119000c08ae
00077312000c0964
00077509000c0a1b
000776ff000c0ad0
000778f5000c0b85
00077ae9000c0c3a
00077cdc000c0cef
00077ecf000c0da3
000780c1000c0e58
000782b2000c0f0b
000784a3000c0fbf
00078695000c1073
00078884000c1126
00078a74000c11d9
00078c63000c128a
00078e52000c133d
00079041000c13ee
0007922f000c14a0
0007941d000c1552
0007960d000c1602
000797fb000c16b3
000799e9000c1763
00079bd8000c1814
00079dc7000c18c4
00079fb6000c1975
0007a1a4000c1a25
0007a394000c1ad5
0007a582000c1b85
0007a772000c1c36
0007a962000c1ce6
0007ab50000c1d97
0007ad40000c1e48
0007af30000c1ef9
0007b11f000c1faa
0007b30f000c205d
0007b4fe000c210f
0007b6ed000c21c1
0007b8dc000c2275
0007bacb000c2328
0007bcb9000c23dc
0007bea7000c2491
0007c094000c2546
0007c280000c25fc
0007c46d000c26b3
0007c657000c276a
0007c842000c2822
0007ca2b000c28db
0007cc14000c2994
0007cdfb000c2a4e
0007cfe1000c2b09
0007d1c6000c2bc5
0007d3ab000c2c81
0007d58d000c2d3e
0007d76f000c2dfb
0007d94f000c2ebb
0007db2e000c2f7a
0007dd0c000c3039
0007dee9000c30f9
0007e0c4000c31ba
0007e29e000c327d
0007e477000c333e
0007e64e000c3401
0007e824000c34c4
0007e9f9000c3587
0007ebcc000c364c
0007ed9f000c3710
0007ef70000c37d4
0007f141000c3899
0007f310000c395e
0007f4de000c3a24
0007f6ac000c3ae9
0007f879000c3bae
0007fa44000c3c74
0007fc10000c3d39
0007fdda000c3dff
0007ffa4000c3ec4
0008016d000c3f89
00080335000c404e
000804fd000c4113
000806c5000c41d8
0008088b000c429d
00080a52000c4360
00080c17000c4424
00080ddc000c44e8
00080fa2000c45ab
00081166000c466d
0008132b000c472f
000814ee000c47f1
000816b2000c48b3
00081875000c4973
00081a38000c4a33
00081bfa000c4af3
00081dbb000c4bb2
00081f7d000c4c72
0008213d000c4d30
000822fe000c4ded
000824be000c4eab
0008267e000c4f67
0008283c000c5024
000829fa000c50e0
00082bb9000c519b
00082d76000c5256
00082f32000c5310
000830ef000c53ca
000832aa000c5485
00083466000c553e
00083620000c55f6
000837d9000c56af
00083993000c5767
00083b4b000c581e
00083d03000c58d5
00083eba000c598d
00084072000c5a43
00084229000c5af9
000843de000c5baf
00084593000c5c65
00084749000c5d1a
000848fe000c5dce
00084ab1000c5e84
00084c66000c5f38
00084e18000c5feb
00084fcc000c609f
0008517e000c6152
00085331000c6204
000854e2000c62b7
00085694000c636a
00085845000c641b
000859f7000c64cc
00085ba7000c657d
00085d58000c662e
00085f08000c66de
000860b8000c678d
00086268000c683d
00086417000c68ec
000865c7000c699a
00086776000c6a48
00086925000c6af5
00086ad3000c6ba2
00086c81000c6c50
00086e2f000c6cfc
00086fdd000c6da7
0008718a000c6e52
00087337000c6efc
000874e3000c6fa7
0008768f000c7051
0008783a000c70fa
000879e5000c71a3
00087b90000c724b
00087d3a000c72f3
00087ee4000c739b
0008808d000c7442
00088236000c74e8
000883de000c758f
00088586000c7635
0008872d000c76db
000888d4000c7780
00088a7b000c7825
00088c21000c78cb
00088dc7000c7970
00088f6d000c7a15
00089113000c7ab9
000892b8000c7b5e
0008945e000c7c03
00089603000c7ca8
000897a8000c7d4c
0008994d000c7df1
00089af2000c7e96
00089c98000c7f3d
00089e3c000c7fe2
00089fe2000c8088
0008a188000c812e
0008a32e000c81d5
0008a4d5000c827d
0008a67b000c8324
0008a822000c83cc
0008a9ca000c8475
0008ab72000c851e
0008ad1b000c85c9
0008aec4000c8673
0008b06d000c871e
0008b217000c87ca
0008b3c2000c8876
0008b56d000c8924
0008b718000c89d2
0008b8c5000c8a81
0008ba71000c8b30
0008bc1e000c8be2
0008bdcb000c8c92
0008bf78000c8d44
0008c126000c8df6
0008c2d5000c8eaa
0008c483000c8f5e
0008c631000c9012
0008c7e0000c90c8
0008c98e000c917e
0008cb3c000c9234
0008ccea000c92ec
0008ce97000c93a3
0008d045000c945c
0008d1f2000c9514
0008d39e000c95ce
0008d54a000c9686
0008d6f5000c9740
0008d8a0000c97fa
0008da49000c98b4
0008dbf3000c996f
0008dd9a000c9a2a
0008df42000c9ae4
0008e0e9000c9b9f
0008e28f000c9c59
0008e434000c9d15
0008e5d8000c9dcf
0008e77a000c9e8a
0008e91c000c9f44
0008eabd000c9ffe
0008ec5e000ca0b8
0008edfe000ca173
0008ef9c000ca22c
0008f13a000ca2e5
0008f2d8000ca39e
0008f475000ca456
0008f611000ca50f
0008f7ad000ca5c8
0008f948000ca67f
0008fae2000ca736
0008fc7e000ca7ee
0008fe17000ca8a4
0008ffb1000ca95a
0009014c000caa11
000902e5000caac6
0009047f000cab7c
00090619000cac31
000907b3000cace6
0009094d000cad9b
00090ae7000cae50
00090c81000caf04
00090e1b000cafb9
00090fb6000cb06e
00091151000cb122
000912ec000cb1d7
00091488000cb28b
00091623000cb340
000917be000cb3f4
00091959000cb4aa
00091af5000cb55f
00091c91000cb615
00091e2d000cb6ca
00091fc9000cb781
00092164000cb838
000922ff000cb8ef
0009249b000cb9a7
00092635000cba5f
000927cf000cbb18
00092969000cbbd1
00092b03000cbc8b
00092c9b000cbd47
00092e34000cbe02
00092fcb000cbebe
00093161000cbf7a
000932f7000cc038
0009348c000cc0f6
0009361f000cc1b5
000937b2000cc274
00093944000cc335
00093ad4000cc3f6
00093c63000cc4b8
00093df2000cc57a
00093f7e000cc63e
0009410a000cc701
00094294000cc7c5
0009441d000cc88a
000945a5000cc94f
0009472c000cca15
000948b1000ccadc
00094a35000ccba3
00094bb8000ccc6a
00094d3a000ccd32
00094ebc000ccdf9
0009503b000ccec1
000951ba000ccf8b
00095338000cd053
000954b5000cd11c
00095631000cd1e5
000957ac000cd2ae
00095927000cd378
00095aa1000cd441
00095c1a000cd509
00095d93000cd5d2
00095f0b000cd69b
00096083000cd763
000961f9000cd82c
00096370000cd8f4
000964e5000cd9bb
0009665c000cda83
000967d1000cdb4a
00096945000cdc11
00096aba000cdcd7
00096c2e000cdd9d
00096da2000cde62
00096f15000cdf27
00097088000cdfec
000971fb000ce0b0
0009736d000ce173
000974df000ce236
00097651000ce2f9
000977c2000ce3ba
00097933000ce47d
00097aa3000ce53d
00097c13000ce5fe
00097d82000ce6be
00097ef2000ce77d
00098061000ce83c
000981cf000ce8fa
0009833c000ce9b9
000984a9000cea77
00098615000ceb34
00098782000cebf0
000988ed000cecac
00098a58000ced68
00098bc3000cee23
00098d2c000ceede
00098e95000cef99
00098fff000cf054
00099167000cf10e
000992cf000cf1c7
00099436000cf280
0009959e000cf339
00099704000cf3f1
0009986a000cf4a9
000999d0000cf561
00099b34000cf618
00099c9a000cf6cf
00099dfe000cf786
00099f63000cf83d
0009a0c6000cf8f3
0009a22b000cf9a8
0009a38e000cfa5e
0009a4f1000cfb12
0009a654000cfbc7
0009a7b7000cfc7b
0009a91a000cfd2e
0009aa7c000cfde2
0009abde000cfe95
0009ad3f000cff48
0009aea1000cfffa
0009b003000d00ab
0009b165000d015c
0009b2c5000d020d
0009b426000d02bd
0009b587000d036c
0009b6e7000d041c
0009b847000d04cb
0009b9a7000d0579
0009bb07000d0627
0009bc66000d06d4
0009bdc4000d0780
0009bf23000d082d
0009c081000d08d9
0009c1df000d0984
0009c33c000d0a2f
0009c499000d0ad9
0009c5f6000d0b83
0009c752000d0c2e
0009c8ad000d0cd7
0009ca09000d0d7f
0009cb63000d0e28
0009ccbe000d0ed0
0009ce18000d0f79
0009cf72000d1020
0009d0cb000d10c8
0009d225000d116f
0009d37e000d1216
0009d4d7000d12bd
0009d630000d1365
0009d788000d140c
0009d8e0000d14b3
0009da39000d155b
0009db91000d1602
0009dcea000d16ab
0009de43000d1752
0009df9c000d17fa
0009e0f5000d18a3
0009e24f000d194b
0009e3a9000d19f4
0009e503000d1a9e
0009e65e000d1b49
0009e7b9000d1bf3
0009e915000d1c9e
0009ea71000d1d4a
0009ebcd000d1df6
0009ed2c000d1ea3
0009ee89000d1f52
0009efe7000d2000
0009f147000d20af
0009f2a6000d215f
0009f407000d220f
0009f567000d22c1
0009f6c8000d2373
0009f82a000d2425
0009f98c000d24d8
0009faee000d258d
0009fc52000d2642
0009fdb5000d26f7
0009ff18000d27ae
000a007b000d2865
000a01df000d291c
000a0343000d29d5
000a04a6000d2a8e
000a060a000d2b47
000a076d000d2c01
000a08cf000d2cbb
000a0a32000d2d76
000a0b94000d2e31
000a0cf6000d2eec
000a0e57000d2fa9
000a0fb7000d3064
000a1117000d3121
000a1277000d31de
000a13d5000d329a
000a1533000d3357
000a1690000d3413
000a17eb000d34d0
000a1947000d358d
000a1aa1000d364a
000a1bfb000d3706
000a1d53000d37c2
000a1eac000d387f
000a2003000d393b
000a215a000d39f7
000a22b0000d3ab2
000a2404000d3b6d
000a2558000d3c28
000a26ac000d3ce2
000a2800000d3d9c
000a2953000d3e56
000a2aa5000d3f10
000a2bf8000d3fc9
000a2d4a000d4082
000a2e9b000d413a
000a2fed000d41f2
000a313e000d42aa
000a3290000d4362
000a33e1000d4419
000a3533000d44d0
000a3684000d4587
000a37d6000d463d
000a3929000d46f3
000a3a7b000d47aa
000a3bcd000d4860
000a3d20000d4916
000a3e73000d49cd
000a3fc6000d4a82
000a411a000d4b39
000a426e000d4bef
000a43c2000d4ca6
000a4516000d4d5c
000a466a000d4e13
000a47bf000d4eca
000a4913000d4f83
000a4a68000d503a
000a4bbc000d50f3
000a4d11000d51ac
000a4e65000d5265
000a4fb9000d531f
000a510c000d53d9
000a5260000d5494
000a53b2000d5550
000a5504000d560c
000a5657000d56c9
000a57a7000d5788
000a58f8000d5846
000a5a46000d5904
000a5b95000d59c4
000a5ce3000d5a84
000a5e2f000d5b46
000a5f7b000d5c08
000a60c6000d5cca
000a6210000d5d8d
000a6358000d5e51
000a649f000d5f15
000a65e4000d5fdb
000a6729000d60a1
000a686d000d6167
000a69b0000d622d
000a6af1000d62f5
000a6c31000d63bc
000a6d71000d6484
000a6eaf000d654d
000a6feb000d6617
000a7127000d66e0
000a7262000d67a9
000a739c000d6873
000a74d6000d693d
000a760d000d6a06
000a7745000d6ad0
000a787c000d6b9a
000a79b2000d6c65
000a7ae7000d6d2f
000a7c1b000d6df9
000a7d50000d6ec3
000a7e83000d6f8d
000a7fb7000d7056
000a80e9000d711f
000a821b000d71e9
000a834d000d72b2
000a847e000d737a
000a85af000d7442
000a86e0000d7509
000a8810000d75d0
000a8940000d7697
000a8a70000d775d
000a8ba0000d7824
000a8ccf000d78e9
000a8dfe000d79ad
000a8f2d000d7a72
000a905b000d7b35
000a9189000d7bf8
000a92b7000d7cbb
000a93e4000d7d7d
000a9510000d7e40
000a963d000d7f01
000a9769000d7fc1
000a9895000d8082
000a99bf000d8141
000a9aeb000d8200
000a9c15000d82bf
000a9d3f000d837d
000a9e69000d843b
000a9f91000d84f8
000aa0ba000d85b5
000aa1e2000d8671
000aa30a000d872d
000aa430000d87e9
000aa557000d88a4
000aa67d000d895f
000aa7a3000d8a19
000aa8c8000d8ad4
000aa9ed000d8b8e
000aab11000d8c47
000aac36000d8d00
000aad59000d8db9
000aae7c000d8e71
000aaf9f000d8f29
000ab0c1000d8fe1
000ab1e4000d9098
000ab306000d914f
000ab428000d9205
000ab549000d92bb
000ab66b000d9371
000ab78c000d9426
000ab8ad000d94db
000ab9ce000d9590
000abaee000d9644
000abc0f000d96f7
000abd2f000d97ab
000abe50000d985d
000abf70000d9910
000ac08f000d99c2
000ac1af000d9a73
000ac2ce000d9b25
000ac3ee000d9bd5
000ac50d000d9c85
000ac62c000d9d34
000ac74a000d9de3
000ac869000d9e92
000ac987000d9f40
000acaa5000d9fed
000acbc3000da09a
000acce0000da146
000acdfd000da1f3
000acf1a000da29f
000ad035000da34a
000ad151000da3f4
000ad26d000da49e
000ad388000da548
000ad4a3000da5f1
000ad5be000da69a
000ad6d8000da744
000ad7f2000da7ec
000ad90b000da895
000ada25000da93c
000adb3e000da9e4
000adc57000daa8c
000add6f000dab33
000ade88000dabda
000adf9f000dac82
000ae0b8000dad2a
000ae1d0000dadd1
000ae2e9000dae78
000ae401000daf20
000ae51a000dafc8
000ae632000db070
000ae74b000db118
000ae864000db1c0
000ae97e000db26a
000aea97000db314
000aebb2000db3bd
000aeccd000db468
000aede8000db512
000aef04000db5be
000af021000db66a
000af13e000db716
000af25b000db7c3
000af37a000db872
000af499000db920
000af5b8000db9cf
000af6d8000dba7f
000af7fa000dbb30
000af91b000dbbe1
000afa3d000dbc94
000afb60000dbd47
000afc83000dbdfa
000afda6000dbeae
000afeca000dbf63
000affef000dc019
000b0113000dc0cf
000b0238000dc186
000b035c000dc23e
000b0482000dc2f6
000b05a7000dc3af
000b06cc000dc469
000b07f1000dc522
000b0916000dc5dc
000b0a3a000dc697
000b0b5f000dc752
000b0c82000dc80e
000b0da5000dc8c9
000b0ec8000dc986
000b0fea000dca41
000b110c000dcafe
000b122d000dcbba
000b134c000dcc77
000b146c000dcd33
000b158b000dcdf0
000b16a9000dcead
000b17c6000dcf68
000b18e3000dd025
000b19fe000dd0e1
000b1b19000dd19c
000b1c33000dd258
000b1d4d000dd314
000b1e66000dd3ce
000b1f7e000dd489
000b2095000dd544
000b21ac000dd5fd
000b22c3000dd6b7
000b23da000dd771
000b24f0000dd82a
000b2605000dd8e2
000b271b000dd99b
000b2830000dda53
000b2945000ddb0b
000b2a5b000ddbc1
000b2b70000ddc79
000b2c85000ddd30
000b2d9b000ddde5
000b2eb0000dde9c
000b2fc7000ddf52
000b30dc000de008
000b31f2000de0be
000b330a000de173
000b3421000de229
000b3538000de2df
000b364f000de394
000b3767000de44a
000b3880000de4ff
000b3998000de5b6
000b3ab2000de66c
000b3bcb000de723
000b3ce4000de7d9
000b3dfd000de890
000b3f17000de948
000b4030000de9ff
000b4149000deab8
000b4263000deb71
000b437c000dec2a
000b4496000dece4
000b45ae000ded9f
000b46c7000dee5a
000b47de000def15
000b48f5000defd1
000b4a0c000df08f
000b4b22000df14d
000b4c37000df20b
000b4d4c000df2ca
000b4e5f000df389
000b4f72000df44a
000b5084000df50c
000b5195000df5ce
000b52a5000df690
000b53b3000df753
000b54c1000df817
000b55ce000df8db
000b56da000df9a0
000b57e4000dfa65
000b58ed000dfb2b
000b59f5000dfbf2
000b5afd000dfcb9
000b5c02000dfd80
000b5d08000dfe48
000b5e0b000dff10
000b5f0f000dffd8
000b6011000e00a1
000b6112000e016a
000b6212000e0233
000b6312000e02fc
000b6411000e03c5
000b650f000e048e
000b660c000e0557
000b6709000e0620
000b6805000e06e9
000b6901000e07b2
000b69fc000e087a
000b6af7000e0943
000b6bf1000e0a0b
000b6ceb000e0ad3
000b6de5000e0b9a
000b6ede000e0c62
000b6fd6000e0d29
000b70d0000e0def
000b71c8000e0eb5
000b72c0000e0f7a
000b73b8000e103f
000b74af000e1104
000b75a7000e11c8
000b769e000e128b
000b7795000e134e
000b788b000e1411
000b7981000e14d2
000b7a77000e1594
000b7b6d000e1655
000b7c63000e1715
000b7d58000e17d5
000b7e4c000e1894
000b7f40000e1953
000b8034000e1a11
000b8127000e1acf
000b821a000e1b8c
000b830e000e1c49
000b8400000e1d05
000b84f2000e1dc1
000b85e3000e1e7d
000b86d4000e1f38
000b87c4000e1ff3
000b88b5000e20ad
000b89a5000e2167
000b8a93000e2220
000b8b82000e22d9
000b8c71000e2392
000b8d5f000e244a
000b8e4d000e2502
000b8f3a000e25b9
000b9027000e2671
000b9114000e2727
000b9200000e27de
000b92ec000e2894
000b93d8000e294a
000b94c4000e29ff
000b95b0000e2ab4
000b969a000e2b68
000b9785000e2c1d
000b9871000e2cd0
000b995c000e2d84
000b9a46000e2e37
000b9b30000e2ee9
000b9c1b000e2f9b
000b9d05000e304d
000b9def000e30fe
000b9eda000e31af
000b9fc4000e325f
000ba0ad000e330f
000ba197000e33bf
000ba281000e346e
000ba36b000e351e
000ba454000e35cd
000ba53e000e367c
000ba628000e372b
000ba711000e37da
000ba7fa000e3889
000ba8e3000e3938
000ba9cc000e39e6
000baab6000e3a95
000bab9f000e3b43
000bac88000e3bf2
000bad71000e3ca0
000bae5a000e3d4e
000baf42000e3dfc
000bb02b000e3eaa
000bb113000e3f57
000bb1fc000e4005
000bb2e3000e40b2
000bb3cb000e415f
000bb4b4000e420c
000bb59b000e42b9
000bb683000e4366
000bb76a000e4412
000bb851000e44bf
000bb938000e456b
000bba1e000e4618
000bbb04000e46c4
000bbbea000e476f
000bbcd0000e481b
000bbdb5000e48c6
000bbe9a000e4971
000bbf7f000e4a1c
000bc063000e4ac6
000bc147000e4b71
000bc22b000e4c1b
000bc30e000e4cc6
000bc3f1000e4d6f
000bc4d3000e4e19
000bc5b5000e4ec2
000bc697000e4f6b
000bc777000e5013
000bc858000e50bc
000bc938000e5165
000bca17000e520c
000bcaf6000e52b4
000bcbd5000e535b
000bccb3000e5401
000bcd91000e54a8
000bce6d000e554f
000bcf49000e55f5
000bd026000e569a
000bd101000e573f
000bd1db000e57e4
000bd2b5000e5889
000bd390000e592d
000bd468000e59d1
000bd541000e5a74
000bd618000e5b18
000bd6f1000e5bba
000bd7c7000e5c5c
000bd89d000e5cfd
000bd973000e5d9f
000bda48000e5e40
000bdb1d000e5ee0
000bdbf1000e5f81
000bdcc5000e6020
000bdd98000e60bf
000bde6b000e615e
000bdf3d000e61fd
000be00e000e629a
000be0e0000e6337
000be1b0000e63d4
000be281000e6470
000be350000e650c
000be420000e65a8
000be4ef000e6642
000be5bd000e66dc
000be68d000e6777
000be759000e6810
000be827000e68a8
000be8f5000e6941
000be9c1000e69d8
000bea8e000e6a70
000beb5b000e6b06
000bec26000e6b9b
000becf3000e6c31
000bedbe000e6cc6
000bee8a000e6d5a
000bef54000e6dee
000bf01f000e6e81
000bf0ea000e6f14
000bf1b5000e6fa6
000bf27f000e7037
000bf349000e70c8
000bf414000e7158
000bf4de000e71e9
000bf5a7000e7277
000bf671000e7305
000bf73a000e7394
000bf804000e7421
000bf8cd000e74ae
000bf997000e753a
000bfa60000e75c6
000bfb29000e7651
000bfbf3000e76db
000bfcbc000e7765
000bfd85000e77ee
000bfe4e000e7877
000bff17000e78ff
000bffe0000e7986
000c00a8000e7a0d
000c0171000e7a93
000c023a000e7b1a
000c0303000e7b9e
000c03cc000e7c22
000c0494000e7ca7
000c055c000e7d2a
000c0624000e7dad
000c06ed000e7e2f
000c07b5000e7eb1
000c087d000e7f32
000c0946000e7fb3
000c0a0c000e8033
000c0ad5000e80b2
000c0b9c000e8131
000c0c64000e81b0
000c0d2b000e822e
000c0df2000e82ab
000c0eb9000e8328
000c0f7f000e83a4
000c1046000e841f
000c110c000e849b
000c11d1000e8516
000c1297000e8590
000c135d000e860a
000c1422000e8683
000c14e7000e86fc
000c15ab000e8775
000c166f000e87ed
000c1732000e8864
000c17f6000e88db
000c18b9000e8952
000c197b000e89c7
000c1a3d000e8a3d
000c1aff000e8ab3
000c1bc1000e8b27
000c1c82000e8b9c
000c1d42000e8c0f
000c1e01000e8c84
000c1ec0000e8cf7
000c1f80000e8d69
000c203e000e8ddc
000c20fc000e8e4f
000c21b9000e8ec0
000c2276000e8f31
000c2333000e8fa2
000c23ee000e9013
000c24aa000e9084
000c2564000e90f4
000c261e000e9164
000c26d8000e91d3
000c2791000e9242
000c2849000e92b1
000c2901000e9320
000c29b9000e938e
000c2a70000e93fc
000c2b26000e946a
000c2bdb000e94d7
000c2c90000e9545
000c2d46000e95b2
000c2df9000e961e
000c2ead000e968c
000c2f61000e96f8
000c3014000e9765
000c30c6000e97d0
000c3177000e983c
000c3229000e98a8
000c32d9000e9913
000c3389000e997e
000c343a000e99ea
000c34e9000e9a54
000c3598000e9abf
000c3647000e9b2a
000c36f5000e9b94
000c37a4000e9bff
000c3852000e9c69
000c38fe000e9cd3
000c39ac000e9d3d
000c3a58000e9da7
000c3b05000e9e10
000c3bb1000e9e7a
000c3c5d000e9ee4
000c3d08000e9f4d
000c3db4000e9fb6
000c3e5f000ea020
000c3f0a000ea089
000c3fb5000ea0f2
000c4060000ea15b
000c410b000ea1c4
000c41b5000ea22d
000c4260000ea295
000c430a000ea2fe
000c43b3000ea367
000c445e000ea3cf
000c4508000ea438
000c45b1000ea4a0
000c465b000ea508
000c4704000ea571
000c47af000ea5d9
000c4857000ea641
000c4901000ea6a9
000c49ab000ea711
000c4a54000ea779
000c4afe000ea7e1
000c4ba6000ea849
000c4c4f000ea8b1
000c4cf8000ea918
000c4da2000ea980
000c4e4b000ea9e7
000c4ef4000eaa4f
000c4f9d000eaab6
000c5046000eab1e
000c50ef000eab85
000c5197000eabec
000c5240000eac53
000c52e9000eacba
000c5392000ead21
000c543a000ead88
000c54e2000eadef
000c558a000eae55
000c5633000eaebb
000c56da000eaf22
000c5782000eaf88
000c582a000eafee
000c58d2000eb054
000c5978000eb0ba
000c5a20000eb120
000c5ac7000eb186
000c5b6c000eb1eb
000c5c13000eb250
000c5cb9000eb2b6
000c5d5f000eb31b
000c5e04000eb37f
000c5ea9000eb3e4
000c5f4e000eb449
000c5ff2000eb4ad
000c6096000eb511
000c613a000eb575
000c61dd000eb5d8
000c6280000eb63c
000c6323000eb69f
000c63c4000eb703
000c6467000eb766
000c6507000eb7c8
000c65a8000eb82b
000c6648000eb88d
000c66e8000eb8ee
000c6788000eb950
000c6826000eb9b1
000c68c5000eba13
000c6962000eba74
000c69ff000ebad4
000c6a9c000ebb34
000c6b38000ebb94
000c6bd4000ebbf4
000c6c6f000ebc53
000c6d09000ebcb2
000c6da4000ebd10
000c6e3d000ebd6e
000c6ed6000ebdcd
000c6f6e000ebe2a
000c7006000ebe87
000c709e000ebee4
000c7135000ebf40
000c71cb000ebf9d
000c7260000ebff8
000c72f5000ec053
000c738a000ec0ae
000c741f000ec109
000c74b3000ec163
000c7546000ec1bc
000c75d8000ec216
000c766b000ec26e
000c76fe000ec2c6
000c778f000ec31e
000c781f000ec376
000c78b0000ec3cc
000c7941000ec422
000c79d1000ec479
000c7a60000ec4ce
000c7aef000ec523
000c7b7e000ec578
000c7c0d000ec5cc
000c7c9b000ec61f
000c7d29000ec672
000c7db7000ec6c5
000c7e44000ec716
000c7ed1000ec768
000c7f5e000ec7b9
000c7feb000ec80a
000c8078000ec85a
000c8104000ec8a9
000c8190000ec8f8
000c821d000ec946
000c82a8000ec993
000c8334000ec9e1
000c83c0000eca2e
000c844b000eca7a
000c84d6000ecac6
000c8561000ecb10
000c85ed000ecb5b
000c8678000ecba5
000c8703000ecbee
000c878e000ecc38
000c8819000ecc80
000c88a4000eccc8
000c892e000ecd0f
000c89ba000ecd55
000c8a45000ecd9c
000c8ad0000ecde1
000c8b5a000ece27
000c8be5000ece6b
000c8c6f000eceae
000c8cfa000ecef3
000c8d85000ecf35
000c8e0f000ecf77
000c8e9a000ecfb9
000c8f25000ecffa
000c8faf000ed03b
000c9039000ed07c
000c90c4000ed0bb
000c914e000ed0fb
000c91d8000ed139
000c9262000ed177
000c92ec000ed1b5
000c9376000ed1f2
000c9400000ed22e
000c9489000ed26b
000c9513000ed2a6
000c959c000ed2e1
000c9626000ed31d
000c96af000ed357
000c9737000ed390
000c97bf000ed3ca
000c9848000ed402
000c98d0000ed43a
000c9958000ed473
000c99e0000ed4aa
000c9a67000ed4e1
000c9aee000ed517
000c9b74000ed54e
000c9bfa000ed584
000c9c80000ed5b9
000c9d06000ed5ee
000c9d8b000ed623
000c9e10000ed657
000c9e95000ed68a
000c9f19000ed6be
000c9f9c000ed6f1
000ca01f000ed724
000ca0a2000ed756
000ca125000ed788
000ca1a6000ed7b9
000ca228000ed7eb
000ca2a8000ed81c
000ca329000ed84d
000ca3a9000ed87d
000ca428000ed8ad
000ca4a7000ed8dd
000ca525000ed90d
000ca5a3000ed93c
000ca620000ed96b
000ca69d000ed99a
000ca719000ed9c8
000ca795000ed9f6
000ca810000eda24
000ca88b000eda52
000ca905000eda80
000ca97f000edaad
000ca9f8000edada
000caa70000edb07
000caae8000edb34
000cab60000edb60
000cabd7000edb8c
000cac4e000edbb9
000cacc4000edbe5
000cad39000edc10
000cadae000edc3c
000cae24000edc68
000cae97000edc93
000caf0c000edcbe
000caf7f000edce9
000caff3000edd14
000cb065000edd3f
000cb0d8000edd6a
000cb14a000edd95
000cb1bb000eddc0
000cb22c000eddea
000cb29d000ede15
000cb30e000ede3f
000cb37f000ede69
000cb3ef000ede93
000cb45f000edebe
000cb4cf000edee8
000cb53e000edf12
000cb5ae000edf3c
000cb61c000edf66
000cb68b000edf90
000cb6fa000edfba
000cb769000edfe3
000cb7d8000ee00c
000cb845000ee036
000cb8b4000ee060
000cb922000ee089
000cb990000ee0b3
000cb9fe000ee0dd
000cba6c000ee106
000cbada000ee130
000cbb48000ee159
000cbbb6000ee183
000cbc23000ee1ac
000cbc91000ee1d6
000cbcfe000ee1ff
000cbd6c000ee228
000cbdda000ee251
000cbe48000ee27b
000cbeb5000ee2a4
000cbf22000ee2cd
000cbf90000ee2f7
000cbffd000ee320
000cc06b000ee349
000cc0d9000ee372
000cc145000ee39b
000cc1b3000ee3c5
000cc220000ee3ee
000cc28e000ee417
000cc2fb000ee440
000cc368000ee468
000cc3d5000ee491
000cc442000ee4ba
000cc4af000ee4e2
000cc51c000ee50b
000cc589000ee534
000cc5f6000ee55c
000cc662000ee585
000cc6ce000ee5ad
000cc73a000ee5d6
000cc7a7000ee5fe
000cc812000ee626
000cc87e000ee64e
000cc8e9000ee676
000cc955000ee69e
000cc9c0000ee6c6
000cca2a000ee6ed
000cca95000ee715
000ccaff000ee73c
000ccb69000ee763
000ccbd3000ee78a
000ccc3c000ee7b1
000ccca5000ee7d8
000ccd0d000ee7fe
000ccd76000ee825
000ccdde000ee84b
000cce45000ee871
000cceab000ee898
000ccf13000ee8bd
000ccf78000ee8e3
000ccfde000ee908
000cd044000ee92d
000cd0a8000ee951
000cd10c000ee976
000cd170000ee99a
000cd1d3000ee9be
000cd237000ee9e3
000cd299000eea06
000cd2fb000eea29
000cd35c000eea4c
000cd3bd000eea6f
000cd41d000eea91
000cd47d000eeab3
000cd4dc000eead6
000cd53b000eeaf7
000cd599000eeb18
000cd5f7000eeb39
000cd654000eeb59
000cd6b1000eeb7a
000cd70d000eeb9a
000cd769000eebb9
000cd7c5000eebd8
000cd81f000eebf8
000cd879000eec16
000cd8d3000eec34
000cd92d000eec51
000cd986000eec6f
000cd9df000eec8c
000cda37000eeca8
000cda8e000eecc4
000cdae5000eece0
000cdb3c000eecfb
000cdb93000eed15
000cdbe9000eed2f
000cdc3f000eed4a
000cdc95000eed63
000cdcea000eed7c
000cdd3f000eed95
000cdd94000eedad
000cdde7000eedc4
000cde3c000eeddc
000cde90000eedf2
000cdee3000eee08
000cdf36000eee1e
000cdf8a000eee33
000cdfdd000eee48
000ce030000eee5d
000ce082000eee70
000ce0d5000eee83
000ce128000eee96
000ce17b000eeea8
000ce1cc000eeeba
000ce21f000eeecc
000ce271000eeedc
000ce2c3000eeeec
000ce315000eeefc
000ce367000eef0b
000ce3b8000eef1b
000ce40a000eef29
000ce45c000eef36
000ce4ae000eef44
000ce500000eef50
000ce552000eef5c
000ce5a3000eef68
000ce5f5000eef73
000ce647000eef7d
000ce698000eef88
000ce6ea000eef92
000ce73c000eef9a
000ce78e000eefa4
000ce7df000eefac
000ce831000eefb3
000ce883000eefbb
000ce8d4000eefc1
000ce926000eefc7
000ce978000eefcd
000ce9ca000eefd2
000cea1c000eefd7
000cea6c000eefdc
000ceabe000eefdf
000ceb0f000eefe2
000ceb60000eefe6
000cebb1000eefe8
000cec02000eefea
000cec54000eefec
000ceca4000eefed
000cecf5000eefed
000ced45000eefee
000ced96000eefee
000cede5000eefed
000cee35000eefeb
000cee84000eefeb
000ceed4000eefe9
000cef23000eefe6
000cef72000eefe3
000cefc0000eefe1
000cf00f000eefde
000cf05d000eefda
000cf0aa000eefd5
000cf0f8000eefd2
000cf145000eefcd
000cf191000eefc7
000cf1dd000eefc2
000cf229000eefbc
000cf274000eefb6
000cf2c0000eefb0
000cf30a000eefa9
000cf354000eefa2
000cf39e000eef9a
000cf3e7000eef92
000cf42f000eef8a
000cf478000eef83
000cf4c0000eef7b
000cf507000eef72
000cf54d000eef69
000cf593000eef60
000cf5da000eef56
000cf61f000eef4c
000cf664000eef43
000cf6a8000eef39
000cf6ec000eef2e
000cf72f000eef25
000cf772000eef1a
000cf7b5000eef0f
000cf7f7000eef04
000cf838000eeef9
000cf879000eeeee
000cf8b9000eeee3
000cf8f9000eeed7
000cf938000eeecc
000cf978000eeec0
000cf9b7000eeeb4
000cf9f5000eeea8
000cfa33000eee9c
000cfa6f000eee90
000cfaac000eee83
000cfae9000eee77
000cfb25000eee6b
000cfb61000eee5e
000cfb9d000eee52
000cfbd8000eee44
000cfc13000eee37
000cfc4d000eee2b
000cfc87000eee1e
000cfcc1000eee11
000cfcfb000eee04
000cfd35000eedf7
000cfd6e000eedeb
000cfda6000eedde
000cfddf000eedd1
000cfe18000eedc4
000cfe51000eedb7
000cfe89000eeda9
000cfec1000eed9c
000cfefa000eed8f
000cff31000eed82
000cff6a000eed75
000cffa1000eed68
000cffd9000eed5b
000d0011000eed4e
000d0049000eed41
000d007f000eed33
000d00b7000eed26
000d00ef000eed1a
000d0127000eed0d
000d015d000eed00
000d0195000eecf3
000d01cc000eece6
000d0204000eecd9
000d023b000eeccc
000d0272000eecbf
000d02aa000eecb2
000d02e2000eeca5
000d0319000eec98
000d0351000eec8c
000d0388000eec7f
000d03bf000eec72
000d03f7000eec65
000d042e000eec58
000d0466000eec4b
000d049e000eec3e
000d04d5000eec31
000d050c000eec25
000d0544000eec18
000d057a000eec0b
000d05b2000eebfe
000d05ea000eebf1
000d0620000eebe5
000d0658000eebd8
000d068f000eebca
000d06c6000eebbd
000d06fc000eebb0
000d0733000eeba2
000d0769000eeb95
000d079f000eeb88
000d07d6000eeb7b
000d080c000eeb6d
000d0841000eeb60
000d0876000eeb52
000d08ac000eeb45
000d08e1000eeb37
000d0916000eeb29
000d094a000eeb1b
000d097e000eeb0d
000d09b1000eeaff
000d09e5000eeaf0
000d0a19000eeae2
000d0a4c000eead3
000d0a7e000eeac5
000d0aaf000eeab6
000d0ae1000eeaa6
000d0b12000eea97
000d0b43000eea88
000d0b74000eea78
000d0ba4000eea68
000d0bd3000eea58
000d0c03000eea49
000d0c31000eea38
000d0c5f000eea28
000d0c8d000eea17
000d0cbb000eea05
000d0ce7000ee9f4
000d0d14000ee9e2
000d0d3f000ee9d0
000d0d6a000ee9bf
000d0d95000ee9ad
000d0dc0000ee99a
000d0de9000ee987
000d0e13000ee973
000d0e3c000ee960
000d0e64000ee94c
000d0e8d000ee938
000d0eb4000ee924
000d0edb000ee90f
000d0f02000ee8f9
000d0f28000ee8e4
000d0f4e000ee8cf
000d0f73000ee8b8
000d0f98000ee8a2
000d0fbc000ee88a
000d0fe1000ee874
000d1004000ee85c
000d1027000ee844
000d104a000ee82b
000d106d000ee813
000d108f000ee7fa
000d10b1000ee7e0
000d10d2000ee7c6
000d10f4000ee7ac
000d1115000ee791
000d1136000ee775
000d1156000ee75a
000d1176000ee73e
000d1197000ee721
000d11b7000ee705
000d11d7000ee6e7
000d11f6000ee6c9
000d1215000ee6aa
000d1235000ee68c
000d1254000ee66d
000d1273000ee64d
000d1292000ee62d
000d12b1000ee60c
000d12d0000ee5eb
000d12ef000ee5ca
000d130d000ee5a8
000d132c000ee585
000d134a000ee563
000d1369000ee53f
000d1388000ee51b
000d13a6000ee4f7
000d13c5000ee4d2
000d13e3000ee4ac
000d1402000ee487
000d1421000ee460
000d143f000ee439
000d145e000ee413
000d147d000ee3eb
000d149c000ee3c2
000d14b9000ee39a
000d14d8000ee371
000d14f7000ee347
000d1516000ee31e
000d1535000ee2f3
000d1554000ee2c8
000d1572000ee29d
000d1591000ee271
000d15b0000ee245
000d15ce000ee219
000d15ed000ee1eb
000d160c000ee1bd
000d162b000ee18f
000d164a000ee161
000d1668000ee132
000d1687000ee103
000d16a5000ee0d4
000d16c4000ee0a3
000d16e2000ee073
000d1700000ee041
000d171e000ee011
000d173c000edfdf
000d1759000edfad
000d1777000edf7a
000d1794000edf48
000d17b1000edf14
000d17ce000edee1
000d17eb000edead
000d1807000ede78
000d1823000ede44
000d183f000ede0f
000d185a000eddda
000d1875000edda4
000d1890000edd6e
000d18ab000edd39
000d18c5000edd02
000d18df000edccb
000d18f8000edc94
000d1911000edc5d
000d192b000edc25
000d1942000edbed
000d195b000edbb6
000d1972000edb7e
000d1989000edb45
000d199f000edb0c
000d19b5000edad3
000d19cc000eda9a
000d19e0000eda60
000d19f5000eda27
000d1a09000ed9ed
000d1a1e000ed9b3
000d1a31000ed979
000d1a43000ed93e
000d1a56000ed904
000d1a68000ed8ca
000d1a79000ed88f
000d1a8a000ed854
000d1a9b000ed819
000d1aab000ed7de
000d1aba000ed7a3
000d1aca000ed767
000d1ad8000ed72b
000d1ae7000ed6ef
000d1af4000ed6b4
000d1b02000ed678
000d1b0f000ed63c
000d1b1c000ed600
000d1b28000ed5c4
000d1b34000ed588
000d1b40000ed54c
000d1b4a000ed510
000d1b56000ed4d4
000d1b60000ed498
000d1b6b000ed45c
000d1b75000ed420
000d1b7e000ed3e4
000d1b88000ed3a7
000d1b90000ed36a
000d1b9a000ed32e
000d1ba2000ed2f2
000d1bab000ed2b6
000d1bb3000ed27a
000d1bbc000ed23e
000d1bc4000ed202
000d1bcc000ed1c5
000d1bd4000ed189
000d1bdb000ed14d
000d1be3000ed111
000d1bea000ed0d5
000d1bf1000ed099
000d1bf9000ed05d
000d1c00000ed020
000d1c07000ecfe4
000d1c0e000ecfa9
000d1c15000ecf6d
000d1c1c000ecf31
000d1c24000ecef6
000d1c2c000eceb9
000d1c32000ece7e
000d1c3a000ece42
000d1c41000ece07
000d1c48000ecdcc
000d1c4f000ecd90
000d1c56000ecd54
000d1c5e000ecd19
000d1c65000eccde
000d1c6d000ecca3
000d1c75000ecc68
000d1c7c000ecc2d
000d1c83000ecbf2
000d1c8b000ecbb6
000d1c93000ecb7b
000d1c9a000ecb40
000d1ca2000ecb05
000d1caa000ecaca
000d1cb2000eca8f
000d1cb9000eca55
000d1cc0000eca19
000d1cc8000ec9de
000d1cd0000ec9a3
000d1cd7000ec969
000d1cdf000ec92e
000d1ce6000ec8f3
000d1cee000ec8b8
000d1cf5000ec87e
000d1cfc000ec843
000d1d03000ec807
000d1d0a000ec7cc
000d1d11000ec791
000d1d17000ec756
000d1d1e000ec71b
000d1d24000ec6e0
000d1d2a000ec6a5
000d1d30000ec66a
000d1d35000ec62f
000d1d3a000ec5f3
000d1d40000ec5b8
000d1d45000ec57c
000d1d49000ec541
000d1d4c000ec505
000d1d50000ec4c9
000d1d54000ec48d
000d1d57000ec451
000d1d5a000ec415
000d1d5c000ec3d9
000d1d5e000ec39c
000d1d60000ec35f
000d1d62000ec323
000d1d62000ec2e6
000d1d63000ec2a8
000d1d63000ec26b
000d1d62000ec22e
000d1d61000ec1f0
000d1d60000ec1b2
000d1d5e000ec174
000d1d5c000ec136
000d1d59000ec0f8
000d1d56000ec0b9
000d1d52000ec07a
000d1d4e000ec03a
000d1d4a000ebffb
000d1d44000ebfbb
000d1d3f000ebf7b
000d1d3a000ebf3b
000d1d33000ebefa
000d1d2d000ebeb9
000d1d25000ebe78
000d1d1e000ebe36
000d1d16000ebdf5
000d1d0d000ebdb3
000d1d04000ebd71
000d1cfb000ebd2e
000d1cf1000ebceb
000d1ce8000ebca7
000d1cdd000ebc64
000d1cd3000ebc20
000d1cc8000ebbdb
000d1cbc000ebb96
000d1cb1000ebb52
000d1ca5000ebb0c
000d1c98000ebac6
000d1c8c000eba7f
000d1c7f000eba39
000d1c72000eb9f2
000d1c65000eb9aa
000d1c58000eb962
000d1c4a000eb91b
000d1c3d000eb8d2
000d1c2e000eb888
000d1c21000eb83f
000d1c12000eb7f5
000d1c04000eb7ab
000d1bf6000eb760
000d1be8000eb715
000d1bd9000eb6c9
000d1bca000eb67d
000d1bbc000eb631
000d1bad000eb5e4
000d1b9f000eb596
000d1b90000eb549
000d1b82000eb4fb
000d1b73000eb4ac
000d1b64000eb45e
000d1b55000eb40e
000d1b46000eb3bd
000d1b38000eb36d
000d1b29000eb31d
000d1b1b000eb2cb
000d1b0c000eb279
000d1afd000eb228
000d1aef000eb1d5
000d1ae1000eb181
000d1ad3000eb12f
000d1ac5000eb0db
000d1ab6000eb086
000d1aa8000eb032
000d1a9a000eafdd
000d1a8c000eaf87
000d1a7e000eaf30
000d1a70000eaedb
000d1a62000eae84
000d1a54000eae2c
000d1a46000eadd5
000d1a38000ead7d
000d1a2a000ead24
000d1a1c000eaccb
000d1a0e000eac73
000d1a00000eac19
000d19f2000eabbf
000d19e5000eab64
000d19d6000eab0a
000d19c7000eaaaf
000d19b9000eaa53
000d19ab000ea9f7
000d199c000ea99c
000d198d000ea93f
000d197e000ea8e2
000d196f000ea885
000d1960000ea827
000d1950000ea7ca
000d1940000ea76c
000d1930000ea70d
000d1920000ea6ae
000d1910000ea64f
000d18ff000ea5f0
000d18ed000ea591
000d18dc000ea531
000d18ca000ea4d1
000d18b8000ea470
000d18a5000ea410
000d1893000ea3af
000d187f000ea34e
000d186c000ea2ec
000d1859000ea28b
000d1844000ea22a
000d182f000ea1c8
000d181a000ea166
000d1805000ea104
000d17ef000ea0a1
000d17d9000ea03e
000d17c2000e9fdc
000d17aa000e9f79
000d1792000e9f15
000d177a000e9eb2
000d1762000e9e4f
000d1749000e9deb
000d172f000e9d88
000d1715000e9d24
000d16fb000e9cc0
000d16e1000e9c5c
000d16c5000e9bf8
000d16aa000e9b94
000d168e000e9b30
000d1672000e9acc
000d1654000e9a68
000d1637000e9a03
000d1619000e999c
000d15f8000e9936
000d15d9000e98ce
000d15b7000e9866
000d1596000e97fd
000d1574000e9794
000d1552000e972b
000d1531000e96c3
000d1510000e965c
000d14f1000e95f4
000d14d1000e958e
000d14b1000e9527
000d1491000e94c0
000d1472000e9459
000d1453000e93f3
000d1433000e938c
000d1413000e9326
000d13f4000e92c0
000d13d6000e9259
000d13b6000e91f2
000d1396000e918c
000d1376000e9125
000d1356000e90be
000d1336000e9057
000d1317000e8ff1
000d12f7000e8f8b
000d12d8000e8f26
000d12b8000e8ec0
000d1299000e8e5a
000d1279000e8df4
000d1259000e8d8e
000d1238000e8d29
000d1218000e8cc3
000d11f7000e8c5c
000d11d7000e8bf6
000d11b6000e8b8f
000d1194000e8b28
000d1173000e8ac1
000d1152000e8a5b
000d112f000e89f5
000d110d000e898e
000d10e9000e8928
000d10c5000e88c2
000d10a2000e885b
000d107e000e87f6
000d105a000e878f
000d1036000e8728
000d1011000e86c1
000d0fec000e8659
000d0fc7000e85f2
000d0fa1000e858c
000d0f7b000e8524
000d0f55000e84bc
000d0f2d000e8454
000d0f04000e83ec
000d0edc000e8385
000d0eb3000e831c
000d0e8c000e82b3
000d0e65000e824b
000d0e3f000e81e2
000d0e19000e817a
000d0df3000e8112
000d0dcd000e80a9
000d0da8000e8041
000d0d84000e7fd8
000d0d5f000e7f6f
000d0d3a000e7f06
000d0d16000e7e9d
000d0cf1000e7e34
000d0ccb000e7dca
000d0ca6000e7d61
000d0c7f000e7cf7
000d0c59000e7c8d
000d0c34000e7c23
000d0c0e000e7bb9
000d0be8000e7b4e
000d0bc0000e7ae4
000d0b99000e7a78
000d0b71000e7a0d
000d0b4a000e79a2
000d0b22000e7936
000d0afa000e78cb
000d0ad3000e7860
000d0aab000e77f5
000d0a83000e778a
000d0a5b000e7720
000d0a33000e76b7
000d0a0b000e764d
000d09e2000e75e4
000d09b9000e757c
000d0990000e7512
000d0967000e74a9
000d093e000e7440
000d0914000e73d7
000d08ea000e736f
000d08bf000e7307
000d0894000e72a0
000d0868000e7239
000d083c000e71d2
000d0811000e716a
000d07e5000e7101
000d07bb000e7096
000d0791000e702c
000d0765000e6fc1
000d0739000e6f58
000d070c000e6eef
000d06e0000e6e85
000d06b4000e6e1a
000d0688000e6daf
000d065c000e6d43
000d0631000e6cd8
000d0604000e6c6b
000d05db000e6bfd
000d05b1000e6b8e
000d0588000e6b1d
000d0560000e6aac
000d0539000e6a3b
000d0510000e69ca
000d04e6000e6959
000d04bd000e68e7
000d0496000e6874
000d046d000e6800
000d0446000e678c
000d041d000e6719
000d03f4000e66a5
000d03cb000e6632
000d03a1000e65c0
000d0377000e654d
000d034d000e64da
000d0322000e6466
000d02f7000e63f3
000d02cc000e6380
000d02a0000e630d
000d0274000e629b
000d0248000e6228
000d021c000e61b6
000d01ee000e6143
000d01c2000e60d1
000d0195000e605e
000d0167000e5feb
000d013a000e5f78
000d010c000e5f05
000d00df000e5e92
000d00b0000e5e1e
000d0082000e5da9
000d0053000e5d34
000d0023000e5cbe
000cfff3000e5c49
000cffc2000e5bd3
000cff91000e5b5c
000cff60000e5ae6
000cff2e000e5a6f
000cfefe000e59f7
000cfecd000e5981
000cfe9d000e590a
000cfe6c000e5893
000cfe3b000e581c
000cfe0a000e57a5
000cfdd9000e572d
000cfda8000e56b6
000cfd76000e563e
000cfd45000e55c6
000cfd15000e554e
000cfce4000e54d4
000cfcb3000e545c
000cfc81000e53e4
000cfc4e000e536b
000cfc1c000e52f2
000cfbe9000e5279
000cfbb7000e5200
000cfb86000e5187
000cfb53000e510d
000cfb20000e5093
000cfaee000e5019
000cfabb000e4f9f
000cfa88000e4f25
000cfa55000e4eab
000cfa23000e4e2e
000cf9f1000e4db3
000cf9bf000e4d37
000cf98e000e4cbb
000cf95d000e4c3d
000cf92b000e4bc1
000cf8f9000e4b44
000cf8c6000e4ac8
000cf894000e4a4b
000cf860000e49ce
000cf82d000e4951
000cf7fa000e48d3
000cf7c6000e4857
000cf792000e47dc
000cf75e000e4761
000cf72a000e46e5
000cf6f5000e4668
000cf6c0000e45ec
000cf68b000e456f
000cf656000e44f2
000cf621000e4475
000cf5ec000e43f8
000cf5b7000e437c
000cf580000e42ff
000cf54a000e4281
000cf515000e4205
000cf4df000e4188
000cf4aa000e410b
000cf474000e408e
000cf43d000e4011
000cf406000e3f92
000cf3cf000e3f14
000cf397000e3e95
000cf360000e3e16
000cf329000e3d98
000cf2f1000e3d1a
000cf2bc000e3c9e
000cf286000e3c21
000cf251000e3ba5
000cf21b000e3b29
000cf1e6000e3aac
000cf1af000e3a2e
000cf176000e39b0
000cf13e000e3930
000cf105000e38b2
000cf0ce000e3834
000cf096000e37b6
000cf060000e3739
000cf02a000e36bc
000ceff5000e363f
000cefbf000e35c2
000cef87000e3544
000cef50000e34c7
000cef18000e3449
000ceee2000e33cb
000ceea9000e334c
000cee70000e32cd
000cee38000e324f
000cee01000e31d1
000cedc9000e3153
000ced91000e30d4
000ced58000e3056
000ced1f000e2fd7
000cece7000e2f58
000cecae000e2eda
000cec76000e2e5c
000cec3d000e2ddd
000cec04000e2d5f
000cebcb000e2ce1
000ceb92000e2c62
000ceb59000e2be4
000ceb1f000e2b65
000ceae5000e2ae6
000ceaab000e2a67
000cea72000e29e7
000cea38000e2967
000ce9fe000e28e7
000ce9c4000e2867
000ce98a000e27e6
000ce94f000e2766
000ce916000e26e5
000ce8db000e2664
000ce8a1000e25e3
000ce867000e2561
000ce82c000e24df
000ce7f1000e245e
000ce7b6000e23dc
000ce77b000e235a
000ce740000e22d8
000ce705000e2256
000ce6ca000e21d3
000ce68f000e2151
000ce654000e20cf
000ce619000e204c
000ce5dc000e1fc9
000ce5a0000e1f46
000ce563000e1ec2
000ce526000e1e3f
000ce4e7000e1dbb
000ce4a8000e1d37
000ce468000e1cb2
000ce427000e1c2d
000ce3e6000e1ba7
000ce3a3000e1b21
000ce362000e1a9c
000ce321000e1a16
000ce2de000e1990
000ce29d000e190b
000ce25c000e1886
000ce21c000e1801
000ce1dc000e177c
000ce19b000e16f7
000ce15a000e1672
000ce11a000e15ed
000ce0d9000e1569
000ce099000e14e5
000ce058000e1461
000ce017000e13db
000cdfd6000e1355
000cdf95000e12d0
000cdf53000e124b
000cdf13000e11c8
000cded1000e1147
000cde8f000e10c6
000cde4d000e1046
000cde0a000e0fc7
000cddc7000e0f48
000cdd85000e0ec9
000cdd41000e0e4b
000cdcfd000e0dce
000cdcb8000e0d50
000cdc74000e0cd3
000cdc2f000e0c56
000cdbea000e0bd9
000cdba5000e0b5b
000cdb61000e0add
000cdb1b000e0a5f
000cdad5000e09e1
000cda90000e0963
000cda4a000e08e5
000cda05000e0865
000cd9c0000e07e6
000cd97a000e0767
000cd934000e06e8
000cd8ed000e0668
000cd8a8000e05e7
000cd863000e0566
000cd81d000e04e5
000cd7d8000e0464
000cd794000e03e1
000cd74f000e035e
000cd70b000e02da
000cd6c7000e0257
000cd682000e01d3
000cd63b000e0151
000cd5f5000e00cf
000cd5ae000e004d
000cd568000dffca
000cd523000dff44
000cd4dd000dfec0
000cd497000dfe3d
000cd450000dfdb9
000cd409000dfd33
000cd3c4000dfcaf
000cd37d000dfc2a
000cd335000dfba6
000cd2ed000dfb23
000cd2a6000dfa9d
000cd25e000dfa18
000cd216000df993
000cd1cf000df90e
000cd187000df887
000cd13f000df801
000cd0f7000df77b
000cd0af000df6f7
000cd066000df673
000cd01d000df5ef
000ccfd5000df56a
000ccf8b000df4e6
000ccf42000df462
000ccef9000df3de
000cceaf000df359
000cce65000df2d5
000cce1c000df250
000ccdd2000df1cb
000ccd87000df145
000ccd3d000df0bf
000cccf2000df03a
000ccca8000defb4
000ccc60000def2f
000ccc17000deeaa
000ccbcf000dee24
000ccb87000ded9f
000ccb3e000ded19
000ccaf6000dec93
000ccaae000dec0d
000cca66000deb87
000cca1e000deb01
000cc9d6000dea7a
000cc98d000de9f4
000cc944000de96d
000cc8fd000de8e6
000cc8b3000de85f
000cc869000de7d8
000cc81f000de752
000cc7d4000de6cb
000cc78a000de643
000cc73f000de5bc
000cc6f4000de535
000cc6a8000de4ad
000cc65d000de425
000cc613000de39d
000cc5c8000de315
000cc57d000de28c
000cc532000de203
000cc4e7000de17a
000cc49d000de0f1
000cc452000de066
000cc408000ddfdc
000cc3bd000ddf51
000cc372000ddec6
000cc328000dde3b
000cc2dd000dddb0
000cc292000ddd25
000cc246000ddc9a
000cc1fb000ddc0d
000cc1b0000ddb81
000cc165000ddaf3
000cc119000dda66
000cc0cd000dd9d8
000cc081000dd948
000cc035000dd8b9
000cbfe9000dd829
000cbf9d000dd79a
000cbf50000dd70b
000cbf04000dd67b
000cbeb7000dd5eb
000cbe69000dd55c
000cbe1c000dd4cb
000cbdcd000dd439
000cbd7f000dd3a7
000cbd30000dd314
000cbce0000dd281
000cbc91000dd1ee
000cbc42000dd15b
000cbbf4000dd0ca
000cbba6000dd03a
000cbb58000dcfa9
000cbb0c000dcf19
000cbabe000dce87
000cba6e000dcdf5
000cba1e000dcd62
000cb9ce000dcccf
000cb97e000dcc3c
000cb92e000dcba9
000cb8dd000dcb15
000cb88a000dca7f
000cb837000dc9e9
000cb7e3000dc952
000cb78d000dc8ba
000cb739000dc822
000cb6e5000dc78a
000cb68f000dc6f3
000cb63b000dc65c
000cb5e7000dc5c5
000cb594000dc52f
000cb540000dc499
000cb4eb000dc402
000cb498000dc36c
000cb444000dc2d5
000cb3ef000dc23e
000cb39a000dc1a6
000cb344000dc10d
000cb2ee000dc074
000cb298000dbfdb
000cb242000dbf42
000cb1eb000dbea8
000cb194000dbe0d
000cb13e000dbd72
000cb0e6000dbcd7
000cb08e000dbc3c
000cb037000dbba0
000cafe0000dbb04
000caf88000dba68
000caf30000db9cc
000caed7000db930
000cae7e000db894
000cae25000db7fa
000cadcb000db75f
000cad71000db6c4
000cad16000db629
000cacba000db58e
000cac5d000db4f4
000cac00000db459
000caba3000db3bf
000cab44000db325
000caae5000db28a
000caa86000db1f0
000caa26000db155
000ca9c6000db0ba
000ca965000db020
000ca904000daf85
000ca8a4000daeea
000ca845000dae4e
000ca7e4000dadb4
000ca782000dad18
000ca720000dac7c
000ca6bc000dabe0
000ca659000dab44
000ca5f4000daaa8
000ca58f000daa0b
000ca529000da96d
000ca4c2000da8d0
000ca45b000da832
000ca3f2000da795
000ca38b000da6f6
000ca322000da658
000ca2bb000da5ba
000ca252000da51c
000ca1e9000da47d
000ca180000da3de
000ca116000da33f
000ca0ad000da2a0
000ca044000da200
000c9fda000da161
000c9f70000da0c0
000c9f05000da020
000c9e9a000d9f80
000c9e30000d9ee0
000c9dc5000d9e3e
000c9d5b000d9d9d
000c9cef000d9cfa
000c9c83000d9c57
000c9c18000d9bb5
000c9bac000d9b13
000c9b40000d9a71
000c9ad3000d99cf
000c9a67000d992e
000c99fa000d988c
000c998e000d97eb
000c9921000d9748
000c98b5000d96a7
000c9848000d9605
000c97da000d9564
000c976d000d94c2
000c96fe000d9420
000c9692000d937d
000c9625000d92da
000c95b8000d9236
000c954b000d9192
000c94dd000d90ef
000c946e000d904d
000c9400000d8faa
000c9392000d8f07
000c9324000d8e63
000c92b7000d8dbd
000c924a000d8d18
000c91dd000d8c72
000c9170000d8bcd
000c9104000d8b26
000c9096000d8a81
000c9027000d89db
000c8fb9000d8937
000c8f4a000d8891
000c8edc000d87ec
000c8e6e000d8745
000c8e00000d869f
000c8d92000d85f7
000c8d26000d8550
000c8cb8000d84a7
000c8c4b000d83ff
000c8bde000d8356
000c8b72000d82ac
000c8b06000d8202
000c8a99000d8158
000c8a2d000d80ad
000c89c0000d8004
000c8952000d7f5a
000c88e5000d7eb1
000c8876000d7e08
000c8808000d7d60
000c8799000d7cb7
000c872a000d7c0f
000c86bc000d7b65
000c864d000d7abb
000c85de000d7a10
000c856f000d7965
000c8500000d78ba
000c8492000d7810
000c8423000d7765
000c83b4000d76bc
000c8345000d7612
000c82d6000d7569
000c8267000d74c0
000c81f8000d7416
000c8189000d736d
000c811a000d72c3
000c80ab000d7219
000c803b000d7170
000c7fcb000d70c5
000c7f5b000d701c
000c7eec000d6f71
000c7e7e000d6ec7
000c7e0d000d6e1d
000c7d9e000d6d72
000c7d2d000d6cc8
000c7cbb000d6c1d
000c7c4a000d6b73
000c7bd7000d6ac9
000c7b65000d6a1d
000c7af3000d6973
000c7a7f000d68c7
000c7a0a000d681d
000c7994000d6772
000c791f000d66c7
000c78a8000d661c
000c7832000d6570
000c77bc000d64c5
000c7746000d641a
000c76cf000d636f
000c7659000d62c3
000c75e4000d6217
000c756e000d616a
000c74fa000d60be
000c7486000d6010
000c7412000d5f63
000c739d000d5eb5
000c7329000d5e07
000c72b6000d5d59
000c7242000d5caa
000c71ce000d5bfc
000c7159000d5b4d
000c70e4000d5aa0
000c706f000d59f1
000c6ffa000d5942
000c6f86000d5891
000c6f12000d57e2
000c6e9d000d5732
000c6e27000d5682
000c6db2000d55d2
000c6d3d000d5521
000c6cc8000d546f
000c6c52000d53bc
000c6bdc000d5307
000c6b67000d5254
000c6af1000d51a0
000c6a7a000d50eb
000c6a03000d5036
000c698c000d4f80
000c6915000d4eca
000c689e000d4e13
000c6825000d4d5c
000c67ad000d4ca3
000c6733000d4bea
000c66bb000d4b33
000c6643000d4a7c
000c65cc000d49c6
000c6556000d4911
000c64e0000d485c
000c646a000d47a8
000c63f3000d46f3
000c637b000d463b
000c6303000d4585
000c628d000d44d0
000c6216000d441b
000c61a2000d4368
000c612d000d42b4
000c60b7000d4201
000c6043000d414d
000c5fcd000d409a
000c5f5a000d3fe8
000c5ee5000d3f35
000c5e72000d3e83
000c5dfe000d3dd1
000c5d8a000d3d1d
000c5d16000d3c6b
000c5ca2000d3bb9
000c5c2f000d3b08
000c5bbb000d3a55
000c5b47000d39a3
000c5ad4000d38f2
000c5a60000d3841
000c59ed000d378e
000c5979000d36dd
000c5906000d362b
000c5891000d3579
000c581d000d34c6
000c57a8000d3413
000c5733000d3361
000c56bf000d32ad
000c564a000d31fa
000c55d5000d3146
000c5560000d3093
000c54ea000d2fde
000c5475000d2f2a
000c53ff000d2e77
000c5389000d2dc3
000c5314000d2d0f
000c529e000d2c5b
000c5227000d2ba6
000c51b2000d2af2
000c513b000d2a3e
000c50c5000d298a
000c504e000d28d5
000c4fd7000d2820
000c4f61000d276c
000c4ee9000d26b8
000c4e72000d2602
000c4dfd000d254d
000c4d86000d2498
000c4d12000d23e2
000c4c9d000d232d
000c4c29000d2277
000c4bb4000d21c2
000c4b40000d210b
000c4acd000d2056
000c4a59000d1fa1
000c49e5000d1eea
000c496f000d1e34
000c48f8000d1d7d
000c4882000d1cc7
000c480d000d1c11
000c4798000d1b5a
000c4723000d1aa4
000c46af000d19ed
000c463a000d1937
000c45c7000d1881
000c4554000d17cc
000c44e2000d1716
000c4470000d1661
000c43fc000d15aa
000c4387000d14f4
000c4313000d143c
000c429d000d1384
000c4227000d12cc
000c41b1000d1214
000c413c000d115c
000c40c7000d10a5
000c4051000d0fee
000c3fdc000d0f38
000c3f67000d0e81
000c3ef2000d0dca
000c3e7c000d0d13
000c3e07000d0c5c
000c3d91000d0ba5
000c3d1c000d0aed
000c3ca5000d0a34
000c3c2f000d097c
000c3bb9000d08c3
000c3b43000d080b
000c3acc000d0752
000c3a56000d069b
000c39df000d05e3
000c3967000d052c
000c38f1000d0473
000c387a000d03ba
000c3803000d0301
000c378b000d024a
000c3714000d0190
000c369d000d00d7
000c3627000d001c
000c35b1000cff61
000c353b000cfea5
000c34c3000cfdec
000c344c000cfd30
000c33d6000cfc75
000c3360000cfbb8
000c32eb000cfafc
000c3274000cfa3f
000c31fc000cf985
000c3185000cf8c9
000c310d000cf80f
000c3094000cf754
000c301b000cf69a
000c2fa2000cf5de
000c2f2a000cf523
000c2eb3000cf465
000c2e3d000cf3a8
000c2dc6000cf2e9
000c2d52000cf22a
000c2cdd000cf16a
000c2c68000cf0aa
000c2bf4000cefe9
000c2b7f000cef28
000c2b0b000cee67
000c2a96000ceda5
000c2a21000cece4
000c29af000cec21
000c293b000ceb5e
000c28c9000cea99
000c2854000ce9d6
000c27e0000ce914
000c276b000ce852
000c26f6000ce791
000c2682000ce6ce
000c260d000ce60b
000c2597000ce549
000c2522000ce485
000c24ad000ce3c1
000c2438000ce2fd
000c23c3000ce239
000c234e000ce176
000c22d9000ce0b2
000c2263000cdfef
000c21ef000cdf2c
000c2179000cde6a
000c2104000cdda7
000c2090000cdce4
000c201a000cdc21
000c1fa6000cdb5f
000c1f30000cda9c
000c1ebc000cd9d9
000c1e46000cd916
000c1dd0000cd853
000c1d5b000cd78f
000c1ce4000cd6cd
000c1c6e000cd609
000c1bf7000cd546
000c1b82000cd482
000c1b0b000cd3bf
000c1a96000cd2fb
000c1a20000cd237
000c19ac000cd173
000c1936000cd0af
000c18c2000ccfec
000c184b000ccf27
000c17d3000cce64
000c175b000ccda0
000c16e1000cccdc
000c1669000ccc19
000c15f0000ccb55
000c1577000cca91
000c14fe000cc9cd
000c1483000cc90a
000c1409000cc846
000c1390000cc783
000c1316000cc6be
000c129b000cc5f9
000c1221000cc536
000c11a7000cc471
000c112d000cc3ad
000c10b4000cc2e7
000c103b000cc220
000c0fc3000cc158
000c0f4c000cc090
000c0ed4000cbfc8
000c0e5d000cbefe
000c0de6000cbe35
000c0d6e000cbd6a
000c0cf7000cbc9f
000c0c7f000cbbd4
000c0c08000cbb0a
000c0b90000cba3f
000c0b19000cb975
000c0aa0000cb8aa
000c0a28000cb7de
000c09b0000cb713
000c0938000cb647
000c08bf000cb57b
000c0846000cb4ae
000c07cd000cb3e2
000c0753000cb314
000c06da000cb248
000c0662000cb17c
000c05ea000cb0b0
000c0571000cafe5
000c04f8000caf18
000c047d000cae49
000c0401000cad7a
000c0386000cacac
000c030b000cabdd
000c0291000cab10
000c0217000caa44
000c019f000ca978
000c0127000ca8ad
000c00b0000ca7e3
000c0038000ca719
000bffc1000ca64d
000bff48000ca582
000bfed0000ca4b7
000bfe57000ca3eb
000bfdde000ca320
000bfd67000ca256
000bfcf0000ca18c
000bfc79000ca0c3
000bfc02000c9ff9
000bfb8a000c9f2f
000bfb12000c9e63
000bfa99000c9d9a
000bfa22000c9cd0
000bf9aa000c9c04
000bf931000c9b39
000bf8b8000c9a6e
000bf83e000c99a2
000bf7c4000c98d4
000bf749000c9808
000bf6d0000c973c
000bf656000c9671
000bf5dd000c95a6
000bf563000c94db
000bf4ea000c9410
000bf471000c9346
000bf3f8000c927c
000bf37e000c91b2
000bf305000c90e9
000bf28c000c901e
000bf212000c8f54
000bf199000c8e8a
000bf11f000c8dc0
000bf0a5000c8cf6
000bf02b000c8c2a
000befb2000c8b5f
000bef38000c8a94
000beebf000c89c8
000bee45000c88fc
000bedcb000c8831
000bed52000c8766
000becd7000c8699
000bec5e000c85cd
000bebe6000c8500
000beb6f000c8434
000beaf7000c8368
000bea7f000c829b
000bea07000c81cf
000be98d000c8101
000be912000c8035
000be897000c7f68
000be81b000c7e9a
000be79e000c7dcd
000be723000c7d01
000be6a9000c7c33
000be630000c7b67
000be5b6000c7a9a
000be53b000c79cd
000be4c0000c7900
000be444000c7832
000be3c7000c7763
000be34a000c7696
000be2cf000c75c9
000be253000c74fb
000be1d8000c742e
000be15d000c7362
000be0e4000c7295
000be06a000c71c9
000bdff0000c70fc
000bdf76000c702f
000bdefb000c6f61
000bde81000c6e94
000bde05000c6dc7
000bdd8a000c6cf9
000bdd0e000c6c2b
000bdc93000c6b5e
000bdc18000c6a91
000bdb9c000c69c3
000bdb20000c68f4
000bdaa4000c6824
000bda27000c6754
000bd9ab000c6684
000bd92e000c65b6
000bd8b2000c64e6
000bd835000c6418
000bd7b8000c6349
000bd73b000c6278
000bd6bf000c61a8
000bd642000c60d8
000bd5c5000c6007
000bd547000c5f37
000bd4c9000c5e68
000bd44c000c5d97
000bd3ce000c5cc8
000bd350000c5bf8
000bd2d2000c5b28
000bd254000c5a58
000bd1d7000c5987
000bd158000c58b6
000bd0da000c57e7
000bd05b000c5716
000bcfdc000c5647
000bcf5d000c5578
000bcedd000c54a8
000bce5a000c53db
000bcdd8000c530e
000bcd54000c5242
000bcccf000c5177
000bcc4c000c50ac
000bcbc8000c4fdf
000bcb42000c4f15
000bcaba000c4e4c
000bca33000c4d83
000bc9ac000c4cba
000bc925000c4bf0
000bc89e000c4b25
000bc816000c4a5b
000bc78f000c4992
000bc709000c48c7
000bc681000c47fd
000bc5fa000c4732
000bc573000c4667
000bc4ec000c459c
000bc465000c44d0
000bc3de000c4405
000bc357000c433a
000bc2cf000c4270
000bc246000c41a5
000bc1be000c40dc
000bc135000c4012
000bc0ad000c3f49
000bc024000c3e7d
000bbf9b000c3db3
000bbf12000c3ce8
000bbe8a000c3c1d
000bbe01000c3b53
000bbd78000c3a89
000bbcee000c39bf
000bbc65000c38f4
000bbbdb000c3829
000bbb51000c375f
000bbac8000c3694
000bba3f000c35c9
000bb9b4000c34fe
000bb92a000c3432
000bb89e000c3367
000bb812000c329b
000bb786000c31ce
000bb6fa000c3102
000bb66d000c3036
000bb5e0000c2f6a
000bb553000c2e9d
000bb4c7000c2dd0
000bb43b000c2d04
000bb3ae000c2c37
000bb322000c2b6b
000bb295000c2a9e
000bb207000c29d2
000bb17a000c2904
000bb0ec000c2838
000bb05f000c276a
000bafd0000c269e
000baf42000c25d1
000baeb1000c2505
000bae20000c2439
000bad8d000c236d
000bacfb000c22a1
000bac69000c21d4
000babd9000c2108
000bab49000c203a
000baab9000c1f6c
000baa28000c1e9f
000ba997000c1dd3
000ba904000c1d07
000ba86f000c1c3c
000ba7da000c1b72
000ba744000c1aa9
000ba6ac000c19e0
000ba613000c1918
000ba57a000c184f
000ba4df000c1787
000ba444000c16c0
000ba3a7000c15f9
000ba30b000c1533
000ba26d000c146d
000ba1d0000c13a7
000ba131000c12e1
000ba092000c121b
000b9ff2000c1156
000b9f53000c1090
000b9eb4000c0fcb
000b9e13000c0f05
000b9d73000c0e40
000b9cd4000c0d7a
000b9c32000c0cb5
000b9b92000c0bef
000b9af2000c0b29
000b9a51000c0a64
000b99b1000c099e
000b9910000c08d8
000b986f000c0813
000b97ce000c074d
000b972d000c0688
000b968c000c05c1
000b95eb000c04fb
000b954a000c0436
000b94a8000c0370
000b9406000c02aa
000b9363000c01e3
000b92c1000c011e
000b921e000c0059
000b917a000bff93
000b90d5000bfece
000b9031000bfe09
000b8f8b000bfd45
000b8ee5000bfc80
000b8e3d000bfbbc
000b8d96000bfaf8
000b8ced000bfa35
000b8c43000bf972
000b8b98000bf8b0
000b8aed000bf7ef
000b8a40000bf72e
000b8991000bf66e
000b88e1000bf5af
000b8831000bf4f0
000b877f000bf432
000b86cc000bf376
000b8617000bf2ba
000b8561000bf1ff
000b84aa000bf145
000b83f3000bf08c
000b8339000befd5
000b827e000bef1e
000b81c2000bee6a
000b8105000bedb6
000b8047000bed04
000b7f88000bec52
000b7ec7000beba3
000b7e07000beaf5
000b7d45000bea48
000b7c82000be99d
000b7bbe000be8f4
000b7afa000be84b
000b7a36000be7a5
000b7971000be700
000b78ab000be65d
000b77e5000be5bc
000b771f000be51c
000b765a000be47e
000b7594000be3e1
000b74cf000be347
000b7409000be2ad
000b7344000be216
000b7280000be17f
000b71bd000be0ec
000b70fa000be059
000b7037000bdfc8
000b6f76000bdf39
000b6eb5000bdeab
000b6df5000bde20
000b6d37000bdd95
000b6c7a000bdd0b
000b6bbe000bdc84
000b6b03000bdbfd
000b6a4a000bdb79
000b6992000bdaf6
000b68db000bda73
000b6826000bd9f3
000b6771000bd973
000b66bf000bd8f4
000b660e000bd877
000b655e000bd7fb
000b64b0000bd780
000b6403000bd706
000b6358000bd68d
000b62ad000bd614
000b6204000bd59d
000b615d000bd526
000b60b6000bd4b0
000b6010000bd43a
000b5f6c000bd3c5
000b5ec9000bd352
000b5e26000bd2de
000b5d84000bd26a
000b5ce3000bd1f8
000b5c43000bd186
000b5ba4000bd114
000b5b06000bd0a2
000b5a67000bd031
000b59c9000bcfbf
000b592c000bcf4e
000b588f000bcedd
000b57f2000bce6c
000b5755000bcdfb
000b56b9000bcd8a
000b561c000bcd1a
000b5580000bcca8
000b54e3000bcc37
000b5447000bcbc6
000b53ab000bcb55
000b530e000bcae4
000b5272000bca73
000b51d5000bca02
000b5139000bc98f
000b509c000bc91e
000b4ffe000bc8ac
000b4f61000bc83a
000b4ec5000bc7c8
000b4e27000bc756
000b4d8b000bc6e4
000b4cee000bc672
000b4c51000bc5ff
000b4bb4000bc58d
000b4b17000bc51b
000b4a7c000bc4a9
000b49df000bc437
000b4944000bc3c5
000b48a9000bc353
000b480e000bc2e2
000b4774000bc271
000b46db000bc1ff
000b4641000bc18e
000b45aa000bc11d
000b4513000bc0ae
000b447b000bc03e
000b43e6000bbfcf
000b4352000bbf60
000b42be000bbef3
000b422a000bbe85
000b4199000bbe18
000b4108000bbdad
000b4079000bbd42
000b3feb000bbcd7
000b3f5e000bbc6e
000b3ed2000bbc06
000b3e47000bbb9f
000b3dbd000bbb39
000b3d34000bbad4
000b3cad000bba70
000b3c27000bba0d
000b3ba1000bb9ab
000b3b1c000bb94b
000b3a99000bb8eb
000b3a16000bb88e
000b3994000bb832
000b3912000bb7d8
000b3892000bb77f
000b3812000bb727
000b3793000bb6d0
000b3713000bb67c
000b3694000bb629
000b3616000bb5d7
000b3597000bb587
000b3518000bb539
000b3499000bb4ec
000b341a000bb4a0
000b339b000bb457
000b331b000bb410
000b329a000bb3ca
000b3219000bb384
000b3198000bb341
000b3115000bb300
000b3091000bb2c1
000b300d000bb282
000b2f87000bb245
000b2f01000bb20a
000b2e78000bb1d0
000b2df0000bb198
000b2d65000bb161
000b2cd8000bb12b
000b2c4b000bb0f7
000b2bbd000bb0c4
000b2b2c000bb092
000b2a9a000bb062
000b2a07000bb033
000b2972000bb005
000b28db000bafd8
000b2843000bafac
000b27a9000baf81
000b270e000baf56
000b2671000baf2e
000b25d3000baf05
000b2534000baede
000b2492000baeb7
000b23f0000bae90
000b234d000bae6b
000b22a9000bae46
000b2203000bae22
000b215d000badfd
000b20b5000badd9
000b200c000badb6
000b1f62000bad93
000b1eb8000bad70
000b1e0d000bad4e
000b1d61000bad2c
000b1cb6000bad0a
000b1c08000bace8
000b1b5b000bacc6
000b1aad000baca3
000b19ff000bac82
000b1951000bac60
000b18a3000bac3d
000b17f4000bac1c
000b1745000babf9
000b1696000babd8
000b15e7000babb5
000b1539000bab93
000b1489000bab6f
000b13da000bab4d
000b132b000bab29
000b127c000bab06
000b11cc000baae3
000b111d000baabe
000b106d000baa9b
000b0fbe000baa77
000b0f0e000baa53
000b0e5f000baa2f
000b0dae000baa0b
000b0cfe000ba9e6
000b0c4d000ba9c3
000b0b9c000ba99e
000b0aeb000ba979
000b0a38000ba956
000b0985000ba931
000b08d3000ba90d
000b081f000ba8ea
000b076a000ba8c6
000b06b5000ba8a3
000b05ff000ba880
000b0547000ba85d
000b048f000ba83b
000b03d5000ba819
000b031b000ba7f7
000b0260000ba7d7
000b01a4000ba7b7
000b00e6000ba797
000b0027000ba779
000aff67000ba75b
000afea5000ba73e
000afde3000ba721
000afd1f000ba706
000afc59000ba6ec
000afb93000ba6d2
000afacb000ba6ba
000afa03000ba6a2
000af939000ba68c
000af86d000ba677
000af7a1000ba663
000af6d4000ba651
000af606000ba63f
000af535000ba630
000af466000ba621
000af395000ba614
000af2c3000ba609
000af1f1000ba5ff
000af11f000ba5f6
000af04c000ba5ef
000aef79000ba5ea
000aeea5000ba5e6
000aedd1000ba5e3
000aecfe000ba5e2
000aec2a000ba5e2
000aeb57000ba5e5
000aea84000ba5e9
000ae9b2000ba5ee
000ae8df000ba5f5
000ae80e000ba5fe
000ae73d000ba608
000ae66d000ba613
000ae59e000ba621
000ae4d0000ba62f
000ae402000ba63f
000ae337000ba651
000ae26c000ba663
000ae1a2000ba678
000ae0da000ba68d
000ae012000ba6a4
000adf4d000ba6bb
000ade89000ba6d5
000addc6000ba6f0
000add04000ba70a
000adc45000ba727
000adb86000ba745
000adac8000ba764
000ada0e000ba783
000ad953000ba7a4
000ad89a000ba7c5
000ad7e2000ba7e7
000ad72c000ba80a
000ad677000ba82d
000ad5c2000ba852
000ad510000ba876
000ad45e000ba89b
000ad3ad000ba8c1
000ad2fe000ba8e6
000ad24e000ba90d
000ad1a1000ba933
000ad0f3000ba95a
000ad046000ba982
000acf9a000ba9a8
000aceef000ba9d0
000ace44000ba9f8
000acd99000baa20
000accef000baa47
000acc44000baa6e
000acb9a000baa95
000acaf1000baabd
000aca47000baae4
000ac99d000bab0b
000ac8f4000bab32
000ac84a000bab5a
000ac7a1000bab81
000ac6f7000baba7
000ac64e000babcd
000ac5a4000babf3
000ac4fa000bac19
000ac450000bac3e
000ac3a7000bac64
000ac2fd000bac8a
000ac253000bacae
000ac1a8000bacd3
000ac0fe000bacf8
000ac055000bad1c
000abfac000bad40
000abf02000bad65
000abe59000bad89
000abdaf000badad
000abd06000badd1
000abc5e000badf6
000abbb6000bae1a
000abb0f000bae3e
000aba68000bae61
000ab9c2000bae86
000ab91c000baeab
000ab878000baed0
000ab7d4000baef6
000ab731000baf1b
000ab68f000baf41
000ab5ee000baf67
000ab54d000baf8e
000ab4af000bafb6
000ab411000bafde
000ab374000bb008
000ab2d8000bb031
000ab23e000bb05b
000ab1a4000bb086
000ab10c000bb0b2
000ab075000bb0df
000aafde000bb10d
000aaf4a000bb13b
000aaeb6000bb16b
000aae24000bb19c
000aad92000bb1ce
000aad01000bb202
000aac72000bb236
000aabe3000bb26c
000aab55000bb2a3
000aaac7000bb2dc
000aaa3b000bb316
000aa9ae000bb351
000aa923000bb38d
000aa898000bb3cb
000aa80c000bb40b
000aa782000bb44c
000aa6f7000bb48e
000aa66d000bb4d3
000aa5e2000bb518
000aa557000bb560
000aa4cc000bb5a7
000aa440000bb5f2
000aa3b4000bb63e
000aa327000bb68b
000aa299000bb6d9
000aa20b000bb729
000aa17b000bb77b
000aa0eb000bb7ce
000aa05a000bb822
000a9fc8000bb878
000a9f34000bb8d0
000a9e9f000bb928
000a9e08000bb982
000a9d71000bb9dd
000a9cd8000bba39
000a9c3d000bba97
000a9ba1000bbaf5
000a9b04000bbb56
000a9a65000bbbb6
000a99c3000bbc18
000a9922000bbc7c
000a987e000bbcdf
000a97d9000bbd44
000a9732000bbda9
000a968a000bbe10
000a95e1000bbe77
000a9535000bbede
000a948a000bbf47
000a93dc000bbfb0
000a932d000bc019
000a927e000bc083
000a91cc000bc0ed
000a911b000bc158
000a9068000bc1c3
000a8fb3000bc22f
000a8efe000bc29a
000a8e49000bc305
000a8d93000bc371
000a8cdc000bc3dd
000a8c25000bc449
000a8b6d000bc4b5
000a8ab5000bc521
000a89fc000bc58c
000a8944000bc5f8
000a888a000bc664
000a87d1000bc6ce
000a8717000bc73a
000a865e000bc7a5
000a85a4000bc810
000a84ea000bc87b
000a8430000bc8e4
000a8376000bc94e
000a82bd000bc9b8
000a8203000bca22
000a8148000bca8b
000a808e000bcaf4
000a7fd4000bcb5d
000a7f1a000bcbc6
000a7e5f000bcc2d
000a7da6000bcc95
000a7cea000bccfd
000a7c30000bcd65
000a7b75000bcdcc
000a7aba000bce33
000a79fe000bce9a
000a7941000bcf02
000a7885000bcf69
000a77c8000bcfd0
000a770a000bd037
000a764b000bd09e
000a758c000bd106
000a74cc000bd16d
000a740b000bd1d5
000a734a000bd23d
000a7286000bd2a5
000a71c3000bd30e
000a70fe000bd377
000a7038000bd3e0
000a6f71000bd44b
000a6ea8000bd4b5
000a6ddf000bd520
000a6d14000bd58c
000a6c49000bd5f9
000a6b7c000bd666
000a6aad000bd6d3
000a69de000bd742
000a690c000bd7b3
000a683a000bd824
000a6767000bd895
000a6692000bd908
000a65bd000bd97d
000a64e6000bd9f1
000a640e000bda68
000a6335000bdadf
000a625c000bdb58
000a6181000bdbd2
000a60a6000bdc4d
000a5fcb000bdcca
000a5eee000bdd48
000a5e11000bddc7
000a5d34000bde49
000a5c56000bdecb
000a5b79000bdf4e
000a5a9b000bdfd4
000a59bd000be05b
000a58df000be0e3
000a5802000be16c
000a5724000be1f8
000a5648000be284
000a556c000be312
000a5490000be3a2
000a53b6000be433
000a52dc000be4c6
000a5202000be559
000a512a000be5ee
000a5054000be684
000a4f7d000be71d
000a4ea9000be7b5
000a4dd5000be850
000a4d02000be8eb
000a4c31000be988
000a4b63000bea26
000a4a94000beac6
000a49c8000beb65
000a48fc000bec06
000a4833000beca8
000a476a000bed4b
000a46a3000bedf0
000a45de000bee95
000a451a000bef3a
000a4457000befe0
000a4395000bf087
000a42d5000bf12f
000a4217000bf1d7
000a4159000bf27f
000a409d000bf329
000a3fe1000bf3d2
000a3f27000bf47c
000a3e6e000bf526
000a3db4000bf5d1
000a3cfd000bf67c
000a3c45000bf726
000a3b8f000bf7d1
000a3ada000bf87c
000a3a25000bf927
000a396f000bf9d2
000a38bb000bfa7e
000a3807000bfb28
000a3753000bfbd3
000a369f000bfc7e
000a35ec000bfd28
000a3539000bfdd2
000a3486000bfe7d
000a33d3000bff26
000a3320000bffd0
000a326c000c0079
000a31ba000c0122
000a3107000c01cb
000a3053000c0273
000a2fa0000c031b
000a2eec000c03c3
000a2e3a000c046a
000a2d86000c0511
000a2cd2000c05b7
000a2c20000c065e
000a2b6c000c0705
000a2ab9000c07aa
000a2a06000c0851
000a2953000c08f6
000a28a0000c099b
000a27ee000c0a40
000a273c000c0ae6
000a268a000c0b8b
000a25da000c0c2f
000a252a000c0cd5
000a247a000c0d79
000a23cb000c0e1e
000a231c000c0ec3
000a226e000c0f6a
000a21c1000c100f
000a2115000c10b5
000a206a000c115b
000a1fc0000c1201
000a1f17000c12a7
000a1e6f000c134f
000a1dc8000c13f7
000a1d23000c14a0
000a1c7e000c1548
000a1bdb000c15f2
000a1b38000c169c
000a1a98000c1748
000a19f8000c17f4
000a1959000c18a1
000a18bc000c194e
000a181f000c19fd
000a1785000c1aad
000a16e9000c1b5e
000a1650000c1c10
000a15b8000c1cc3
000a1521000c1d77
000a148b000c1e2c
000a13f5000c1ee3
000a1360000c1f9b
000a12ca000c2054
000a1236000c210f
000a11a3000c21cb
000a1110000c2288
000a107c000c2347
000a0fe9000c2406
000a0f56000c24c8
000a0ec3000c258b
000a0e2f000c264f
000a0d9c000c2715
000a0d08000c27dc
000a0c74000c28a5
000a0bde000c296e
000a0b48000c2a39
000a0ab1000c2b06
000a0a1a000c2bd4
000a0981000c2ca4
000a08e8000c2d75
000a084c000c2e47
000a07b1000c2f1b
000a0713000c2fef
000a0675000c30c5
000a05d5000c319c
000a0534000c3274
000a0491000c334e
000a03ec000c3428
000a0347000c3504
000a02a0000c35df
000a01f6000c36bd
000a014d000c379c
000a00a1000c387a
0009fff3000c395a
0009ff45000c3a3b
0009fe95000c3b1c
0009fde3000c3bfe
0009fd31000c3ce0
0009fc7c000c3dc3
0009fbc7000c3ea7
0009fb11000c3f8a
0009fa58000c406e
0009f9a0000c4153
0009f8e6000c4238
0009f82b000c431d
0009f76f000c4401
0009f6b3000c44e7
0009f5f6000c45cd
0009f538000c46b2
0009f479000c4798
0009f3ba000c487c
0009f2fb000c4961
0009f23c000c4a46
0009f17b000c4b2c
0009f0bb000c4c11
0009effa000c4cf5
0009ef38000c4dd9
0009ee78000c4ebd
0009edb6000c4fa1
0009ecf5000c5084
0009ec34000c5167
0009eb73000c524a
0009eab2000c532c
0009e9f0000c540e
0009e92e000c54f0
0009e86e000c55d1
0009e7ac000c56b1
0009e6eb000c5792
0009e629000c5872
0009e568000c5952
0009e4a6000c5a32
0009e3e4000c5b11
0009e322000c5bf0
0009e260000c5ccf
0009e19c000c5dad
0009e0d9000c5e8b
0009e016000c5f69
0009df52000c6047
0009de8d000c6125
0009ddc9000c6203
0009dd02000c62e1
0009dc3c000c63bf
0009db75000c649d
0009daad000c657b
0009d9e3000c665a
0009d91a000c6737
0009d84e000c6817
0009d782000c68f6
0009d6b6000c69d5
0009d5e7000c6ab5
0009d518000c6b95
0009d447000c6c75
0009d375000c6d58
0009d2a2000c6e39
0009d1cd000c6f1c
0009d0f8000c6fff
0009d020000c70e3
0009cf49000c71c8
0009ce70000c72ae
0009cd95000c7395
0009ccb9000c747d
0009cbdd000c7566
0009caff000c764f
0009ca1f000c773a
0009c940000c7826
0009c85f000c7913
0009c77e000c7a02
0009c69c000c7af1
0009c5b9000c7be2
0009c4d6000c7cd4
0009c3f2000c7dc8
0009c30d000c7ebc
0009c229000c7fb3
0009c144000c80aa
0009c060000c81a3
0009bf7b000c829d
0009be97000c8398
0009bdb2000c8495
0009bcce000c8593
0009bbeb000c8693
0009bb08000c8794
0009ba25000c8897
0009b944000c899a
0009b863000c8aa0
0009b783000c8ba6
0009b6a4000c8cae
0009b5c7000c8db6
0009b4eb000c8ec0
0009b40f000c8fcc
0009b335000c90d9
0009b25c000c91e7
0009b185000c92f5
0009b0ae000c9404
0009afda000c9515
0009af07000c9628
0009ae35000c973b
0009ad64000c984e
0009ac96000c9962
0009abc8000c9a78
0009aafb000c9b8e
0009aa32000c9ca5
0009a968000c9dbc
0009a8a0000c9ed4
0009a7da000c9fed
0009a714000ca105
0009a650000ca21e
0009a58d000ca338
0009a4cb000ca452
0009a40b000ca56c
0009a34b000ca687
0009a28b000ca7a2
0009a1cd000ca8bc
0009a10f000ca9d8
0009a053000caaf2
00099f97000cac0e
00099eda000cad28
00099e20000cae43
00099d65000caf5e
00099cab000cb078
00099bf0000cb192
00099b37000cb2ac
00099a7d000cb3c6
000999c4000cb4e0
0009990a000cb5f9
00099850000cb711
00099796000cb82a
000996dd000cb942
00099624000cba59
0009956a000cbb70
000994b1000cbc87
000993f8000cbd9e
0009933d000cbeb3
00099285000cbfc9
000991ca000cc0de
00099111000cc1f4
00099058000cc308
00098f9e000cc41c
00098ee5000cc530
00098e2c000cc644
00098d73000cc757
00098cba000cc86a
00098c02000cc97d
00098b4a000cca8e
00098a93000ccba1
000989db000cccb3
00098925000ccdc5
0009886f000cced7
000987ba000ccfe9
00098706000cd0fa
00098652000cd20d
000985a0000cd31f
000984ee000cd432
0009843e000cd544
0009838d000cd657
000982df000cd76a
00098231000cd87e
00098184000cd992
000980d9000cdaa7
0009802f000cdbbb
00097f86000cdcd1
00097ede000cdde7
00097e38000cdefe
00097d93000ce015
00097cee000ce12e
00097c4b000ce248
00097ba9000ce361
00097b09000ce47c
00097a69000ce598
000979ca000ce6b5
0009792c000ce7d3
0009788f000ce8f2
000977f4000cea13
00097758000ceb34
000976bd000cec57
00097623000ced7a
0009758a000cee9f
000974f1000cefc6
00097459000cf0ed
000973c0000cf216
00097328000cf340
0009728f000cf46c
000971f6000cf599
0009715e000cf6c7
000970c5000cf7f6
0009702c000cf927
00096f92000cfa59
00096ef7000cfb8d
00096e5b000cfcc1
00096dc0000cfdf7
00096d23000cff2f
00096c85000d0067
00096be6000d01a1
00096b46000d02dc
00096aa5000d0418
00096a03000d0556
0009695f000d0694
000968b9000d07d4
00096814000d0915
0009676b000d0a56
000966c2000d0b99
00096617000d0cdd
0009656a000d0e21
000964bd000d0f66
0009640e000d10ad
0009635d000d11f4
000962ab000d133b
000961f6000d1483
00096142000d15cd
0009608c000d1716
00095fd4000d1860
00095f1a000d19aa
00095e60000d1af5
00095da5000d1c40
00095ce8000d1d8b
00095c2b000d1ed6
00095b6c000d2022
00095aad000d216e
000959ec000d22ba
0009592b000d2406
00095869000d2552
000957a6000d269d
000956e3000d27ea
0009561f000d2935
0009555c000d2a80
00095497000d2bcc
000953d2000d2d16
0009530e000d2e62
00095248000d2fac
00095183000d30f6
000950be000d3240
00094ff8000d3388
00094f32000d34d1
00094e6c000d361a
00094da6000d3762
00094ce1000d38aa
00094c1a000d39f1
00094b55000d3b37
00094a90000d3c7e
000949ca000d3dc4
00094904000d3f08
0009483e000d404e
00094778000d4192
000946b2000d42d7
000945ec000d441a
00094525000d455e
0009445e000d46a1
00094398000d47e3
000942d0000d4926
00094208000d4a69
00094140000d4baa
00094077000d4cec
00093fae000d4e2e
00093ee4000d4f6f
00093e19000d50b0
00093d4d000d51f2
00093c80000d5334
00093bb3000d5476
00093ae5000d55b8
00093a16000d56fa
00093945000d583b
00093874000d597e
000937a1000d5ac1
000936cd000d5c03
000935f8000d5d47
00093523000d5e8b
0009344b000d5fd0
00093373000d6115
00093298000d625b
000931be000d63a2
000930e1000d64e9
00093004000d6631
00092f25000d677a
00092e45000d68c4
00092d64000d6a0f
00092c82000d6b5a
00092b9f000d6ca6
00092abb000d6df4
000929d6000d6f44
000928f1000d7093
0009280a000d71e4
00092724000d7336
0009263d000d748a
00092554000d75de
0009246c000d7734
00092384000d788b
0009229b000d79e4
000921b2000d7b3d
000920c9000d7c99
00091fe1000d7df4
00091ef9000d7f52
00091e11000d80b1
00091d29000d8212
00091c43000d8372
00091b5c000d84d6
00091a77000d8639
00091992000d879f
000918af000d8904
000917cc000d8a6c
000916ec000d8bd5
0009160b000d8d3f
0009152c000d8eaa
0009144e000d9016
00091372000d9183
00091296000d92f2
000911bd000d9461
000910e4000d95d1
0009100d000d9742
00090f38000d98b4
00090e63000d9a26
00090d91000d9b9a
00090cc0000d9d0e
00090bf0000d9e83
00090b22000d9ff8
00090a55000da16e
0009098a000da2e5
000908c0000da45b
000907f7000da5d3
0009072f000da74a
00090668000da8c2
000905a3000daa3b
000904de000dabb3
0009041b000dad2b
00090358000daea4
00090296000db01c
000901d5000db194
00090115000db30d
00090055000db486
0008ff96000db5fe
0008fed7000db776
0008fe19000db8ee
0008fd5b000dba65
0008fc9d000dbbdd
0008fbe0000dbd53
0008fb22000dbeca
0008fa65000dc041
0008f9a9000dc1b6
0008f8eb000dc32b
0008f82e000dc4a1
0008f771000dc615
0008f6b4000dc789
0008f5f7000dc8fd
0008f53a000dca6f
0008f47d000dcbe2
0008f3c0000dcd54
0008f303000dcec6
0008f246000dd037
0008f18a000dd1a8
0008f0cd000dd318
0008f011000dd487
0008ef53000dd5f7
0008ee97000dd766
0008eddb000dd8d4
0008ed1f000dda42
0008ec64000ddbb1
0008eba8000ddd1e
0008eaee000dde8c
0008ea34000ddff9
0008e97a000de166
0008e8c1000de2d3
0008e809000de43f
0008e752000de5ab
0008e69b000de718
0008e5e5000de885
0008e530000de9f2
0008e47c000deb5f
0008e3ca000deccc
0008e318000dee39
0008e268000defa7
0008e1b8000df115
0008e10a000df283
0008e05d000df3f2
0008dfb1000df562
0008df06000df6d2
0008de5e000df842
0008ddb5000df9b3
0008dd0e000dfb25
0008dc68000dfc97
0008dbc4000dfe0b
0008db20000dff7f
0008da7d000e00f5
0008d9dc000e026a
0008d93c000e03e1
0008d89c000e0559
0008d7fe000e06d2
0008d7d1000e08d3
0008d812000e0b5a
0008d854000e0de1
0008d894000e1066
0008d8d4000e12eb
0008d915000e156f
0008d956000e17f3
0008d996000e1a76
0008d9d5000e1cf9
0008da15000e1f7a
0008da55000e21fa
0008da95000e247b
0008dad4000e26fa
0008db13000e2979
0008db52000e2bf7
0008db91000e2e75
0008dbcf000e30f1
0008dc0e000e336d
0008dc4c000e35e9
0008dc8a000e3863
0008dcc8000e3ade
0008dd06000e3d57
0008dd44000e3fcf
0008dd82000e4247
0008ddbf000e44be
0008ddfc000e4735
0008de39000e49ab
0008de76000e4c20
0008deb3000e4e95
0008deef000e5108
0008df2b000e537c
0008df68000e55ee
0008dfa4000e585f
0008dfe0000e5ad1
0008e01b000e5d41
0008e057000e5fb1
0008e093000e6220
0008e0ce000e648e
0008e109000e66fc
0008e144000e6969
0008e17f000e6bd5
0008e1b9000e6e41
0008e1f4000e70ac
0008e22e000e7316
0008e269000e757f
0008e2a3000e77e9
0008e2dc000e7a51
0008e316000e7cb8
0008e350000e7f20
0008e389000e8186
0008e3c2000e83eb
0008e3fb000e8651
0008e434000e88b4
0008e46d000e8b18
0008e4a6000e8d7a
0008e4df000e8fdd
0008e517000e923e
0008e54f000e949f
0008e587000e9700
0008e5bf000e995f
0008e5f6000e9bbd
0008e62d000e9e1b
0008e665000ea079
0008e69c000ea2d6
0008e6d3000ea532
0008e70a000ea78d
0008e741000ea9e9
0008e777000eac42
0008e7ae000eae9c
0008e7e3000eb0f4
0008e81a000eb34d
0008e850000eb5a4
0008e885000eb7fb
0008e8bb000eba50
0008e8f0000ebca7
0008e926000ebefb
0008e95b000ec14f
0008e98f000ec3a2
0008e9c5000ec5f5
0008e9f9000ec848
0008ea2e000eca99
0008ea62000ecce9
0008ea96000ecf39
0008eacb000ed188
0008eaff000ed3d8
0008eb32000ed626
0008eb65000ed873
0008eb99000edac0
0008ebcc000edd0b
0008ec00000edf58
0008ec33000ee1a2
0008ec66000ee3ec
0008ec97000ee636
0008ecca000ee87e
0008ecfc000eeac6
0008ed2e000eed0e
0008ed61000eef55
0008ed93000ef19b
0008edc4000ef3e0
0008edf6000ef625
0008ee27000ef869
0008ee59000efaac
0008ee89000efcef
0008eeba000eff32
0008eeeb000f0173
0008ef1b000f03b4
0008ef4c000f05f4
0008ef7d000f0834
0008efac000f0a72
0008efdd000f0cb0
0008f00c000f0eee
0008f03b000f112c
0008f06b000f1368
0008f09b000f15a3
0008f0ca000f17de
0008f0f9000f1a18
0008f127000f1c52
0008f156000f1e8b
0008f185000f20c3
0008f1b3000f22fa
0008f1e2000f2531
0008f210000f2768
0008f23d000f299d
0008f26c000f2bd2
0008f299000f2e07
0008f2c7000f303a
0008f2f4000f326e
0008f321000f34a1
0008f34e000f36d2
0008f37b000f3904
0008f3a8000f3b34
0008f3d4000f3d64
0008f401000f3f93
0008f42e000f41c1
0008f459000f43ef
0008f485000f461c
0008f4b1000f4849
0008f4dc000f4a75
0008f508000f4ca0
0008f533000f4ecb
0008f55e000f50f5
0008f589000f531e
0008f5b4000f5547
0008f5df000f576f
0008f60a000f5996
0008f634000f5bbd
0008f65f000f5de3
0008f688000f6009
0008f6b2000f622d
0008f6dc000f6452
0008f705000f6675
0008f72f000f6898
0008f758000f6aba
0008f782000f6cdc
0008f7ab000f6efd
0008f7d4000f711d
0008f7fc000f733c
0008f824000f755b
0008f84d000f777a
0008f875000f7997
0008f89d000f7bb5
0008f8c5000f7dd1
0008f8ed000f7fed
0008f915000f8208
0008f93d000f8423
0008f964000f863d
0008f98b000f8856
0008f9b2000f8a6f
0008f9d9000f8c87
0008fa00000f8e9e
0008fa26000f90b4
0008fa4d000f92ca
0008fa73000f94e0
0008fa99000f96f5
0008fabf000f9909
0008fae5000f9b1d
0008fb0b000f9d30
0008fb30000f9f42
0008fb55000fa154
0008fb7a000fa364
0008fba0000fa574
0008fbc4000fa784
0008fbe9000fa993
0008fc0e000faba2
0008fc32000fadb0
0008fc56000fafbd
0008fc7b000fb1c9
0008fc9e000fb3d5
0008fcc3000fb5e1
0008fce7000fb7eb
0008fd0a000fb9f6
0008fd2d000fbbff
0008fd51000fbe08
0008fd74000fc00f
0008fd97000fc217
0008fdba000fc41e
0008fddc000fc624
0008fdff000fc82a
0008fe21000fca2e
0008fe43000fcc33
0008fe66000fce37
0008fe87000fd03a
0008fea9000fd23d
0008feca000fd43e
0008feeb000fd63f
0008ff0d000fd840
0008ff2e000fda40
0008ff4f000fdc40
0008ff70000fde3e
0008ff91000fe03c
0008ffb1000fe23a
0008ffd2000fe437
0008fff2000fe633
00090013000fe82e
00090032000fea29
00090052000fec24
00090071000fee1e
00090090000ff016
000900b0000ff20f
000900cf000ff407
000900ee000ff5fe
0009010d000ff7f4
0009012c000ff9ea
0009014b000ffbe0
00090169000ffdd5
00090188000fffc8
000901a6001001bc
000901c3001003af
000901e1001005a1
000901ff00100793
0009021d00100984
0009023a00100b75
0009025700100d64
0009027500100f53
0009029100101142
000902ae0010132f
000902ca0010151d
000902e80010170a
00090303001018f5
0009032000101ae1
0009033c00101ccc
0009035700101eb6
00090374001020a0
0009038f00102289
000903ab00102472
000903c600102659
000903e100102840
000903fc00102a27
0009041700102c0c
0009043200102df2
0009044d00102fd7
00090468001031bb
000904810010339e
0009049c00103581
000904b500103763
000904cf00103945
000904e900103b26
0009050200103d06
0009051c00103ee7
00090535001040c5
0009054f001042a4
0009056700104481
000905800010465f
000905990010483c
000905b200104a18
000905ca00104bf4
000905e300104dce
000905fa00104fa9
0009061200105183
0009062a0010535c
0009064200105535
0009065a0010570c
00090671001058e4
0009068800105abb
0009069f00105c90
000906b600105e66
000906cd0010603a
000906e30010620f
000906fa001063e2
00090710001065b6
0009072700106789
0009073d0010695a
0009075300106b2c
0009076800106cfc
0009077d00106ecc
000907930010709b
000907a80010726b
000907be00107438
000907d400107606
000907e7001077d3
000907fd001079a0
0009081100107b6c
0009082600107d37
0009083a00107f02
0009084e001080cb
0009086300108295
000908760010845e
0009088900108626
0009089e001087ee
000908b2001089b5
000908c400108b7b
000908d700108d41
000908eb00108f06
000908fd001090cb
000909100010928f
0009092300109452
0009093600109615
00090948001097d7
0009095a00109999
0009096c00109b5a
0009097e00109d1b
0009099000109eda
000909a10010a09a
000909b30010a259
000909c30010a417
000909d50010a5d4
000909e60010a792
000909f60010a94e
00090a080010ab09
00090a180010acc5
00090a280010ae7f
00090a390010b039
00090a490010b1f3
00090a590010b3ac
00090a690010b564
00090a790010b71b
00090a880010b8d3
00090a980010ba89
00090aa70010bc3f
00090ab60010bdf4
00090ac50010bfa9
00090ad50010c15d
00090ae30010c310
00090af20010c4c3
00090aff0010c675
00090b0e0010c827
00090b1c0010c9d9
00090b2b0010cb89
00090b390010cd39
00090b460010cee8
00090b530010d097
00090b610010d246
00090b6e0010d3f3
00090b7c0010d5a0
00090b890010d74d
00090b960010d8f8
00090ba30010daa4
00090baf0010dc4f
00090bbc0010ddf8
00090bc80010dfa3
00090bd40010e14b
00090be10010e2f3
00090bec0010e49c
00090bf80010e643
00090c030010e7e9
00090c0f0010e990
00090c1a0010eb35
00090c260010ecda
00090c300010ee7f
00090c3c0010f022
00090c460010f1c5
00090c510010f368
00090c5c0010f50a
00090c650010f6ab
00090c700010f84c
00090c7a0010f9ed
00090c850010fb8c
00090c8e0010fd2b
00090c980010feca
00090ca100110068
00090cab00110205
00090cb4001103a3
00090cbd0011053f
00090cc6001106da
00090ccf00110875
00090cd700110a10
00090ce000110baa
00090ce800110d43
00090cf200110edc
00090cf900111075
00090d010011120c
00090d09001113a3
00090d1100111539
00090d18001116d0
00090d2000111865
00090d27001119fa
00090d2e00111b8d
00090d3600111d22
00090d3c00111eb5
00090d4300112047
00090d4a001121d9
00090d500011236a
00090d57001124fc
00090d5d0011268c
00090d630011281b
00090d69001129aa
00090d6e00112b39
00090d7400112cc7
00090d7a00112e54
00090d8000112fe1
00090d850011316d
00090d89001132fa
00090d8f00113485
00090d930011360f
00090d9900113799
00090d9d00113922
00090da200113aab
00090da600113c34
00090daa00113dbc
00090dae00113f43
00090db1001140c9
00090db60011424f
00090db9001143d5
00090dbd0011455a
00090dc0001146de
00090dc400114862
00090dc7001149e5
00090dca00114b68
00090dcc00114cea
00090dcf00114e6c
00090dd100114fed
00090dd40011516d
00090dd6001152ed
00090dd90011546c
00090ddb001155eb
00090ddc00115769
00090dde001158e7
00090de000115a64
00090de200115be1
00090de200115d5d
00090de300115ed8
00090de500116053
00090de6001161cd
00090de700116347
00090de7001164c0
00090de800116638
00090de8001167b1
00090de900116929
00090de900116a9f
00090de900116c16
00090de900116d8c
00090de900116f01
00090de800117075
00090de7001171ea
00090de70011735d
00090de6001174d0
00090de500117643
00090de5001177b5
00090de300117926
00090de200117a97
00090de000117c08
00090ddf00117d78
00090ddd00117ee7
00090ddb00118056
00090dd9001181c4
00090dd700118331
00090dd40011849e
00090dd20011860b
00090dd000118777
00090dce001188e2
00090dca00118a4d
00090dc700118bb7
00090dc400118d21
00090dc100118e8a
00090dbe00118ff2
00090dbb0011915b
00090db6001192c2
00090db200119429
00090daf00119590
00090dac001196f5
00090da80011985b
00090da3001199c0
00090d9f00119b24
00090d9a00119c88
00090d9500119deb
00090d9000119f4d
00090d8c0011a0b0
00090d870011a211
00090d810011a372
00090d7d0011a4d3
00090d770011a633
00090d710011a792
00090d6c0011a8f1
00090d660011aa4f
00090d600011abad
00090d590011ad0a
00090d540011ae67
00090d4d0011afc3
00090d470011b11e
00090d400011b279
00090d390011b3d4
00090d320011b52e
00090d2c0011b687
00090d250011b7e0
00090d1e0011b939
00090d160011ba90
00090d0e0011bbe8
00090d070011bd3f
00090cff0011be95
00090cf70011bfeb
00090cef0011c140
00090ce70011c294
00090cdf0011c3e8
00090cd60011c53b
00090cce0011c68f
00090cc50011c7e1
00090cbc0011c933
00090cb30011ca85
00090cab0011cbd6
00090ca20011cd26
00090c980011ce75
00090c8e0011cfc4
00090c850011d113
00090c7b0011d261
00090c720011d3af
00090c680011d4fc
00090c5e0011d649
00090c540011d795
00090c490011d8e1
00090c3f0011da2b
00090c340011db76
00090c2a0011dcc0
00090c1f0011de09
00090c140011df52
00090c090011e09b
00090bfe0011e1e2
00090bf20011e329
00090be70011e470
00090bdb0011e5b7
00090bcf0011e6fc
00090bc40011e842
00090bb70011e986
00090bab0011eaca
00090b9f0011ec0e
00090b930011ed51
00090b860011ee93
00090b7a0011efd6
00090b6d0011f116
00090b600011f257
00090b530011f398
00090b460011f4d8
00090b390011f618
00090b2c0011f756
00090b1e0011f894
00090b100011f9d2
00090b020011fb10
00090af50011fc4d
00090ae70011fd88
00090ad80011fec4
00090acb00120000
00090abc0012013a
00090aad00120274
00090a9f001203ae
00090a90001204e7
00090a8100120620
00090a7200120757
00090a620012088f
00090a53001209c6
00090a4400120afd
00090a3500120c33
00090a2500120d68
00090a1500120e9d
00090a0500120fd2
000909f500121106
000909e500121238
000909d50012136b
000909c50012149e
000909b4001215cf
000909a400121701
0009099200121832
0009098200121962
0009097000121a91
0009096000121bc1
0009094e00121cf0
0009093d00121e1e
0009092b00121f4b
0009091a00122079
00090908001221a6
000908f7001222d1
000908e4001223fd
000908d200122529
000908bf00122653
000908ad0012277d
0009089b001228a7
00090888001229d0
0009087500122af8
0009086300122c21
0009084f00122d48
0009083d00122e6f
0009082900122f96
00090817001230bc
00090802001231e1
000907f000123306
000907db0012342b
000907c80012354e
000907b300123672
000907a000123795
0009078b001238b7
00090777001239d9
0009076200123afb
0009074e00123c1c
0009073900123d3c
0009072400123e5c
0009070f00123f7b
000906fa0012409b
000906e5001241b8
000906cf001242d7
000906ba001243f4
000906a400124511
0009068f0012462d
0009067a0012474a
0009066300124865
0009064e00124980
0009063700124a9a
0009062100124bb4
0009060b00124cce
000905f400124de6
000905dd00124eff
000905c600125016
000905af0012512e
0009059900125245
000905820012535b
0009056b00125471
0009055300125586
0009053b0012569b
00090524001257b0
0009050c001258c3
000904f4001259d7
000904dd00125ae9
000904c400125bfc
000904ac00125d0d
0009049400125e1f
0009047b00125f30
0009046300126040
0009044a00126150
000904310012625f
000904180012636e
000904000012647c
000903e60012658a
000903cd00126697
000903b3001267a4
0009039a001268b1
00090381001269bd
0009036700126ac9
0009034d00126bd3
0009033400126cde
0009031800126de7
000902fe00126ef1
000902e400126ff9
000902ca00127102
000902af0012720a
0009029400127312
0009027900127418
0009025f0012751f
0009024300127624
000902290012772a
0009020d0012782f
000901f200127934
000901d600127a37
000901bb00127b3b
0009019f00127c3e
0009018300127d41
0009016700127e43
0009014b00127f45
0009012f00128045
0009011300128146
000900f600128246
000900d900128346
000900bd00128445
000900a000128544
0009008300128641
0009006600128740
000900490012883c
0009002b0012893a
0009000e00128a35
0008fff000128b30
0008ffd300128c2c
0008ffb500128d26
0008ff9800128e21
0008ff7a00128f1b
0008ff5b00129014
0008ff3d0012910d
0008ff1f00129206
0008ff01001292fd
0008fee2001293f4
0008fec3001294eb
0008fea4001295e1
0008fe85001296d8
0008fe67001297cd
0008fe47001298c2
0008fe28001299b6
0008fe0900129aaa
0008fde900129b9e
0008fdc900129c90
0008fdaa00129d83
0008fd8a00129e75
0008fd6a00129f66
0008fd4a0012a058
0008fd2a0012a148
0008fd0a0012a239
0008fce90012a328
0008fcc80012a417
0008fca80012a506
0008fc870012a5f4
0008fc660012a6e2
0008fc460012a7cf
0008fc250012a8bc
0008fc040012a9a8
0008fbe20012aa94
0008fbc00012ab7f
0008fb9f0012ac6a
0008fb7d0012ad54
0008fb5c0012ae3f
0008fb390012af28
0008fb180012b011
0008faf50012b0fa
0008fad30012b1e1
0008fab10012b2c9
0008fa8f0012b3b0
0008fa6c0012b497
0008fa4a0012b57c
0008fa260012b663
0008fa030012b748
0008f9e10012b82d
0008f9be0012b911
0008f99a0012b9f4
0008f9770012bad7
0008f9530012bbbb
0008f9300012bc9d
0008f90c0012bd7e
0008f8e80012be60
0008f8c50012bf41
0008f8a00012c021
0008f87d0012c102
0008f8580012c1e1
0008f8340012c2c0
0008f80f0012c39f
0008f7eb0012c47d
0008f7c60012c55a
0008f7a10012c638
0008f77d0012c714
0008f7580012c7f0
0008f7320012c8cc
0008f70d0012c9a8
0008f6e70012ca82
0008f6c20012cb5c
0008f69c0012cc37
0008f6770012cd10
0008f6510012cde9
0008f62b0012cec1
0008f6050012cf9a
0008f5df0012d071
0008f5b80012d148
0008f5930012d21e
0008f56c0012d2f5
0008f5460012d3cb
0008f51e0012d4a0
0008f4f80012d575
0008f4d00012d649
0008f4aa0012d71d
0008f4830012d7f0
0008f45b0012d8c4
0008f4340012d996
0008f40d0012da68
0008f3e50012db39
0008f3bd0012dc0b
0008f3960012dcdc
0008f36e0012ddab
0008f3450012de7b
0008f31d0012df4a
0008f2f50012e01a
0008f2cd0012e0e8
0008f2a50012e1b5
0008f27c0012e283
0008f2540012e350
0008f22b0012e41d
0008f2020012e4e8
0008f1d90012e5b4
0008f1b00012e67f
0008f1870012e74a
0008f15e0012e814
0008f1340012e8de
0008f10a0012e9a7
0008f0e10012ea70
0008f0b70012eb39
0008f08d0012ec00
0008f0640012ecc8
0008f0390012ed8f
0008f00f0012ee55
0008efe50012ef1c
0008efbb0012efe1
0008ef900012f0a6
0008ef660012f16b
0008ef3b0012f22f
0008ef100012f2f3
0008eee50012f3b7
0008eeba0012f47a
0008ee8e0012f53c
0008ee640012f5fe
0008ee380012f6c0
0008ee0d0012f780
0008ede00012f841
0008edb50012f902
0008ed8a0012f9c2
0008ed5e0012fa81
0008ed320012fb40
0008ed060012fbfe
0008ecd90012fcbc
0008ecad0012fd7a
0008ec810012fe37
0008ec540012fef4
0008ec270012ffb0
0008ebfb0013006b
0008ebce00130127
0008eba1001301e1
0008eb730013029c
0008eb4600130355
0008eb1900130410
0008eaec001304c9
0008eabf00130581
0008ea9100130639
0008ea63001306f1
0008ea36001307a8
0008ea080013085f
0008e9da00130915
0008e9ab001309cb
0008e97d00130a81
0008e94f00130b36
0008e92000130beb
0008e8f100130c9f
0008e8c400130d52
0008e89500130e06
0008e86600130eb8
0008e83700130f6b
0008e8080013101c
0008e7d9001310ce
0008e7a90013117f
0008e77a0013122f
0008e74b001312e0
0008e71b00131390
0008e6ec0013143f
0008e6bc001314ee
0008e68c0013159d
0008e65c0013164b
0008e62b001316f8
0008e5fc001317a5
0008e5ca00131852
0008e59b001318fe
0008e56a001319a9
0008e53a00131a55
0008e50800131b00
0008e4d800131baa
0008e4a700131c54
0008e47500131cfe
0008e44400131da7
0008e41400131e4f
0008e3e100131ef8
0008e3b000131f9f
0008e37f00132047
0008e34e001320ee
0008e31c00132194
0008e2ea0013223a
0008e2b8001322e0
0008e28600132385
0008e2540013242a
0008e221001324ce
0008e1ef00132572
0008e1bd00132616
0008e18a001326b9
0008e1580013275b
0008e125001327fe
0008e0f20013289f
0008e0bf00132941
0008e08c001329e2
0008e05800132a82
0008e02500132b22
0008dff100132bc2
0008dfbf00132c61
0008df8b00132d00
0008df5700132d9e
0008df2300132e3c
0008deef00132eda
0008debc00132f77
0008de8700133013
0008de53001330af
0008de1f0013314b
0008ddea001331e7
0008ddb600133282
0008dd820013331c
0008dd4c001333b6
0008dd1800133450
0008dce3001334e9
0008dcad00133582
0008dc790013361a
0008dc43001336b2
0008dc0e0013374a
0008dbd9001337e0
0008dba300133876
0008db6e0013390d
0008db38001339a3
0008db0200133a38
0008dacd00133acd
0008da9600133b62
0008da6000133bf6
0008da2a00133c89
0008d9f400133d1d
0008d9bd00133db0
0008d98700133e42
0008d95100133ed3
0008d91900133f65
0008d8e300133ff6
0008d8ab00134087
0008d87500134117
0008d83e001341a7
0008d80700134237
0008d7cf001342c6
0008d79800134355
0008d760001343e3
0008d72900134470
0008d6f1001344fd
0008d6b90013458a
0008d68100134617
0008d649001346a3
0008d6110013472f
0008d5d9001347ba
0008d5a100134845
0008d569001348cf
0008d53000134959
0008d4f8001349e2
0008d4bf00134a6c
0008d48600134af5
0008d44d00134b7d
0008d41400134c05
0008d3db00134c8c
0008d3a300134d13
0008d36900134d9a
0008d32f00134e20
0008d2f600134ea6
0008d2bd00134f2c
0008d28300134fb1
0008d24900135035
0008d20f001350b9
0008d1d60013513d
0008d19b001351c0
0008d16200135243
0008d127001352c6
0008d0ed00135347
0008d0b2001353c9
0008d0780013544b
0008d03d001354cc
0008d0020013554c
0008cfc8001355cc
0008cf8d0013564b
0008cf52001356cb
0008cf170013574a
0008cedc001357c8
0008cea000135847
0008ce65001358c3
0008ce2a00135941
0008cdee001359be
0008cdb300135a3a
0008cd7700135ab6
0008cd3a00135b31
0008ccff00135bac
0008ccc300135c27
0008cc8700135ca2
0008cc4a00135d1c
0008cc0e00135d95
0008cbd200135e0e
0008cb9500135e87
0008cb5900135eff
0008cb1c00135f77
0008cadf00135fee
0008caa200136066
0008ca65001360dc
0008ca2800136152
0008c9eb001361c8
0008c9ae0013623e
0008c970001362b3
0008c93300136327
0008c8f50013639b
0008c8b70013640f
0008c87a00136483
0008c83c001364f5
0008c7fe00136568
0008c7c0001365db
0008c7820013664d
0008c744001366bd
0008c7060013672f
0008c6c70013679f
0008c68900136810
0008c64b0013687f
0008c60c001368ef
0008c5cd0013695e
0008c58e001369cd
0008c54f00136a3a
0008c51000136aa8
0008c4d100136b16
0008c49200136b82
0008c45300136bef
0008c41300136c5c
0008c3d400136cc8
0008c39400136d33
0008c35400136d9e
0008c31500136e09
0008c2d400136e72
0008c29500136edc
0008c25500136f46
0008c21500136faf
0008c1d400137017
0008c19400137080
0008c154001370e8
0008c1130013714f
0008c0d3001371b6
0008c0920013721d
0008c05100137283
0008c010001372e9
0008bfcf0013734f
0008bf8e001373b3
0008bf4d00137418
0008bf0c0013747d
0008becb001374e0
0008be8900137544
0008be48001375a7
0008be71001375d0
0008bf0a001375c3
0008bfa2001375b5
0008c03a001375a8
0008c0d20013759a
0008c16a0013758d
0008c2030013757e
0008c29a00137571
0008c33400137564
0008c3cc00137555
0008c46500137548
0008c4fd0013753c
0008c5980013752f
0008c63100137523
0008c6ca00137517
0008c7650013750b
0008c80000137500
0008c89c001374f5
0008c938001374eb
0008c9d3001374e1
0008ca70001374d7
0008cb0e001374d0
0008cbac001374c7
0008cc49001374c1
0008cce9001374b9
0008cd87001374b4
0008ce27001374af
0008cec6001374aa
0008cf66001374a6
0008d006001374a4
0008d0a6001374a2
0008d1460013749f
0008d1e60013749f
0008d2860013749f
0008d3260013749f
0008d3c5001374a0
0008d464001374a2
0008d502001374a4
0008d5a1001374a7
0008d63f001374aa
0008d6db001374ae
0008d777001374b3
0008d812001374b8
0008d8ab001374bd
0008d944001374c3
0008d9db001374c9
0008da71001374d0
0008db06001374d7
0008db99001374dd
0008dc2b001374e5
0008dcbb001374ec
0008dd4a001374f3
0008ddd6001374fb
0008de6200137502
0008deeb00137509
0008df7200137510
0008dff700137517
0008e07b0013751e
0008e0fc00137524
0008e17b0013752a
0008e1f900137531
0008e27500137535
0008e2ef0013753a
0008e3660013753e
0008e3dc00137542
0008e45000137545
0008e4c300137548
0008e5330013754a
0008e5a20013754b
0008e60f0013754a
0008e67b0013754a
0008e6e600137549
0008e74e00137547
0008e7b700137543
0008e81c00137540
0008e8820013753a
0008e8e500137535
0008e9490013752e
0008e9ab00137526
0008ea0c0013751c
0008ea6d00137513
0008eacd00137507
0008eb2c001374fc
0008eb8a001374ef
0008ebea001374e1
0008ec48001374d1
0008eca5001374c2
0008ed03001374b1
0008ed600013749f
0008edbe0013748c
0008ee1b00137478
0008ee7800137463
0008eed60013744e
0008ef3200137438
0008ef8f00137420
0008efec00137408
0008f04a001373ef
0008f0a8001373d6
0008f105001373bc
0008f163001373a2
0008f1c000137386
0008f21e0013736b
0008f27b0013734f
0008f2d900137331
0008f33600137315
0008f394001372f7
0008f3f1001372da
0008f44e001372bc
0008f4ab0013729e
0008f50700137280
0008f56300137262
0008f5bf00137244
0008f61a00137226
0008f67500137208
0008f6cf001371ea
0008f728001371cc
0008f781001371af
0008f7d900137192
0008f83100137176
0008f88700137159
0008f8dd0013713d
0008f93200137122
0008f98700137107
0008f9d9001370ec
0008fa2c001370d3
0008fa7c001370b9
0008facd001370a0
0008fb1d00137089
0008fb6b00137071
0008fbb90013705b
0008fc0600137045
0008fc520013702f
0008fc9e0013701c
0008fce800137008
0008fd3200136ff5
0008fd7b00136fe4
0008fdc400136fd2
0008fe0c00136fc1
0008fe5400136fb1
0008fe9b00136fa3
0008fee300136f94
0008ff2a00136f87
0008ff7000136f7a
0008ffb800136f6e
0008ffff00136f62
0009004600136f58
0009008e00136f4e
000900d600136f44
0009011f00136f3b
0009016800136f33
000901b100136f2a
000901fc00136f23
0009024700136f1b
0009029400136f14
000902e200136f0e
0009033000136f07
0009037f00136f01
000903d100136efb
0009042300136ef5
0009047700136eef
000904cc00136eea
0009052300136ee4
0009057a00136edd
000905d400136ed8
0009062f00136ed1
0009068c00136ecb
000906ea00136ec4
0009074a00136ebc
000907aa00136eb5
0009080c00136ead
0009087100136ea5
000908d600136e9c
0009093d00136e92
000909a500136e88
00090a0e00136e7d
00090a7900136e71
00090ae500136e65
00090b5200136e58
00090bbf00136e4a
00090c2e00136e3b
00090c9d00136e2c
00090d0e00136e1b
00090d7f00136e0a
00090df000136df8
00090e6200136de5
00090ed500136dd2
00090f4700136dbc
00090fba00136da6
0009102d00136d90
000910a100136d78
0009111400136d5f
0009118800136d45
000911fb00136d2a
0009126d00136d10
000912e000136cf3
0009135300136cd5
000913c500136cb8
0009143600136c99
000914a800136c79
0009151900136c58
0009158900136c38
000915fa00136c16
0009166900136bf3
000916d800136bcf
0009174600136bac
000917b400136b88
0009182200136b62
0009188f00136b3d
000918fc00136b17
0009196800136af1
000919d400136acb
00091a3f00136aa4
00091aac00136a7d
00091b1700136a55
00091b8200136a2e
00091bed00136a07
00091c58001369df
00091cc3001369b9
00091d2e00136992
00091d990013696a
00091e0400136944
00091e700013691d
00091edc001368f7
00091f48001368d1
00091fb5001368ac
0009202100136886
0009208e00136861
000920fc0013683e
0009216a0013681a
000921d9001367f7
00092248001367d5
000922b7001367b4
0009232800136793
0009239900136772
0009240a00136752
0009247b00136734
000924ed00136716
0009255f001366f8
000925d2001366dd
00092645001366c1
000926b9001366a6
0009272d0013668d
000927a000136674
000928140013665c
0009288800136644
000928fc0013662e
0009297000136618
000929e400136603
00092a57001365f0
00092ac9001365dc
00092b3c001365c9
00092bad001365b8
00092c1e001365a6
00092c8e00136596
00092cfd00136587
00092d6b00136577
00092dd800136568
00092e440013655a
00092eaf0013654d
00092f180013653f
00092f8000136532
00092fe600136526
0009304b0013651a
000930af0013650e
0009311000136502
0009316f001364f7
000931cd001364eb
00093229001364df
00093283001364d4
000932dc001364c8
00093333001364bd
00093387001364b2
000933d9001364a6
0009342a00136499
000934790013648c
000934c50013647f
0009351100136473
0009355900136464
000935a100136456
000935e700136448
0009362a00136439
0009366d00136429
000936ae00136418
000936ed00136407
0009372b001363f5
00093768001363e3
000937a4001363d0
000937dd001363bc
00093817001363a7
0009384f00136391
000938860013637b
000938bc00136363
000938f20013634a
0009392800136331
0009395c00136317
00093990001362fd
000939c4001362e1
000939f7001362c5
00093a2a001362a7
00093a5c00136289
00093a8f00136269
00093ac10013624a
00093af400136229
00093b2700136207
00093b59001361e5
00093b8a001361c3
00093bbd0013619e
00093bef0013617a
00093c2200136155
00093c5500136130
00093c880013610a
00093cba001360e3
00093ced001360bc
00093d2000136095
00093d520013606d
00093d8500136045
00093db90013601d
00093deb00135ff5
00093e1e00135fcb
00093e5000135fa3
00093e8200135f7a
00093eb300135f51
00093ee500135f28
00093f1600135eff
00093f4700135ed7
00093f7600135eae
00093fa600135e86
00093fd500135e5e
0009400300135e37
0009403100135e10
0009405e00135de9
0009408a00135dc3
000940b500135d9d
000940df00135d78
0009410800135d53
0009413200135d30
0009415800135d0d
0009418000135ceb
000941a600135cc9
000941ca00135ca7
000941ee00135c88
0009421200135c69
0009423400135c4a
0009425600135c2d
0009427600135c10
0009429600135bf4
000942b500135bd9
000942d400135bbf
000942f300135ba7
0009431000135b8e
0009432d00135b77
0009434b00135b61
0009436700135b4b
0009438400135b36
000943a000135b23
000943bd00135b11
000943d900135aff
000943f600135aed
0009441300135add
0009443000135acd
0009444f00135abf
0009446d00135ab1
0009448c00135aa3
000944ad00135a96
000944ce00135a89
000944ef00135a7e
0009451200135a72
0009453600135a67
0009455b00135a5d
0009458200135a52
000945aa00135a48
000945d300135a3f
000945ff00135a35
0009462b00135a2d
0009465700135a23
0009468700135a1a
000946b700135a11
000946ea00135a08
0009471d001359fe
00094752001359f5
00094789001359eb
000947c2001359e1
000947fc001359d8
00094837001359cd
00094873001359c2
000948b1001359b7
000948f0001359ab
000949310013599f
0009497200135992
000949b500135984
000949f900135976
00094a3d00135968
00094a8300135958
00094ac900135949
00094b1100135938
00094b5800135927
00094ba000135914
00094be900135901
00094c32001358ed
00094c7b001358d9
00094cc4001358c4
00094d0e001358ae
00094d5800135897
00094da20013587f
00094dec00135867
00094e340013584d
00094e7e00135833
00094ec700135819
00094f0f001357fd
00094f58001357e1
00094fa0001357c4
00094fe7001357a6
0009502f00135788
000950760013576a
000950bc0013574a
000951020013572a
000951470013570a
0009518c001356e9
000951d0001356c8
00095215001356a6
0009525800135685
0009529b00135662
000952df00135640
000953210013561e
00095365001355fb
000953a7001355d8
000953e9001355b6
0009542c00135594
0009546e00135571
000954b00013554f
000954f20013552c
000955340013550a
00095577001354e8
000955ba001354c7
000955fd001354a6
0009564100135486
0009568500135465
000956c900135446
0009570e00135426
0009575400135408
00095799001353eb
000957e0001353ce
00095827001353b2
0009586e00135397
000958b60013537c
000958ff00135362
0009594700135349
0009599100135331
000959db0013531a
00095a2600135304
00095a70001352ef
00095abc001352db
00095b07001352c7
00095b54001352b5
00095ba0001352a4
00095beb00135294
00095c3700135284
00095c8400135276
00095cd000135269
00095d1c0013525c
00095d6800135250
00095db300135246
00095dfd0013523c
00095e4700135233
00095e910013522c
00095eda00135225
00095f220013521e
00095f6800135219
00095fae00135214
00095ff300135210
000960360013520c
000960790013520a
000960b900135208
000960f800135206
0009613600135205
0009617200135205
000961ad00135204
000961e600135204
0009621d00135205
0009625200135206
0009628500135207
000962b600135208
000962e600135209
000963130013520a
0009633f0013520b
000963690013520d
000963910013520e
000963b70013520f
000963db0013520f
000963fd00135210
0009641e00135210
0009643e00135210
0009645b0013520f
000964770013520e
000964910013520d
000964aa0013520c
000964c100135209
000964d700135206
000964ec00135203
00096500001351ff
00096512001351fb
00096524001351f5
00096535001351ef
00096545001351e9
00096554001351e1
00096563001351d9
00096571001351d1
0009657f001351c6
0009658b001351bd
00096598001351b1
000965a5001351a6
000965b200135199
000965be0013518d
000965ca0013517f
000965d500135171
000965e200135161
000965ee00135152
000965f900135141
0009660600135130
000966110013511f
0009661e0013510d
0009662a001350fc
00096637001350e8
00096644001350d5
00096650001350c1
0009665d001350ae
000966690013509a
0009667600135085
0009668200135071
0009668f0013505c
0009669b00135048
000966a800135033
000966b30013501e
000966bf00135009
000966ca00134ff5
000966d500134fe0
000966df00134fcc
000966e900134fb9
000966f200134fa5
000966fc00134f92
0009670400134f7f
0009670b00134f6c
0009671100134f5b
0009671800134f4a
0009671d00134f3a
0009672100134f2a
0009672500134f1b
0009672700134f0c
0009672900134eff
0009672a00134ef2
0009672900134ee6
0009672900134edc
0009672600134ed1
0009672300134ec8
0009672000134ec0
0009671c00134eb9
0009671700134eb3
0009671000134ead
0009670a00134eaa
0009670300134ea6
000966fb00134ea5
000966f300134ea3
000966ea00134ea4
000966e100134ea5
000966d800134ea7
000966ce00134eaa
000966c500134eae
000966bb00134eb4
000966b200134eba
000966aa00134ec1
000966a000134eca
0009669800134ed3
0009669000134edd
0009668a00134ee8
0009668300134ef4
0009667d00134f00
0009667900134f0e
0009667400134f1c
0009667100134f2a
0009667000134f39
0009667000134f4a
0009667100134f5a
0009667300134f6b
0009667600134f7d
0009667b00134f8e
0009668100134fa1
0009668900134fb4
0009669300134fc6
0009669e00134fda
000966ab00134fec
000966b800135000
000966c800135013
000966d900135027
000966ed0013503a
000967000013504d
0009671600135061
0009672d00135074
0009674600135086
0009676000135098
0009677a001350ab
00096797001350bc
000967b5001350ce
000967d3001350df
000967f3001350f0
00096813001350ff
000968330013510f
000968550013511e
000968780013512d
0009689c0013513b
000968bf00135148
000968e300135154
0009690700135160
0009692c0013516b
0009695000135176
0009697500135180
0009699a00135189
000969be00135192
000969e30013519a
00096a07001351a2
00096a2c001351a9
00096a4f001351b0
00096a73001351b5
00096a96001351ba
00096ab9001351bf
00096adc001351c3
00096afe001351c6
00096b20001351ca
00096b41001351cc
00096b62001351cf
00096b82001351d0
00096ba3001351d2
00096bc2001351d3
00096be2001351d4
00096c00001351d5
00096c1f001351d6
00096c3e001351d6
00096c5c001351d8
00096c7b001351d8
00096c99001351d9
00096cb6001351da
00096cd5001351da
00096cf3001351db
00096d11001351dd
00096d30001351de
00096d4e001351e1
00096d6e001351e3
00096d8d001351e6
00096dad001351ea
00096dcc001351ee
00096dee001351f2
00096e0e001351f8
00096e30001351fe
00096e5200135205
00096e740013520c
00096e9800135215
00096ebc0013521e
00096ee100135228
00096f0500135233
00096f2a00135240
00096f510013524c
00096f780013525a
00096f9f00135269
00096fc60013527a
00096fee0013528b
000970170013529d
0009703f001352b1
00097068001352c5
00097090001352db
000970ba001352f2
000970e30013530a
0009710c00135323
000971350013533d
0009715d00135358
0009718500135375
000971ad00135392
000971d5001353b1
000971fb001353d0
00097220001353f0
0009724600135412
0009726a00135434
0009728c00135458
000972af0013547d
000972d0001354a2
000972f0001354c8
0009730d001354ee
0009732900135516
000973450013553e
0009735e00135566
0009737600135590
0009738c001355ba
000973a1001355e5
000973b300135610
000973c50013563b
000973d300135667
000973e100135693
000973ec001356bf
000973f5001356eb
000973fc00135719
0009740200135746
0009740600135772
000974080013579f
00097409001357cc
00097407001357f9
0009740400135825
000973ff00135852
000973f90013587e
000973f1001358aa
000973e7001358d6
000973dc00135901
000973d00013592c
000973c300135957
000973b600135981
000973a6001359aa
00097396001359d4
00097385001359fd
0009737200135a25
0009736000135a4d
0009734c00135a73
0009733900135a9b
0009732400135ac0
0009731000135ae6
000972fa00135b0a
000972e600135b2e
000972d000135b52
000972ba00135b75
000972a400135b98
0009728f00135bba
0009727900135bdb
0009726300135bfc
0009724d00135c1d
0009723700135c3c
0009722200135c5c
0009720d00135c7a
000971f800135c99
000971e200135cb8
000971cd00135cd5
000971b800135cf3
000971a300135d11
0009718e00135d2e
0009717800135d4b
0009716300135d68
0009714e00135d85
0009713800135da2
0009712300135dbf
0009710e00135ddc
000970f800135df9
000970e200135e16
000970cb00135e33
000970b400135e52
0009709d00135e6f
0009708400135e8e
0009706c00135ead
0009705200135ecd
0009703800135eed
0009701e00135f0d
0009700200135f2f
00096fe600135f51
00096fc800135f73
00096fab00135f96
00096f8b00135fbb
00096f6b00135fdf
00096f4b00136005
00096f2a0013602c
00096f0700136055
00096ee40013607d
00096ec0001360a7
00096e9a001360d2
00096e75001360fe
00096e4e0013612b
00096e2600136159
00096dff00136189
00096dd6001361b9
00096dae001361eb
00096d840013621e
00096d5900136252
00096d3000136287
00096d05001362be
00096cda001362f6
00096caf0013632e
00096c8500136368
00096c5a001363a3
00096c30001363df
00096c060013641d
00096bdd0013645b
00096bb30013649a
00096b8b001364db
00096b640013651c
00096b3d0013655f
00096b17001365a2
00096af2001365e6
00096ace0013662c
00096aac00136672
00096a8b001366b8
00096a6a00136700
00096a4b00136748
00096a2e00136792
00096a12001367db
000969f700136825
000969de0013686f
000969c7001368bb
000969b100136906
0009699c00136953
0009698a0013699e
00096979001369ea
0009696a00136a37
0009695b00136a84
0009694f00136ad1
0009694400136b1e
0009693a00136b6a
0009693200136bb8
0009692b00136c04
0009692500136c51
0009692100136c9e
0009691e00136cea
0009691c00136d36
0009691a00136d82
0009691b00136dcd
0009691b00136e19
0009691c00136e64
0009691e00136eae
0009692100136ef7
0009692400136f41
0009692800136f8a
0009692b00136fd3
0009692f0013701a
0009693400137062
00096938001370a9
0009693d001370ef
0009694100137135
000969460013717b
0009694a001371c0
0009694d00137204
0009695100137248
000969550013728b
00096958001372ce
0009695b00137310
0009695d00137353
0009695f00137394
00096962001373d5
0009696300137416
0009696300137456
0009696400137496
00096965001374d6
0009696400137515
0009696400137555
0009696300137594
00096962001375d4
0009696100137613
0009696000137652
0009695e00137691
0009695d001376d0
0009695b00137710
0009695a0013774f
000969590013778f
00096957001377d0
0009695600137810
0009695600137851
0009695500137892
00096955001378d4
0009695600137916
000969560013795a
000969580013799d
00096959001379e2
0009695c00137a26
0009695f00137a6d
0009696300137ab3
0009696700137afb
0009696b00137b43
0009697100137b8d
0009697700137bd7
0009697d00137c23
0009698400137c6f
0009698c00137cbd
0009699400137d0c
0009699e00137d5b
000969a600137dac
000969b000137dff
000969ba00137e51
000969c400137ea6
000969ce00137efc
000969d900137f53
000969e300137fac
000969ee00138005
000969f70013805f
00096a02001380bc
00096a0b00138119
00096a1400138177
00096a1d001381d6
00096a2500138237
00096a2d00138299
00096a33001382fc
00096a3a00138360
00096a3e001383c5
00096a410013842b
00096a4400138493
00096a45001384fb
00096a4500138564
00096a44001385ce
00096a4000138639
00096a3c001386a5
00096a3600138711
00096a2e0013877e
00096a24001387ec
00096a180013885b
00096a0b001388ca
000969fc0013893a
000969eb001389aa
000969d800138a1b
000969c400138a8c
000969ae00138afe
0009699500138b6f
0009697b00138be1
0009695f00138c54
0009694100138cc6
0009692200138d38
0009690200138daa
000968df00138e1e
000968bb00138e90
0009689600138f03
0009686f00138f74
0009684600138fe6
0009681c00139058
000967f2001390ca
000967c60013913b
00096799001391ac
0009676a0013921d
0009673c0013928e
0009670c001392fe
000966dc0013936d
000966ac001393dc
0009667a0013944b
00096648001394b9
0009661600139527
000965e300139594
000965b100139601
0009657e0013966d
0009654b001396d9
0009651700139744
000964e4001397af
000964b20013981a
0009647e00139883
0009644c001398ec
0009641800139956
000963e5001399be
000963b300139a27
0009638000139a8f
0009634e00139af7
0009631b00139b5e
000962e900139bc5
000962b600139c2c
0009628400139c92
0009625300139cf9
0009622000139d5f
000961ee00139dc6
000961bc00139e2c
0009618900139e93
0009615600139ef9
0009612300139f60
000960f000139fc7
000960bb0013a02e
000960870013a096
000960530013a0fd
0009601d0013a166
00095fe70013a1ce
00095fb10013a238
00095f7a0013a2a1
00095f420013a30b
00095f0a0013a377
00095ed00013a3e2
00095e960013a44f
00095e5c0013a4bb
00095e1f0013a529
00095de30013a598
00095da50013a608
00095d660013a678
00095d260013a6ea
00095ce60013a75c
00095ca50013a7d1
00095c640013a845
00095c200013a8bb
00095bdd0013a932
00095b990013a9ac
00095b540013aa25
00095b0f0013aa9f
00095ac90013ab1c
00095a820013ab99
00095a3b0013ac16
000959f40013ac97
000959ae0013ad18
000959660013ad9a
0009591f0013ae1d
000958d70013aea2
000958900013af29
000958490013afb0
000958020013b039
000957bc0013b0c2
000957760013b14d
000957320013b1d9
000956ee0013b266
000956aa0013b2f4
000956670013b384
000956250013b414
000955e50013b4a6
000955a60013b538
000955680013b5cc
0009552b0013b660
000954f10013b6f5
000954b60013b78b
0009547e0013b822
000954470013b8b9
000954120013b951
000953dd0013b9ea
000953ac0013ba83
0009537b0013bb1d
0009534c0013bbb7
0009531e0013bc52
000952f20013bced
000952c80013bd89
0009529f0013be24
000952780013bec1
000952520013bf5d
0009522e0013bff9
0009520b0013c095
000951e90013c131
000951c80013c1ce
000951a90013c26c
0009518c0013c30b
000951700013c3ac
000951550013c44f
0009513c0013c4f3
000951240013c598
0009510e0013c640
000950fa0013c6e9
000950e70013c793
000950d60013c840
000950c70013c8ed
000950b90013c99d
000950ad0013ca4e
000950a30013cb01
000950990013cbb6
000950910013cc6c
0009508c0013cd24
000950870013cddd
000950830013ce99
000950810013cf55
000950810013d014
000950810013d0d4
000950830013d197
000950860013d25a
000950880013d31f
0009508d0013d3e6
000950910013d4af
000950980013d579
0009509e0013d645
000950a50013d712
000950ac0013d7e2
000950b40013d8b2
000950bc0013d984
000950c30013da58
000950cb0013db2d
000950d20013dc03
000950da0013dcdb
000950e10013ddb5
000950e80013de8e
000950ee0013df6a
000950f40013e048
000950f80013e126
000950fc0013e207
000950ff0013e2e8
000951010013e3c9
000951030013e4ad
000951020013e591
000951010013e677
000950fe0013e75e
000950fa0013e845
000950f40013e92e
000950ec0013ea16
000950e30013eb00
000950d80013ebec
000950cc0013ecd7
000950be0013edc4
000950ae0013eeb1
0009509c0013ef9f
000950890013f08d
000950730013f17c
0009505b0013f26c
000950430013f35c
000950270013f44c
0009500b0013f53d
00094feb0013f62d
00094fca0013f71f
00094fa80013f810
00094f830013f902
00094f5d0013f9f3
00094f360013fae5
00094f0c0013fbd6
00094ee00013fcc8
00094eb40013fdba
00094e860013feaa
00094e560013ff9c
00094e240014008c
00094df20014017e
00094dbe0014026d
00094d8a0014035e
00094d530014044d
00094d1d0014053c
00094ce50014062a
00094cad00140718
00094c7300140805
00094c3a001408f2
00094c00001409dd
00094bc500140ac8
00094b8a00140bb2
00094b5000140c9b
00094b1500140d84
00094ada00140e6b
00094a9f00140f51
00094a6400141036
00094a2b0014111b
000949f1001411fe
000949b8001412e0
0009497f001413c0
00094947001414a0
000949100014157e
000948db0014165a
000948a600141736
0009487200141810
00094840001418e9
0009480e001419c1
000947de00141a96
000947b000141b6a
0009478200141c3d
0009475600141d0f
0009472b00141dde
0009470200141eac
000946dc00141f79
000946b600142043
000946920014210c
00094670001421d4
0009464e0014229a
0009462f0014235e
0009461200142420
000945f6001424e0
000945db0014259f
000945c30014265c
000945ab00142717
00094595001427d1
0009458100142888
0009456f0014293e
0009455d001429f3
0009454d00142aa5
0009453e00142b55
0009453000142c03
0009452400142cb1
0009451800142d5c
0009450e00142e05
0009450400142eac
000944fb00142f52
000944f300142ff7
000944ec00143099
000944e50014313a
000944dd001431d8
000944d800143276
000944d100143310
000944cb001433ab
000944c500143443
000944be001434da
000944b90014356e
000944b100143602
000944ab00143694
000944a200143724
0009449a001437b2
000944910014383f
00094487001438cb
0009447c00143956
00094471001439df
0009446400143a66
0009445600143aed
0009444600143b72
0009443500143bf6
0009442300143c78
0009441000143cfb
000943fa00143d7b
000943e400143dfa
000943cb00143e78
000943b100143ef5
0009439500143f71
0009437900143fed
0009435900144067
00094337001440e1
000943140014415a
000942ef001441d2
000942c800144249
0009429f001442bf
0009427400144335
00094247001443ab
0009421a00144420
000941e900144495
000941b700144508
000941840014457d
0009414e001445f0
0009411700144663
000940de001446d6
000940a400144748
00094068001447bc
0009402a0014482e
00093feb001448a0
00093fab00144913
00093f6a00144986
00093f29001449f9
00093ee500144a6c
00093ea100144adf
00093e5c00144b53
00093e1600144bc6
00093dcf00144c39
00093d8800144caf
00093d4000144d24
00093cf800144d99
00093cb000144e10
00093c6800144e86
00093c2000144efd
00093bd800144f75
00093b9000144fee
00093b4700145067
00093b00001450e2
00093aba0014515c
00093a73001451d9
00093a2d00145255
000939e8001452d3
000939a400145352
00093961001453d2
0009391f00145454
000938dd001454d5
0009389e00145559
00093860001455dd
0009382200145662
000937e6001456e9
000937ac00145771
00093773001457fb
0009373b00145886
0009370500145912
000936d1001459a0
0009369e00145a2e
0009366d00145abf
0009363d00145b50
0009361000145be3
000935e300145c79
000935b900145d0e
0009359000145da6
0009356900145e3f
0009354300145eda
0009351f00145f76
000934fb00146013
000934db001460b3
000934bb00146154
0009349c001461f6
0009347f0014629a
0009346300146340
00093449001463e6
0009342f0014648f
0009341700146539
00093400001465e5
000933e800146693
000933d300146741
000933be001467f2
000933aa001468a3
0009339600146957
0009338200146a0c
0009336f00146ac3
0009335b00146b7a
0009334900146c33
0009333600146ced
0009332200146daa
0009330f00146e68
000932fc00146f26
000932e800146fe6
000932d3001470a8
000932be0014716b
000932a90014722e
00093292001472f4
0009327a001473ba
0009326200147482
000932480014754b
0009322d00147615
00093211001476df
000931f4001477ab
000931d500147879
000931b400147947
0009319200147a15
0009316f00147ae5
0009314b00147bb7
0009312400147c87
000930fb00147d5a
000930d100147e2c
000930a400147f00
0009307700147fd4
00093047001480a9
000930150014817e
00092fe100148254
00092fac0014832a
00092f7400148400
00092f3c001484d7
00092f00001485af
00092ec400148686
00092e850014875e
00092e4500148835
00092e030014890d
00092dbf001489e6
00092d7a00148abd
00092d3300148b95
00092cea00148c6d
00092ca000148d44
00092c5600148e1c
00092c0900148ef3
00092bbb00148fca
00092b6d001490a0
00092b1d00149176
00092acc0014924c
00092a7a00149322
00092a28001493f6
000929d5001494cb
000929820014959d
0009292e00149670
000928da00149742
0009288500149813
00092831001498e3
000927dc001499b3
0009278800149a81
0009273300149b4f
000926e000149c1b
0009268c00149ce6
0009263800149db0
000925e600149e7a
0009259400149f42
000925440014a009
000924f30014a0ce
000924a40014a192
000924550014a255
000924080014a316
000923bd0014a3d5
000923720014a494
000923280014a551
000922e00014a60d
0009229a0014a6c7
000922540014a77f
000922110014a835
000921ce0014a8ea
0009218e0014a99e
000921500014aa50
000921120014ab00
000920d60014abae
0009209d0014ac5b
000920650014ad05
0009202e0014adae
00091ffa0014ae55
00091fc60014aefb
00091f940014af9e
00091f640014b03f
00091f350014b0df
00091f080014b17d
00091edd0014b219
00091eb20014b2b3
00091e890014b34b
00091e620014b3e2
00091e3c0014b476
00091e160014b508
00091df10014b599
00091dce0014b627
00091dac0014b6b4
00091d8a0014b73e
00091d690014b7c7
00091d490014b84e
00091d290014b8d4
00091d090014b957
00091cea0014b9d9
00091ccc0014ba58
00091cad0014bad5
00091c8e0014bb52
00091c6f0014bbcb
00091c500014bc44
00091c310014bcba
00091c120014bd2f
00091bf10014bda2
00091bd00014be13
00091bae0014be83
00091b8c0014bef1
00091b690014bf5d
00091b440014bfc9
00091b1f0014c032
00091af90014c09a
00091ad00014c0ff
00091aa80014c164
00091a7d0014c1c8
00091a510014c22b
00091a240014c28b
000919f50014c2eb
000919c40014c349
000919910014c3a6
0009195d0014c401
000919280014c45b
000918f00014c4b5
000918b70014c50d
0009187a0014c565
0009183e0014c5bb
000917fe0014c611
000917bd0014c665
0009177a0014c6b9
000917360014c70b
000916ef0014c75e
000916a70014c7af
0009165c0014c800
000916100014c850
000915c30014c89f
000915740014c8ef
000915230014c93d
000914d10014c98b
0009147d0014c9d9
000914280014ca27
000913d10014ca74
000913790014cac1
000913200014cb0e
000912c60014cb5b
0009126b0014cba7
0009120f0014cbf5
000911b20014cc41
000911540014cc8e
000910f60014ccdb
000910970014cd27
000910380014cd75
00090fd90014cdc3
00090f790014ce11
00090f190014ce60
00090eb90014ceae
00090e5a0014cefd
00090dfa0014cf4d
00090d9b0014cf9d
00090d3c0014cfee
00090cde0014d040
00090c7f0014d092
00090c230014d0e5
00090bc70014d139
00090b6b0014d18d
00090b110014d1e3
00090ab70014d23a
00090a5f0014d291
00090a080014d2e9
000909b20014d342
0009095e0014d39c
0009090b0014d3f8
000908b90014d455
000908680014d4b2
0009081a0014d510
000907cd0014d571
000907810014d5d2
000907380014d634
000906f00014d698
000906a90014d6fd
000906640014d763
000906210014d7cb
000905e00014d834
000905a00014d89f
000905610014d90b
000905250014d978
000904ea0014d9e7
000904b00014da57
000904780014dac9
000904420014db3c
0009040d0014dbb0
000903d80014dc26
000903a60014dc9e
000903740014dd16
000903440014dd91
000903150014de0d
000902e70014de8a
000902b90014df09
0009028d0014df8a
000902610014e00c
000902360014e090
0009020b0014e114
000901e20014e19b
000901b70014e223
0009018d0014e2ac
000901640014e337
0009013b0014e3c3
000901110014e451
000900e70014e4e0
000900bd0014e570
000900920014e601
000900680014e695
0009003c0014e728
000900100014e7be
0008ffe30014e855
0008ffb50014e8ed
0008ff860014e987
0008ff550014ea21
0008ff240014eabd
0008fef10014eb59
0008febe0014ebf7
0008fe880014ec96
0008fe520014ed36
0008fe190014edd6
0008fde00014ee77
0008fda50014ef1a
0008fd670014efbd
0008fd290014f062
0008fce80014f107
0008fca60014f1ad
0008fc610014f253
0008fc1c0014f2fa
0008fbd40014f3a1
0008fb890014f44a
0008fb3e0014f4f2
0008faf10014f59c
0008faa20014f645
0008fa500014f6ef
0008f9fe0014f79a
0008f9a90014f844
0008f9530014f8ee
0008f8fb0014f99a
0008f8a10014fa45
0008f8460014faf0
0008f7e80014fb9b
0008f78b0014fc46
0008f72a0014fcf1
0008f6ca0014fd9c
0008f6670014fe47
0008f6030014fef1
0008f59f0014ff9b
0008f53900150045
0008f4d3001500ef
0008f46c00150198
0008f40400150240
0008f39b001502e9
0008f33300150390
0008f2c800150437
0008f25f001504dd
0008f1f500150583
0008f18b00150629
0008f120001506cf
0008f0b600150776
0008f04b0015081c
0008efe0001508c3
0008ef740015096b
0008ef0800150a13
0008ee9a00150abc
0008ee2c00150b65
0008edbd00150c0f
0008ed4d00150cba
0008ecdb00150d65
0008ec6900150e12
0008ebf500150ebe
0008eb8000150f6d
0008eb090015101b
0008ea92001510cc
0008ea180015117c
0008e99d0015122d
0008e920001512e0
0008e8a200151394
0008e82200151449
0008e7a0001514ff
0008e71c001515b6
0008e6970015166e
0008e61000151728
0008e587001517e2
0008e4fd0015189f
0008e4700015195b
0008e3e100151a1a
0008e35100151ad9
0008e2bf00151b9a
0008e22b00151c5d
0008e19600151d21
0008e0ff00151de6
0008e06600151ead
0008dfcc00151f75
0008df300015203e
0008de9300152109
0008ddf5001521d5
0008dd56001522a2
0008dcb400152372
0008dc1300152442
0008db7000152514
0008dacc001525e7
0008da26001526bc
0008d98100152792
0008d8db00152869
0008d83400152942
0008d78d00152a1d
0008d6e500152af8
0008d63d00152bd5
0008d59500152cb3
0008d4ed00152d94
0008d44500152e76
0008d39c00152f58
0008d2f40015303b
0008d24d00153120
0008d1a600153206
0008d100001532ee
0008d05a001533d7
0008cfb5001534c0
0008cf11001535ac
0008ce6e00153698
0008cdcc00153785
0008cd2b00153873
0008cc8b00153963
0008cbec00153a53
0008cb4f00153b44
0008cab300153c37
0008ca1900153d2a
0008c98000153e1e
0008c8e800153f13
0008c85300154008
0008c7bf001540ff
0008c72c001541f5
0008c69b001542ee
0008c60c001543e6
0008c57f001544de
0008c4f2001545d8
0008c468001546d2
0008c3e0001547cc
0008c359001548c8
0008c2d4001549c3
0008c25200154abe
0008c1d000154bb9
0008c15000154cb6
0008c0d100154db1
0008c05400154eae
0008bfd800154faa
0008bf5f001550a6
0008bee5001551a2
0008be6f0015529e
0008bdf80015539b
0008bd8300155496
0008bd0e00155592
0008bc9b0015568d
0008bc2900155788
0008bbb700155882
0008bb460015597d
0008bad600155a76
0008ba6600155b6f
0008b9f600155c67
0008b98700155d5f
0008b91800155e56
0008b8a900155f4c
0008b83a00156042
0008b7ca00156137
0008b75b0015622a
0008b6ec0015631d
0008b67b0015640e
0008b60b001564ff
0008b599001565ef
0008b526001566de
0008b4b4001567cb
0008b440001568b8
0008b3cb001569a3
0008b35400156a8c
0008b2dd00156b75
0008b26400156c5b
0008b1eb00156d41
0008b16f00156e25
0008b0f300156f08
0008b07500156fe9
0008aff4001570c9
0008af72001571a7
0008aef000157283
0008ae6b0015735d
0008ade400157436
0008ad5c0015750d
0008acd1001575e3
0008ac45001576b6
0008abb700157788
0008ab2700157858
0008aa9600157927
0008aa03001579f2
0008a96e00157abd
0008a8d800157b85
0008a83f00157c4c
0008a7a500157d11
0008a70a00157dd3
0008a66b00157e93
0008a5cd00157f52
0008a52d0015800f
0008a48b001580c9
0008a3e800158182
0008a34300158239
0008a29e001582ed
0008a1f70015839f
0008a14f00158450
0008a0a7001584fe
00089ffd001585ab
00089f5400158655
00089ea8001586fd
00089dfd001587a4
00089d5100158847
00089ca4001588e9
00089bf80015898a
00089b4b00158a28
00089a9f00158ac4
000899f200158b5f
0008994500158bf7
0008989900158c8d
000897ed00158d21
0008974200158db4
0008969700158e44
000895ec00158ed2
0008954400158f60
0008949a00158feb
000893f300159074
0008934c001590fc
000892a700159182
0008920200159206
0008916000159288
000890be0015930a
0008901d00159388
00088f7f00159406
00088ee100159482
00088e46001594fd
00088dac00159576
00088d13001595ee
00088c7c00159664
00088be7001596d9
00088b530015974d
00088ac1001597bf
00088a3100159830
000889a3001598a0
000889170015990f
0008888c0015997d
00088802001599ea
0008877b00159a56
000886f400159ac1
0008867100159b2a
000885ee00159b94
0008856c00159bfc
000884ec00159c64
0008846e00159cca
000883f100159d31
0008837500159d97
000882fb00159dfc
0008828200159e60
0008820900159ec4
0008819200159f28
0008811b00159f8c
000880a500159fee
000880300015a051
00087fbb0015a0b4
00087f470015a117
00087ed30015a179
00087e600015a1db
00087ded0015a23d
00087d790015a2a0
00087d060015a302
00087c930015a365
00087c200015a3c8
00087bab0015a42b
00087b370015a48f
00087ac10015a4f2
00087a4c0015a557
000879d50015a5bb
0008795e0015a620
000878e60015a686
0008786d0015a6ec
000877f20015a752
000877780015a7b9
000876fb0015a822
0008767d0015a88a
000875fd0015a8f5
0008757b0015a95f
000874fa0015a9ca
000874750015aa37
000873f00015aaa4
000873690015ab12
000872e00015ab81
000872550015abf1
000871c80015ac62
000871390015acd5
000870aa0015ad47
000870180015adbc
00086f840015ae32
00086eef0015aea9
00086e580015af21
00086dbe0015af9a
00086d240015b015
00086c880015b091
00086bea0015b10d
00086b490015b18c
00086aa80015b20c
00086a060015b28e
000869610015b310
000868bb0015b393
000868150015b419
0008676c0015b4a0
000866c20015b528
000866180015b5b1
0008656c0015b63c
000864c00015b6c8
000864120015b756
000863630015b7e5
000862b50015b876
000862060015b908
000861560015b99b
000860a60015ba30
00085ff50015bac6
00085f450015bb5e
00085e940015bbf6
00085de40015bc91
00085d330015bd2b
00085c830015bdc8
00085bd30015be67
00085b240015bf06
00085a760015bfa7
000859c70015c049
0008591a0015c0ec
0008586e0015c190
000857c30015c236
000857180015c2dd
0008566f0015c384
000855c70015c42d
000855210015c4d7
0008547b0015c582
000853d70015c62e
000853340015c6db
000852930015c788
000851f40015c837
000851560015c8e7
000850ba0015c997
0008501f0015ca48
00084f860015cafa
00084eef0015cbad
00084e5a0015cc60
00084dc60015cd14
00084d340015cdc8
00084ca40015ce7d
00084c150015cf32
00084b890015cfe8
00084afd0015d09e
00084a740015d155
000849ec0015d20c
000849660015d2c3
000848e10015d37b
0008485e0015d431
000847dc0015d4ea
0008475b0015d5a1
000846dc0015d659
0008465e0015d710
000845e10015d7c8
000845650015d87f
000844ea0015d936
0008446f0015d9ed
000843f60015daa3
0008437e0015db5a
000843050015dc0f
0008428d0015dcc4
000842160015dd7a
0008419f0015de2e
000841280015dee1
000840b20015df94
0008403b0015e046
00083fc40015e0f8
00083f4d0015e1a8
00083ed50015e258
00083e5d0015e308
00083de50015e3b5
00083d6c0015e462
00083cf20015e50f
00083c780015e5b9
00083bfc0015e663
00083b7f0015e70c
00083b010015e7b3
00083a830015e858
00083a020015e8fd
000839800015e9a0
000838fe0015ea43
000838790015eae3
000837f30015eb82
0008376c0015ec20
000836e30015ecbc
000836580015ed56
000835cc0015edee
0008353d0015ee86
000834ae0015ef1b
0008341c0015efaf
000833880015f041
000832f30015f0d2
0008325c0015f160
000831c30015f1ed
000831280015f278
0008308c0015f301
00082fee0015f387
00082f4e0015f40c
00082ead0015f490
00082e090015f511
00082d650015f590
00082cbe0015f60d
00082c170015f688
00082b6e0015f702
00082ac30015f779
00082a180015f7ee
0008296b0015f862
000828bd0015f8d3
0008280e0015f941
0008275e0015f9ae
000826ae0015fa19
000825fc0015fa83
0008254a0015fae9
000824970015fb4d
000823e40015fbb0
000823310015fc11
0008227d0015fc70
000821ca0015fccc
000821160015fd27
000820620015fd7f
00081fae0015fdd5
00081efc0015fe2a
00081e490015fe7d
00081d960015fecd
00081ce40015ff1c
00081c330015ff69
00081b830015ffb4
00081ad40015fffd
00081a2600160044
0008197800160089
000818cc001600cd
000818210016010f
000817770016014f
000816ce0016018d
00081627001601ca
0008158200160205
000814de0016023f
0008143c00160276
0008139b001602ac
000812fb001602e1
0008125e00160315
000811c200160347
0008112800160377
0008108f001603a6
00080ff9001603d4
00080f6400160401
00080ed10016042d
00080e3f00160456
00080db000160480
00080d22001604a8
00080c95001604ce
00080c0a001604f4
00080b810016051a
00080af90016053e
00080a7300160561
000809ee00160584
0008096b001605a5
000808e8001605c6
00080868001605e6
000807e800160607
0008076800160625
000806ea00160644
0008066d00160663
000805f200160680
000805760016069e
000804fb001606bc
00080481001606d9
00080406001606f5
0008038d00160711
000803130016072f
000802990016074b
0008022000160768
000801a600160784
0008012c001607a0
000800b2001607bd
00080036001607db
0007ffbc001607f9
0007ff4000160816
0007fec300160834
0007fe4500160853
0007fdc600160871
0007fd4700160891
0007fcc7001608b0
0007fc44001608d1
0007fbc2001608f1
0007fb3e00160914
0007fab800160936
0007fa3100160959
0007f9a90016097d
0007f91d001609a2
0007f892001609c8
0007f804001609ee
0007f77500160a16
0007f6e400160a3e
0007f65200160a68
0007f5bc00160a93
0007f52600160abe
0007f48f00160aeb
0007f3f500160b18
0007f35900160b48
0007f2bb00160b78
0007f21c00160ba9
0007f17b00160bdc
0007f0d900160c10
0007f03500160c45
0007ef8f00160c7c
0007eee700160cb3
0007ee3f00160cec
0007ed9500160d27
0007ece900160d63
0007ec3c00160da0
0007eb8e00160dde
0007eade00160e1e
0007ea2d00160e5f
0007e97c00160ea2
0007e8c900160ee6
0007e81600160f2d
0007e76200160f73
0007e6ad00160fbb
0007e5f800161005
0007e54300161051
0007e48d0016109d
0007e3d7001610ec
0007e3200016113b
0007e26a0016118c
0007e1b4001611de
0007e0fe00161232
0007e04800161286
0007df92001612dd
0007dedd00161335
0007de2a0016138d
0007dd76001613e8
0007dcc300161443
0007dc11001614a0
0007db60001614fe
0007dab10016155d
0007da03001615bd
0007d9540016161f
0007d8a900161682
0007d7fe001616e5
0007d7540016174a
0007d6ac001617b0
0007d60500161817
0007d5610016187e
0007d4bd001618e7
0007d41c00161951
0007d37c001619bb
0007d2de00161a26
0007d24200161a92
0007d1a700161aff
0007d10e00161b6d
0007d07700161bda
0007cfe100161c49
0007cf4e00161cb8
0007cebc00161d28
0007ce2b00161d98
0007cd9c00161e09
0007cd0f00161e7a
0007cc7300161ee0
0007cb6200161eef
0007c93e00161e38
0007c5a300161c6e
0007c09200161992
0007ba75001615f2
0007b40300161213
0007ae3000160eaf
0007a94e00160c02
0007a52c001609ec
0007a18200160832
00079df10016068c
00079b230016058b
0007999f001605a0
0007984a001605d9
0007965600160580
00079416001604e5
000791c000160432
00078f6e00160384
00078cac0016025b
0007894400160083
000786540015ff3f
0007849f0015ff70
0007841f00160123
0007847e001603f7
0007852100160720
000785c900160a4b
000786bf00160df9
0007880b00161232
0007897e001616b0
00078b2100161b8c
00078ca400161fef
00078dab001622e4
00078e56001624a9
00078ed7001625cd
00078f4f001626dd
00078fd800162874
0007906f00162ad1
0007911100162db2
000791bd0016305a
0007928c00163200
000793900016324f
000794c6001631a9
000795fb001630ea
000796e2001630f7
000797b200163160
000798e400163102
00079a5400163020
00079be600162f09
00079d8d00162dc9
00079ec800162d17
00079ffa00162c82
0007a1f500162b02
0007a4ca00162893
0007a801001625b8
0007ab000016230f
0007ad8a001620ce
0007af6f00161f17
0007b04e00161e2f
0007b01800161e1c
0007af5700161e72
0007ae7c00161eda
0007ad5600161f72
0007ab3f001620a2
0007a7f800162289
0007a3b400162507
00079f17001627bc
00079b3600162a0f
0007979a00162c3a
0007931100162eda
00078d81001631fd
000787940016354f
000781d10016388f
00077bca00163bee
0007751d00163f92
00076d9a0016438f
000764d600164808
00075b1600164ce4
000750fa001651e7
000746920016570a
00073b9000165c63
00072fd8001661fb
00072394001667c5
0007171700166daa
00070ad300167391
0006feda00167972
0006f2eb00167f5c
0006e72600168552
0006db9900168b4e
0006d01d00169156
0006c4ab0016976a
0006b94800169d6e
0006adea0016a368
0006a26d0016a98b
000696b50016aff2
00068ae60016b676
00067f570016bcd1
0006740d0016c2ff
000669060016c906
00065eac0016cea1
000655180016d3c6
00064c260016d892
000643ae0016dd23
00063ade0016e1fc
0006316f0016e744
000627c40016ecc0
00061df90016f25d
0006149b0016f7c4
00060bfc0016fcc5
000603ff00170172
0005fccd001705b1
0005f66700170984
0005f05700170d34
0005e9fa0017112c
0005e3e400171505
0005df39001717fc
0005db7600171a6b
0005d80500171cb6
0005d55900171e86
0005d2f100172042
0005cfba001722be
0005cb4d00172657
0005c60b00172abd
0005c10400172f02
0005bd0600173261
0005ba22001734c0
0005b81700173650
0005b65d001737a6
0005b44500173993
0005b1da00173c05
0005af5300173ec3
0005ac9c001741f1
0005a98300174603
0005a60f00174aee
0005a2c000174fa3
00059fd200175379
00059d2f0017568a
00059a9d001759c2
000597fc00175da3
00059562001761ba
000592dd0017668f
0005907a00176cc4
00058e38001773b6
00058c0d00177abd
000589df00178177
000587ae001787e9
000585ce00178eec
000584440017969d
000582a200179e05
000580ac0017a4b7
00057e4d0017aaac
00057b950017b004
000578da0017b54b
0005761f0017ba89
0005735a0017bfb1
000570e00017c528
00056ed20017cb0e
00056d260017d157
00056bd00017d7f3
00056a9c0017deaa
000569800017e572
000568850017ec55
0005676a0017f314
000566680017f9e3
0005663100180162
0005669500180966
0005671e00181188
0005683000181a1b
000569dc00182333
00056b8300182c46
00056d680018358d
00056fdb00183f4e
00057224001848ea
000573db001851fc
0005754c00185ac7
000576c200186390
000577fb00186c12
000578ca00187417
0005796600187bd3
000579cd00188339
000579de00188a11
000579950018903d
00057904001895b8
0005784e00189a9b
000577b200189f63
0005775d0018a490
000577440018aa02
0005775b0018af46
000577980018b47a
000577ea0018b9f1
000578670018bf7d
0005792f0018c4e5
00057a530018ca24
00057b890018cf72
00057c6d0018d50b
00057cfe0018dae7
00057d0b0018e104
00057c490018e774
00057abb0018ee28
000578c70018f504
000576e40018fbf0
000574cd001902ec
0005721200190a03
00056ebe00191130
00056b3600191871
000567f100191fc3
0005650d00192726
000562a800192ea1
000560de00193635
00055fa200193de6
00055e740019459d
00055c4100194d2b
000559340019549f
0005565d00195c2b
00055388001963bd
0005500100196b22
00054bda0019725e
00054820001979d3
000545c5001981e1
000544c800198a91
000544b8001993ba
0005452a00199d2d
000545650019a672
000544da0019af27
000544000019b7a5
000543790019c071
0005436c0019c9c2
000543d80019d3a9
000544970019de08
000545a00019e8fa
000546f90019f4af
00054886001a00fd
00054a2d001a0df1
00054beb001a1be1
00054dad001a2ae0
00054f57001a3b00
000550f6001a4bbb
000552ad001a5c22
00055459001a6c8c
000555a6001a7df4
00055696001a9056
00055775001aa2e9
00055875001ab544
000559a1001ac753
00055aca001ad963
00055bcf001aebaf
00055c93001afe57
00055c89001b1216
00055be1001b26ae
00055b69001b3b15
00055ae5001b4f88
00055a54001b6413
00055a80001b77cf
00055b2f001b8af8
00055b7f001b9e8b
00055bbc001bb236
00055cf1001bc4e3
00055f0a001bd6a3
000560c8001be8c1
000561ea001bfb7e
0005636f001c0ddc
0005655c001c1fd4
00056774001c319f
00056a6f001c428b
00056ddf001c5303
00057087001c6446
00057264001c765a
000573d9001c88d9
000574fa001c9baf
000575cc001caedb
00057616001cc29c
00057614001cd6ab
0005763c001cea8d
0005767a001cfe55
000576d3001d11fe
00057727001d25af
000577be001d3905
0005791a001d4b4d
00057b1b001d5cb3
00057dc2001d6d1e
0005815a001d7c0c
000585d9001d897d
00058aba001d9667
00058f6f001da3d2
000593ed001db1d6
00059858001dc024
00059cdb001dce35
0005a18b001ddbc5
0005a662001de8cd
0005ab5c001df545
0005b072001e01bb
0005b5a1001e0ebf
0005badb001e1bf9
0005bffb001e28a2
0005c50e001e34bb
0005ca26001e40ae
0005cf04001e4c21
0005d378001e56c2
0005d796001e60c1
0005db4b001e6a28
0005dec4001e7324
0005e299001e7c37
0005e6c1001e856d
0005eac4001e8e76
0005eee0001e976c
0005f37f001ea084
0005f887001ea9b6
0005fdb8001eb2e8
000602ea001ebc0e
000608ab001ec543
00060fc9001ecea8
000617ce001ed82c
00061f64001ee1a8
00062662001eeb12
00062d06001ef479
00063322001efdde
000638fb001f0743
00063e31001f10b8
000642dd001f1a39
000647f3001f23ac
00064cfc001f2d2a
00065161001f36ca
000655e0001f4067
00065bac001f49b3
00066275001f52c6
000668b1001f5c13
00066dc6001f65cc
00067200001f6fde
000675af001f7a33
0006787f001f84fb
00067aa5001f901a
00067cd9001f9b3e
00067efc001fa67c
0006814c001fb1a5
0006847c001fbc44
00068892001fc651
00068cd9001fd055
00069098001fdaea
000693a2001fe642
00069666001ff1ef
0006994c001ffd8c
00069c4800200927
00069f58002014c1
0006a26600202086
0006a59a00202c11
0006a948002036c3
0006ad7700204067
0006b21200204936
0006b6d7002051f6
0006bbb500205ab5
0006c0bb00206360
0006c5dc00206c20
0006cb1b002074ce
0006d07d00207d9c
0006d605002086cd
0006dbc9002090cb
0006e1a200209b06
0006e73e0020a3fd
0006ec810020ab50
0006f17a0020b154
0006f66d0020b6c9
0006fba90020bc80
000700f10020c210
000705d30020c687
00070a820020ca42
00070fa20020ce65
0007153d0020d309
00071b590020d82b
000722240020de0d
000728fd0020e3d9
00072fc80020e95d
000737a10020eff8
0007408c0020f7b6
000749300020ff09
000751000021054f
0007582800210abb
00075edb00210f8c
0007653e002113e7
00076b2e002117b1
0007711c00211b55
0007778e00211f53
00077e5d00212386
00078558002127c4
00078c0000212b9d
000791bb00212e8f
000796ea002130f0
00079c5a0021336a
0007a29600213672
0007a9b900213a1c
0007b1b200213e57
0007baee0021437a
0007c5430021495f
0007cf9200214f24
0007d90400215425
0007e18d00215857
0007e9c300215c35
0007f1e000215fea
0007f97800216325
0008006b002165ce
0008075e0021686a
00080eaa00216b3b
0008161500216e15
00081dec00217139
00082664002174cd
00082f190021787d
000837b500217c01
0008405600217f77
000849600021833e
000852ea00218769
00085ccc00218bd2
000866e40021904f
0008710d002194ad
00087b35002198cf
0008856400219cb7
00088fa10021a079
000899f00021a430
0008a4670021a7e3
0008af260021ab8b
0008ba480021af34
0008c5ea0021b2ed
0008d2010021b6bd
0008de6c0021baa5
0008eb1d0021bea5
0008f8280021c2c9
0009054e0021c6fb
000911e30021cafd
00091d7e0021cea5
0009280d0021d1e2
000931b50021d4c1
00093b0e0021d77e
0009449c0021da55
00094e9b0021dd65
000958ca0021e08c
0009621e0021e342
00096a6b0021e571
000972730021e77c
000979f70021e93a
000980dd0021ea9e
000987770021ebd2
00098d4d0021ec8b
000992600021ecc9
000997710021ed05
00099cf60021ed8c
0009a27e0021ee10
0009a7bf0021ee5f
0009ad450021eee1
0009b2d70021ef66
0009b7bc0021ef58
0009bbd80021ee9e
0009bfe60021edda
0009c4c00021edd4
0009c9f80021ee1e
0009ceda0021ee0a
0009d3d30021ee12
0009d97e0021eee6
0009e0380021f10a
0009e79d0021f3f8
0009ef140021f6f6
0009f7130021faca
0009ffda0021ffd7
000a08c4002204fd
000a117d002209b1
000a1a5d00220eb5
000a2359002213d2
000a2c230022182c
000a34d500221c31
000a3dab002220d2
000a469e0022259c
000a4f830022295f
000a585c00222bf3
000a613700222dc7
000a6a2800222ec2
000a734300222e87
000a7c8200222d60
000a85b500222c49
000a8eb700222bdc
000a979000222bf1
000aa05e00222c2b
000aa94c00222c2c
000ab20900222c78
000aba2100222de3
000ac1c600223014
000ac94800223280
000ad0b300223510
000ad82900223799
000adfe1002239dc
000ae7cb00223beb
000aefd000223de3
000af81c00223f9b
000b003b00224179
000b07af002243f2
000b0f6400224641
000b17fe002247d7
000b209f00224967
000b282500224bc7
000b2eb500224edc
000b35a6002251b7
000b3d3800225426
000b4422002256ff
000b4a4500225a57
000b505b00225db8
000b569800226105
000b5dab002263e1
000b654300226672
000b6be800226982
000b71b200226d04
000b77e300227057
000b7ef80022733f
000b8673002275fa
000b8e240022789f
000b966800227b0b
000b9f3500227d42
000ba86100227f56
000bb1a700228164
000bba740022839c
000bc28200228612
000bc9f8002288b3
000bd10d00228b6e
000bd80900228e2f
000bdeef002290f0
000be583002293b4
000bebc500229673
000bf1d700229928
000bf7d800229bdc
000bfddb00229e92
000c03e30022a13c
000c09f10022a3d4
000c100c0022a655
000c163c0022a8ba
000c1c4d0022ab38
000c21e20022ae21
000c27250022b154
000c2c5e0022b48d
000c31620022b7ed
000c36300022bb76
000c3b2b0022bedb
000c40b90022c1d7
000c47020022c44a
000c4e2d0022c61b
000c56400022c745
000c5f550022c7ba
000c69690022c779
000c73fe0022c6de
000c7ec10022c622
000c89980022c556
000c940e0022c4cd
000c9dae0022c4df
000ca6f50022c52f
000cb04a0022c574
000cb9190022c61d
000cc19d0022c6fc
000ccaee0022c735
000cd50c0022c6cb
000cdf360022c657
000ce9d40022c57a
000cf5500022c3dc
000d00f20022c21c
000d0ca40022c04a
000d19290022bda5
000d265b0022ba53
000d33920022b6fc
000d409c0022b3d6
000d4cbe0022b1ca
000d57c60022b110
000d62cb0022b04d
000d6eaf0022ae41
000d7bb60022aa73
000d89440022a5d7
000d96970022a1a8
000da3f700229d43
000db1b200229810
000dbf5700229335
000dcc9800228f7d
000dd9b600228c15
000de6ed00228827
000df43c0022838c
000e019700227e79
000e0ef0002278eb
000e1c46002272c7
000e298f00226c30
000e36ba002264e5
000e43ce00225d19
000e50d70022552b
000e5ddc00224d33
000e6b0500224591
000e787800223e9b
000e862d00223835
000e93da002231d0
000ea11700222ac4
000eade500222312
000ebabe00221b6b
000ec75300221380
000ed36100220af5
000edfb2002202ae
000eec530021fac1
000ef8d80021f2bc
000f05cb0021eb18
000f13620021e408
000f21390021dd30
000f2f470021d686
000f3d670021cfef
000f4b6b0021c946
000f59f00021c2f5
000f68ce0021bce8
000f77770021b6bb
000f867c0021b0c7
000f96930021ab79
000fa8290021a709
000fbb280021a369
000fcf560021a071
000fe45800219def
000ff8eb00219b3d
00100cc700219833
0010209e0021952a
001034ad0021923f
0010493300218f8e
00105e1900218d0e
0010732d00218aa5
0010881900218833
00109c530021857f
0010b00c0021829c
0010c3bb00217fba
0010d74300217cce
0010ea57002179c1
0010fd0a0021769b
00110f5c0021735e
0011216900217011
0011337400216cc4
0011459700216978
001157d900216625
00116a2a002162d7
00117c7300215f90
00118ea900215c37
0011a0d7002158d3
0011b30900215579
0011c51300215204
0011d6fb00214e77
0011e8e900214af4
0011faea00214783
00120ce300214411
00121e5e00214050
00122f5a00213c41
0012406600213840
001251d900213487
0012642000213159
0012776f00212ed9
00128b7b00212cd4
00129fc500212afb
0012b44000212945
0012c962002127ff
0012df7100212756
0012f5c4002126dd
00130b2c002125c8
0013200c0021245c
001335f2002123aa
00134cae00212392
001362e000212316
0013784300212206
00138ce900212069
0013a03000211dbc
0013b1f4002119df
0013c2a700211526
0013d26d00210fa8
0013e1440021095c
0013ef880021028f
0013fd7f0020fb7f
00140ad20020f3cd
0014171d0020eb09
001422f10020e1d1
00142f8c0020d994
00143d230020d295
00144ace0020cba7
0014585a0020c4a2
001466960020bec5
001475c90020ba92
0014858d0020b76c
001495970020b4e6
0014a6060020b366
0014b6ca0020b2c1
0014c7960020b23d
0014d8800020b264
0014e9950020b353
0014fab00020b47a
00150bcc0020b5a0
00151ced0020b5b7
00152e0e0020b4ac
00153f0f0020b42d
00154fd50020b51a
001560800020b6a9
0015715f0020b796
001582780020b7bf
001593bf0020b770
0015a5810020b61b
0015b7c50020b3b8
0015ca140020b12e
0015dbde0020af6b
0015ed2d0020ae64
0015fe7a0020ad61
00160fb80020ac69
0016205b0020ac1f
001630810020ac65
001640dd0020ac77
001651c10020ac00
001662fa0020ab36
001673ed0020aaa6
001684e60020aa15
0016961c0020a94d
0016a66c0020a934
0016b5d10020a9d3
0016c5a60020aa24
0016d6e10020a976
0016e9630020a7e5
0016fc810020a5e8
0017102c0020a38e
0017249d0020a0b5
0017399200209d88
00174e2800209a91
001761e600209819
00177599002095a7
00178a4a002092a7
0017a04500208eed
0017b70700208ac3
0017ce1d0020866c
0017e58c002081e5
0017fd5700207d2c
001815da00207816
00182f11002072a5
0018487a00206d19
0018622f0020676a
00187c7300206178
001896fe00205b65
0018b1710020555c
0018cbc900204f5e
0018e61300204967
0019002b00204381
00191a1b00203da8
0019340e002037d2
00194e18002031fb
0019682c00202c1a
0019824c0020262a
00199c8600202022
0019b6d400201a0a
0019d0ea00201412
0019eadb00200e33
001a04d50020084b
001a1eb000200274
001a388f001ffc9a
001a5251001ff6d0
001a6b7a001ff15f
001a840d001fec47
001a9c38001fe76b
001ab426001fe2b5
001acc77001fddc2
001ae5b7001fd83d
001affb2001fd245
001b19ae001fcc4c
001b32ea001fc6ca
001b4acf001fc222
001b61e4001fbdfe
001b79ea001fb937
001b92e7001fb3d0
001bab5d001faec3
001bc2c3001faa74
001bd981001fa699
001bf0b4001fa264
001c08fa001f9d61
001c21ab001f9810
001c3a01001f9305
001c525d001f8def
001c6b03001f889c
001c8346001f83a3
001c9b1a001f7f08
001cb2e8001f7a72
001ccb32001f7559
001ce4aa001f6eff
001cff1a001f679d
001d19da001f5fde
001d34fe001f579e
001d5058001f4f21
001d6b25001f476d
001d8596001f4032
001da02e001f38b5
001dbae4001f30fe
001dd5ed001f2892
001df153001f1f63
001e0ca5001f1675
001e27cc001f0df2
001e4320001f049b
001e5eb2001efa69
001e7a27001ef127
001e956a001ee935
001eb0a1001ee1a9
001ecbd2001eda05
001ee703001ed25f
001f0250001ecb7a
001f1da6001ec519
001f38d7001ebe41
001f53cf001eb6b5
001f6ead001eaed9
001f8993001ea717
001fa431001e9edb
001fbe7e001e9601
001fd8c8001e8d23
001ff33c001e8489
00200da4001e7bea
002027fb001e7334
002042e0001e6b24
00205ec5001e6439
00207b5e001e5e15
002097ca001e57d0
0020b3fd001e5156
0020d07b001e4b20
0020ec86001e4497
00210725001e3cf0
002120d7001e348f
00213ad7001e2c68
002155af001e24dc
00217127001e1dc2
00218d2d001e1706
0021a9a1001e1095
0021c5a1001e09e4
0021e08e001e0296
0021fb0e001dfb09
0022169c001df40f
00223348001dedb3
0022504f001de788
00226e48001de1d5
00228d6c001ddcb7
0022acf4001dd7ca
0022cc33001dd2c0
0022eaf8001dcd83
00230943001dc816
002326bc001dc258
002343cd001dbc70
0023617f001db6c6
00238001001db165
00239ee3001dac26
0023bdbe001da6e9
0023dc7b001da1a5
0023fb65001d9c6a
00241a6e001d9739
0024394b001d9207
002457fe001d8cd3
002476a8001d879f
00249554001d8263
0024b404001d7d1f
0024d2bc001d77ec
0024f188001d72ea
0025105d001d6e02
00252f20001d690f
00254e0c001d6442
00256d33001d5faf
00258c84001d5b44
0025ac0d001d5708
0025cbd1001d52fe
0025ebba001d4f15
00260b89001d4b1e
00262b0d001d46f5
00264a75001d42bf
002669e7001d3e95
002688ad001d39f8
0026a653001d349a
0026c3ac001d2f0d
0026e1c1001d2a05
002700ae001d2596
00271fab001d2136
00273e62001d1caa
00275df8001d18c3
00277e9b001d15a2
00279f10001d1263
0027bed2001d0ea1
0027ddca001d0a4c
0027fbb9001d052b
0028185c001cff05
002833f4001cf80c
00284eca001cf075
00286868001ce7d1
00288103001cde50
00289985001cd4c1
0028b236001ccb65
0028cb70001cc29c
0028e522001cba53
0028febc001cb1f3
0029187f001ca9d0
00293298001ca219
00294cb4001c9a6c
002966b0001c9299
002980a0001c8ac1
00299af6001c83a1
0029b5c1001c7d4f
0029d059001c768d
0029ea3e001c6e4c
002a0392001c64c6
002a1ccb001c5b22
002a3650001c52ae
002a5016001c4b2b
002a69dc001c43c0
002a83a4001c3cd3
002a9d77001c35ea
002ab742001c2e33
002ad0fc001c2684
002aeaa8001c1f4d
002b0460001c17da
002b1e4a001c0f8f
002b389c001c05e4
002b5340001bfb29
002b6dec001bf045
002b8895001be561
002ba361001bda37
002bbe48001bced7
002bd8c7001bc3fd
002bf324001bb95c
002c0e65001bada2
002c2a5a001ba101
002c45e4001b94c6
002c60d8001b8928
002c7bb8001b7d9b
002c96a7001b71fe
002cb1c5001b6635
002ccd42001b5a1c
002ce947001b4d99
002d0613001b407f
002d23c8001b32bc
002d42ac001b242b
002d626d001b1503
002d81a7001b0629
002d9f93001af818
002dbd21001aea43
002ddb4d001adc14
002dfa18001acd8d
002e1982001abeb2
002e398a001aaf87
002e59f3001aa02b
002e7a31001a90e3
002e9a71001a819b
002ebb52001a720f
002edc42001a6279
002efcd4001a530c
002f1d66001a43a0
002f3e12001a342a
002f5e9b001a24c1
002f7eec001a156b
002f9f4e001a0613
002fbfbc0019f6b8
002fe0060019e767
003000410019d81b
003020480019c8d5
00303ffe0019b996
00305f720019aa55
00307ec600199b16
00309e1700198bdc
0030bd6300197cac
0030dc9f00196dac
0030fbc200195eec
00311ad900195046
003139f20019419a
003158ff001932f3
0031780500192452
0031972b00191593
0031b6bb00190679
0031d6b90018f702
0031f6f40018e758
003217ad0018d74e
0032392a0018c6ae
00325b5f0018b585
00327e360018a3e4
0032a1a6001891d5
0032c61a00187f0a
0032eba100186b7c
003311c90018577a
003338dd001842cf
003360d500182d81
0033886300181883
0033ae63001804a6
0033d2d10017f1f0
0033f6c20017df94
00341bad0017cc77
0034425f0017b7f9
00346ae80017a207
003494ef00178ae5
0034bf7c00177357
0034e93c00175c7c
003511ae001746c2
00353969001731aa
0035611e00171c95
00358964001706ed
0035b21a0016f0da
0035da5f0016db41
003601ce0016c692
003628260016b32f
00364d7b0016a101
0036725b00168f69
003696cc00167e6d
0036baee00166dde
0036dedd00165da5
0037028300164de9
0037260a00163e63
0037499300162ecd
00376d6c00161e3c
003791bd00160c3e
0037b6290015f9f2
0037da7c0015e7f5
0037fecd0015d5c6
003823240015c323
0038477c0015b09f
00386bda00159f1c
0038903400158e30
0038b47300157cd1
0038d89b00156b11
0038fcb400155936
003920f6001547d1
00394563001536fc
003969c200152620
00398e1a00151542
0039b2570015044a
0039d6940014f356
0039faba0014e256
003a1e640014d0c4
003a41e90014bf04
003a65f60014ade7
003a8ac500149da6
003ab00400148de5
003ad58700147e6e
003afac600146ecb
