000000000000000000000000006acfc0
0000000000000000013579bd006ac3b7
0000000000000000026af37a006a9f9e
000000000000000003a06d37006a637f
000000000000000004d5e6f4006a0f66
0000000000000000060b60b10069a367
00000000000000000740da6e00691f99
00000000000000000876542b0068841a
000000000000000009abcde80067d10f
00000000000000000ae147a50067069d
00000000000000000c16c162006624f5
00000000000000000d4c3b1f00652c47
00000000000000000e81b4dc00641ccd
00000000000000000fb72e990062f6c4
000000000000000010eca8560061ba6d
00000000000000001222221300606811
000000000000000013579bd0005efffa
0000000000000000148d158d005d827b
000000000000000015c28f4a005befea
000000000000000016f80907005a48a0
0000000000000000182d82c400588cff
00000000000000001962fc810056bd68
00000000000000001a98763e0054da46
00000000000000001bcdeffb0052e404
00000000000000001d0369b80050db15
00000000000000001e38e375004ebfed
00000000000000001f6e5d32004c9306
000000000000000020a3d6ef004a54dd
000000000000000021d950ac004805f4
0000000000000000230eca690045a6d1
000000000000000024444426004337fa
00000000000000002579bde30040b9ff
000000000000000026af37a0003e2d6d
000000000000000027e4b15d003b92d8
0000000000000000291a2b1a0038ead6
00000000000000002a4fa4d700363600
00000000000000002b851e94003374f4
00000000000000002cba98510030a84e
00000000000000002df0120e002dd0b2
00000000000000002f258bcb002aeec2
0000000000000000305b058800280326
000000000000000031907f4500250e85
000000000000000032c5f9020022118b
000000000000000033fb72bf001f0ce3
00000000000000003530ec7c001c013c
0000000000000000366666390018ef45
0000000000000000379bdff60015d7b0
000000000000000038d159b30012bb2f
00000000000000003a06d370000f9a75
00000000000000003b3c4d2d000c7637
00000000000000003c71c6ea00094f2a
00000000000000003da740a700062604
00000000000000003edcba640002fb7c
000000000000000040123421ffffd048
00000000000000004147addefffca51e
0000000000000000427d279bfff97ab5
000000000000000043b2a158fff651c5
000000000000000044e81b15fff32b03
0000000000000000461d94d2fff00726
000000000000000047530e8fffece6e2
00000000000000004888884cffe9caeb
000000000000000049be0209ffe6b3f6
00000000000000004af37bc6ffe3a2b4
00000000000000004c28f583ffe097d7
00000000000000004d5e6f40ffdd940d
00000000000000004e93e8fdffda9805
00000000000000004fc962baffd7a46c
000000000000000050fedc77ffd4b9ea
000000000000000052345634ffd1d929
00000000000000005369cff1ffcf02ce
0000000000000000549f49aeffcc377e
000000000000000055d4c36bffc977d9
0000000000000000570a3d28ffc6c47e
0000000000000000583fb6e5ffc41e08
0000000000000000597530a2ffc18511
00000000000000005aaaaa5fffbefa2f
00000000000000005be0241cffbc7df4
00000000000000005d159dd9ffba10ef
00000000000000005e4b1796ffb7b3ad
00000000000000005f809153ffb566b6
000000000000000060b60b10ffb32a8e
000000000000000061eb84cdffb0ffb7
00000000000000006320fe8affaee6ae
000000000000000064567847ffacdfeb
0000000000000000658bf204ffaaebe4
000000000000000066c16bc1ffa90b08
000000000000000067f6e57effa73dc6
0000000000000000692c5f3bffa58484
00000000000000006a61d8f8ffa3dfa5
00000000000000006b9752b5ffa24f8a
00000000000000006ccccc72ffa0d48b
00000000000000006e02462fff9f6eff
00000000000000006f37bfecff9e1f36
0000000000000000706d39a9ff9ce57b
000000000000000071a2b366ff9bc216
000000000000000072d82d23ff9ab547
0000000000000000740da6e0ff99bf4c
00000000000000007543209dff98e05c
000000000000000076789a5aff9818aa
000000000000000077ae1417ff976861
000000000000000078e38dd4ff96cfaa
00000000000000007a190791ff964ea8
00000000000000007b4e814eff95e577
00000000000000007c83fb0bff959430
00000000000000007db974c8ff955ae3
00000000000000007eeeee85ff95399f
000000000000000080246842ff95306b
00000000000000008159e1ffff953f49
0000000000000000828f5bbcff956635
000000000000000083c4d579ff95a528
000000000000000084fa4f36ff95fc11
0000000000000000862fc8f3ff966adf
0000000000000000876542b0ff96f178
0000000000000000889abc6dff978fbe
000000000000000089d0362aff98458c
00000000000000008b05afe7ff9912bb
00000000000000008c3b29a4ff99f71c
00000000000000008d70a361ff9af27b
00000000000000008ea61d1eff9c049f
00000000000000008fdb96dbff9d2d4c
000000000000000091111098ff9e6c3e
000000000000000092468a55ff9fc12d
0000000000000000937c0412ffa12bcc
000000000000000094b17dcfffa2abca
000000000000000095e6f78cffa440d1
0000000000000000971c7149ffa5ea84
00000000000000009851eb06ffa7a884
0000000000000000998764c3ffa97a6c
00000000000000009abcde80ffab5fd4
00000000000000009bf2583dffad584e
00000000000000009d27d1faffaf6369
00000000000000009e5d4bb7ffb180ad
00000000000000009f92c574ffb3afa3
0000000000000000a0c83f31ffb5efcb
0000000000000000a1fdb8eeffb840a3
0000000000000000a33332abffbaa1a7
0000000000000000a468ac68ffbd124d
0000000000000000a59e2625ffbf9207
0000000000000000a6d39fe2ffc22047
0000000000000000a809199fffc4bc78
0000000000000000a93e935cffc76604
0000000000000000aa740d19ffca1c52
0000000000000000aba986d6ffccdec4
0000000000000000acdf0093ffcfacbc
0000000000000000ae147a50ffd28598
0000000000000000af49f40dffd568b4
0000000000000000b07f6dcaffd85568
0000000000000000b1b4e787ffdb4b0d
0000000000000000b2ea6144ffde48f8
0000000000000000b41fdb01ffe14e7b
0000000000000000b55554beffe45aea
0000000000000000b68ace7bffe76d93
0000000000000000b7c04838ffea85c6
0000000000000000b8f5c1f5ffeda2cf
0000000000000000ba2b3bb2fff0c3fc
0000000000000000bb60b56ffff3e898
0000000000000000bc962f2cfff70fee
0000000000000000bdcba8e9fffa3947
0000000000000000bf0122a6fffd63ee
0000000000000000c0369c6300008f2a
0000000000000000c16c16200003ba46
0000000000000000c2a18fdd0006e48c
0000000000000000c3d7099a000a0d44
0000000000000000c50c8357000d33b8
0000000000000000c641fd1400105733
0000000000000000c77776d1001376ff
0000000000000000c8acf08e00169267
0000000000000000c9e26a4b0019a8ba
0000000000000000cb17e408001cb945
0000000000000000cc4d5dc5001fc356
0000000000000000cd82d7820022c63f
0000000000000000ceb8513f0025c152
0000000000000000cfedcafc0028b3e2
0000000000000000d12344b9002b9d47
0000000000000000d258be76002e7cd8
0000000000000000d38e3833003151ee
0000000000000000d4c3b1f000341be8
0000000000000000d5f92bad0036da23
0000000000000000d72ea56a00398c01
0000000000000000d8641f27003c30e8
0000000000000000d99998e4003ec83f
0000000000000000dacf12a10041516f
0000000000000000dc048c5e0043cbe8
0000000000000000dd3a061b00463719
0000000000000000de6f7fd800489277
0000000000000000dfa4f995004add7b
0000000000000000e0da7352004d17a0
0000000000000000e20fed0f004f4065
0000000000000000e34566cc0051574e
0000000000000000e47ae08900535be3
0000000000000000e5b05a4600554daf
0000000000000000e6e5d40300572c41
0000000000000000e81b4dc00058f72f
0000000000000000e950c77d005aae10
0000000000000000ea86413a005c5082
0000000000000000ebbbbaf7005dde26
0000000000000000ecf134b4005f56a3
0000000000000000ee26ae710060b9a4
0000000000000000ef5c282e006206d9
0000000000000000f091a1eb00633df7
0000000000000000f1c71ba800645eb7
0000000000000000f2fc9565006568d9
0000000000000000f4320f2200665c21
0000000000000000f56788df00673858
0000000000000000f69d029c0067fd4b
0000000000000000f7d27c590068aad0
0000000000000000f907f616006940be
0000000000000000fa3d6fd30069bef5
0000000000000000fb72e990006a2557
0000000000000000fca8634d006a73cd
0000000000000000fddddd0a006aaa46
0000000000000000ff1356c7006ac8b6
00000000000000000048d084006acf15
0000000000000000017e4a41006abd62
000000000000000002b3c3fe006a93a2
000000000000000003e93dbb006a51dd
0000000000000000051eb7780069f823
00000000000000000654313500698687
00000000000000000789aaf20068fd23
000000000000000008bf24af00685c17
000000000000000009f49e6c0067a386
00000000000000000b2a18290066d39a
00000000000000000c5f91e60065ec82
00000000000000000d950ba30064ee73
00000000000000000eca85600063d9a4
00000000000000000fffff1d0062ae55
0000000000000000113578da00616cc9
0000000000000000126af29700601549
000000000000000013a06c54005ea822
000000000000000014d5e611005d25a6
0000000000000000160b5fce005b8e2c
00000000000000001740d98b0059e210
000000000000000018765348005821b3
000000000000000019abcd0500564d7a
00000000000000001ae146c2005465ce
00000000000000001c16c07f00526b1d
00000000000000001d4c3a3c00505dd9
00000000000000001e81b3f9004e3e79
00000000000000001fb72db6004c0d78
000000000000000020eca7730049cb52
0000000000000000222221300047788c
000000000000000023579aed004515aa
0000000000000000248d14aa0042a337
000000000000000025c28e67004021bf
000000000000000026f80824003d91d4
0000000000000000282d81e1003af409
00000000000000002962fb9e003848f4
00000000000000002a98755b00359131
00000000000000002bcdef180032cd5b
00000000000000002d0368d5002ffe13
00000000000000002e38e292002d23fa
00000000000000002f6e5c4f002a3fb4
000000000000000030a3d60c002751ea
000000000000000031d94fc900245b43
0000000000000000330ec98600215c6a
000000000000000034444343001e560d
00000000000000003579bd00001b48da
000000000000000036af36bd00183581
000000000000000037e4b07a00151cb3
0000000000000000391a2a370011ff24
00000000000000003a4fa3f4000edd86
00000000000000003b851db1000bb88e
00000000000000003cba976e000890f3
00000000000000003df0112b00056769
00000000000000003f258ae800023ca7
0000000000000000405b04a5ffff1165
000000000000000041907e62fffbe659
000000000000000042c5f81ffff8bc38
000000000000000043fb71dcfff593bb
00000000000000004530eb99fff26d97
000000000000000046666556ffef4a82
0000000000000000479bdf13ffec2b31
000000000000000048d158d0ffe91058
00000000000000004a06d28dffe5faaa
00000000000000004b3c4c4affe2ead9
00000000000000004c71c607ffdfe197
00000000000000004da73fc4ffdcdf91
00000000000000004edcb981ffd9e575
00000000000000005012333effd6f3f0
00000000000000005147acfbffd40bab
0000000000000000527d26b8ffd12d4d
000000000000000053b2a075ffce597d
000000000000000054e81a32ffcb90dd
0000000000000000561d93efffc8d40e
000000000000000057530dacffc623ad
000000000000000058888769ffc38057
000000000000000059be0126ffc0eaa3
00000000000000005af37ae3ffbe6326
00000000000000005c28f4a0ffbbea73
00000000000000005d5e6e5dffb98117
00000000000000005e93e81affb7279e
00000000000000005fc961d7ffb4de90
000000000000000060fedb94ffb2a670
000000000000000062345551ffb07fbe
00000000000000006369cf0effae6af6
0000000000000000649f48cbffac6891
000000000000000065d4c288ffaa7903
0000000000000000670a3c45ffa89cba
0000000000000000683fb602ffa6d423
000000000000000069752fbfffa51fa4
00000000000000006aaaa97cffa37fa0
00000000000000006be02339ffa1f474
00000000000000006d159cf6ffa07e7a
00000000000000006e4b16b3ff9f1e06
00000000000000006f809070ff9dd366
000000000000000070b60a2dff9c9ee7
000000000000000071eb83eaff9b80cc
00000000000000007320fda7ff9a7957
000000000000000074567764ff9988c4
0000000000000000758bf121ff98af47
000000000000000076c16adeff97ed13
000000000000000077f6e49bff974253
0000000000000000792c5e58ff96af2d
00000000000000007a61d815ff9633c3
00000000000000007b9751d2ff95d030
00000000000000007ccccb8fff95848b
00000000000000007e02454cff9550e6
00000000000000007f37bf09ff95354b
0000000000000000806d38c6ff9531c0
000000000000000081a2b283ff954648
000000000000000082d82c40ff9572dc
0000000000000000840da5fdff95b773
000000000000000085431fbaff9613fe
000000000000000086789977ff968867
000000000000000087ae1334ff971495
000000000000000088e38cf1ff97b868
00000000000000008a1906aeff9873ba
00000000000000008b4e806bff994662
00000000000000008c83fa28ff9a3031
00000000000000008db973e5ff9b30f1
00000000000000008eeeeda2ff9c4868
00000000000000009024675fff9d7659
00000000000000009159e11cff9eba7d
0000000000000000928f5ad9ffa0148e
000000000000000093c4d496ffa1843c
000000000000000094fa4e53ffa30935
0000000000000000962fc810ffa4a321
0000000000000000976541cdffa651a4
0000000000000000989abb8affa8145c
000000000000000099d03547ffa9eae4
00000000000000009b05af04ffabd4d3
00000000000000009c3b28c1ffadd1b9
00000000000000009d70a27effafe125
00000000000000009ea61c3bffb2029e
00000000000000009fdb95f8ffb435ab
0000000000000000a1110fb5ffb679cc
0000000000000000a2468972ffb8ce7f
0000000000000000a37c032fffbb333c
0000000000000000a4b17cecffbda77b
0000000000000000a5e6f6a9ffc02aae
0000000000000000a71c7066ffc2bc42
0000000000000000a851ea23ffc55ba6
0000000000000000a98763e0ffc80840
0000000000000000aabcdd9dffcac177
0000000000000000abf2575affcd86ae
0000000000000000ad27d117ffd05745
0000000000000000ae5d4ad4ffd33299
0000000000000000af92c491ffd61805
0000000000000000b0c83e4effd906e4
0000000000000000b1fdb80bffdbfe8a
0000000000000000b33331c8ffdefe4e
0000000000000000b468ab85ffe20582
0000000000000000b59e2542ffe51377
0000000000000000b6d39effffe8277e
0000000000000000b80918bcffeb40e4
0000000000000000b93e9279ffee5ef8
0000000000000000ba740c36fff18104
0000000000000000bba985f3fff4a654
0000000000000000bcdeffb0fff7ce34
0000000000000000be14796dfffaf7ec
0000000000000000bf49f32afffe22c6
0000000000000000c07f6ce700014e0b
0000000000000000c1b4e6a400047905
0000000000000000c2ea60610007a2fe
0000000000000000c41fda1e000acb3e
0000000000000000c55553db000df10f
0000000000000000c68acd98001113bc
0000000000000000c7c0475500143290
0000000000000000c8f5c11200174cd6
0000000000000000ca2b3acf001a61dd
0000000000000000cb60b48c001d70f1
0000000000000000cc962e4900207963
0000000000000000cdcba80600237a84
0000000000000000cf0121c3002673a5
0000000000000000d0369b800029641d
0000000000000000d16c153d002c4b41
0000000000000000d2a18efa002f2869
0000000000000000d3d708b70031faf1
0000000000000000d50c82740034c235
0000000000000000d641fc3100377d96
0000000000000000d77775ee003a2c75
0000000000000000d8acefab003cce39
0000000000000000d9e26968003f6248
0000000000000000db17e3250041e80f
0000000000000000dc4d5ce200445efc
0000000000000000dd82d69f0046c681
0000000000000000deb8505c00491e12
0000000000000000dfedca19004b652a
0000000000000000e12343d6004d9b43
0000000000000000e258bd93004fbfe0
0000000000000000e38e37500051d284
0000000000000000e4c3b10d0053d2b8
0000000000000000e5f92aca0055c007
0000000000000000e72ea48700579a04
0000000000000000e8641e4400596043
0000000000000000e9999801005b125e
0000000000000000eacf11be005caff4
0000000000000000ec048b7b005e38a6
0000000000000000ed3a0538005fac1c
0000000000000000ee6f7ef500610a03
0000000000000000efa4f8b20062520c
0000000000000000f0da726f006383ed
0000000000000000f20fec2c00649f60
0000000000000000f34565e90065a427
0000000000000000f47adfa600669206
0000000000000000f5b05963006768c8
0000000000000000f6e5d3200068283c
0000000000000000f81b4cdd0068d037
0000000000000000f950c69a00696094
0000000000000000fa8640570069d931
0000000000000000fbbbba14006a39f4
0000000000000000fcf133d1006a82c7
0000000000000000fe26ad8e006ab399
0000000000000000ff5c274b006acc60
00000000000000000091a108006acd15
000000000000000001c71ac5006ab5b9
000000000000000002fc9482006a8651
000000000000000004320e3f006a3ee8
0000000000000000056787fc0069df8d
0000000000000000069d01b900696856
000000000000000007d27b760068d95f
00000000000000000907f533006832c6
00000000000000000a3d6ef0006774b3
00000000000000000b72e8ad00669f4f
00000000000000000ca8626a0065b2cb
00000000000000000ddddc270064af5b
00000000000000000f1355e40063953c
00000000000000001048cfa1006264ab
0000000000000000117e495e00611dee
000000000000000012b3c31b005fc14f
000000000000000013e93cd8005e4f1b
0000000000000000151eb695005cc7a6
000000000000000016543052005b2b49
00000000000000001789aa0f00597a61
000000000000000018bf23cc0057b54f
000000000000000019f49d890055dc78
00000000000000001b2a17460053f049
00000000000000001c5f91030051f12f
00000000000000001d950ac0004fdf9d
00000000000000001eca847d004dbc0c
00000000000000001ffffe3a004b86f6
0000000000000000213577f7004940db
0000000000000000226af1b40046ea3e
000000000000000023a06b71004483a7
000000000000000024d5e52e00420d9e
0000000000000000260b5eeb003f88b3
00000000000000002740d8a8003cf576
000000000000000028765265003a547d
000000000000000029abcc220037a65f
00000000000000002ae145df0034ebb6
00000000000000002c16bf9c00322521
00000000000000002d4c3959002f533e
00000000000000002e81b316002c76b1
00000000000000002fb72cd300299020
000000000000000030eca6900026a030
00000000000000003222204d0023a78c
000000000000000033579a0a0020a6df
0000000000000000348d13c7001d9ed7
000000000000000035c28d84001a9021
000000000000000036f8074100177b70
0000000000000000382d80fe00146173
00000000000000003962fabb001142df
00000000000000003a987478000e2067
00000000000000003bcdee35000afac0
00000000000000003d0367f20007d2a0
00000000000000003e38e1af0004a8bc
00000000000000003f6e5b6c00017dcc
000000000000000040a3d529fffe5286
000000000000000041d94ee6fffb27a1
0000000000000000430ec8a3fff7fdd2
000000000000000044444260fff4d5d2
00000000000000004579bc1dfff1b056
000000000000000046af35daffee8e14
000000000000000047e4af97ffeb6fc0
0000000000000000491a2954ffe8560e
00000000000000004a4fa311ffe541b1
00000000000000004b851cceffe2335c
00000000000000004cba968bffdf2bbd
00000000000000004df01048ffdc2b84
00000000000000004f258a05ffd9335f
0000000000000000505b03c2ffd643f7
000000000000000051907d7fffd35df8
000000000000000052c5f73cffd08207
000000000000000053fb70f9ffcdb0ca
00000000000000005530eab6ffcaeae3
000000000000000056666473ffc830f3
0000000000000000579bde30ffc58396
000000000000000058d157edffc2e368
00000000000000005a06d1aaffc050ff
00000000000000005b3c4b67ffbdccef
00000000000000005c71c524ffbb57cb
00000000000000005da73ee1ffb8f220
00000000000000005edcb89effb69c78
00000000000000006012325bffb45759
00000000000000006147ac18ffb22348
0000000000000000627d25d5ffb000c2
000000000000000063b29f92ffadf043
000000000000000064e8194fffabf243
0000000000000000661d930cffaa0733
000000000000000067530cc9ffa82f83
000000000000000068888686ffa66b9d
000000000000000069be0043ffa4bbe7
00000000000000006af37a00ffa320c3
00000000000000006c28f3bdffa19a8c
00000000000000006d5e6d7affa0299a
00000000000000006e93e737ff9ece42
00000000000000006fc960f4ff9d88d1
000000000000000070fedab1ff9c5990
00000000000000007234546eff9b40c4
00000000000000007369ce2bff9a3eac
0000000000000000749f47e8ff995382
000000000000000075d4c1a5ff987f7c
0000000000000000770a3b62ff97c2c8
0000000000000000783fb51fff971d93
000000000000000079752edcff969000
00000000000000007aaaa899ff961a2f
00000000000000007be02256ff95bc3c
00000000000000007d159c13ff95763b
00000000000000007e4b15d0ff95483d
00000000000000007f808f8dff95324b
000000000000000080b6094aff95346b
000000000000000081eb8307ff954e9b
00000000000000008320fcc4ff9580d7
000000000000000084567681ff95cb12
0000000000000000858bf03eff962d3d
000000000000000086c169fbff96a740
000000000000000087f6e3b8ff973901
0000000000000000892c5d75ff97e25f
00000000000000008a61d732ff98a333
00000000000000008b9750efff997b52
00000000000000008ccccaacff9a6a8b
00000000000000008e024469ff9b70a9
00000000000000008f37be26ff9c8d70
0000000000000000906d37e3ff9dc0a0
000000000000000091a2b1a0ff9f09f4
000000000000000092d82b5dffa06921
0000000000000000940da51affa1ddda
000000000000000095431ed7ffa367c8
000000000000000096789894ffa50695
000000000000000097ae1251ffa6b9e2
000000000000000098e38c0effa8814d
00000000000000009a1905cbffaa5c70
00000000000000009b4e7f88ffac4adf
00000000000000009c83f945ffae4c2b
00000000000000009db97302ffb05fe1
00000000000000009eeeecbfffb28588
0000000000000000a024667cffb4bca5
0000000000000000a159e039ffb704b8
0000000000000000a28f59f6ffb95d3d
0000000000000000a3c4d3b3ffbbc5ad
0000000000000000a4fa4d70ffbe3d7e
0000000000000000a62fc72dffc0c420
0000000000000000a76540eaffc35902
0000000000000000a89abaa7ffc5fb8e
0000000000000000a9d03464ffc8ab2e
0000000000000000ab05ae21ffcb6746
0000000000000000ac3b27deffce2f39
0000000000000000ad70a19bffd10265
0000000000000000aea61b58ffd3e028
0000000000000000afdb9515ffd6c7dd
0000000000000000b1110ed2ffd9b8db
0000000000000000b246888fffdcb27a
0000000000000000b37c024cffdfb40e
0000000000000000b4b17c09ffe2bce8
0000000000000000b5e6f5c6ffe5cc5b
0000000000000000b71c6f83ffe8e1b5
0000000000000000b851e940ffebfc45
0000000000000000b98762fdffef1b58
0000000000000000babcdcbafff23e39
0000000000000000bbf25677fff56434
0000000000000000bd27d034fff88c93
0000000000000000be5d49f1fffbb6a0
0000000000000000bf92c3aefffee1a4
0000000000000000c0c83d6b00020ce8
0000000000000000c1fdb728000537b6
0000000000000000c33330e500086157
0000000000000000c468aaa2000b8915
0000000000000000c59e245f000eae39
0000000000000000c6d39e1c0011d00f
0000000000000000c80917d90014ede1
0000000000000000c93e9196001806fb
0000000000000000ca740b53001b1aab
0000000000000000cba98510001e2840
0000000000000000ccdefecd00212f09
0000000000000000ce14788a00242e57
0000000000000000cf49f2470027257e
0000000000000000d07f6c04002a13d3
0000000000000000d1b4e5c1002cf8ad
0000000000000000d2ea5f7e002fd364
0000000000000000d41fd93b0032a354
0000000000000000d55552f8003567da
0000000000000000d68accb500382058
0000000000000000d7c04672003acc2f
0000000000000000d8f5c02f003d6ac7
0000000000000000da2b39ec003ffb88
0000000000000000db60b3a900427ddd
0000000000000000dc962d660044f137
0000000000000000ddcba72300475507
0000000000000000df0120e00049a8c4
0000000000000000e0369a9d004bebe7
0000000000000000e16c145a004e1def
0000000000000000e2a18e1700503e5c
0000000000000000e3d707d400524cb4
0000000000000000e50c819100544880
0000000000000000e641fb4e0056314e
0000000000000000e777750b005806af
0000000000000000e8aceec80059c83a
0000000000000000e9e26885005b758a
0000000000000000eb17e242005d0e3d
0000000000000000ec4d5bff005e91f8
0000000000000000ed82d5bc00600063
0000000000000000eeb84f790061592c
0000000000000000efedc93600629c05
0000000000000000f12342f30063c8a5
0000000000000000f258bcb00064dec8
0000000000000000f38e366d0065de30
0000000000000000f4c3b02a0066c6a4
0000000000000000f5f929e7006797ee
0000000000000000f72ea3a4006851e0
0000000000000000f8641d610068f450
0000000000000000f999971e00697f19
0000000000000000facf10db0069f21c
0000000000000000fc048a98006a4d3f
0000000000000000fd3a0455006a906d
0000000000000000fe6f7e12006abb98
0000000000000000ffa4f7cf006aceb5
000000000000000000da718c006ac9c0
0000000000000000020feb49006aacbb
000000000000000003456506006a77ac
0000000000000000047adec3006a2a9f
000000000000000005b058800069c5a5
000000000000000006e5d23d006948d5
0000000000000000081b4bfa0068b44b
00000000000000000950c5b700680829
00000000000000000a863f7400674495
00000000000000000bbbb931006669bc
00000000000000000cf132ee006577ce
00000000000000000e26acab00646f03
00000000000000000f5c266800634f95
00000000000000001091a025006219c7
000000000000000011c719e20060cddd
000000000000000012fc939f005f6c22
000000000000000014320d5c005df4e7
000000000000000015678719005c687f
0000000000000000169d00d6005ac744
000000000000000017d27a9300591194
00000000000000001907f450005747d2
00000000000000001a3d6e0d00556a64
00000000000000001b72e7ca005379b7
00000000000000001ca861870051763a
00000000000000001ddddb44004f6062
00000000000000001f135501004d38a6
00000000000000002048cebe004aff84
0000000000000000217e487b0048b57b
000000000000000022b3c23800465b0f
000000000000000023e93bf50043f0c8
0000000000000000251eb5b200417732
000000000000000026542f6f003eeedc
00000000000000002789a92c003c5856
000000000000000028bf22e90039b438
000000000000000029f49ca600370318
00000000000000002b2a166300344593
00000000000000002c5f902000317c46
00000000000000002d9509dd002ea7d2
00000000000000002eca839a002bc8db
00000000000000002ffffd570028e006
0000000000000000313577140025edfb
0000000000000000326af0d10022f363
000000000000000033a06a8e001ff0ec
000000000000000034d5e44b001ce741
0000000000000000360b5e080019d714
00000000000000003740d7c50016c113
0000000000000000387651820013a5f2
000000000000000039abcb3f00108663
00000000000000003ae144fc000d631b
00000000000000003c16beb9000a3ccf
00000000000000003d4c387600071434
00000000000000003e81b2330003ea01
00000000000000003fb72bf00000beeb
000000000000000040eca5adfffd93ac
000000000000000042221f6afffa68f8
000000000000000043579927fff73f86
0000000000000000448d12e4fff4180d
000000000000000045c28ca1fff0f343
000000000000000046f8065effedd1dd
0000000000000000482d801bffeab490
00000000000000004962f9d8ffe79c0f
00000000000000004a987395ffe4890e
00000000000000004bcded52ffe17c3d
00000000000000004d03670fffde764c
00000000000000004e38e0ccffdb77ea
00000000000000004f6e5a89ffd881c4
000000000000000050a3d446ffd59484
000000000000000051d94e03ffd2b0d3
0000000000000000530ec7c0ffcfd758
00000000000000005444417dffcd08b8
00000000000000005579bb3affca4593
000000000000000056af34f7ffc78e8a
000000000000000057e4aeb4ffc4e43a
0000000000000000591a2871ffc2473b
00000000000000005a4fa22effbfb825
00000000000000005b851bebffbd378c
00000000000000005cba95a8ffbac5ff
00000000000000005df00f65ffb8640c
00000000000000005f258922ffb6123c
0000000000000000605b02dfffb3d115
000000000000000061907c9cffb1a118
000000000000000062c5f659ffaf82c6
000000000000000063fb7016ffad7696
00000000000000006530e9d3ffab7d00
000000000000000066666390ffa99676
0000000000000000679bdd4dffa7c365
000000000000000068d1570affa60436
00000000000000006a06d0c7ffa4594e
00000000000000006b3c4a84ffa2c30e
00000000000000006c71c441ffa141d0
00000000000000006da73dfeff9fd5ec
00000000000000006edcb7bbff9e7fb4
000000000000000070123178ff9d3f75
00000000000000007147ab35ff9c1577
0000000000000000727d24f2ff9b01fd
000000000000000073b29eafff9a0545
000000000000000074e8186cff991f89
0000000000000000761d9229ff9850fb
000000000000000077530be6ff9799cb
0000000000000000788885a3ff96fa22
000000000000000079bdff60ff967223
00000000000000007af3791dff9601ee
00000000000000007c28f2daff95a99b
00000000000000007d5e6c97ff956940
00000000000000007e93e654ff9540e9
00000000000000007fc96011ff9530a0
000000000000000080fed9ceff95386a
00000000000000008234538bff955843
00000000000000008369cd48ff959026
0000000000000000849f4705ff95e005
000000000000000085d4c0c2ff9647ce
0000000000000000870a3a7fff96c76a
0000000000000000883fb43cff975ebc
000000000000000089752df9ff980da3
00000000000000008aaaa7b6ff98d3f6
00000000000000008be02173ff99b189
00000000000000008d159b30ff9aa62a
00000000000000008e4b14edff9bb1a2
00000000000000008f808eaaff9cd3b5
000000000000000090b60867ff9e0c21
000000000000000091eb8224ff9f5aa0
00000000000000009320fbe1ffa0bee6
00000000000000009456759effa238a4
0000000000000000958bef5bffa3c784
000000000000000096c16918ffa56b2c
000000000000000097f6e2d5ffa7233d
0000000000000000992c5c92ffa8ef55
00000000000000009a61d64fffaacf0c
00000000000000009b97500cffacc1f6
00000000000000009cccc9c9ffaec7a2
00000000000000009e024386ffb0df9b
00000000000000009f37bd43ffb30969
0000000000000000a06d3700ffb5448f
0000000000000000a1a2b0bdffb7908d
0000000000000000a2d82a7affb9ecdd
0000000000000000a40da437ffbc58f8
0000000000000000a5431df4ffbed452
0000000000000000a67897b1ffc15e5c
0000000000000000a7ae116effc3f682
0000000000000000a8e38b2bffc69c30
0000000000000000aa1904e8ffc94ece
0000000000000000ab4e7ea5ffcc0dbe
0000000000000000ac83f862ffced863
0000000000000000adb9721fffd1ae1c
0000000000000000aeeeebdcffd48e45
0000000000000000b0246599ffd77838
0000000000000000b159df56ffda6b4d
0000000000000000b28f5913ffdd66db
0000000000000000b3c4d2d0ffe06a34
0000000000000000b4fa4c8dffe374ac
0000000000000000b62fc64affe68592
0000000000000000b7654007ffe99c37
0000000000000000b89ab9c4ffecb7e6
0000000000000000b9d03381ffefd7ef
0000000000000000bb05ad3efff2fb9b
0000000000000000bc3b26fbfff62236
0000000000000000bd70a0b8fff94b0b
0000000000000000bea61a75fffc7562
0000000000000000bfdb9432ffffa086
0000000000000000c1110def0002cbbe
0000000000000000c24687ac0005f656
0000000000000000c37c016900091f96
0000000000000000c4b17b26000c46c7
0000000000000000c5e6f4e3000f6b35
0000000000000000c71c6ea000128c29
0000000000000000c851e85d0015a8ee
0000000000000000c987621a0018c0d3
0000000000000000cabcdbd7001bd323
0000000000000000cbf25594001edf2e
0000000000000000cd27cf510021e444
0000000000000000ce5d490e0024e1b7
0000000000000000cf92c2cb0027d6da
0000000000000000d0c83c88002ac303
0000000000000000d1fdb645002da589
0000000000000000d333300200307dc6
0000000000000000d468a9bf00334b15
0000000000000000d59e237c00360cd5
0000000000000000d6d39d390038c266
0000000000000000d80916f6003b6b2e
0000000000000000d93e90b3003e0691
0000000000000000da740a70004093fb
0000000000000000dba9842d004312d6
0000000000000000dcdefdea00458295
0000000000000000de1477a70047e2a9
0000000000000000df49f164004a328a
0000000000000000e07f6b21004c71b3
0000000000000000e1b4e4de004e9fa1
0000000000000000e2ea5e9b0050bbd8
0000000000000000e41fd8580052c5de
0000000000000000e55552150054bd3c
0000000000000000e68acbd20056a181
0000000000000000e7c0458f00587241
0000000000000000e8f5bf4c005a2f12
0000000000000000ea2b3909005bd791
0000000000000000eb60b2c6005d6b5d
0000000000000000ec962c83005eea1c
0000000000000000edcba64000605377
0000000000000000ef011ffd0061a71e
0000000000000000f03699ba0062e4c2
0000000000000000f16c137700640c1e
0000000000000000f2a18d3400651cee
0000000000000000f3d706f1006616f4
0000000000000000f50c80ae0066f9f9
0000000000000000f641fa6b0067c5c9
0000000000000000f777742800687a37
0000000000000000f8acede500691719
0000000000000000f9e267a200699c4d
0000000000000000fb17e15f006a09b4
0000000000000000fc4d5b1c006a5f36
0000000000000000fd82d4d9006a9cbf
0000000000000000feb84e96006ac241
0000000000000000ffedc853006acfb5
000000000000000001234210006ac517
00000000000000000258bbcd006aa269
0000000000000000038e358a006a67b3
000000000000000004c3af47006a1503
000000000000000005f929040069aa6b
0000000000000000072ea2c100692803
000000000000000008641c7e00688de9
00000000000000000999963b0067dc3f
00000000000000000acf0ff80067132d
00000000000000000c0489b5006632e1
00000000000000000d3a037200653b8d
00000000000000000e6f7d2f00642d69
00000000000000000fa4f6ec006308b2
000000000000000010da70a90061cda9
0000000000000000120fea6600607c96
000000000000000013456423005f15c5
0000000000000000147adde0005d9987
000000000000000015b0579d005c0830
000000000000000016e5d15a005a621c
0000000000000000181b4b170058a7aa
00000000000000001950c4d40056d93e
00000000000000001a863e910054f73f
00000000000000001bbbb84e0053021b
00000000000000001cf1320b0050fa42
00000000000000001e26abc8004ee029
00000000000000001f5c2585004cb44a
000000000000000020919f42004a7722
000000000000000021c718ff00482932
000000000000000022fc92bc0045caff
000000000000000024320c7900435d11
0000000000000000256786360040dff6
0000000000000000269cfff3003e543b
000000000000000027d279b0003bba75
00000000000000002907f36d0039133a
00000000000000002a3d6d2a00365f21
00000000000000002b72e6e700339ec8
00000000000000002ca860a40030d2cd
00000000000000002dddda61002dfbd1
00000000000000002f13541e002b1a79
00000000000000003048cddb00282f6a
0000000000000000317e479800253b4c
000000000000000032b3c15500223ecb
000000000000000033e93b12001f3a92
0000000000000000351eb4cf001c2f50
000000000000000036542e8c00191db3
00000000000000003789a8490016066e
000000000000000038bf22060012ea32
000000000000000039f49bc3000fc9b3
00000000000000003b2a1580000ca5a4
00000000000000003c5f8f3d00097ebd
00000000000000003d9508fa000655b1
00000000000000003eca82b700032b38
00000000000000003ffffc7400000009
000000000000000041357631fffcd4da
0000000000000000426aefeefff9aa61
000000000000000043a069abfff68156
000000000000000044d5e368fff35a6e
0000000000000000460b5d25fff03660
00000000000000004740d6e2ffed15e1
00000000000000004876509fffe9f9a4
000000000000000049abca5cffe6e25f
00000000000000004ae14419ffe3d0c2
00000000000000004c16bdd6ffe0c580
00000000000000004d4c3793ffddc146
00000000000000004e81b150ffdac4c5
00000000000000004fb72b0dffd7d0a7
000000000000000050eca4caffd4e598
000000000000000052221e87ffd2043f
000000000000000053579844ffcf2d43
0000000000000000548d1201ffcc6148
000000000000000055c28bbeffc9a0ef
000000000000000056f8057bffc6ecd6
0000000000000000582d7f38ffc4459a
00000000000000005962f8f5ffc1abd4
00000000000000005a9872b2ffbf2019
00000000000000005bcdec6fffbca2fd
00000000000000005d03662cffba350f
00000000000000005e38dfe9ffb7d6dc
00000000000000005f6e59a6ffb588ec
000000000000000060a3d363ffb34bc3
000000000000000061d94d20ffb11fe4
0000000000000000630ec6ddffaf05ca
00000000000000006444409affacfdf1
00000000000000006579ba57ffab08cc
000000000000000066af3414ffa926cd
000000000000000067e4add1ffa75860
0000000000000000691a278effa59ded
00000000000000006a4fa14bffa3f7d9
00000000000000006b851b08ffa26682
00000000000000006cba94c5ffa0ea43
00000000000000006df00e82ff9f8372
00000000000000006f25883fff9e325e
0000000000000000705b01fcff9cf755
000000000000000071907bb9ff9bd29d
000000000000000072c5f576ff9ac479
000000000000000073fb6f33ff99cd24
00000000000000007530e8f0ff98ecd8
0000000000000000766662adff9823c5
0000000000000000779bdc6aff97721b
000000000000000078d15627ff96d800
00000000000000007a06cfe4ff965598
00000000000000007b3c49a1ff95eaff
00000000000000007c71c35eff95984e
00000000000000007da73d1bff955d98
00000000000000007edcb6d8ff953aea
000000000000000080123095ff95304b
00000000000000008147aa52ff953dbe
0000000000000000827d240fff956340
000000000000000083b29dccff95a0c9
000000000000000084e81789ff95f64a
0000000000000000861d9146ff9663b0
000000000000000087530b03ff96e8e3
0000000000000000888884c0ff9785c5
000000000000000089bdfe7dff983a32
00000000000000008af3783aff990602
00000000000000008c28f1f7ff99e906
00000000000000008d5e6bb4ff9ae30c
00000000000000008e93e571ff9bf3dc
00000000000000008fc95f2eff9d1b37
000000000000000090fed8ebff9e58db
0000000000000000923452a8ff9fac80
00000000000000009369cc65ffa115db
0000000000000000949f4622ffa2949a
000000000000000095d4bfdfffa42865
0000000000000000970a399cffa5d0e4
0000000000000000983fb359ffa78db5
000000000000000099752d16ffa95e74
00000000000000009aaaa6d3ffab42b9
00000000000000009be02090ffad3a17
00000000000000009d159a4dffaf441c
00000000000000009e4b140affb16052
00000000000000009f808dc7ffb38e40
0000000000000000a0b60784ffb5cd69
0000000000000000a1eb8141ffb81d49
0000000000000000a320fafeffba7d5d
0000000000000000a45674bbffbced1b
0000000000000000a58bee78ffbf6bf7
0000000000000000a6c16835ffc1f960
0000000000000000a7f6e1f2ffc494c3
0000000000000000a92c5bafffc73d8a
0000000000000000aa61d56cffc9f31b
0000000000000000ab974f29ffccb4db
0000000000000000acccc8e6ffcf822a
0000000000000000ae0242a3ffd25a66
0000000000000000af37bc60ffd53cec
0000000000000000b06d361dffd82915
0000000000000000b1a2afdaffdb1e37
0000000000000000b2d82997ffde1baa
0000000000000000b40da354ffe120c0
0000000000000000b5431d11ffe42ccb
0000000000000000b67896ceffe73f1b
0000000000000000b7ae108bffea56ff
0000000000000000b8e38a48ffed73c5
0000000000000000ba190405fff094b9
0000000000000000bb4e7dc2fff3b926
0000000000000000bc83f77ffff6e058
0000000000000000bdb9713cfffa0998
0000000000000000beeeeaf9fffd342f
0000000000000000c02464b600005f68
0000000000000000c159de7300038a8b
0000000000000000c28f58300006b4e3
0000000000000000c3c4d1ed0009ddb7
0000000000000000c4fa4baa000d0453
0000000000000000c62fc567001027ff
0000000000000000c7653f2400134807
0000000000000000c89ab8e1001663b7
0000000000000000c9d0329e00197a5c
0000000000000000cb05ac5b001c8b42
0000000000000000cc3b2618001f95ba
0000000000000000cd709fd500229913
0000000000000000cea61992002594a1
0000000000000000cfdb934f002887b7
0000000000000000d1110d0c002b71aa
0000000000000000d24686c9002e51d4
0000000000000000d37c00860031278d
0000000000000000d4b17a430033f232
000000000000000000000000006acfc0
0000000000000000013579bd006a9f9e
0000000000000000026af37a006a0f66
000000000000000003a06d3700691f99
000000000000000004d5e6f40067d10f
0000000000000000060b60b1006624f5
00000000000000000740da6e00641ccd
00000000000000000876542b0061ba6d
000000000000000009abcde8005efffa
00000000000000000ae147a5005befea
00000000000000000c16c16200588cff
00000000000000000d4c3b1f0054da46
00000000000000000e81b4dc0050db15
00000000000000000fb72e99004c9306
000000000000000010eca856004805f4
000000000000000012222213004337fa
000000000000000013579bd0003e2d6d
0000000000000000148d158d0038ead6
000000000000000015c28f4a003374f4
000000000000000016f80907002dd0b2
0000000000000000182d82c400280326
00000000000000001962fc810022118b
00000000000000001a98763e001c013c
00000000000000001bcdeffb0015d7b0
00000000000000001d0369b8000f9a75
00000000000000001e38e37500094f2a
00000000000000001f6e5d320002fb7c
000000000000000020a3d6effffca51e
000000000000000021d950acfff651c5
0000000000000000230eca69fff00726
000000000000000024444426ffe9caeb
00000000000000002579bde3ffe3a2b4
000000000000000026af37a0ffdd940d
000000000000000027e4b15dffd7a46c
0000000000000000291a2b1affd1d929
00000000000000002a4fa4d7ffcc377e
00000000000000002b851e94ffc6c47e
00000000000000002cba9851ffc18511
00000000000000002df0120effbc7df4
00000000000000002f258bcbffb7b3ad
0000000000000000305b0588ffb32a8e
000000000000000031907f45ffaee6ae
000000000000000032c5f902ffaaebe4
000000000000000033fb72bfffa73dc6
00000000000000003530ec7cffa3dfa5
000000000000000036666639ffa0d48b
0000000000000000379bdff6ff9e1f36
000000000000000038d159b3ff9bc216
00000000000000003a06d370ff99bf4c
00000000000000003b3c4d2dff9818aa
00000000000000003c71c6eaff96cfaa
00000000000000003da740a7ff95e577
00000000000000003edcba64ff955ae3
000000000000000040123421ff95306b
00000000000000004147addeff956635
0000000000000000427d279bff95fc11
000000000000000043b2a158ff96f178
000000000000000044e81b15ff98458c
0000000000000000461d94d2ff99f71c
000000000000000047530e8fff9c049f
00000000000000004888884cff9e6c3e
000000000000000049be0209ffa12bcc
00000000000000004af37bc6ffa440d1
00000000000000004c28f583ffa7a884
00000000000000004d5e6f40ffab5fd4
00000000000000004e93e8fdffaf6369
00000000000000004fc962baffb3afa3
000000000000000050fedc77ffb840a3
000000000000000052345634ffbd124d
00000000000000005369cff1ffc22047
0000000000000000549f49aeffc76604
000000000000000055d4c36bffccdec4
0000000000000000570a3d28ffd28598
0000000000000000583fb6e5ffd85568
0000000000000000597530a2ffde48f8
00000000000000005aaaaa5fffe45aea
00000000000000005be0241cffea85c6
00000000000000005d159dd9fff0c3fc
00000000000000005e4b1796fff70fee
00000000000000005f809153fffd63ee
000000000000000060b60b100003ba46
000000000000000061eb84cd000a0d44
00000000000000006320fe8a00105733
00000000000000006456784700169267
0000000000000000658bf204001cb945
000000000000000066c16bc10022c63f
000000000000000067f6e57e0028b3e2
0000000000000000692c5f3b002e7cd8
00000000000000006a61d8f800341be8
00000000000000006b9752b500398c01
00000000000000006ccccc72003ec83f
00000000000000006e02462f0043cbe8
00000000000000006f37bfec00489277
0000000000000000706d39a9004d17a0
000000000000000071a2b3660051574e
000000000000000072d82d2300554daf
0000000000000000740da6e00058f72f
00000000000000007543209d005c5082
000000000000000076789a5a005f56a3
000000000000000077ae1417006206d9
000000000000000078e38dd400645eb7
00000000000000007a19079100665c21
00000000000000007b4e814e0067fd4b
00000000000000007c83fb0b006940be
00000000000000007db974c8006a2557
00000000000000007eeeee85006aaa46
000000000000000080246842006acf15
00000000000000008159e1ff006a93a2
0000000000000000828f5bbc0069f823
000000000000000083c4d5790068fd23
000000000000000084fa4f360067a386
0000000000000000862fc8f30065ec82
0000000000000000876542b00063d9a4
0000000000000000889abc6d00616cc9
000000000000000089d0362a005ea822
00000000000000008b05afe7005b8e2c
00000000000000008c3b29a4005821b3
00000000000000008d70a361005465ce
00000000000000008ea61d1e00505dd9
00000000000000008fdb96db004c0d78
0000000000000000911110980047788c
000000000000000092468a550042a337
0000000000000000937c0412003d91d4
000000000000000094b17dcf003848f4
000000000000000095e6f78c0032cd5b
0000000000000000971c7149002d23fa
00000000000000009851eb06002751ea
0000000000000000998764c300215c6a
00000000000000009abcde80001b48da
00000000000000009bf2583d00151cb3
00000000000000009d27d1fa000edd86
00000000000000009e5d4bb7000890f3
00000000000000009f92c57400023ca7
0000000000000000a0c83f31fffbe659
0000000000000000a1fdb8eefff593bb
0000000000000000a33332abffef4a82
0000000000000000a468ac68ffe91058
0000000000000000a59e2625ffe2ead9
0000000000000000a6d39fe2ffdcdf91
0000000000000000a809199fffd6f3f0
0000000000000000a93e935cffd12d4d
0000000000000000aa740d19ffcb90dd
0000000000000000aba986d6ffc623ad
0000000000000000acdf0093ffc0eaa3
0000000000000000ae147a50ffbbea73
0000000000000000af49f40dffb7279e
0000000000000000b07f6dcaffb2a670
0000000000000000b1b4e787ffae6af6
0000000000000000b2ea6144ffaa7903
0000000000000000b41fdb01ffa6d423
0000000000000000b55554beffa37fa0
0000000000000000b68ace7bffa07e7a
0000000000000000b7c04838ff9dd366
0000000000000000b8f5c1f5ff9b80cc
0000000000000000ba2b3bb2ff9988c4
0000000000000000bb60b56fff97ed13
0000000000000000bc962f2cff96af2d
0000000000000000bdcba8e9ff95d030
0000000000000000bf0122a6ff9550e6
0000000000000000c0369c63ff9531c0
0000000000000000c16c1620ff9572dc
0000000000000000c2a18fddff9613fe
0000000000000000c3d7099aff971495
0000000000000000c50c8357ff9873ba
0000000000000000c641fd14ff9a3031
0000000000000000c77776d1ff9c4868
0000000000000000c8acf08eff9eba7d
0000000000000000c9e26a4bffa1843c
0000000000000000cb17e408ffa4a321
0000000000000000cc4d5dc5ffa8145c
0000000000000000cd82d782ffabd4d3
0000000000000000ceb8513fffafe125
0000000000000000cfedcafcffb435ab
0000000000000000d12344b9ffb8ce7f
0000000000000000d258be76ffbda77b
0000000000000000d38e3833ffc2bc42
0000000000000000d4c3b1f0ffc80840
0000000000000000d5f92badffcd86ae
0000000000000000d72ea56affd33299
0000000000000000d8641f27ffd906e4
0000000000000000d99998e4ffdefe4e
0000000000000000dacf12a1ffe51377
0000000000000000dc048c5effeb40e4
0000000000000000dd3a061bfff18104
0000000000000000de6f7fd8fff7ce34
0000000000000000dfa4f995fffe22c6
0000000000000000e0da735200047905
0000000000000000e20fed0f000acb3e
0000000000000000e34566cc001113bc
0000000000000000e47ae08900174cd6
0000000000000000e5b05a46001d70f1
0000000000000000e6e5d40300237a84
0000000000000000e81b4dc00029641d
0000000000000000e950c77d002f2869
0000000000000000ea86413a0034c235
0000000000000000ebbbbaf7003a2c75
0000000000000000ecf134b4003f6248
0000000000000000ee26ae7100445efc
0000000000000000ef5c282e00491e12
0000000000000000f091a1eb004d9b43
0000000000000000f1c71ba80051d284
0000000000000000f2fc95650055c007
0000000000000000f4320f2200596043
0000000000000000f56788df005caff4
0000000000000000f69d029c005fac1c
0000000000000000f7d27c590062520c
0000000000000000f907f61600649f60
0000000000000000fa3d6fd300669206
0000000000000000fb72e9900068283c
0000000000000000fca8634d00696094
0000000000000000fddddd0a006a39f4
0000000000000000ff1356c7006ab399
00000000000000000048d084006acd15
0000000000000000017e4a41006a8651
000000000000000002b3c3fe0069df8d
000000000000000003e93dbb0068d95f
0000000000000000051eb778006774b3
0000000000000000065431350065b2cb
00000000000000000789aaf20063953c
000000000000000008bf24af00611dee
000000000000000009f49e6c005e4f1b
00000000000000000b2a1829005b2b49
00000000000000000c5f91e60057b54f
00000000000000000d950ba30053f049
00000000000000000eca8560004fdf9d
00000000000000000fffff1d004b86f6
0000000000000000113578da0046ea3e
0000000000000000126af29700420d9e
000000000000000013a06c54003cf576
000000000000000014d5e6110037a65f
0000000000000000160b5fce00322521
00000000000000001740d98b002c76b1
0000000000000000187653480026a030
000000000000000019abcd050020a6df
00000000000000001ae146c2001a9021
00000000000000001c16c07f00146173
00000000000000001d4c3a3c000e2067
00000000000000001e81b3f90007d2a0
00000000000000001fb72db600017dcc
000000000000000020eca773fffb27a1
000000000000000022222130fff4d5d2
000000000000000023579aedffee8e14
0000000000000000248d14aaffe8560e
000000000000000025c28e67ffe2335c
000000000000000026f80824ffdc2b84
0000000000000000282d81e1ffd643f7
00000000000000002962fb9effd08207
00000000000000002a98755bffcaeae3
00000000000000002bcdef18ffc58396
00000000000000002d0368d5ffc050ff
00000000000000002e38e292ffbb57cb
00000000000000002f6e5c4fffb69c78
000000000000000030a3d60cffb22348
000000000000000031d94fc9ffadf043
0000000000000000330ec986ffaa0733
000000000000000034444343ffa66b9d
00000000000000003579bd00ffa320c3
000000000000000036af36bdffa0299a
000000000000000037e4b07aff9d88d1
0000000000000000391a2a37ff9b40c4
00000000000000003a4fa3f4ff995382
00000000000000003b851db1ff97c2c8
00000000000000003cba976eff969000
00000000000000003df0112bff95bc3c
00000000000000003f258ae8ff95483d
0000000000000000405b04a5ff95346b
000000000000000041907e62ff9580d7
000000000000000042c5f81fff962d3d
000000000000000043fb71dcff973901
00000000000000004530eb99ff98a333
000000000000000046666556ff9a6a8b
0000000000000000479bdf13ff9c8d70
000000000000000048d158d0ff9f09f4
00000000000000004a06d28dffa1ddda
00000000000000004b3c4c4affa50695
00000000000000004c71c607ffa8814d
00000000000000004da73fc4ffac4adf
00000000000000004edcb981ffb05fe1
00000000000000005012333effb4bca5
00000000000000005147acfbffb95d3d
0000000000000000527d26b8ffbe3d7e
000000000000000053b2a075ffc35902
000000000000000054e81a32ffc8ab2e
0000000000000000561d93efffce2f39
000000000000000057530dacffd3e028
000000000000000058888769ffd9b8db
000000000000000059be0126ffdfb40e
00000000000000005af37ae3ffe5cc5b
00000000000000005c28f4a0ffebfc45
00000000000000005d5e6e5dfff23e39
00000000000000005e93e81afff88c93
00000000000000005fc961d7fffee1a4
000000000000000060fedb94000537b6
000000000000000062345551000b8915
00000000000000006369cf0e0011d00f
0000000000000000649f48cb001806fb
000000000000000065d4c288001e2840
0000000000000000670a3c4500242e57
0000000000000000683fb602002a13d3
000000000000000069752fbf002fd364
00000000000000006aaaa97c003567da
00000000000000006be02339003acc2f
00000000000000006d159cf6003ffb88
00000000000000006e4b16b30044f137
00000000000000006f8090700049a8c4
000000000000000070b60a2d004e1def
000000000000000071eb83ea00524cb4
00000000000000007320fda70056314e
0000000000000000745677640059c83a
0000000000000000758bf121005d0e3d
000000000000000076c16ade00600063
000000000000000077f6e49b00629c05
0000000000000000792c5e580064dec8
00000000000000007a61d8150066c6a4
00000000000000007b9751d2006851e0
00000000000000007ccccb8f00697f19
00000000000000007e02454c006a4d3f
00000000000000007f37bf09006abb98
0000000000000000806d38c6006ac9c0
000000000000000081a2b283006a77ac
000000000000000082d82c400069c5a5
0000000000000000840da5fd0068b44b
000000000000000085431fba00674495
000000000000000086789977006577ce
000000000000000087ae133400634f95
000000000000000088e38cf10060cddd
00000000000000008a1906ae005df4e7
00000000000000008b4e806b005ac744
00000000000000008c83fa28005747d2
00000000000000008db973e5005379b7
00000000000000008eeeeda2004f6062
00000000000000009024675f004aff84
00000000000000009159e11c00465b0f
0000000000000000928f5ad900417732
000000000000000093c4d496003c5856
000000000000000094fa4e5300370318
0000000000000000962fc81000317c46
0000000000000000976541cd002bc8db
0000000000000000989abb8a0025edfb
000000000000000099d03547001ff0ec
00000000000000009b05af040019d714
00000000000000009c3b28c10013a5f2
00000000000000009d70a27e000d631b
00000000000000009ea61c3b00071434
00000000000000009fdb95f80000beeb
0000000000000000a1110fb5fffa68f8
0000000000000000a2468972fff4180d
0000000000000000a37c032fffedd1dd
0000000000000000a4b17cecffe79c0f
0000000000000000a5e6f6a9ffe17c3d
0000000000000000a71c7066ffdb77ea
0000000000000000a851ea23ffd59484
0000000000000000a98763e0ffcfd758
0000000000000000aabcdd9dffca4593
0000000000000000abf2575affc4e43a
0000000000000000ad27d117ffbfb825
0000000000000000ae5d4ad4ffbac5ff
0000000000000000af92c491ffb6123c
0000000000000000b0c83e4effb1a118
0000000000000000b1fdb80bffad7696
0000000000000000b33331c8ffa99676
0000000000000000b468ab85ffa60436
0000000000000000b59e2542ffa2c30e
0000000000000000b6d39effff9fd5ec
0000000000000000b80918bcff9d3f75
0000000000000000b93e9279ff9b01fd
0000000000000000ba740c36ff991f89
0000000000000000bba985f3ff9799cb
0000000000000000bcdeffb0ff967223
0000000000000000be14796dff95a99b
0000000000000000bf49f32aff9540e9
0000000000000000c07f6ce7ff95386a
0000000000000000c1b4e6a4ff959026
0000000000000000c2ea6061ff9647ce
0000000000000000c41fda1eff975ebc
0000000000000000c55553dbff98d3f6
0000000000000000c68acd98ff9aa62a
0000000000000000c7c04755ff9cd3b5
0000000000000000c8f5c112ff9f5aa0
0000000000000000ca2b3acfffa238a4
0000000000000000cb60b48cffa56b2c
0000000000000000cc962e49ffa8ef55
0000000000000000cdcba806ffacc1f6
0000000000000000cf0121c3ffb0df9b
0000000000000000d0369b80ffb5448f
0000000000000000d16c153dffb9ecdd
0000000000000000d2a18efaffbed452
0000000000000000d3d708b7ffc3f682
0000000000000000d50c8274ffc94ece
0000000000000000d641fc31ffced863
0000000000000000d77775eeffd48e45
0000000000000000d8acefabffda6b4d
0000000000000000d9e26968ffe06a34
0000000000000000db17e325ffe68592
0000000000000000dc4d5ce2ffecb7e6
0000000000000000dd82d69ffff2fb9b
0000000000000000deb8505cfff94b0b
0000000000000000dfedca19ffffa086
0000000000000000e12343d60005f656
0000000000000000e258bd93000c46c7
0000000000000000e38e375000128c29
0000000000000000e4c3b10d0018c0d3
0000000000000000e5f92aca001edf2e
0000000000000000e72ea4870024e1b7
0000000000000000e8641e44002ac303
0000000000000000e999980100307dc6
0000000000000000eacf11be00360cd5
0000000000000000ec048b7b003b6b2e
0000000000000000ed3a0538004093fb
0000000000000000ee6f7ef500458295
0000000000000000efa4f8b2004a328a
0000000000000000f0da726f004e9fa1
0000000000000000f20fec2c0052c5de
0000000000000000f34565e90056a181
0000000000000000f47adfa6005a2f12
0000000000000000f5b05963005d6b5d
0000000000000000f6e5d32000605377
0000000000000000f81b4cdd0062e4c2
0000000000000000f950c69a00651cee
0000000000000000fa8640570066f9f9
0000000000000000fbbbba1400687a37
0000000000000000fcf133d100699c4d
0000000000000000fe26ad8e006a5f36
0000000000000000ff5c274b006ac241
00000000000000000091a108006ac517
000000000000000001c71ac5006a67b3
000000000000000002fc94820069aa6b
000000000000000004320e3f00688de9
0000000000000000056787fc0067132d
0000000000000000069d01b900653b8d
000000000000000007d27b76006308b2
00000000000000000907f53300607c96
00000000000000000a3d6ef0005d9987
00000000000000000b72e8ad005a621c
00000000000000000ca8626a0056d93e
00000000000000000ddddc270053021b
00000000000000000f1355e4004ee029
00000000000000001048cfa1004a7722
0000000000000000117e495e0045caff
000000000000000012b3c31b0040dff6
000000000000000013e93cd8003bba75
0000000000000000151eb69500365f21
0000000000000000165430520030d2cd
00000000000000001789aa0f002b1a79
000000000000000018bf23cc00253b4c
000000000000000019f49d89001f3a92
00000000000000001b2a174600191db3
00000000000000001c5f91030012ea32
00000000000000001d950ac0000ca5a4
00000000000000001eca847d000655b1
00000000000000001ffffe3a00000009
0000000000000000213577f7fff9aa61
0000000000000000226af1b4fff35a6e
000000000000000023a06b71ffed15e1
000000000000000024d5e52effe6e25f
0000000000000000260b5eebffe0c580
00000000000000002740d8a8ffdac4c5
000000000000000028765265ffd4e598
000000000000000029abcc22ffcf2d43
00000000000000002ae145dfffc9a0ef
00000000000000002c16bf9cffc4459a
00000000000000002d4c3959ffbf2019
00000000000000002e81b316ffba350f
00000000000000002fb72cd3ffb588ec
000000000000000030eca690ffb11fe4
00000000000000003222204dffacfdf1
000000000000000033579a0affa926cd
0000000000000000348d13c7ffa59ded
000000000000000035c28d84ffa26682
000000000000000036f80741ff9f8372
0000000000000000382d80feff9cf755
00000000000000003962fabbff9ac479
00000000000000003a987478ff98ecd8
00000000000000003bcdee35ff97721b
00000000000000003d0367f2ff965598
00000000000000003e38e1afff95984e
00000000000000003f6e5b6cff953aea
000000000000000040a3d529ff953dbe
000000000000000041d94ee6ff95a0c9
0000000000000000430ec8a3ff9663b0
000000000000000044444260ff9785c5
00000000000000004579bc1dff990602
000000000000000046af35daff9ae30c
000000000000000047e4af97ff9d1b37
0000000000000000491a2954ff9fac80
00000000000000004a4fa311ffa2949a
00000000000000004b851cceffa5d0e4
00000000000000004cba968bffa95e74
00000000000000004df01048ffad3a17
00000000000000004f258a05ffb16052
0000000000000000505b03c2ffb5cd69
000000000000000051907d7fffba7d5d
000000000000000052c5f73cffbf6bf7
000000000000000053fb70f9ffc494c3
00000000000000005530eab6ffc9f31b
000000000000000056666473ffcf822a
0000000000000000579bde30ffd53cec
000000000000000058d157edffdb1e37
00000000000000005a06d1aaffe120c0
00000000000000005b3c4b67ffe73f1b
00000000000000005c71c524ffed73c5
00000000000000005da73ee1fff3b926
00000000000000005edcb89efffa0998
00000000000000006012325b00005f68
00000000000000006147ac180006b4e3
0000000000000000627d25d5000d0453
000000000000000063b29f9200134807
000000000000000064e8194f00197a5c
0000000000000000661d930c001f95ba
000000000000000067530cc9002594a1
000000000000000068888686002b71aa
000000000000000069be00430031278d
00000000000000006af37a000036b122
00000000000000006c28f3bd003c096e
00000000000000006d5e6d7a00412b9f
00000000000000006e93e73700461315
00000000000000006fc960f4004abb63
000000000000000070fedab1004f2058
00000000000000007234546e00533dff
00000000000000007369ce2b005710a0
0000000000000000749f47e8005a94ca
000000000000000075d4c1a5005dc753
0000000000000000770a3b620060a558
0000000000000000783fb51f00632c44
000000000000000079752edc006559d0
00000000000000007aaaa89900672c05
00000000000000007be022560068a140
00000000000000007d159c130069b830
00000000000000007e4b15d0006a6fd9
00000000000000007f808f8d006ac796
000000000000000080b6094a006abf18
000000000000000081eb8307006a5666
00000000000000008320fcc400698de0
00000000000000008456768100686639
0000000000000000858bf03e0066e07c
000000000000000086c169fb0064fe09
000000000000000087f6e3b80062c092
0000000000000000892c5d7500602a1c
00000000000000008a61d732005d3cfb
00000000000000008b9750ef0059fbd4
00000000000000008ccccaac00566995
00000000000000008e02446900528976
00000000000000008f37be26004e5ef4
0000000000000000906d37e30049edd2
000000000000000091a2b1a000453a0f
000000000000000092d82b5d004047ea
0000000000000000940da51a003b1bd6
000000000000000095431ed70035ba7d
000000000000000096789894003028b8
000000000000000097ae1251002a6b8d
000000000000000098e38c0e00248827
00000000000000009a1905cb001e83d5
00000000000000009b4e7f8800186403
00000000000000009c83f94500122e35
00000000000000009db97302000be805
00000000000000009eeeecbf0005971b
0000000000000000a024667cffff4127
0000000000000000a159e039fff8ebdf
0000000000000000a28f59f6fff29cf7
0000000000000000a3c4d3b3ffec5a20
0000000000000000a4fa4d70ffe628fe
0000000000000000a62fc72dffe00f26
0000000000000000a76540eaffda1217
0000000000000000a89abaa7ffd43736
0000000000000000a9d03464ffce83cb
0000000000000000ab05ae21ffc8fcf8
0000000000000000ac3b27deffc3a7b9
0000000000000000ad70a19bffbe88dc
0000000000000000aea61b58ffb9a4ff
0000000000000000afdb9515ffb5008a
0000000000000000b1110ed2ffb09fab
0000000000000000b246888fffac8655
0000000000000000b37c024cffa8b839
0000000000000000b4b17c09ffa538c6
0000000000000000b5e6f5c6ffa20b22
0000000000000000b71c6f83ff9f322b
0000000000000000b851e940ff9cb071
0000000000000000b98762fdff9a8838
0000000000000000babcdcbaff98bb70
0000000000000000bbf25677ff974bb9
0000000000000000bd27d034ff963a5e
0000000000000000be5d49f1ff958855
0000000000000000bf92c3aeff953640
0000000000000000c0c83d6bff954468
0000000000000000c1fdb728ff95b2c0
0000000000000000c33330e5ff9680e4
0000000000000000c468aaa2ff97ae1c
0000000000000000c59e245fff993957
0000000000000000c6d39e1cff9b2132
0000000000000000c80917d9ff9d63f4
0000000000000000c93e9196ff9fff95
0000000000000000ca740b53ffa2f1ba
0000000000000000cba98510ffa637bc
0000000000000000ccdefecdffa9cea7
0000000000000000ce14788affadb340
0000000000000000cf49f247ffb1e204
0000000000000000d07f6c04ffb6572f
0000000000000000d1b4e5c1ffbb0ebb
0000000000000000d2ea5f7effc00469
0000000000000000d41fd93bffc533c1
0000000000000000d55552f8ffca9816
0000000000000000d68accb5ffd02c8c
0000000000000000d7c04672ffd5ec1c
0000000000000000d8f5c02fffdbd197
0000000000000000da2b39ecffe1d7ae
0000000000000000db60b3a9ffe7f8f3
0000000000000000dc962d66ffee2fdf
0000000000000000ddcba723fff476d9
0000000000000000df0120e0fffac838
0000000000000000e0369a9d00011e49
0000000000000000e16c145a0007735a
0000000000000000e2a18e17000dc1b4
0000000000000000e3d707d4001403a8
0000000000000000e50c8191001a3393
0000000000000000e641fb4e00204be1
0000000000000000e777750b00264713
0000000000000000e8aceec8002c1fc7
0000000000000000e9e268850031d0b7
0000000000000000eb17e242003754c2
0000000000000000ec4d5bff003ca6ef
0000000000000000ed82d5bc0041c274
0000000000000000eeb84f790046a2b5
0000000000000000efedc936004b434e
0000000000000000f12342f3004fa013
0000000000000000f258bcb00053b516
0000000000000000f38e366d00577ea8
0000000000000000f4c3b02a005af961
0000000000000000f5f929e7005e221e
0000000000000000f72ea3a40060f604
0000000000000000f8641d6100637289
0000000000000000f999971e0065956f
0000000000000000facf10db00675cc8
0000000000000000fc048a980068c6fb
0000000000000000fd3a04550069d2c1
0000000000000000fe6f7e12006a7f28
0000000000000000ffa4f7cf006acb95
000000000000000000da718c006ab7c4
0000000000000000020feb49006a43c6
00000000000000000345650600697003
0000000000000000047adec300683d3c
000000000000000005b058800066ac83
000000000000000006e5d23d0064bf43
0000000000000000081b4bfa00627737
00000000000000000950c5b7005fd66e
00000000000000000a863f74005cdf47
00000000000000000bbbb9310059946d
00000000000000000cf132ee0055f8d8
00000000000000000e26acab00520fc9
00000000000000000f5c2668004ddcc5
00000000000000001091a02500496396
000000000000000011c719e20044a843
000000000000000012fc939f003faf10
000000000000000014320d5c003a7c79
0000000000000000156787190035152d
0000000000000000169d00d6002f7e0a
000000000000000017d27a930029bc1a
00000000000000001907f4500023d48d
00000000000000001a3d6e0d001dccb6
00000000000000001b72e7ca0017aa04
00000000000000001ca86187001171ff
00000000000000001ddddb44000b2a40
00000000000000001f1355010004d872
00000000000000002048cebefffe8247
0000000000000000217e487bfff82d73
000000000000000022b3c238fff1dfab
000000000000000023e93bf5ffeb9e9f
0000000000000000251eb5b2ffe56ff1
000000000000000026542f6fffdf5932
00000000000000002789a92cffd95fe1
000000000000000028bf22e9ffd38960
000000000000000029f49ca6ffcddaf0
00000000000000002b2a1663ffc859b1
00000000000000002c5f9020ffc30a99
00000000000000002d9509ddffbdf271
00000000000000002eca839affb915cf
00000000000000002ffffd57ffb47917
000000000000000031357714ffb0206f
0000000000000000326af0d1ffac0fc3
000000000000000033a06a8effa84abc
000000000000000034d5e44bffa4d4c0
0000000000000000360b5e08ffa1b0ee
00000000000000003740d7c5ff9ee21a
000000000000000038765182ff9c6acb
000000000000000039abcb3fff9a4d3b
00000000000000003ae144fcff988b52
00000000000000003c16beb9ff9726a5
00000000000000003d4c3876ff962076
00000000000000003e81b233ff9579b0
00000000000000003fb72bf0ff9532eb
000000000000000040eca5adff954c66
000000000000000042221f6aff95c60a
000000000000000043579927ff969f69
0000000000000000448d12e4ff97d7c0
000000000000000045c28ca1ff996df5
000000000000000046f8065eff9b609a
0000000000000000482d801bff9daded
00000000000000004962f9d8ffa053dc
00000000000000004a987395ffa35003
00000000000000004bcded52ffa69fb2
00000000000000004d03670fffaa3fee
00000000000000004e38e0ccffae2d70
00000000000000004f6e5a89ffb264b0
000000000000000050a3d446ffb6e1e0
000000000000000051d94e03ffbba0f5
0000000000000000530ec7c0ffc09da9
00000000000000005444417dffc5d37b
00000000000000005579bb3affcb3dbb
000000000000000056af34f7ffd0d786
000000000000000057e4aeb4ffd69bd2
0000000000000000591a2871ffdc856b
00000000000000005a4fa22effe28efd
00000000000000005b851bebffe8b317
00000000000000005cba95a8ffeeec32
00000000000000005df00f65fff534b0
00000000000000005f258922fffb86e8
0000000000000000605b02df0001dd28
000000000000000061907c9c000831ba
000000000000000062c5f659000e7eea
000000000000000063fb70160014bf09
00000000000000006530e9d3001aec77
000000000000000066666390002101a0
0000000000000000679bdd4d0026f90b
000000000000000068d1570a002ccd57
00000000000000006a06d0c700327942
00000000000000006b3c4a840037f7b0
00000000000000006c71c441003d43ae
00000000000000006da73dfe00425876
00000000000000006edcb7bb00473174
000000000000000070123178004bca48
00000000000000007147ab3500501ecf
0000000000000000727d24f200542b21
000000000000000073b29eaf0057eb9a
000000000000000074e8186c005b5cd5
0000000000000000761d9229005e7bbb
000000000000000077530be60061457b
0000000000000000788885a30063b791
000000000000000079bdff600065cfca
00000000000000007af3791d00678c41
00000000000000007c28f2da0068eb67
00000000000000007d5e6c970069ec00
00000000000000007e93e654006a8d23
00000000000000007fc96011006ace40
000000000000000080fed9ce006aaf1b
00000000000000008234538b006a2fd2
00000000000000008369cd48006950d6
0000000000000000849f4705006812f1
000000000000000085d4c0c200667742
0000000000000000870a3a7f00647f3a
0000000000000000883fb43c00622ca1
000000000000000089752df9005f818e
00000000000000008aaaa7b6005c8069
00000000000000008be0217300592be7
00000000000000008d159b3000558708
00000000000000008e4b14ed00519516
00000000000000008f808eaa004d599d
000000000000000090b608670048d86f
000000000000000091eb82240044159b
00000000000000009320fbe1003f156c
00000000000000009456759e0039dc62
0000000000000000958bef5b00346f33
000000000000000096c16918002ed2c4
000000000000000097f6e2d500290c21
0000000000000000992c5c9200232081
00000000000000009a61d64f001d1538
00000000000000009b97500c0016efba
00000000000000009cccc9c90010b590
00000000000000009e024386000a6c58
00000000000000009f37bd43000419ba
0000000000000000a06d3700fffdc36b
0000000000000000a1a2b0bdfff76f20
0000000000000000a2d82a7afff1228d
0000000000000000a40da437ffeae35f
0000000000000000a5431df4ffe4b738
0000000000000000a67897b1ffdea3a7
0000000000000000a7ae116effd8ae28
0000000000000000a8e38b2bffd2dc17
0000000000000000aa1904e8ffcd32b5
0000000000000000ab4e7ea5ffc7b71c
0000000000000000ac83f862ffc26e3b
0000000000000000adb9721fffbd5cd8
0000000000000000aeeeebdcffb88782
0000000000000000b0246599ffb3f296
0000000000000000b159df56ffafa233
0000000000000000b28f5913ffab9a3d
0000000000000000b3c4d2d0ffa7de57
0000000000000000b4fa4c8dffa471de
0000000000000000b62fc64affa157e7
0000000000000000b7654007ff9e933e
0000000000000000b89ab9c4ff9c2663
0000000000000000b9d03381ff9a1383
0000000000000000bb05ad3eff985c7e
0000000000000000bc3b26fbff9702e0
0000000000000000bd70a0b8ff9607e0
0000000000000000bea61a75ff956c5f
0000000000000000bfdb9432ff9530eb
0000000000000000c1110defff9555b9
0000000000000000c24687acff95daa7
0000000000000000c37c0169ff96bf3e
0000000000000000c4b17b26ff9802b0
0000000000000000c5e6f4e3ff99a3da
0000000000000000c71c6ea0ff9ba143
0000000000000000c851e85dff9df920
0000000000000000c987621affa0a954
0000000000000000cabcdbd7ffa3af75
0000000000000000cbf25594ffa708c7
0000000000000000cd27cf51ffaab246
0000000000000000ce5d490effaea8a6
0000000000000000cf92c2cbffb2e853
0000000000000000d0c83c88ffb76d7b
0000000000000000d1fdb645ffbc340a
0000000000000000d3333002ffc137b2
0000000000000000d468a9bfffc673ef
0000000000000000d59e237cffcbe408
0000000000000000d6d39d39ffd18318
0000000000000000d80916f6ffd74c0c
0000000000000000d93e90b3ffdd39af
0000000000000000da740a70ffe346aa
0000000000000000dba9842dffe96d86
0000000000000000dcdefdeaffefa8bb
0000000000000000de1477a7fff5f2a9
0000000000000000df49f164fffc45a7
0000000000000000e07f6b2100029c00
0000000000000000e1b4e4de0008efff
0000000000000000e2ea5e9b000f3bf1
0000000000000000e41fd85800157a28
0000000000000000e5555215001ba504
0000000000000000e68acbd20021b6f7
0000000000000000e7c0458f0027aa86
0000000000000000e8f5bf4c002d7a57
0000000000000000ea2b39090033212b
0000000000000000eb60b2c6003899ec
0000000000000000ec962c83003ddfaa
0000000000000000edcba6400042eda5
0000000000000000ef011ffd0047bf4f
0000000000000000f03699ba004c5050
0000000000000000f16c137700509c8b
0000000000000000f2a18d340054a020
0000000000000000f3d706f100585772
0000000000000000f50c80ae005bbf26
0000000000000000f641fa6b005ed42b
0000000000000000f7777428006193bb
0000000000000000f8acede50063fb5a
0000000000000000f9e267a2006608df
0000000000000000fb17e15f0067ba6f
0000000000000000fc4d5b1c00690e85
0000000000000000fd82d4d9006a03ec
0000000000000000feb84e96006a99ca
0000000000000000ffedc853006acf95
000000000000000001234210006aa51e
00000000000000000258bbcd006a1a8b
0000000000000000038e358a00693059
000000000000000004c3af470067e75b
000000000000000005f92904006640b9
0000000000000000072ea2c100643df1
000000000000000008641c7e0061e0d2
00000000000000000999963b005f2b7d
00000000000000000acf0ff8005c2064
00000000000000000c0489b50058c245
00000000000000000d3a037200551428
00000000000000000e6f7d2f0051195e
00000000000000000fa4f6ec004cd57e
000000000000000010da70a900484c60
0000000000000000120fea660043821a
000000000000000013456423003e7afe
0000000000000000147adde000393b92
000000000000000015b0579d0033c892
000000000000000016e5d15a002e26e8
0000000000000000181b4b1700285ba6
00000000000000001950c4d400226c04
00000000000000001a863e91001c5d5e
00000000000000001bbbb84e00163527
00000000000000001cf1320b000ff8ed
00000000000000001e26abc80009ae4e
00000000000000001f5c258500035af5
000000000000000020919f42fffd0497
000000000000000021c718fffff6b0e8
000000000000000022fc92bcfff0659d
000000000000000024320c79ffea2862
000000000000000025678636ffe3fed6
0000000000000000269cfff3ffddee87
000000000000000027d279b0ffd7fceb
00000000000000002907f36dffd22f5f
00000000000000002a3d6d2affcc8b1d
00000000000000002b72e6e7ffc7153a
00000000000000002ca860a4ffc1d2a3
00000000000000002dddda61ffbcc814
00000000000000002f13541effb7fa19
00000000000000003048cddbffb36d07
0000000000000000317e4798ffaf24f7
000000000000000032b3c155ffab25c5
000000000000000033e93b12ffa7730c
0000000000000000351eb4cfffa41020
000000000000000036542e8cffa1000e
00000000000000003789a849ff9e459a
000000000000000038bf2206ff9be339
000000000000000039f49bc3ff99db11
00000000000000003b2a1580ff982ef6
00000000000000003c5f8f3dff96e06b
00000000000000003d9508faff95f09c
00000000000000003eca82b7ff956063
00000000000000003ffffc74ff953041
000000000000000041357631ff956061
0000000000000000426aefeeff95f098
000000000000000043a069abff96e064
000000000000000044d5e368ff982eed
0000000000000000460b5d25ff99db06
00000000000000004740d6e2ff9be32c
00000000000000004876509fff9e458b
000000000000000049abca5cffa0fffd
00000000000000004ae14419ffa4100d
00000000000000004c16bdd6ffa772f7
00000000000000004d4c3793ffab25af
00000000000000004e81b150ffaf24df
00000000000000004fb72b0dffb36ced
000000000000000050eca4caffb7f9fe
000000000000000052221e87ffbcc7f7
000000000000000053579844ffc1d284
0000000000000000548d1201ffc7151b
000000000000000055c28bbeffcc8afc
000000000000000056f8057bffd22f3d
0000000000000000582d7f38ffd7fcc9
00000000000000005962f8f5ffddee63
00000000000000005a9872b2ffe3feb2
00000000000000005bcdec6fffea283d
00000000000000005d03662cfff06578
00000000000000005e38dfe9fff6b0c3
00000000000000005f6e59a6fffd0472
000000000000000060a3d36300035ad0
000000000000000061d94d200009ae28
0000000000000000630ec6dd000ff8c8
00000000000000006444409a00163503
00000000000000006579ba57001c5d3a
000000000000000066af341400226be1
000000000000000067e4add100285b83
0000000000000000691a278e002e26c6
00000000000000006a4fa14b0033c872
00000000000000006b851b0800393b73
00000000000000006cba94c5003e7ae0
00000000000000006df00e82004381fe
00000000000000006f25883f00484c45
0000000000000000705b01fc004cd565
000000000000000071907bb900511946
000000000000000072c5f57600551411
000000000000000073fb6f330058c230
00000000000000007530e8f0005c2051
0000000000000000766662ad005f2b6c
0000000000000000779bdc6a0061e0c3
000000000000000078d1562700643de4
00000000000000007a06cfe4006640ae
00000000000000007b3c49a10067e752
00000000000000007c71c35e00693052
00000000000000007da73d1b006a1a87
00000000000000007edcb6d8006aa51c
000000000000000080123095006acf95
00000000000000008147aa52006a99cc
0000000000000000827d240f006a03f1
000000000000000083b29dcc00690e8b
000000000000000084e817890067ba78
0000000000000000861d9146006608ea
000000000000000087530b030063fb67
0000000000000000888884c0006193ca
000000000000000089bdfe7d005ed43c
00000000000000008af3783a005bbf39
00000000000000008c28f1f700585787
00000000000000008d5e6bb40054a037
00000000000000008e93e57100509ca4
00000000000000008fc95f2e004c506a
000000000000000090fed8eb0047bf6a
0000000000000000923452a80042edc2
00000000000000009369cc65003ddfc8
0000000000000000949f462200389a0b
000000000000000095d4bfdf0033214c
0000000000000000970a399c002d7a79
0000000000000000983fb3590027aaa9
000000000000000099752d160021b71a
00000000000000009aaaa6d3001ba528
00000000000000009be0209000157a4d
00000000000000009d159a4d000f3c16
00000000000000009e4b140a0008f025
00000000000000009f808dc700029c25
0000000000000000a0b60784fffc45cc
0000000000000000a1eb8141fff5f2ce
0000000000000000a320fafeffefa8e0
0000000000000000a45674bbffe96dab
0000000000000000a58bee78ffe346cd
0000000000000000a6c16835ffdd39d3
0000000000000000a7f6e1f2ffd74c2f
0000000000000000a92c5bafffd18339
0000000000000000aa61d56cffcbe429
0000000000000000ab974f29ffc6740e
0000000000000000acccc8e6ffc137d0
0000000000000000ae0242a3ffbc3427
0000000000000000af37bc60ffb76d96
0000000000000000b06d361dffb2e86d
0000000000000000b1a2afdaffaea8be
0000000000000000b2d82997ffaab25c
0000000000000000b40da354ffa708db
0000000000000000b5431d11ffa3af87
0000000000000000b67896ceffa0a965
0000000000000000b7ae108bff9df92e
0000000000000000b8e38a48ff9ba14f
0000000000000000ba190405ff99a3e4
0000000000000000bb4e7dc2ff9802b9
0000000000000000bc83f77fff96bf45
0000000000000000bdb9713cff95daab
0000000000000000beeeeaf9ff9555bb
0000000000000000c02464b6ff9530eb
0000000000000000c159de73ff956c5d
0000000000000000c28f5830ff9607db
0000000000000000c3c4d1edff9702d9
0000000000000000c4fa4baaff985c75
0000000000000000c62fc567ff9a1378
0000000000000000c7653f24ff9c2655
0000000000000000c89ab8e1ff9e932f
0000000000000000c9d0329effa157d6
0000000000000000cb05ac5bffa471cb
0000000000000000cc3b2618ffa7de42
0000000000000000cd709fd5ffab9a27
0000000000000000cea61992ffafa21a
0000000000000000cfdb934fffb3f27b
0000000000000000d1110d0cffb88767
0000000000000000d24686c9ffbd5cbb
0000000000000000d37c0086ffc26e1d
0000000000000000d4b17a43ffc7b6fc
000000000000000000000000002ab980
0000000000000000013579bd002d3d59
0000000000000000026af37a002fb54a
000000000000000003a06d3700321f10
000000000000000004d5e6f40034786d
0000000000000000060b60b10036bf2d
00000000000000000740da6e0038f125
00000000000000000876542b003b0c37
000000000000000009abcde8003d0e54
00000000000000000ae147a5003ef57c
00000000000000000c16c1620040bfc1
00000000000000000d4c3b1f00426b49
00000000000000000e81b4dc0043f64f
00000000000000000fb72e9900455f26
000000000000000010eca8560046a439
0000000000000000122222130047c40f
000000000000000013579bd00048bd47
0000000000000000148d158d00498ea1
000000000000000015c28f4a004a36f8
000000000000000016f80907004ab547
0000000000000000182d82c4004b08ab
00000000000000001962fc81004b3061
00000000000000001a98763e004b2bc7
00000000000000001bcdeffb004afa5e
00000000000000001d0369b8004a9bcc
00000000000000001e38e375004a0fd9
00000000000000001f6e5d3200495672
000000000000000020a3d6ef00486fa6
000000000000000021d950ac00475bab
0000000000000000230eca6900461ad9
0000000000000000244444260044adae
00000000000000002579bde3004314ca
000000000000000026af37a0004150f2
000000000000000027e4b15d003f630c
0000000000000000291a2b1a003d4c20
00000000000000002a4fa4d7003b0d5a
00000000000000002b851e940038a804
00000000000000002cba985100361d88
00000000000000002df0120e00336f6f
00000000000000002f258bcb00309f5d
0000000000000000305b0588002daf16
000000000000000031907f45002aa074
000000000000000032c5f9020027756c
000000000000000033fb72bf0024300a
00000000000000003530ec7c0020d270
000000000000000036666639001d5ed4
0000000000000000379bdff60019d77e
000000000000000038d159b300163ec6
00000000000000003a06d37000129712
00000000000000003b3c4d2d000ee2d4
00000000000000003c71c6ea000b248b
00000000000000003da740a700075ebb
00000000000000003edcba64000393f1
000000000000000040123421ffffc6bc
00000000000000004147addefffbf9ae
0000000000000000427d279bfff82f57
000000000000000043b2a158fff46a48
000000000000000044e81b15fff0ad0c
0000000000000000461d94d2ffecfa28
000000000000000047530e8fffe95416
00000000000000004888884cffe5bd4a
000000000000000049be0209ffe23827
00000000000000004af37bc6ffdec704
00000000000000004c28f583ffdb6c27
00000000000000004d5e6f40ffd829c3
00000000000000004e93e8fdffd501f7
00000000000000004fc962baffd1f6ce
000000000000000050fedc77ffcf0a38
000000000000000052345634ffcc3e0f
00000000000000005369cff1ffc99411
0000000000000000549f49aeffc70ddf
000000000000000055d4c36bffc4ad01
0000000000000000570a3d28ffc272da
0000000000000000583fb6e5ffc060b3
0000000000000000597530a2ffbe77b3
00000000000000005aaaaa5fffbcb8dd
00000000000000005be0241cffbb2514
00000000000000005d159dd9ffb9bd19
00000000000000005e4b1796ffb88188
00000000000000005f809153ffb772da
000000000000000060b60b10ffb69163
000000000000000061eb84cdffb5dd54
00000000000000006320fe8affb556b9
000000000000000064567847ffb4fd7b
0000000000000000658bf204ffb4d15e
000000000000000066c16bc1ffb4d201
000000000000000067f6e57effb4fee3
0000000000000000692c5f3bffb5575e
00000000000000006a61d8f8ffb5daac
00000000000000006b9752b5ffb687e4
00000000000000006ccccc72ffb75dfe
00000000000000006e02462fffb85bd3
00000000000000006f37bfecffb9801d
0000000000000000706d39a9ffbac97a
000000000000000071a2b366ffbc366c
000000000000000072d82d23ffbdc55c
0000000000000000740da6e0ffbf7499
00000000000000007543209dffc1425d
000000000000000076789a5affc32cca
000000000000000077ae1417ffc531f2
000000000000000078e38dd4ffc74fd2
00000000000000007a190791ffc98458
00000000000000007b4e814effcbcd66
00000000000000007c83fb0bffce28ce
00000000000000007db974c8ffd0945d
00000000000000007eeeee85ffd30dd2
000000000000000080246842ffd592ec
00000000000000008159e1ffffd82162
0000000000000000828f5bbcffdab6ea
000000000000000083c4d579ffdd513a
000000000000000084fa4f36ffdfee0c
0000000000000000862fc8f3ffe28b1b
0000000000000000876542b0ffe5262b
0000000000000000889abc6dffe7bd07
000000000000000089d0362affea4d84
00000000000000008b05afe7ffecd585
00000000000000008c3b29a4ffef52f8
00000000000000008d70a361fff1c3dc
00000000000000008ea61d1efff42643
00000000000000008fdb96dbfff67851
000000000000000091111098fff8b83e
000000000000000092468a55fffae459
0000000000000000937c0412fffcfb0a
000000000000000094b17dcffffefad1
000000000000000095e6f78c0000e247
0000000000000000971c71490002b025
00000000000000009851eb060004633b
0000000000000000998764c30005fa7c
00000000000000009abcde80000774f5
00000000000000009bf2583d0008d1d6
00000000000000009d27d1fa000a106b
00000000000000009e5d4bb7000b3023
00000000000000009f92c574000c308e
0000000000000000a0c83f31000d115a
0000000000000000a1fdb8ee000dd25a
0000000000000000a33332ab000e7380
0000000000000000a468ac68000ef4df
0000000000000000a59e2625000f56ab
0000000000000000a6d39fe2000f993a
0000000000000000a809199f000fbd00
0000000000000000a93e935c000fc291
0000000000000000aa740d19000faaa1
0000000000000000aba986d6000f7601
0000000000000000acdf0093000f259f
0000000000000000ae147a50000eba87
0000000000000000af49f40d000e35dd
0000000000000000b07f6dca000d98e1
0000000000000000b1b4e787000ce4ea
0000000000000000b2ea6144000c1b69
0000000000000000b41fdb01000b3de1
0000000000000000b55554be000a4deb
0000000000000000b68ace7b00094d32
0000000000000000b7c0483800083d73
0000000000000000b8f5c1f500072079
0000000000000000ba2b3bb20005f81b
0000000000000000bb60b56f0004c63e
0000000000000000bc962f2c00038ccf
0000000000000000bdcba8e900024dc2
0000000000000000bf0122a600010b11
0000000000000000c0369c63ffffc6bd
0000000000000000c16c1620fffe82c2
0000000000000000c2a18fddfffd4120
0000000000000000c3d7099afffc03d5
0000000000000000c50c8357fffaccd9
0000000000000000c641fd14fff99e1e
0000000000000000c77776d1fff8798e
0000000000000000c8acf08efff7610a
0000000000000000c9e26a4bfff65665
0000000000000000cb17e408fff55b65
0000000000000000cc4d5dc5fff471c0
0000000000000000cd82d782fff39b1c
0000000000000000ceb8513ffff2d909
0000000000000000cfedcafcfff22d06
0000000000000000d12344b9fff19879
0000000000000000d258be76fff11cb2
0000000000000000d38e3833fff0bae7
0000000000000000d4c3b1f0fff07434
0000000000000000d5f92badfff0499a
0000000000000000d72ea56afff03bfe
0000000000000000d8641f27fff04c25
0000000000000000d99998e4fff07ab9
0000000000000000dacf12a1fff0c842
0000000000000000dc048c5efff1352b
0000000000000000dd3a061bfff1c1bd
0000000000000000de6f7fd8fff26e20
0000000000000000dfa4f995fff33a5c
0000000000000000e0da7352fff42659
0000000000000000e20fed0ffff531da
0000000000000000e34566ccfff65c85
0000000000000000e47ae089fff7a5de
0000000000000000e5b05a46fff90d46
0000000000000000e6e5d403fffa9201
0000000000000000e81b4dc0fffc3332
0000000000000000e950c77dfffdefdd
0000000000000000ea86413affffc6e7
0000000000000000ebbbbaf70001b719
0000000000000000ecf134b40003bf20
0000000000000000ee26ae710005dd8d
0000000000000000ef5c282e000810d7
0000000000000000f091a1eb000a575c
0000000000000000f1c71ba8000caf64
0000000000000000f2fc9565000f1720
0000000000000000f4320f2200118cac
0000000000000000f56788df00140e14
0000000000000000f69d029c00169950
0000000000000000f7d27c5900192c4c
0000000000000000f907f616001bc4e3
0000000000000000fa3d6fd3001e60e9
0000000000000000fb72e9900020fe24
0000000000000000fca8634d00239a56
0000000000000000fddddd0a00263339
0000000000000000ff1356c70028c685
00000000000000000048d084002b51f0
0000000000000000017e4a41002dd330
000000000000000002b3c3fe00304800
000000000000000003e93dbb0032ae1c
0000000000000000051eb7780035034b
00000000000000000654313500374558
00000000000000000789aaf20039721e
000000000000000008bf24af003b8780
000000000000000009f49e6c003d8373
00000000000000000b2a1829003f63fa
00000000000000000c5f91e60041272d
00000000000000000d950ba30042cb37
00000000000000000eca856000444e58
00000000000000000fffff1d0045aee8
0000000000000000113578da0046eb5a
0000000000000000126af29700480238
000000000000000013a06c540048f22b
000000000000000014d5e6110049b9f7
0000000000000000160b5fce004a5881
00000000000000001740d98b004acccb
000000000000000018765348004b15f8
000000000000000019abcd05004b334d
00000000000000001ae146c2004b2432
00000000000000001c16c07f004ae831
00000000000000001d4c3a3c004a7ef5
00000000000000001e81b3f90049e851
00000000000000001fb72db600492438
000000000000000020eca773004832c5
00000000000000002222213000471433
000000000000000023579aed0045c8e6
0000000000000000248d14aa00445162
000000000000000025c28e670042ae50
000000000000000026f808240040e07c
0000000000000000282d81e1003ee8d6
00000000000000002962fb9e003cc86e
00000000000000002a98755b003a8077
00000000000000002bcdef1800381241
00000000000000002d0368d500357f40
00000000000000002e38e2920032c901
00000000000000002f6e5c4f002ff132
000000000000000030a3d60c002cf99b
000000000000000031d94fc90029e41c
0000000000000000330ec9860026b2b1
0000000000000000344443430023676b
00000000000000003579bd0000200470
000000000000000036af36bd001c8bfa
000000000000000037e4b07a00190057
0000000000000000391a2a37001563e0
00000000000000003a4fa3f40011b900
00000000000000003b851db1000e022c
00000000000000003cba976e000a41e3
00000000000000003df0112b00067aad
00000000000000003f258ae80002af15
0000000000000000405b04a5fffee1af
000000000000000041907e62fffb1509
000000000000000042c5f81ffff74bb5
000000000000000043fb71dcfff38843
00000000000000004530eb99ffefcd3d
000000000000000046666556ffec1d24
0000000000000000479bdf13ffe87a72
000000000000000048d158d0ffe4e797
00000000000000004a06d28dffe166f3
00000000000000004b3c4c4affddfada
00000000000000004c71c607ffdaa58d
00000000000000004da73fc4ffd7693b
00000000000000004edcb981ffd447fe
00000000000000005012333effd143da
00000000000000005147acfbffce5ebc
0000000000000000527d26b8ffcb9a76
000000000000000053b2a075ffc8f8bf
000000000000000054e81a32ffc67b34
0000000000000000561d93efffc42353
000000000000000057530dacffc1f279
000000000000000058888769ffbfe9e8
000000000000000059be0126ffbe0abc
00000000000000005af37ae3ffbc55f4
00000000000000005c28f4a0ffbacc6a
00000000000000005d5e6e5dffb96ed6
00000000000000005e93e81affb83dcb
00000000000000005fc961d7ffb739ba
000000000000000060fedb94ffb662ef
000000000000000062345551ffb5b992
00000000000000006369cf0effb53da7
0000000000000000649f48cbffb4ef0e
000000000000000065d4c288ffb4cd82
0000000000000000670a3c45ffb4d89b
0000000000000000683fb602ffb50fcf
000000000000000069752fbfffb57271
00000000000000006aaaa97cffb5ffb2
00000000000000006be02339ffb6b6a1
00000000000000006d159cf6ffb79630
00000000000000006e4b16b3ffb89d2f
00000000000000006f809070ffb9ca53
000000000000000070b60a2dffbb1c33
000000000000000071eb83eaffbc914a
00000000000000007320fda7ffbe27fb
000000000000000074567764ffbfde91
0000000000000000758bf121ffc1b33e
000000000000000076c16adeffc3a423
000000000000000077f6e49bffc5af4a
0000000000000000792c5e58ffc7d2af
00000000000000007a61d815ffca0c3b
00000000000000007b9751d2ffcc59cc
00000000000000007ccccb8fffceb935
00000000000000007e02454cffd1283d
00000000000000007f37bf09ffd3a4a4
0000000000000000806d38c6ffd62c26
000000000000000081a2b283ffd8bc7b
000000000000000082d82c40ffdb5357
0000000000000000840da5fdffddee73
000000000000000085431fbaffe08b87
000000000000000086789977ffe32851
000000000000000087ae1334ffe5c296
000000000000000088e38cf1ffe85824
00000000000000008a1906aeffeae6d3
00000000000000008b4e806bffed6c86
00000000000000008c83fa28ffefe732
00000000000000008db973e5fff254da
00000000000000008eeeeda2fff4b392
00000000000000009024675ffff70184
00000000000000009159e11cfff93cee
0000000000000000928f5ad9fffb6423
000000000000000093c4d496fffd7591
000000000000000094fa4e53ffff6fbf
0000000000000000962fc8100001514c
0000000000000000976541cd000318f6
0000000000000000989abb8a0004c598
000000000000000099d0354700065628
00000000000000009b05af040007c9bc
00000000000000009c3b28c100091f8a
00000000000000009d70a27e000a56e8
00000000000000009ea61c3b000b6f4c
00000000000000009fdb95f8000c684c
0000000000000000a1110fb5000d41a1
0000000000000000a2468972000dfb22
0000000000000000a37c032f000e94cb
0000000000000000a4b17cec000f0eb6
0000000000000000a5e6f6a9000f6920
0000000000000000a71c7066000fa465
0000000000000000a851ea23000fc101
0000000000000000a98763e0000fbf8f
0000000000000000aabcdd9d000fa0cb
0000000000000000abf2575a000f658d
0000000000000000ad27d117000f0eca
0000000000000000ae5d4ad4000e9d92
0000000000000000af92c491000e1311
0000000000000000b0c83e4e000d708d
0000000000000000b1fdb80b000cb763
0000000000000000b33331c8000be908
0000000000000000b468ab85000b0704
0000000000000000b59e2542000a12f6
0000000000000000b6d39eff00090e8b
0000000000000000b80918bc0007fb86
0000000000000000b93e92790006dbb2
0000000000000000ba740c360005b0ed
0000000000000000bba985f300047d1b
0000000000000000bcdeffb00003422c
0000000000000000be14796d00020216
0000000000000000bf49f32a0000bed5
0000000000000000c07f6ce7ffff7a68
0000000000000000c1b4e6a4fffe36cc
0000000000000000c2ea6061fffcf602
0000000000000000c41fda1efffbba05
0000000000000000c55553dbfffa84ce
0000000000000000c68acd98fff9584c
0000000000000000c7c04755fff83667
0000000000000000c8f5c112fff720fd
0000000000000000ca2b3acffff619de
0000000000000000cb60b48cfff522cc
0000000000000000cc962e49fff43d7b
0000000000000000cdcba806fff36b8a
0000000000000000cf0121c3fff2ae87
0000000000000000d0369b80fff207e9
0000000000000000d16c153dfff17913
0000000000000000d2a18efafff1034e
0000000000000000d3d708b7fff0a7cb
0000000000000000d50c8274fff0679e
0000000000000000d641fc31fff043c3
0000000000000000d77775eefff03d16
0000000000000000d8acefabfff05458
0000000000000000d9e26968fff08a2a
0000000000000000db17e325fff0df0c
0000000000000000dc4d5ce2fff15363
0000000000000000dd82d69ffff1e76f
0000000000000000deb8505cfff29b51
0000000000000000dfedca19fff36f09
0000000000000000e12343d6fff46276
0000000000000000e258bd93fff57556
0000000000000000e38e3750fff6a746
0000000000000000e4c3b10dfff7f7c0
0000000000000000e5f92acafff96621
0000000000000000e72ea487fffaf1a3
0000000000000000e8641e44fffc9963
0000000000000000e9999801fffe5c5c
0000000000000000eacf11be0000396e
0000000000000000ec048b7b00022f5c
0000000000000000ed3a053800043cca
0000000000000000ee6f7ef500066044
0000000000000000efa4f8b20008983b
0000000000000000f0da726f000ae307
0000000000000000f20fec2c000d3eeb
0000000000000000f34565e9000faa13
0000000000000000f47adfa600122297
0000000000000000f5b059630014a67f
0000000000000000f6e5d320001733be
0000000000000000f81b4cdd0019c83d
0000000000000000f950c69a001c61d6
0000000000000000fa864057001efe58
0000000000000000fbbbba1400219b88
0000000000000000fcf133d100243727
0000000000000000fe26ad8e0026ceee
0000000000000000ff5c274b00296094
00000000000000000091a108002be9d0
000000000000000001c71ac5002e6857
000000000000000002fc94820030d9e5
000000000000000004320e3f00333c39
0000000000000000056787fc00358d1a
0000000000000000069d01b90037ca56
000000000000000007d27b760039f1cb
00000000000000000907f533003c0160
00000000000000000a3d6ef0003df70c
00000000000000000b72e8ad003fd0d8
00000000000000000ca8626a00418ce0
00000000000000000ddddc2700432953
00000000000000000f1355e40044a477
00000000000000001048cfa10045fcab
0000000000000000117e495e00473065
000000000000000012b3c31b00483e39
000000000000000013e93cd8004924d5
0000000000000000151eb6950049e304
000000000000000016543052004a77b3
00000000000000001789aa0f004ae1ea
000000000000000018bf23cc004b20d7
000000000000000019f49d89004b33c4
00000000000000001b2a1746004b1a22
00000000000000001c5f9103004ad382
00000000000000001d950ac0004a5f9a
00000000000000001eca847d0049be44
00000000000000001ffffe3a0048ef7c
0000000000000000213577f70047f364
0000000000000000226af1b40046ca42
000000000000000023a06b7100457480
000000000000000024d5e52e0043f2ac
0000000000000000260b5eeb00424577
00000000000000002740d8a800406db6
000000000000000028765265003e6c5f
000000000000000029abcc22003c428c
00000000000000002ae145df0039f175
00000000000000002c16bf9c00377a75
00000000000000002d4c39590034df04
00000000000000002e81b316003220b8
00000000000000002fb72cd3002f4145
000000000000000030eca690002c4278
00000000000000003222204d00292639
000000000000000033579a0a0025ee88
0000000000000000348d13c700229d7b
000000000000000035c28d84001f353f
000000000000000036f80741001bb811
0000000000000000382d80fe00182841
00000000000000003962fabb0014882e
00000000000000003a9874780010da45
00000000000000003bcdee35000d20fd
00000000000000003d0367f200095ed9
00000000000000003e38e1af00059660
00000000000000003f6e5b6c0001ca20
000000000000000040a3d529fffdfcac
000000000000000041d94ee6fffa3093
0000000000000000430ec8a3fff66867
000000000000000044444260fff2a6b6
00000000000000004579bc1dffeeee08
000000000000000046af35daffeb40de
000000000000000047e4af97ffe7a1ae
0000000000000000491a2954ffe412e6
00000000000000004a4fa311ffe096e3
00000000000000004b851cceffdd2ff4
00000000000000004cba968bffd9e056
00000000000000004df01048ffd6aa33
00000000000000004f258a05ffd38fa1
0000000000000000505b03c2ffd0929f
000000000000000051907d7fffcdb512
000000000000000052c5f73cffcaf8c7
000000000000000053fb70f9ffc85f6f
00000000000000005530eab6ffc5ea9f
000000000000000056666473ffc39bce
0000000000000000579bde30ffc17453
000000000000000058d157edffbf7567
00000000000000005a06d1aaffbda01f
00000000000000005b3c4b67ffbbf571
00000000000000005c71c524ffba7630
00000000000000005da73ee1ffb9230a
00000000000000005edcb89effb7fc8b
00000000000000006012325bffb7031b
00000000000000006147ac18ffb636ff
0000000000000000627d25d5ffb59854
000000000000000063b29f92ffb52717
000000000000000064e8194fffb4e31f
0000000000000000661d930cffb4cc1e
000000000000000067530cc9ffb4e1a6
000000000000000068888686ffb52323
000000000000000069be0043ffb58fe0
00000000000000006af37a00ffb62706
00000000000000006c28f3bdffb6e79e
00000000000000006d5e6d7affb7d090
00000000000000006e93e737ffb8e0a8
00000000000000006fc960f4ffba1692
000000000000000070fedab1ffbb70df
00000000000000007234546effbcee04
00000000000000007369ce2bffbe8c5e
0000000000000000749f47e8ffc04a33
000000000000000075d4c1a5ffc225b0
0000000000000000770a3b62ffc41cf0
0000000000000000783fb51fffc62dfb
000000000000000079752edcffc856c6
00000000000000007aaaa899ffca953a
00000000000000007be02256ffcce730
00000000000000007d159c13ffcf4a79
00000000000000007e4b15d0ffd1bcda
00000000000000007f808f8dffd43c13
000000000000000080b6094affd6c5dd
000000000000000081eb8307ffd957f0
00000000000000008320fcc4ffdbf001
000000000000000084567681ffde8bc7
0000000000000000858bf03effe128fd
000000000000000086c169fbffe3c563
000000000000000087f6e3b8ffe65ebf
0000000000000000892c5d75ffe8f2e0
00000000000000008a61d732ffeb7fa1
00000000000000008b9750efffee02ec
00000000000000008ccccaacfff07ab5
00000000000000008e024469fff2e504
00000000000000008f37be26fff53ff4
0000000000000000906d37e3fff789b1
000000000000000091a2b1a0fff9c07f
000000000000000092d82b5dfffbe2b8
0000000000000000940da51afffdeecf
000000000000000095431ed7ffffe350
0000000000000000967898940001bee1
000000000000000097ae125100038049
000000000000000098e38c0e00052666
00000000000000009a1905cb0006b038
00000000000000009b4e7f8800081cdc
00000000000000009c83f94500096b8f
00000000000000009db97302000a9baf
00000000000000009eeeecbf000bacb8
0000000000000000a024667c000c9e4a
0000000000000000a159e039000d7024
0000000000000000a28f59f6000e2226
0000000000000000a3c4d3b3000eb454
0000000000000000a4fa4d70000f26cf
0000000000000000a62fc72d000f79db
0000000000000000a76540ea000faddd
0000000000000000a89abaa7000fc357
0000000000000000a9d03464000fbaee
0000000000000000ab05ae21000f9562
0000000000000000ac3b27de000f5393
0000000000000000ad70a19b000ef67d
0000000000000000aea61b58000e7f36
0000000000000000afdb9515000deef1
0000000000000000b1110ed2000d46f8
0000000000000000b246888f000c88b0
0000000000000000b37c024c000bb590
0000000000000000b4b17c09000acf28
0000000000000000b5e6f5c60009d718
0000000000000000b71c6f830008cf16
0000000000000000b851e9400007b8e3
0000000000000000b98762fd00069651
0000000000000000babcdcba0005693e
0000000000000000bbf2567700043393
0000000000000000bd27d0340002f740
0000000000000000be5d49f10001b63e
0000000000000000bf92c3ae00007288
0000000000000000c0c83d6bffff2e1e
0000000000000000c1fdb728fffdeafe
0000000000000000c33330e5fffcab28
0000000000000000c468aaa2fffb7096
0000000000000000c59e245ffffa3d3f
0000000000000000c6d39e1cfff91311
0000000000000000c80917d9fff7f3f1
0000000000000000c93e9196fff6e1ba
0000000000000000ca740b53fff5de3a
0000000000000000cba98510fff4eb2f
0000000000000000ccdefecdfff40a48
0000000000000000ce14788afff33d21
0000000000000000cf49f247fff28542
0000000000000000d07f6c04fff1e41e
0000000000000000d1b4e5c1fff15b11
0000000000000000d2ea5f7efff0eb5f
0000000000000000d41fd93bfff09632
0000000000000000d55552f8fff05c9a
0000000000000000d68accb5fff03f89
0000000000000000d7c04672fff03fd8
0000000000000000d8f5c02ffff05e3d
0000000000000000da2b39ecfff09b53
0000000000000000db60b3a9fff0f794
0000000000000000dc962d66fff1735c
0000000000000000ddcba723fff20ee4
0000000000000000df0120e0fff2ca44
0000000000000000e0369a9dfff3a577
0000000000000000e16c145afff4a051
0000000000000000e2a18e17fff5ba8b
0000000000000000e3d707d4fff6f3b7
0000000000000000e50c8191fff84b4a
0000000000000000e641fb4efff9c098
0000000000000000e777750bfffb52d5
0000000000000000e8aceec8fffd0115
0000000000000000e9e26885fffeca4e
0000000000000000eb17e2420000ad56
0000000000000000ec4d5bff0002a8ec
0000000000000000ed82d5bc0004bbac
0000000000000000eeb84f790006e41d
0000000000000000efedc936000920a9
0000000000000000f12342f3000b6fa4
0000000000000000f258bcb0000dcf4b
0000000000000000f38e366d00103dc4
0000000000000000f4c3b02a0012b924
0000000000000000f5f929e700153f6e
0000000000000000f72ea3a40017ce93
0000000000000000f8641d61001a6477
0000000000000000f999971e001cfef2
0000000000000000facf10db001f9bd0
0000000000000000fc048a98002238d7
0000000000000000fd3a04550024d3c3
0000000000000000fe6f7e1200276a4d
0000000000000000ffa4f7cf0029fa2d
000000000000000000da718c002c8118
0000000000000000020feb49002efcc6
00000000000000000345650600316af3
0000000000000000047adec30033c95e
000000000000000005b05880003615d2
000000000000000006e5d23d00384e20
0000000000000000081b4bfa003a7026
00000000000000000950c5b7003c79d0
00000000000000000a863f74003e691a
00000000000000000bbbb93100403c10
00000000000000000cf132ee0041f0d3
00000000000000000e26acab00438596
00000000000000000f5c26680044f8a7
00000000000000001091a02500464868
000000000000000011c719e200477357
000000000000000012fc939f0048780e
000000000000000014320d5c00495542
000000000000000015678719004a09c5
0000000000000000169d00d6004a948b
000000000000000017d27a93004af4a5
00000000000000001907f450004b2946
00000000000000001a3d6e0d004b31c3
00000000000000001b72e7ca004b0d94
00000000000000001ca86187004abc52
00000000000000001ddddb44004a3dbc
00000000000000001f135501004991b3
00000000000000002048cebe0048b83d
0000000000000000217e487b0047b185
000000000000000022b3c23800467dd8
000000000000000023e93bf500451daa
0000000000000000251eb5b200439190
000000000000000026542f6f0041da44
00000000000000002789a92c003ff8a2
000000000000000028bf22e9003dedaa
000000000000000029f49ca6003bba7c
00000000000000002b2a16630039605a
00000000000000002c5f90200036e0a4
00000000000000002d9509dd00343cda
00000000000000002eca839a00317699
00000000000000002ffffd57002e8f9b
000000000000000031357714002b89b3
0000000000000000326af0d1002866d0
000000000000000033a06a8e002528f7
000000000000000034d5e44b0021d243
0000000000000000360b5e08001e64e5
00000000000000003740d7c5001ae31f
00000000000000003876518200174f44
000000000000000039abcb3f0013abb8
00000000000000003ae144fc000ffae9
00000000000000003c16beb9000c3f51
00000000000000003d4c387600087b75
00000000000000003e81b2330004b1dd
00000000000000003fb72bf00000e51a
000000000000000040eca5adfffd17bc
000000000000000042221f6afff94c55
000000000000000043579927fff58574
0000000000000000448d12e4fff1c5a8
000000000000000045c28ca1ffee0f76
000000000000000046f8065effea655e
0000000000000000482d801bffe6c9d3
00000000000000004962f9d8ffe33f40
00000000000000004a987395ffdfc7fd
00000000000000004bcded52ffdc6658
00000000000000004d03670fffd91c87
00000000000000004e38e0ccffd5ecb2
00000000000000004f6e5a89ffd2d8e7
000000000000000050a3d446ffcfe321
000000000000000051d94e03ffcd0d3f
0000000000000000530ec7c0ffca5907
00000000000000005444417dffc7c824
00000000000000005579bb3affc55c24
000000000000000056af34f7ffc31677
000000000000000057e4aeb4ffc0f86c
0000000000000000591a2871ffbf0334
00000000000000005a4fa22effbd37de
00000000000000005b851bebffbb9756
00000000000000005cba95a8ffba2266
00000000000000005df00f65ffb8d9b7
00000000000000005f258922ffb7bdca
0000000000000000605b02dfffb6cf00
000000000000000061907c9cffb60d93
000000000000000062c5f659ffb5799a
000000000000000063fb7016ffb51309
00000000000000006530e9d3ffb4d9ad
000000000000000066666390ffb4cd33
0000000000000000679bdd4dffb4ed20
000000000000000068d1570affb538dc
00000000000000006a06d0c7ffb5afa8
00000000000000006b3c4a84ffb650a6
00000000000000006c71c441ffb71ad6
00000000000000006da73dfeffb80d1c
00000000000000006edcb7bbffb92639
000000000000000070123178ffba64d5
00000000000000007147ab35ffbbc779
0000000000000000727d24f2ffbd4c95
000000000000000073b29eafffbef280
000000000000000074e8186cffc0b779
0000000000000000761d9229ffc299ab
000000000000000077530be6ffc4972b
0000000000000000788885a3ffc6adfb
000000000000000079bdff60ffc8dc10
00000000000000007af3791dffcb1f4d
00000000000000007c28f2daffcd758a
00000000000000007d5e6c97ffcfdc93
00000000000000007e93e654ffd2522e
00000000000000007fc96011ffd4d418
000000000000000080fed9ceffd76009
00000000000000008234538bffd9f3ba
00000000000000008369cd48ffdc8cdf
0000000000000000849f4705ffdf2930
000000000000000085d4c0c2ffe1c669
0000000000000000870a3a7fffe4624a
0000000000000000883fb43cffe6fa9d
000000000000000089752df9ffe98d33
00000000000000008aaaa7b6ffec17ea
00000000000000008be02173ffee98ae
00000000000000008d159b30fff10d78
00000000000000008e4b14edfff37454
00000000000000008f808eaafff5cb61
000000000000000090b60867fff810d1
000000000000000091eb8224fffa42ed
00000000000000009320fbe1fffc6013
00000000000000009456759efffe66be
0000000000000000958bef5b0000557e
000000000000000096c1691800022b04
000000000000000097f6e2d50003e618
0000000000000000992c5c92000585a4
00000000000000009a61d64f000708ab
00000000000000009b97500c00086e54
00000000000000009cccc9c90009b5e3
00000000000000009e024386000adebd
00000000000000009f37bd43000be866
0000000000000000a06d3700000cd286
0000000000000000a1a2b0bd000d9ce3
0000000000000000a2d82a7a000e4767
0000000000000000a40da437000ed21b
0000000000000000a5431df4000f3d2a
0000000000000000a67897b1000f88de
0000000000000000a7ae116e000fb5a4
0000000000000000a8e38b2b000fc406
0000000000000000aa1904e8000fb4b0
0000000000000000ab4e7ea5000f8869
0000000000000000ac83f862000f4017
0000000000000000adb9721f000edcbd
0000000000000000aeeeebdc000e5f78
0000000000000000b0246599000dc980
0000000000000000b159df56000d1c27
0000000000000000b28f5913000c58d5
0000000000000000b3c4d2d0000b8107
0000000000000000b4fa4c8d000a9651
0000000000000000b62fc64a00099a59
0000000000000000b765400700088ed7
0000000000000000b89ab9c400077590
0000000000000000b9d033810006505a
0000000000000000bb05ad3e00052116
0000000000000000bc3b26fb0003e9ad
0000000000000000bd70a0b80002ac12
0000000000000000bea61a7500016a3f
0000000000000000bfdb943200002630
0000000000000000c1110deffffee1e7
0000000000000000c24687acfffd9f5f
0000000000000000c37c0169fffc6098
0000000000000000c4b17b26fffb278d
0000000000000000c5e6f4e3fff9f631
0000000000000000c71c6ea0fff8ce72
0000000000000000c851e85dfff7b232
0000000000000000c987621afff6a348
0000000000000000cabcdbd7fff5a380
0000000000000000cbf25594fff4b494
0000000000000000cd27cf51fff3d82e
0000000000000000ce5d490efff30fe6
0000000000000000cf92c2cbfff25d3f
0000000000000000d0c83c88fff1c1a8
0000000000000000d1fdb645fff13e76
0000000000000000d3333002fff0d4e7
0000000000000000d468a9bffff08620
0000000000000000d59e237cfff0532a
0000000000000000d6d39d39fff03cf0
0000000000000000d80916f6fff04443
0000000000000000d93e90b3fff069d4
0000000000000000da740a70fff0ae36
0000000000000000dba9842dfff111db
0000000000000000dcdefdeafff19517
0000000000000000de1477a7fff2381c
0000000000000000df49f164fff2fafb
0000000000000000e07f6b21fff3dda5
0000000000000000e1b4e4defff4dfe9
0000000000000000e2ea5e9bfff60176
0000000000000000e41fd858fff741d7
0000000000000000e5555215fff8a07a
0000000000000000e68acbd2fffa1caa
0000000000000000e7c0458ffffbb595
0000000000000000e8f5bf4cfffd6a46
0000000000000000ea2b3909ffff39ae
0000000000000000eb60b2c60001229b
0000000000000000ec962c83000323c4
0000000000000000edcba64000053bc2
0000000000000000ef011ffd00076914
0000000000000000f03699ba0009aa1e
0000000000000000f16c1377000bfd2e
0000000000000000f2a18d34000e607c
0000000000000000f3d706f10010d22c
0000000000000000f50c80ae0013504c
0000000000000000f641fa6b0015d8db
0000000000000000f7777428001869c7
0000000000000000f8acede5001b00f2
0000000000000000f9e267a2001d9c30
0000000000000000fb17e15f0020394b
0000000000000000fc4d5b1c0022d607
0000000000000000fd82d4d900257020
0000000000000000feb84e960028054d
0000000000000000ffedc853002a9346
000000000000000001234210002d17c1
00000000000000000258bbcd002f9076
0000000000000000038e358a0031fb21
000000000000000004c3af4700345585
000000000000000005f9290400369d6d
0000000000000000072ea2c10038d0ad
000000000000000008641c7e003aed28
00000000000000000999963b003cf0cb
00000000000000000acf0ff8003ed997
00000000000000000c0489b50040a59c
00000000000000000d3a037200425300
00000000000000000e6f7d2f0043dffc
00000000000000000fa4f6ec00454ae2
000000000000000010da70a90046921b
0000000000000000120fea660047b42c
0000000000000000134564230048afb3
0000000000000000147adde00049836e
000000000000000015b0579d004a2e37
000000000000000016e5d15a004aaf06
0000000000000000181b4b17004b04f7
00000000000000001950c4d4004b2f43
00000000000000001a863e91004b2d49
00000000000000001bbbb84e004afe86
00000000000000001cf1320b004aa29f
00000000000000001e26abc8004a1959
00000000000000001f5c25850049629e
000000000000000020919f4200487e7d
000000000000000021c718ff00476d29
000000000000000022fc92bc00462ef8
000000000000000024320c790044c465
00000000000000002567863600432e0f
0000000000000000269cfff300416cb8
000000000000000027d279b0003f8144
00000000000000002907f36d003d6cbb
00000000000000002a3d6d2a003b3045
00000000000000002b72e6e70038cd2a
00000000000000002ca860a4003644d3
00000000000000002dddda61003398c7
00000000000000002f13541e0030caaa
00000000000000003048cddb002ddc3a
0000000000000000317e4798002acf54
000000000000000032b3c1550027a5ea
000000000000000033e93b1200246206
0000000000000000351eb4cf002105ca
000000000000000036542e8c001d936a
00000000000000003789a849001a0d2c
000000000000000038bf220600167569
000000000000000039f49bc30012ce85
00000000000000003b2a1580000f1af3
00000000000000003c5f8f3d000b5d30
00000000000000003d9508fa000797c0
00000000000000003eca82b70003cd2e
00000000000000003ffffc740000000b
000000000000000041357631fffc32e8
0000000000000000426aefeefff86857
000000000000000043a069abfff4a2e6
000000000000000044d5e368fff0e522
0000000000000000460b5d25ffed3190
00000000000000004740d6e2ffe98aac
00000000000000004876509fffe5f2e8
000000000000000049abca5cffe26cab
00000000000000004ae14419ffdefa4a
00000000000000004c16bdd6ffdb9e0d
00000000000000004d4c3793ffd85a29
00000000000000004e81b150ffd530be
00000000000000004fb72b0dffd223d7
000000000000000050eca4caffcf3567
000000000000000052221e87ffcc6749
000000000000000053579844ffc9bb3c
0000000000000000548d1201ffc732e4
000000000000000055c28bbeffc4cfc9
000000000000000056f8057bffc29352
0000000000000000582d7f38ffc07ec8
00000000000000005962f8f5ffbe9353
00000000000000005a9872b2ffbcd1fb
00000000000000005bcdec6fffbb3ba4
00000000000000005d03662cffb9d110
00000000000000005e38dfe9ffb892de
00000000000000005f6e59a6ffb78189
000000000000000060a3d363ffb69d67
000000000000000061d94d20ffb5e6ab
0000000000000000630ec6ddffb55d64
00000000000000006444409affb5017b
00000000000000006579ba57ffb4d2b8
000000000000000066af3414ffb4d0bc
000000000000000067e4add1ffb4fb08
0000000000000000691a278effb550f7
00000000000000006a4fa14bffb5d1c6
00000000000000006b851b08ffb67c8d
00000000000000006cba94c5ffb75047
00000000000000006df00e82ffb84bce
00000000000000006f25883fffb96dde
0000000000000000705b01fcffbab516
000000000000000071907bb9ffbc1ffb
000000000000000072c5f576ffbdacf6
000000000000000073fb6f33ffbf5a59
00000000000000007530e8f0ffc1265e
0000000000000000766662adffc30f29
0000000000000000779bdc6affc512cc
000000000000000078d15627ffc72f46
00000000000000007a06cfe4ffc96286
00000000000000007b3c49a1ffcbaa6d
00000000000000007c71c35effce04d1
00000000000000007da73d1bffd06f7c
00000000000000007edcb6d8ffd2e830
000000000000000080123095ffd56cab
00000000000000008147aa52ffd7faa4
0000000000000000827d240fffda8fd1
000000000000000083b29dccffdd29ea
000000000000000084e81789ffdfc6a5
0000000000000000861d9146ffe263c1
000000000000000087530b03ffe4feff
0000000000000000888884c0ffe7962a
000000000000000089bdfe7dffea2716
00000000000000008af3783affecafa6
00000000000000008c28f1f7ffef2dc6
00000000000000008d5e6bb4fff19f75
00000000000000008e93e571fff402c4
00000000000000008fc95f2efff655d5
000000000000000090fed8ebfff896df
0000000000000000923452a8fffac431
00000000000000009369cc65fffcdc30
0000000000000000949f4622fffedd5a
000000000000000095d4bfdf0000c648
0000000000000000970a399c000295af
0000000000000000983fb35900044a62
000000000000000099752d160005e34d
00000000000000009aaaa6d300075f7e
00000000000000009be020900008be21
00000000000000009d159a4d0009fe83
00000000000000009e4b140a000b2010
00000000000000009f808dc7000c2255
0000000000000000a0b60784000d0500
0000000000000000a1eb8141000dc7e0
0000000000000000a320fafe000e6ae5
0000000000000000a45674bb000eee22
0000000000000000a58bee78000f51c8
0000000000000000a6c16835000f962b
0000000000000000a7f6e1f2000fbbbc
0000000000000000a92c5baf000fc310
0000000000000000aa61d56c000facd7
0000000000000000ab974f29000f79e1
0000000000000000acccc8e6000f2b1b
0000000000000000ae0242a3000ec18d
0000000000000000af37bc60000e3e5c
0000000000000000b06d361d000da2c5
0000000000000000b1a2afda000cf01f
0000000000000000b2d82997000c27d7
0000000000000000b40da354000b4b72
0000000000000000b5431d11000a5c86
0000000000000000b67896ce00095cbe
0000000000000000b7ae108b00084dd5
0000000000000000b8e38a4800073195
0000000000000000ba190405000609d5
0000000000000000bb4e7dc20004d87a
0000000000000000bc83f77f00039f6f
0000000000000000bdb9713c000260a8
0000000000000000beeeeaf900011e21
0000000000000000c02464b6ffffd9d7
0000000000000000c159de73fffe95c8
0000000000000000c28f5830fffd53f5
0000000000000000c3c4d1edfffc165a
0000000000000000c4fa4baafffadef1
0000000000000000c62fc567fff9afac
0000000000000000c7653f24fff88a76
0000000000000000c89ab8e1fff77130
0000000000000000c9d0329efff665ad
0000000000000000cb05ac5bfff569b4
0000000000000000cc3b2618fff47efe
0000000000000000cd709fd5fff3a730
0000000000000000cea61992fff2e3dd
0000000000000000cfdb934ffff23683
0000000000000000d1110d0cfff1a08b
0000000000000000d24686c9fff12346
0000000000000000d37c0086fff0bfeb
0000000000000000d4b17a43fff07799
000000000000000000000000000f4240
0000000000000000013579bd000f4240
0000000000000000026af37a000f4240
000000000000000003a06d37000f4240
000000000000000004d5e6f4000f4240
0000000000000000060b60b1000f4240
00000000000000000740da6e000f4240
00000000000000000876542b000f4240
000000000000000009abcde8000f4240
00000000000000000ae147a5000f4240
00000000000000000c16c162000f4240
00000000000000000d4c3b1f000f4240
00000000000000000e81b4dc000f4240
00000000000000000fb72e99000f4240
000000000000000010eca856000f4240
000000000000000012222213000f4240
000000000000000013579bd0000f4240
0000000000000000148d158d000f4240
000000000000000015c28f4a000f4240
000000000000000016f80907000f4240
0000000000000000182d82c4000f4240
00000000000000001962fc81000f4240
00000000000000001a98763e000f4240
00000000000000001bcdeffb000f4240
00000000000000001d0369b8000f4240
00000000000000001e38e375000f4240
00000000000000001f6e5d32000f4240
000000000000000020a3d6ef000f4240
000000000000000021d950ac000f4240
0000000000000000230eca69000f4240
000000000000000024444426000f4240
00000000000000002579bde3000f4240
000000000000000026af37a0000f4240
000000000000000027e4b15d000f4240
0000000000000000291a2b1a000f4240
00000000000000002a4fa4d7000f4240
00000000000000002b851e94000f4240
00000000000000002cba9851000f4240
00000000000000002df0120e000f4240
00000000000000002f258bcb000f4240
0000000000000000305b0588000f4240
000000000000000031907f45000f4240
000000000000000032c5f902000f4240
000000000000000033fb72bf000f4240
00000000000000003530ec7c000f4240
000000000000000036666639000f4240
0000000000000000379bdff6000f4240
000000000000000038d159b3000f4240
00000000000000003a06d370000f4240
00000000000000003b3c4d2d000f4240
00000000000000003c71c6ea000f4240
00000000000000003da740a7000f4240
00000000000000003edcba64000f4240
000000000000000040123421000f4240
00000000000000004147adde000f4240
0000000000000000427d279b000f4240
000000000000000043b2a158000f4240
000000000000000044e81b15000f4240
0000000000000000461d94d2000f4240
000000000000000047530e8f000f4240
00000000000000004888884c000f4240
000000000000000049be0209000f4240
00000000000000004af37bc6000f4240
00000000000000004c28f583000f4240
00000000000000004d5e6f40000f4240
00000000000000004e93e8fd000f4240
00000000000000004fc962ba000f4240
000000000000000050fedc77000f4240
000000000000000052345634000f4240
00000000000000005369cff1000f4240
0000000000000000549f49ae000f4240
000000000000000055d4c36b000f4240
0000000000000000570a3d28000f4240
0000000000000000583fb6e5000f4240
0000000000000000597530a2000f4240
00000000000000005aaaaa5f000f4240
00000000000000005be0241c000f4240
00000000000000005d159dd9000f4240
00000000000000005e4b1796000f4240
00000000000000005f809153000f4240
000000000000000060b60b10000f4240
000000000000000061eb84cd000f4240
00000000000000006320fe8a000f4240
000000000000000064567847000f4240
0000000000000000658bf204000f4240
000000000000000066c16bc1000f4240
000000000000000067f6e57e000f4240
0000000000000000692c5f3b000f4240
00000000000000006a61d8f8000f4240
00000000000000006b9752b5000f4240
00000000000000006ccccc72000f4240
00000000000000006e02462f000f4240
00000000000000006f37bfec000f4240
0000000000000000706d39a9000f4240
000000000000000071a2b366000f4240
000000000000000072d82d23000f4240
0000000000000000740da6e0000f4240
00000000000000007543209d000f4240
000000000000000076789a5a000f4240
000000000000000077ae1417000f4240
000000000000000078e38dd4000f4240
00000000000000007a190791000f4240
00000000000000007b4e814e000f4240
00000000000000007c83fb0b000f4240
00000000000000007db974c8000f4240
00000000000000007eeeee85000f4240
000000000000000080246842000f4240
00000000000000008159e1ff000f4240
0000000000000000828f5bbc000f4240
000000000000000083c4d579000f4240
000000000000000084fa4f36000f4240
0000000000000000862fc8f3000f4240
0000000000000000876542b0000f4240
0000000000000000889abc6d000f4240
000000000000000089d0362a000f4240
00000000000000008b05afe7000f4240
00000000000000008c3b29a4000f4240
00000000000000008d70a361000f4240
00000000000000008ea61d1e000f4240
00000000000000008fdb96db000f4240
000000000000000091111098000f4240
000000000000000092468a55000f4240
0000000000000000937c0412000f4240
000000000000000094b17dcf000f4240
000000000000000095e6f78c000f4240
0000000000000000971c7149000f4240
00000000000000009851eb06000f4240
0000000000000000998764c3000f4240
00000000000000009abcde80000f4240
00000000000000009bf2583d000f4240
00000000000000009d27d1fa000f4240
00000000000000009e5d4bb7000f4240
00000000000000009f92c574000f4240
0000000000000000a0c83f31000f4240
0000000000000000a1fdb8ee000f4240
0000000000000000a33332ab000f4240
0000000000000000a468ac68000f4240
0000000000000000a59e2625000f4240
0000000000000000a6d39fe2000f4240
0000000000000000a809199f000f4240
0000000000000000a93e935c000f4240
0000000000000000aa740d19000f4240
0000000000000000aba986d6000f4240
0000000000000000acdf0093000f4240
0000000000000000ae147a50000f4240
0000000000000000af49f40d000f4240
0000000000000000b07f6dca000f4240
0000000000000000b1b4e787000f4240
0000000000000000b2ea6144000f4240
0000000000000000b41fdb01000f4240
0000000000000000b55554be000f4240
0000000000000000b68ace7b000f4240
0000000000000000b7c04838000f4240
0000000000000000b8f5c1f5000f4240
0000000000000000ba2b3bb2000f4240
0000000000000000bb60b56f000f4240
0000000000000000bc962f2c000f4240
0000000000000000bdcba8e9000f4240
0000000000000000bf0122a6000f4240
0000000000000000c0369c63000f4240
0000000000000000c16c1620000f4240
0000000000000000c2a18fdd000f4240
0000000000000000c3d7099a000f4240
0000000000000000c50c8357000f4240
0000000000000000c641fd14000f4240
0000000000000000c77776d1000f4240
0000000000000000c8acf08e000f4240
0000000000000000c9e26a4b000f4240
0000000000000000cb17e408000f4240
0000000000000000cc4d5dc5000f4240
0000000000000000cd82d782000f4240
0000000000000000ceb8513f000f4240
0000000000000000cfedcafc000f4240
0000000000000000d12344b9000f4240
0000000000000000d258be76000f4240
0000000000000000d38e3833000f4240
0000000000000000d4c3b1f0000f4240
0000000000000000d5f92bad000f4240
0000000000000000d72ea56a000f4240
0000000000000000d8641f27000f4240
0000000000000000d99998e4000f4240
0000000000000000dacf12a1000f4240
0000000000000000dc048c5e000f4240
0000000000000000dd3a061b000f4240
0000000000000000de6f7fd8000f4240
0000000000000000dfa4f995000f4240
0000000000000000e0da7352000f4240
0000000000000000e20fed0f000f4240
0000000000000000e34566cc000f4240
0000000000000000e47ae089000f4240
0000000000000000e5b05a46000f4240
0000000000000000e6e5d403000f4240
0000000000000000e81b4dc0000f4240
0000000000000000e950c77d000f4240
0000000000000000ea86413a000f4240
0000000000000000ebbbbaf7000f4240
0000000000000000ecf134b4000f4240
0000000000000000ee26ae71000f4240
0000000000000000ef5c282e000f4240
0000000000000000f091a1eb000f4240
0000000000000000f1c71ba8000f4240
0000000000000000f2fc9565000f4240
0000000000000000f4320f22000f4240
0000000000000000f56788df000f4240
0000000000000000f69d029c000f4240
0000000000000000f7d27c59000f4240
0000000000000000f907f616000f4240
0000000000000000fa3d6fd3000f4240
0000000000000000fb72e990000f4240
0000000000000000fca8634d000f4240
0000000000000000fddddd0a000f4240
0000000000000000ff1356c7000f4240
00000000000000000048d084000f4240
0000000000000000017e4a41000f4240
000000000000000002b3c3fe000f4240
000000000000000003e93dbb000f4240
0000000000000000051eb778000f4240
000000000000000006543135000f4240
00000000000000000789aaf2000f4240
000000000000000008bf24af000f4240
000000000000000009f49e6c000f4240
00000000000000000b2a1829000f4240
00000000000000000c5f91e6000f4240
00000000000000000d950ba3000f4240
00000000000000000eca8560000f4240
00000000000000000fffff1d000f4240
0000000000000000113578da000f4240
0000000000000000126af297000f4240
000000000000000013a06c54000f4240
000000000000000014d5e611000f4240
0000000000000000160b5fce000f4240
00000000000000001740d98b000f4240
000000000000000018765348000f4240
000000000000000019abcd05000f4240
00000000000000001ae146c2000f4240
00000000000000001c16c07f000f4240
00000000000000001d4c3a3c000f4240
00000000000000001e81b3f9000f4240
00000000000000001fb72db6000f4240
000000000000000020eca773000f4240
000000000000000022222130000f4240
000000000000000023579aed000f4240
0000000000000000248d14aa000f4240
000000000000000025c28e67000f4240
000000000000000026f80824000f4240
0000000000000000282d81e1000f4240
00000000000000002962fb9e000f4240
00000000000000002a98755b000f4240
00000000000000002bcdef18000f4240
00000000000000002d0368d5000f4240
00000000000000002e38e292000f4240
00000000000000002f6e5c4f000f4240
000000000000000030a3d60c000f4240
000000000000000031d94fc9000f4240
0000000000000000330ec986000f4240
000000000000000034444343000f4240
00000000000000003579bd00000f4240
000000000000000036af36bd000f4240
000000000000000037e4b07a000f4240
0000000000000000391a2a37000f4240
00000000000000003a4fa3f4000f4240
00000000000000003b851db1000f4240
00000000000000003cba976e000f4240
00000000000000003df0112b000f4240
00000000000000003f258ae8000f4240
0000000000000000405b04a5000f4240
000000000000000041907e62000f4240
000000000000000042c5f81f000f4240
000000000000000043fb71dc000f4240
00000000000000004530eb99000f4240
000000000000000046666556000f4240
0000000000000000479bdf13000f4240
000000000000000048d158d0000f4240
00000000000000004a06d28d000f4240
00000000000000004b3c4c4a000f4240
00000000000000004c71c607000f4240
00000000000000004da73fc4000f4240
00000000000000004edcb981000f4240
00000000000000005012333e000f4240
00000000000000005147acfb000f4240
0000000000000000527d26b8000f4240
000000000000000053b2a075000f4240
000000000000000054e81a32000f4240
0000000000000000561d93ef000f4240
000000000000000057530dac000f4240
000000000000000058888769000f4240
000000000000000059be0126000f4240
00000000000000005af37ae3000f4240
00000000000000005c28f4a0000f4240
00000000000000005d5e6e5d000f4240
00000000000000005e93e81a000f4240
00000000000000005fc961d7000f4240
000000000000000060fedb94000f4240
000000000000000062345551000f4240
00000000000000006369cf0e000f4240
0000000000000000649f48cb000f4240
000000000000000065d4c288000f4240
0000000000000000670a3c45000f4240
0000000000000000683fb602000f4240
000000000000000069752fbf000f4240
00000000000000006aaaa97c000f4240
00000000000000006be02339000f4240
00000000000000006d159cf6000f4240
00000000000000006e4b16b3000f4240
00000000000000006f809070000f4240
000000000000000070b60a2d000f4240
000000000000000071eb83ea000f4240
00000000000000007320fda7000f4240
000000000000000074567764000f4240
0000000000000000758bf121000f4240
000000000000000076c16ade000f4240
000000000000000077f6e49b000f4240
0000000000000000792c5e58000f4240
00000000000000007a61d815000f4240
00000000000000007b9751d2000f4240
00000000000000007ccccb8f000f4240
00000000000000007e02454c000f4240
00000000000000007f37bf09000f4240
0000000000000000806d38c6000f4240
000000000000000081a2b283000f4240
000000000000000082d82c40000f4240
0000000000000000840da5fd000f4240
000000000000000085431fba000f4240
000000000000000086789977000f4240
000000000000000087ae1334000f4240
000000000000000088e38cf1000f4240
00000000000000008a1906ae000f4240
00000000000000008b4e806b000f4240
00000000000000008c83fa28000f4240
00000000000000008db973e5000f4240
00000000000000008eeeeda2000f4240
00000000000000009024675f000f4240
00000000000000009159e11c000f4240
0000000000000000928f5ad9000f4240
000000000000000093c4d496000f4240
000000000000000094fa4e53000f4240
0000000000000000962fc810000f4240
0000000000000000976541cd000f4240
0000000000000000989abb8a000f4240
000000000000000099d03547000f4240
00000000000000009b05af04000f4240
00000000000000009c3b28c1000f4240
00000000000000009d70a27e000f4240
00000000000000009ea61c3b000f4240
00000000000000009fdb95f8000f4240
0000000000000000a1110fb5000f4240
0000000000000000a2468972000f4240
0000000000000000a37c032f000f4240
0000000000000000a4b17cec000f4240
0000000000000000a5e6f6a9000f4240
0000000000000000a71c7066000f4240
0000000000000000a851ea23000f4240
0000000000000000a98763e0000f4240
0000000000000000aabcdd9d000f4240
0000000000000000abf2575a000f4240
0000000000000000ad27d117000f4240
0000000000000000ae5d4ad4000f4240
0000000000000000af92c491000f4240
0000000000000000b0c83e4e000f4240
0000000000000000b1fdb80b000f4240
0000000000000000b33331c8000f4240
0000000000000000b468ab85000f4240
0000000000000000b59e2542000f4240
0000000000000000b6d39eff000f4240
0000000000000000b80918bc000f4240
0000000000000000b93e9279000f4240
0000000000000000ba740c36000f4240
0000000000000000bba985f3000f4240
0000000000000000bcdeffb0000f4240
0000000000000000be14796d000f4240
0000000000000000bf49f32a000f4240
0000000000000000c07f6ce7000f4240
0000000000000000c1b4e6a4000f4240
0000000000000000c2ea6061000f4240
0000000000000000c41fda1e000f4240
0000000000000000c55553db000f4240
0000000000000000c68acd98000f4240
0000000000000000c7c04755000f4240
0000000000000000c8f5c112000f4240
0000000000000000ca2b3acf000f4240
0000000000000000cb60b48c000f4240
0000000000000000cc962e49000f4240
0000000000000000cdcba806000f4240
0000000000000000cf0121c3000f4240
0000000000000000d0369b80000f4240
0000000000000000d16c153d000f4240
0000000000000000d2a18efa000f4240
0000000000000000d3d708b7000f4240
0000000000000000d50c8274000f4240
0000000000000000d641fc31000f4240
0000000000000000d77775ee000f4240
0000000000000000d8acefab000f4240
0000000000000000d9e26968000f4240
0000000000000000db17e325000f4240
0000000000000000dc4d5ce2000f4240
0000000000000000dd82d69f000f4240
0000000000000000deb8505c000f4240
0000000000000000dfedca19000f4240
0000000000000000e12343d6000f4240
0000000000000000e258bd93000f4240
0000000000000000e38e3750000f4240
0000000000000000e4c3b10d000f4240
0000000000000000e5f92aca000f4240
0000000000000000e72ea487000f4240
0000000000000000e8641e44000f4240
0000000000000000e9999801000f4240
0000000000000000eacf11be000f4240
0000000000000000ec048b7b000f4240
0000000000000000ed3a0538000f4240
0000000000000000ee6f7ef5000f4240
0000000000000000efa4f8b2000f4240
0000000000000000f0da726f000f4240
0000000000000000f20fec2c000f4240
0000000000000000f34565e9000f4240
0000000000000000f47adfa6000f4240
0000000000000000f5b05963000f4240
0000000000000000f6e5d320000f4240
0000000000000000f81b4cdd000f4240
0000000000000000f950c69a000f4240
0000000000000000fa864057000f4240
0000000000000000fbbbba14000f4240
0000000000000000fcf133d1000f4240
0000000000000000fe26ad8e000f4240
0000000000000000ff5c274b000f4240
00000000000000000091a108000f4240
000000000000000001c71ac5000f4240
000000000000000002fc9482000f4240
000000000000000004320e3f000f4240
0000000000000000056787fc000f4240
0000000000000000069d01b9000f4240
000000000000000007d27b76000f4240
00000000000000000907f533000f4240
00000000000000000a3d6ef0000f4240
00000000000000000b72e8ad000f4240
00000000000000000ca8626a000f4240
00000000000000000ddddc27000f4240
00000000000000000f1355e4000f4240
00000000000000001048cfa1000f4240
0000000000000000117e495e000f4240
000000000000000012b3c31b000f4240
000000000000000013e93cd8000f4240
0000000000000000151eb695000f4240
000000000000000016543052000f4240
00000000000000001789aa0f000f4240
000000000000000018bf23cc000f4240
000000000000000019f49d89000f4240
00000000000000001b2a1746000f4240
00000000000000001c5f9103000f4240
00000000000000001d950ac0000f4240
00000000000000001eca847d000f4240
00000000000000001ffffe3a000f4240
0000000000000000213577f7000f4240
0000000000000000226af1b4000f4240
000000000000000023a06b71000f4240
000000000000000024d5e52e000f4240
0000000000000000260b5eeb000f4240
00000000000000002740d8a8000f4240
000000000000000028765265000f4240
000000000000000029abcc22000f4240
00000000000000002ae145df000f4240
00000000000000002c16bf9c000f4240
00000000000000002d4c3959000f4240
00000000000000002e81b316000f4240
00000000000000002fb72cd3000f4240
000000000000000030eca690000f4240
00000000000000003222204d000f4240
000000000000000033579a0a000f4240
0000000000000000348d13c7000f4240
000000000000000035c28d84000f4240
000000000000000036f80741000f4240
0000000000000000382d80fe000f4240
00000000000000003962fabb000f4240
00000000000000003a987478000f4240
00000000000000003bcdee35000f4240
00000000000000003d0367f2000f4240
00000000000000003e38e1af000f4240
00000000000000003f6e5b6c000f4240
000000000000000040a3d529000f4240
000000000000000041d94ee6000f4240
0000000000000000430ec8a3000f4240
000000000000000044444260000f4240
00000000000000004579bc1d000f4240
000000000000000046af35da000f4240
000000000000000047e4af97000f4240
0000000000000000491a2954000f4240
00000000000000004a4fa311000f4240
00000000000000004b851cce000f4240
00000000000000004cba968b000f4240
00000000000000004df01048000f4240
00000000000000004f258a05000f4240
0000000000000000505b03c2000f4240
000000000000000051907d7f000f4240
000000000000000052c5f73c000f4240
000000000000000053fb70f9000f4240
00000000000000005530eab6000f4240
000000000000000056666473000f4240
0000000000000000579bde30000f4240
000000000000000058d157ed000f4240
00000000000000005a06d1aa000f4240
00000000000000005b3c4b67000f4240
00000000000000005c71c524000f4240
00000000000000005da73ee1000f4240
00000000000000005edcb89e000f4240
00000000000000006012325b000f4240
00000000000000006147ac18000f4240
0000000000000000627d25d5000f4240
000000000000000063b29f92000f4240
000000000000000064e8194f000f4240
0000000000000000661d930c000f4240
000000000000000067530cc9000f4240
000000000000000068888686000f4240
000000000000000069be0043000f4240
00000000000000006af37a00000f4240
00000000000000006c28f3bd000f4240
00000000000000006d5e6d7a000f4240
00000000000000006e93e737000f4240
00000000000000006fc960f4000f4240
000000000000000070fedab1000f4240
00000000000000007234546e000f4240
00000000000000007369ce2b000f4240
0000000000000000749f47e8000f4240
000000000000000075d4c1a5000f4240
0000000000000000770a3b62000f4240
0000000000000000783fb51f000f4240
000000000000000079752edc000f4240
00000000000000007aaaa899000f4240
00000000000000007be02256000f4240
00000000000000007d159c13000f4240
00000000000000007e4b15d0000f4240
00000000000000007f808f8d000f4240
000000000000000080b6094a000f4240
000000000000000081eb8307000f4240
00000000000000008320fcc4000f4240
000000000000000084567681000f4240
0000000000000000858bf03e000f4240
000000000000000086c169fb000f4240
000000000000000087f6e3b8000f4240
0000000000000000892c5d75000f4240
00000000000000008a61d732000f4240
00000000000000008b9750ef000f4240
00000000000000008ccccaac000f4240
00000000000000008e024469000f4240
00000000000000008f37be26000f4240
0000000000000000906d37e3000f4240
000000000000000091a2b1a0000f4240
000000000000000092d82b5d000f4240
0000000000000000940da51a000f4240
000000000000000095431ed7000f4240
000000000000000096789894000f4240
000000000000000097ae1251000f4240
000000000000000098e38c0e000f4240
00000000000000009a1905cb000f4240
00000000000000009b4e7f88000f4240
00000000000000009c83f945000f4240
00000000000000009db97302000f4240
00000000000000009eeeecbf000f4240
0000000000000000a024667c000f4240
0000000000000000a159e039000f4240
0000000000000000a28f59f6000f4240
0000000000000000a3c4d3b3000f4240
0000000000000000a4fa4d70000f4240
0000000000000000a62fc72d000f4240
0000000000000000a76540ea000f4240
0000000000000000a89abaa7000f4240
0000000000000000a9d03464000f4240
0000000000000000ab05ae21000f4240
0000000000000000ac3b27de000f4240
0000000000000000ad70a19b000f4240
0000000000000000aea61b58000f4240
0000000000000000afdb9515000f4240
0000000000000000b1110ed2000f4240
0000000000000000b246888f000f4240
0000000000000000b37c024c000f4240
0000000000000000b4b17c09000f4240
0000000000000000b5e6f5c6000f4240
0000000000000000b71c6f83000f4240
0000000000000000b851e940000f4240
0000000000000000b98762fd000f4240
0000000000000000babcdcba000f4240
0000000000000000bbf25677000f4240
0000000000000000bd27d034000f4240
0000000000000000be5d49f1000f4240
0000000000000000bf92c3ae000f4240
0000000000000000c0c83d6b000f4240
0000000000000000c1fdb728000f4240
0000000000000000c33330e5000f4240
0000000000000000c468aaa2000f4240
0000000000000000c59e245f000f4240
0000000000000000c6d39e1c000f4240
0000000000000000c80917d9000f4240
0000000000000000c93e9196000f4240
0000000000000000ca740b53000f4240
0000000000000000cba98510000f4240
0000000000000000ccdefecd000f4240
0000000000000000ce14788a000f4240
0000000000000000cf49f247000f4240
0000000000000000d07f6c04000f4240
0000000000000000d1b4e5c1000f4240
0000000000000000d2ea5f7e000f4240
0000000000000000d41fd93b000f4240
0000000000000000d55552f8000f4240
0000000000000000d68accb5000f4240
0000000000000000d7c04672000f4240
0000000000000000d8f5c02f000f4240
0000000000000000da2b39ec000f4240
0000000000000000db60b3a9000f4240
0000000000000000dc962d66000f4240
0000000000000000ddcba723000f4240
0000000000000000df0120e0000f4240
0000000000000000e0369a9d000f4240
0000000000000000e16c145a000f4240
0000000000000000e2a18e17000f4240
0000000000000000e3d707d4000f4240
0000000000000000e50c8191000f4240
0000000000000000e641fb4e000f4240
0000000000000000e777750b000f4240
0000000000000000e8aceec8000f4240
0000000000000000e9e26885000f4240
0000000000000000eb17e242000f4240
0000000000000000ec4d5bff000f4240
0000000000000000ed82d5bc000f4240
0000000000000000eeb84f79000f4240
0000000000000000efedc936000f4240
0000000000000000f12342f3000f4240
0000000000000000f258bcb0000f4240
0000000000000000f38e366d000f4240
0000000000000000f4c3b02a000f4240
0000000000000000f5f929e7000f4240
0000000000000000f72ea3a4000f4240
0000000000000000f8641d61000f4240
0000000000000000f999971e000f4240
0000000000000000facf10db000f4240
0000000000000000fc048a98000f4240
0000000000000000fd3a0455000f4240
0000000000000000fe6f7e12000f4240
0000000000000000ffa4f7cf000f4240
000000000000000000da718c000f4240
0000000000000000020feb49000f4240
000000000000000003456506000f4240
0000000000000000047adec3000f4240
000000000000000005b05880000f4240
000000000000000006e5d23d000f4240
0000000000000000081b4bfa000f4240
00000000000000000950c5b7000f4240
00000000000000000a863f74000f4240
00000000000000000bbbb931000f4240
00000000000000000cf132ee000f4240
00000000000000000e26acab000f4240
00000000000000000f5c2668000f4240
00000000000000001091a025000f4240
000000000000000011c719e2000f4240
000000000000000012fc939f000f4240
000000000000000014320d5c000f4240
000000000000000015678719000f4240
0000000000000000169d00d6000f4240
000000000000000017d27a93000f4240
00000000000000001907f450000f4240
00000000000000001a3d6e0d000f4240
00000000000000001b72e7ca000f4240
00000000000000001ca86187000f4240
00000000000000001ddddb44000f4240
00000000000000001f135501000f4240
00000000000000002048cebe000f4240
0000000000000000217e487b000f4240
000000000000000022b3c238000f4240
000000000000000023e93bf5000f4240
0000000000000000251eb5b2000f4240
000000000000000026542f6f000f4240
00000000000000002789a92c000f4240
000000000000000028bf22e9000f4240
000000000000000029f49ca6000f4240
00000000000000002b2a1663000f4240
00000000000000002c5f9020000f4240
00000000000000002d9509dd000f4240
00000000000000002eca839a000f4240
00000000000000002ffffd57000f4240
000000000000000031357714000f4240
0000000000000000326af0d1000f4240
000000000000000033a06a8e000f4240
000000000000000034d5e44b000f4240
0000000000000000360b5e08000f4240
00000000000000003740d7c5000f4240
000000000000000038765182000f4240
000000000000000039abcb3f000f4240
00000000000000003ae144fc000f4240
00000000000000003c16beb9000f4240
00000000000000003d4c3876000f4240
00000000000000003e81b233000f4240
00000000000000003fb72bf0000f4240
000000000000000040eca5ad000f4240
000000000000000042221f6a000f4240
000000000000000043579927000f4240
0000000000000000448d12e4000f4240
000000000000000045c28ca1000f4240
000000000000000046f8065e000f4240
0000000000000000482d801b000f4240
00000000000000004962f9d8000f4240
00000000000000004a987395000f4240
00000000000000004bcded52000f4240
00000000000000004d03670f000f4240
00000000000000004e38e0cc000f4240
00000000000000004f6e5a89000f4240
000000000000000050a3d446000f4240
000000000000000051d94e03000f4240
0000000000000000530ec7c0000f4240
00000000000000005444417d000f4240
00000000000000005579bb3a000f4240
000000000000000056af34f7000f4240
000000000000000057e4aeb4000f4240
0000000000000000591a2871000f4240
00000000000000005a4fa22e000f4240
00000000000000005b851beb000f4240
00000000000000005cba95a8000f4240
00000000000000005df00f65000f4240
00000000000000005f258922000f4240
0000000000000000605b02df000f4240
000000000000000061907c9c000f4240
000000000000000062c5f659000f4240
000000000000000063fb7016000f4240
00000000000000006530e9d3000f4240
000000000000000066666390000f4240
0000000000000000679bdd4d000f4240
000000000000000068d1570a000f4240
00000000000000006a06d0c7000f4240
00000000000000006b3c4a84000f4240
00000000000000006c71c441000f4240
00000000000000006da73dfe000f4240
00000000000000006edcb7bb000f4240
000000000000000070123178000f4240
00000000000000007147ab35000f4240
0000000000000000727d24f2000f4240
000000000000000073b29eaf000f4240
000000000000000074e8186c000f4240
0000000000000000761d9229000f4240
000000000000000077530be6000f4240
0000000000000000788885a3000f4240
000000000000000079bdff60000f4240
00000000000000007af3791d000f4240
00000000000000007c28f2da000f4240
00000000000000007d5e6c97000f4240
00000000000000007e93e654000f4240
00000000000000007fc96011000f4240
000000000000000080fed9ce000f4240
00000000000000008234538b000f4240
00000000000000008369cd48000f4240
0000000000000000849f4705000f4240
000000000000000085d4c0c2000f4240
0000000000000000870a3a7f000f4240
0000000000000000883fb43c000f4240
000000000000000089752df9000f4240
00000000000000008aaaa7b6000f4240
00000000000000008be02173000f4240
00000000000000008d159b30000f4240
00000000000000008e4b14ed000f4240
00000000000000008f808eaa000f4240
000000000000000090b60867000f4240
000000000000000091eb8224000f4240
00000000000000009320fbe1000f4240
00000000000000009456759e000f4240
0000000000000000958bef5b000f4240
000000000000000096c16918000f4240
000000000000000097f6e2d5000f4240
0000000000000000992c5c92000f4240
00000000000000009a61d64f000f4240
00000000000000009b97500c000f4240
00000000000000009cccc9c9000f4240
00000000000000009e024386000f4240
00000000000000009f37bd43000f4240
0000000000000000a06d3700000f4240
0000000000000000a1a2b0bd000f4240
0000000000000000a2d82a7a000f4240
0000000000000000a40da437000f4240
0000000000000000a5431df4000f4240
0000000000000000a67897b1000f4240
0000000000000000a7ae116e000f4240
0000000000000000a8e38b2b000f4240
0000000000000000aa1904e8000f4240
0000000000000000ab4e7ea5000f4240
0000000000000000ac83f862000f4240
0000000000000000adb9721f000f4240
0000000000000000aeeeebdc000f4240
0000000000000000b0246599000f4240
0000000000000000b159df56000f4240
0000000000000000b28f5913000f4240
0000000000000000b3c4d2d0000f4240
0000000000000000b4fa4c8d000f4240
0000000000000000b62fc64a000f4240
0000000000000000b7654007000f4240
0000000000000000b89ab9c4000f4240
0000000000000000b9d03381000f4240
0000000000000000bb05ad3e000f4240
0000000000000000bc3b26fb000f4240
0000000000000000bd70a0b8000f4240
0000000000000000bea61a75000f4240
0000000000000000bfdb9432000f4240
0000000000000000c1110def000f4240
0000000000000000c24687ac000f4240
0000000000000000c37c0169000f4240
0000000000000000c4b17b26000f4240
0000000000000000c5e6f4e3000f4240
0000000000000000c71c6ea0000f4240
0000000000000000c851e85d000f4240
0000000000000000c987621a000f4240
0000000000000000cabcdbd7000f4240
0000000000000000cbf25594000f4240
0000000000000000cd27cf51000f4240
0000000000000000ce5d490e000f4240
0000000000000000cf92c2cb000f4240
0000000000000000d0c83c88000f4240
0000000000000000d1fdb645000f4240
0000000000000000d3333002000f4240
0000000000000000d468a9bf000f4240
0000000000000000d59e237c000f4240
0000000000000000d6d39d39000f4240
0000000000000000d80916f6000f4240
0000000000000000d93e90b3000f4240
0000000000000000da740a70000f4240
0000000000000000dba9842d000f4240
0000000000000000dcdefdea000f4240
0000000000000000de1477a7000f4240
0000000000000000df49f164000f4240
0000000000000000e07f6b21000f4240
0000000000000000e1b4e4de000f4240
0000000000000000e2ea5e9b000f4240
0000000000000000e41fd858000f4240
0000000000000000e5555215000f4240
0000000000000000e68acbd2000f4240
0000000000000000e7c0458f000f4240
0000000000000000e8f5bf4c000f4240
0000000000000000ea2b3909000f4240
0000000000000000eb60b2c6000f4240
0000000000000000ec962c83000f4240
0000000000000000edcba640000f4240
0000000000000000ef011ffd000f4240
0000000000000000f03699ba000f4240
0000000000000000f16c1377000f4240
0000000000000000f2a18d34000f4240
0000000000000000f3d706f1000f4240
0000000000000000f50c80ae000f4240
0000000000000000f641fa6b000f4240
0000000000000000f7777428000f4240
0000000000000000f8acede5000f4240
0000000000000000f9e267a2000f4240
0000000000000000fb17e15f000f4240
0000000000000000fc4d5b1c000f4240
0000000000000000fd82d4d9000f4240
0000000000000000feb84e96000f4240
0000000000000000ffedc853000f4240
000000000000000001234210000f4240
00000000000000000258bbcd000f4240
0000000000000000038e358a000f4240
000000000000000004c3af47000f4240
000000000000000005f92904000f4240
0000000000000000072ea2c1000f4240
000000000000000008641c7e000f4240
00000000000000000999963b000f4240
00000000000000000acf0ff8000f4240
00000000000000000c0489b5000f4240
00000000000000000d3a0372000f4240
00000000000000000e6f7d2f000f4240
00000000000000000fa4f6ec000f4240
000000000000000010da70a9000f4240
0000000000000000120fea66000f4240
000000000000000013456423000f4240
0000000000000000147adde0000f4240
000000000000000015b0579d000f4240
000000000000000016e5d15a000f4240
0000000000000000181b4b17000f4240
00000000000000001950c4d4000f4240
00000000000000001a863e91000f4240
00000000000000001bbbb84e000f4240
00000000000000001cf1320b000f4240
00000000000000001e26abc8000f4240
00000000000000001f5c2585000f4240
000000000000000020919f42000f4240
000000000000000021c718ff000f4240
000000000000000022fc92bc000f4240
000000000000000024320c79000f4240
000000000000000025678636000f4240
0000000000000000269cfff3000f4240
000000000000000027d279b0000f4240
00000000000000002907f36d000f4240
00000000000000002a3d6d2a000f4240
00000000000000002b72e6e7000f4240
00000000000000002ca860a4000f4240
00000000000000002dddda61000f4240
00000000000000002f13541e000f4240
00000000000000003048cddb000f4240
0000000000000000317e4798000f4240
000000000000000032b3c155000f4240
000000000000000033e93b12000f4240
0000000000000000351eb4cf000f4240
000000000000000036542e8c000f4240
00000000000000003789a849000f4240
000000000000000038bf2206000f4240
000000000000000039f49bc3000f4240
00000000000000003b2a1580000f4240
00000000000000003c5f8f3d000f4240
00000000000000003d9508fa000f4240
00000000000000003eca82b7000f4240
00000000000000003ffffc74000f4240
000000000000000041357631000f4240
0000000000000000426aefee000f4240
000000000000000043a069ab000f4240
000000000000000044d5e368000f4240
0000000000000000460b5d25000f4240
00000000000000004740d6e2000f4240
00000000000000004876509f000f4240
000000000000000049abca5c000f4240
00000000000000004ae14419000f4240
00000000000000004c16bdd6000f4240
00000000000000004d4c3793000f4240
00000000000000004e81b150000f4240
00000000000000004fb72b0d000f4240
000000000000000050eca4ca000f4240
000000000000000052221e87000f4240
000000000000000053579844000f4240
0000000000000000548d1201000f4240
000000000000000055c28bbe000f4240
000000000000000056f8057b000f4240
0000000000000000582d7f38000f4240
00000000000000005962f8f5000f4240
00000000000000005a9872b2000f4240
00000000000000005bcdec6f000f4240
00000000000000005d03662c000f4240
00000000000000005e38dfe9000f4240
00000000000000005f6e59a6000f4240
000000000000000060a3d363000f4240
000000000000000061d94d20000f4240
0000000000000000630ec6dd000f4240
00000000000000006444409a000f4240
00000000000000006579ba57000f4240
000000000000000066af3414000f4240
000000000000000067e4add1000f4240
0000000000000000691a278e000f4240
00000000000000006a4fa14b000f4240
00000000000000006b851b08000f4240
00000000000000006cba94c5000f4240
00000000000000006df00e82000f4240
00000000000000006f25883f000f4240
0000000000000000705b01fc000f4240
000000000000000071907bb9000f4240
000000000000000072c5f576000f4240
000000000000000073fb6f33000f4240
00000000000000007530e8f0000f4240
0000000000000000766662ad000f4240
0000000000000000779bdc6a000f4240
000000000000000078d15627000f4240
00000000000000007a06cfe4000f4240
00000000000000007b3c49a1000f4240
00000000000000007c71c35e000f4240
00000000000000007da73d1b000f4240
00000000000000007edcb6d8000f4240
000000000000000080123095000f4240
00000000000000008147aa52000f4240
0000000000000000827d240f000f4240
000000000000000083b29dcc000f4240
000000000000000084e81789000f4240
0000000000000000861d9146000f4240
000000000000000087530b03000f4240
0000000000000000888884c0000f4240
000000000000000089bdfe7d000f4240
00000000000000008af3783a000f4240
00000000000000008c28f1f7000f4240
00000000000000008d5e6bb4000f4240
00000000000000008e93e571000f4240
00000000000000008fc95f2e000f4240
000000000000000090fed8eb000f4240
0000000000000000923452a8000f4240
00000000000000009369cc65000f4240
0000000000000000949f4622000f4240
000000000000000095d4bfdf000f4240
0000000000000000970a399c000f4240
0000000000000000983fb359000f4240
000000000000000099752d16000f4240
00000000000000009aaaa6d3000f4240
00000000000000009be02090000f4240
00000000000000009d159a4d000f4240
00000000000000009e4b140a000f4240
00000000000000009f808dc7000f4240
0000000000000000a0b60784000f4240
0000000000000000a1eb8141000f4240
0000000000000000a320fafe000f4240
0000000000000000a45674bb000f4240
0000000000000000a58bee78000f4240
0000000000000000a6c16835000f4240
0000000000000000a7f6e1f2000f4240
0000000000000000a92c5baf000f4240
0000000000000000aa61d56c000f4240
0000000000000000ab974f29000f4240
0000000000000000acccc8e6000f4240
0000000000000000ae0242a3000f4240
0000000000000000af37bc60000f4240
0000000000000000b06d361d000f4240
0000000000000000b1a2afda000f4240
0000000000000000b2d82997000f4240
0000000000000000b40da354000f4240
0000000000000000b5431d11000f4240
0000000000000000b67896ce000f4240
0000000000000000b7ae108b000f4240
0000000000000000b8e38a48000f4240
0000000000000000ba190405000f4240
0000000000000000bb4e7dc2000f4240
0000000000000000bc83f77f000f4240
0000000000000000bdb9713c000f4240
0000000000000000beeeeaf9000f4240
0000000000000000c02464b6000f4240
0000000000000000c159de73000f4240
0000000000000000c28f5830000f4240
0000000000000000c3c4d1ed000f4240
0000000000000000c4fa4baa000f4240
0000000000000000c62fc567000f4240
0000000000000000c7653f24000f4240
0000000000000000c89ab8e1000f4240
0000000000000000c9d0329e000f4240
0000000000000000cb05ac5b000f4240
0000000000000000cc3b2618000f4240
0000000000000000cd709fd5000f4240
0000000000000000cea61992000f4240
0000000000000000cfdb934f000f4240
0000000000000000d1110d0c000f4240
0000000000000000d24686c9000f4240
0000000000000000d37c0086000f4240
0000000000000000d4b17a43000f4240
000000000000000000000000ffb28567
0000000000000000013579bdffa3c654
0000000000000000026af37a00394350
000000000000000003a06d37ffab53a8
000000000000000004d5e6f4ffbcef62
0000000000000000060b60b1000734f3
00000000000000000740da6e00556582
00000000000000000876542b0013e03a
000000000000000009abcde8002ff7c9
00000000000000000ae147a5000dbcd4
00000000000000000c16c16200627ffe
00000000000000000d4c3b1fffcdf452
00000000000000000e81b4dc00242b0d
00000000000000000fb72e99fff4f5f3
000000000000000010eca85600262e2f
000000000000000012222213001be981
000000000000000013579bd00027706c
0000000000000000148d158d000a99b1
000000000000000015c28f4afffd9242
000000000000000016f80907ffbdeeed
0000000000000000182d82c4005b54dd
00000000000000001962fc81ffbb5fdf
00000000000000001a98763e003bf343
00000000000000001bcdeffbfffa2f7e
00000000000000001d0369b800691032
00000000000000001e38e375ffe71f32
00000000000000001f6e5d32004d80b2
000000000000000020a3d6ef00034e41
000000000000000021d950acffaca980
0000000000000000230eca69005f83b9
0000000000000000244444260026c93b
00000000000000002579bde3ffaf81db
000000000000000026af37a0005c452b
000000000000000027e4b15dfff63a97
0000000000000000291a2b1affa79803
00000000000000002a4fa4d70067dbff
00000000000000002b851e94ffa51654
00000000000000002cba985100687b8d
00000000000000002df0120e001f22e8
00000000000000002f258bcb005d8ff1
0000000000000000305b0588ffc23520
000000000000000031907f45004fd22a
000000000000000032c5f9020052b6eb
000000000000000033fb72bfffc26de5
00000000000000003530ec7c004b9510
000000000000000036666639ffb2b48c
0000000000000000379bdff60020884d
000000000000000038d159b3ffca1a03
00000000000000003a06d370004e1f41
00000000000000003b3c4d2dffe40efe
00000000000000003c71c6ea005b7e41
00000000000000003da740a7ffe466ee
00000000000000003edcba6400204ef5
00000000000000004012342100308ea2
00000000000000004147addefffae63a
0000000000000000427d279b0035e4b1
000000000000000043b2a15800004fbb
000000000000000044e81b15ffc7462d
0000000000000000461d94d2ff954cf9
000000000000000047530e8fffb18e6d
00000000000000004888884c001b62d1
000000000000000049be0209ffd62b7b
00000000000000004af37bc6fffb135e
00000000000000004c28f583ffad1d79
00000000000000004d5e6f400026996b
00000000000000004e93e8fdffaf4940
00000000000000004fc962ba00112be3
000000000000000050fedc77ffe7f043
000000000000000052345634001bdcb2
00000000000000005369cff100007147
0000000000000000549f49ae001ba568
000000000000000055d4c36b0007d1db
0000000000000000570a3d28ffeac5f1
0000000000000000583fb6e5ffcfd59d
0000000000000000597530a2fff00300
00000000000000005aaaaa5f004250cf
00000000000000005be0241c004b1ea7
00000000000000005d159dd9ffe3086f
00000000000000005e4b1796ffd665ca
00000000000000005f8091530024f662
000000000000000060b60b10ffec827a
000000000000000061eb84cdffc706b8
00000000000000006320fe8affef2c5e
000000000000000064567847ffec7aad
0000000000000000658bf204ffcba016
000000000000000066c16bc1ffde5723
000000000000000067f6e57effde5ba0
0000000000000000692c5f3bffb0eaad
00000000000000006a61d8f800059e51
00000000000000006b9752b5ffa8ca48
00000000000000006ccccc72005af550
00000000000000006e02462f002cd30d
00000000000000006f37bfecff954470
0000000000000000706d39a9ffb2d5f3
000000000000000071a2b36600313a28
000000000000000072d82d23ffae0702
0000000000000000740da6e0ffbbcd47
00000000000000007543209dffea5f4f
000000000000000076789a5a00001a55
000000000000000077ae14170039f29c
000000000000000078e38dd4005dc3f4
00000000000000007a1907910034b7e8
00000000000000007b4e814effef4eb7
00000000000000007c83fb0bffdebed3
00000000000000007db974c8ffc5e735
00000000000000007eeeee85ffce30d5
0000000000000000802468420034f851
00000000000000008159e1ff0066058d
0000000000000000828f5bbcffb09cc9
000000000000000083c4d5790047c85c
000000000000000084fa4f36ffe0820b
0000000000000000862fc8f30029ab3a
0000000000000000876542b00062f8fb
0000000000000000889abc6d00657841
000000000000000089d0362a000de14e
00000000000000008b05afe7002df2a1
00000000000000008c3b29a4002048b7
00000000000000008d70a361ffd8b79a
00000000000000008ea61d1effba3f54
00000000000000008fdb96db00688de9
000000000000000091111098001bde93
000000000000000092468a5500080fd1
0000000000000000937c0412001d902d
000000000000000094b17dcf001b9e56
000000000000000095e6f78cffc9a021
0000000000000000971c7149ffbf61f7
00000000000000009851eb06ffc173ef
0000000000000000998764c30042cd27
00000000000000009abcde80ffeef428
00000000000000009bf2583d00120d12
00000000000000009d27d1faffe9a1db
00000000000000009e5d4bb7fff60aae
00000000000000009f92c574ffb795b3
0000000000000000a0c83f31ffedd16b
0000000000000000a1fdb8eeffb44298
0000000000000000a33332ab0003c3bb
0000000000000000a468ac68004b0d6f
0000000000000000a59e2625ffbff6d9
0000000000000000a6d39fe200100267
0000000000000000a809199f002747da
0000000000000000a93e935cff9930a5
0000000000000000aa740d19ffd5f041
0000000000000000aba986d600501557
0000000000000000acdf0093002e7f03
0000000000000000ae147a50004e8031
0000000000000000af49f40d003d1ece
0000000000000000b07f6dcafffcdf4b
0000000000000000b1b4e787001f521b
0000000000000000b2ea61440044b2b3
0000000000000000b41fdb010039aa4e
0000000000000000b55554be001afa7a
0000000000000000b68ace7bffd050e7
0000000000000000b7c04838ffbea098
0000000000000000b8f5c1f5fff896fc
0000000000000000ba2b3bb2ffd1e5fc
0000000000000000bb60b56f001c3f9c
0000000000000000bc962f2cfff40c11
0000000000000000bdcba8e9ffd97c68
0000000000000000bf0122a60055b602
0000000000000000c0369c63ffa68b3d
0000000000000000c16c162000437a99
0000000000000000c2a18fddffcf1b70
0000000000000000c3d7099affc8b81e
0000000000000000c50c8357ffb30bb8
0000000000000000c641fd140055d667
0000000000000000c77776d1003f1d20
0000000000000000c8acf08e00353ee3
0000000000000000c9e26a4bffb6744a
0000000000000000cb17e408ffd0e7a4
0000000000000000cc4d5dc5fff61b5e
0000000000000000cd82d782001286b4
0000000000000000ceb8513f0000480e
0000000000000000cfedcafcffd894fe
0000000000000000d12344b900380757
0000000000000000d258be76ffd41150
0000000000000000d38e38330054fbed
0000000000000000d4c3b1f0ff9a53dc
0000000000000000d5f92badffba7ed8
0000000000000000d72ea56affd3c6e9
0000000000000000d8641f27ffe57a3a
0000000000000000d99998e40045dbf3
0000000000000000dacf12a1ff96995a
0000000000000000dc048c5efff18a37
0000000000000000dd3a061b003ec2bd
0000000000000000de6f7fd80009b34a
0000000000000000dfa4f995001d91c3
0000000000000000e0da735200016fd4
0000000000000000e20fed0ffffdaebb
0000000000000000e34566ccfff7a784
0000000000000000e47ae0890050e61a
0000000000000000e5b05a4600637a9f
0000000000000000e6e5d4030019b091
0000000000000000e81b4dc0ffdde5ba
0000000000000000e950c77dffa3a3d7
0000000000000000ea86413afffcdf6f
0000000000000000ebbbbaf700480e86
0000000000000000ecf134b4ffb0b78d
0000000000000000ee26ae71001d364f
0000000000000000ef5c282e00684e96
0000000000000000f091a1eb000668e3
0000000000000000f1c71ba8ff9b2a74
0000000000000000f2fc9565fff765b5
0000000000000000f4320f22005b9a6e
0000000000000000f56788df0049e44b
0000000000000000f69d029cff972b73
0000000000000000f7d27c59002aadbd
0000000000000000f907f616ffebf14c
0000000000000000fa3d6fd3ffda60dd
0000000000000000fb72e9900004a179
0000000000000000fca8634dffceaad3
0000000000000000fddddd0a000f8807
0000000000000000ff1356c7003388a3
00000000000000000048d084003d0260
0000000000000000017e4a41003a8cba
000000000000000002b3c3fe0028ac46
000000000000000003e93dbbffee8d5b
0000000000000000051eb77800429def
000000000000000006543135ffb5f59b
00000000000000000789aaf2ffe6637b
000000000000000008bf24afffbda036
000000000000000009f49e6cffc01dd3
00000000000000000b2a182900589f4f
00000000000000000c5f91e600348131
00000000000000000d950ba30011f929
00000000000000000eca85600038f5c4
00000000000000000fffff1d005d0314
0000000000000000113578daffcb142e
0000000000000000126af297ffe9027d
000000000000000013a06c54ffece189
000000000000000014d5e6110017bd99
0000000000000000160b5fcefff41205
00000000000000001740d98b00035273
000000000000000018765348ffb7b472
000000000000000019abcd05000479c5
00000000000000001ae146c2004f03db
00000000000000001c16c07f0009aa66
00000000000000001d4c3a3c0044af0f
00000000000000001e81b3f9ffaa340e
00000000000000001fb72db6fff0a0ab
000000000000000020eca7730054903d
000000000000000022222130ffcd23cf
000000000000000023579aed004491b2
0000000000000000248d14aa0024c8fd
000000000000000025c28e67ffcf8f9c
000000000000000026f80824004f08d2
0000000000000000282d81e1ffc8eed1
00000000000000002962fb9e005c899f
00000000000000002a98755bffff5dcb
00000000000000002bcdef18ff9b5120
00000000000000002d0368d500562b52
00000000000000002e38e292ff9c5a03
00000000000000002f6e5c4f000bd84e
000000000000000030a3d60cffdfd2d0
000000000000000031d94fc9ffff7be4
0000000000000000330ec9860024c018
000000000000000034444343ffb264c9
00000000000000003579bd00fff4e311
000000000000000036af36bd00257253
000000000000000037e4b07affd68dcf
0000000000000000391a2a3700165731
00000000000000003a4fa3f4ffb2d096
00000000000000003b851db10032f63c
00000000000000003cba976e0015dd33
00000000000000003df0112bfffa75bb
00000000000000003f258ae8ffd6e2d2
0000000000000000405b04a5ffdab19c
000000000000000041907e6200569fa8
000000000000000042c5f81fffaf616c
000000000000000043fb71dcffe9e132
00000000000000004530eb99002757a1
000000000000000046666556ffed8217
0000000000000000479bdf1300269283
000000000000000048d158d0005ee1ca
00000000000000004a06d28dffac6aee
00000000000000004b3c4c4affe9060a
00000000000000004c71c607006949b6
00000000000000004da73fc40034224a
00000000000000004edcb981003fac2f
00000000000000005012333e001ffe00
00000000000000005147acfb004cb9b4
0000000000000000527d26b8ffbf1a87
000000000000000053b2a075ffe49b95
000000000000000054e81a3200010296
0000000000000000561d93ef0041942a
000000000000000057530dacffa2ab35
000000000000000058888769ffa3dd7f
000000000000000059be0126ffc34929
00000000000000005af37ae3fff88836
00000000000000005c28f4a0006229bf
00000000000000005d5e6e5dff95febc
00000000000000005e93e81a001d55e6
00000000000000005fc961d7ffaf84af
000000000000000060fedb94ffbf3b7d
0000000000000000623455510048ca5f
00000000000000006369cf0efff60b74
0000000000000000649f48cb004896c0
000000000000000065d4c288ffe3a5e4
0000000000000000670a3c45ff9a009d
0000000000000000683fb602ff9b5958
000000000000000069752fbfff968921
00000000000000006aaaa97cff98b3d8
00000000000000006be02339ffd78260
00000000000000006d159cf6ff9e4f54
00000000000000006e4b16b3fff07a72
00000000000000006f809070fffe5bb3
000000000000000070b60a2dffc86f74
000000000000000071eb83eaffc3392f
00000000000000007320fda7002c1b4d
000000000000000074567764ff966179
0000000000000000758bf121ffef16bc
000000000000000076c16ade002b1915
000000000000000077f6e49b003a3c40
0000000000000000792c5e58ffb09556
00000000000000007a61d815fffb55b8
00000000000000007b9751d20040dcf8
00000000000000007ccccb8fffe2e606
00000000000000007e02454c001798a7
00000000000000007f37bf090024a93f
0000000000000000806d38c6ffd34180
000000000000000081a2b28300194520
000000000000000082d82c40ffbde1db
0000000000000000840da5fd003709c9
000000000000000085431fba003507f1
00000000000000008678997700186fcc
000000000000000087ae1334fff0fb6d
000000000000000088e38cf1003ac92c
00000000000000008a1906aeffe91165
00000000000000008b4e806b00450e0e
00000000000000008c83fa2800485559
00000000000000008db973e5ffc6c38c
00000000000000008eeeeda2ffe0513b
00000000000000009024675fffa0c28c
00000000000000009159e11cffab576b
0000000000000000928f5ad900653323
000000000000000093c4d49600519f87
000000000000000094fa4e530049f57f
0000000000000000962fc810ffb7c515
0000000000000000976541cdffcb86b0
0000000000000000989abb8a000f1b5e
000000000000000099d035470063b282
00000000000000009b05af04ffc009b1
00000000000000009c3b28c1fff92993
00000000000000009d70a27effc1dbbe
00000000000000009ea61c3bffc40337
00000000000000009fdb95f800556267
0000000000000000a1110fb500535ff7
0000000000000000a2468972ff9fab8a
0000000000000000a37c032f00553e8e
0000000000000000a4b17cec002e449b
0000000000000000a5e6f6a9ffc943fa
0000000000000000a71c7066ffbb169a
0000000000000000a851ea23ffa8155f
0000000000000000a98763e0ffa45fe0
0000000000000000aabcdd9dffe8e4c3
0000000000000000abf2575affad581e
0000000000000000ad27d1170049b9ef
0000000000000000ae5d4ad4ffd6e733
0000000000000000af92c49100297aaf
0000000000000000b0c83e4efff27c47
0000000000000000b1fdb80b0016e7d7
0000000000000000b33331c8fff334ef
0000000000000000b468ab85001ae74e
0000000000000000b59e2542fff6178c
0000000000000000b6d39eff004dd624
0000000000000000b80918bcffa68d0d
0000000000000000b93e9279ffaf6590
0000000000000000ba740c36ffc12250
0000000000000000bba985f3ff9b2e31
0000000000000000bcdeffb000325fe4
0000000000000000be14796dffd8023e
0000000000000000bf49f32afff4a680
0000000000000000c07f6ce70019c2a8
0000000000000000c1b4e6a4ffb18ae1
0000000000000000c2ea6061001d495c
0000000000000000c41fda1effc35aef
0000000000000000c55553db00087cf9
0000000000000000c68acd98004fe68a
0000000000000000c7c04755ffce0325
0000000000000000c8f5c112ffdb904e
0000000000000000ca2b3acf001de99e
0000000000000000cb60b48c00656ca1
0000000000000000cc962e49fffaf7fe
0000000000000000cdcba806ffdd4810
0000000000000000cf0121c300207d94
0000000000000000d0369b80fff93d94
0000000000000000d16c153dffd7d849
0000000000000000d2a18efa00439b05
0000000000000000d3d708b7ffb407dd
0000000000000000d50c8274fff77daf
0000000000000000d641fc3100276443
0000000000000000d77775eeffc219be
0000000000000000d8acefabfff95971
0000000000000000d9e2696800233169
0000000000000000db17e325ffaa13a9
0000000000000000dc4d5ce2ffb44bf9
0000000000000000dd82d69f00270ebb
0000000000000000deb8505cffda6729
0000000000000000dfedca1900310c54
0000000000000000e12343d6ffb77510
0000000000000000e258bd930029b21a
0000000000000000e38e3750fffaebec
0000000000000000e4c3b10d0011143f
0000000000000000e5f92acaffc4e08e
0000000000000000e72ea487ffd50181
0000000000000000e8641e44ffe193c0
0000000000000000e9999801ffd456bb
0000000000000000eacf11beffe732d6
0000000000000000ec048b7bffc10f0c
0000000000000000ed3a05380027ff3e
0000000000000000ee6f7ef5ffe8c03f
0000000000000000efa4f8b2fff45edc
0000000000000000f0da726f00620481
0000000000000000f20fec2cffc85af8
0000000000000000f34565e9ffe3cd2e
0000000000000000f47adfa600243c58
0000000000000000f5b05963ffb539e1
0000000000000000f6e5d320ffcbc8b4
0000000000000000f81b4cddffd30569
0000000000000000f950c69a002426e1
0000000000000000fa864057fff77551
0000000000000000fbbbba14ffad5237
0000000000000000fcf133d1006754b9
0000000000000000fe26ad8e00574329
0000000000000000ff5c274bfff99ad6
00000000000000000091a10800581bb5
000000000000000001c71ac5ffe928a3
000000000000000002fc9482ffe8ad2c
000000000000000004320e3fffbb74da
0000000000000000056787fcffa0dc80
0000000000000000069d01b90064e5e6
000000000000000007d27b76ffe40457
00000000000000000907f53300010dea
00000000000000000a3d6ef0ffc8ab0f
00000000000000000b72e8adffb81639
00000000000000000ca8626affd945c9
00000000000000000ddddc27ffa1e414
00000000000000000f1355e400127bc9
00000000000000001048cfa1ffe4a367
0000000000000000117e495e0054f312
000000000000000012b3c31bffd33ca1
000000000000000013e93cd800298616
0000000000000000151eb69500406958
0000000000000000165430520031714c
00000000000000001789aa0fffae5de9
000000000000000018bf23cc005b842c
000000000000000019f49d89ffa6bf62
00000000000000001b2a17460063ab48
00000000000000001c5f9103ffb8ea28
00000000000000001d950ac0ffc07b8b
00000000000000001eca847dffe7ff86
00000000000000001ffffe3affce7221
0000000000000000213577f7002af902
0000000000000000226af1b4ffd57a46
000000000000000023a06b71fffcb818
000000000000000024d5e52effb66577
0000000000000000260b5eebffb903b2
00000000000000002740d8a800406b00
000000000000000028765265ffc883e1
000000000000000029abcc22ffd9ff6c
00000000000000002ae145df000543b2
00000000000000002c16bf9cffedf23a
00000000000000002d4c3959003c32bc
00000000000000002e81b316fff01c45
00000000000000002fb72cd30068cc0d
000000000000000030eca69000695a7c
00000000000000003222204dffd3a9a1
000000000000000033579a0a00614213
0000000000000000348d13c700229e99
000000000000000035c28d840059a9be
000000000000000036f8074100356919
0000000000000000382d80fe00433b48
00000000000000003962fabb000c0551
00000000000000003a9874780027f8a8
00000000000000003bcdee35001e4e74
00000000000000003d0367f2005102ee
00000000000000003e38e1afffbaa380
00000000000000003f6e5b6c00445528
000000000000000040a3d52900572695
000000000000000041d94ee6ffaf89dc
0000000000000000430ec8a3ffd873ea
000000000000000044444260ffbcc617
00000000000000004579bc1d004e2976
000000000000000046af35da004fe32d
000000000000000047e4af97000c2e10
0000000000000000491a2954001cbd28
00000000000000004a4fa31100490f7b
00000000000000004b851cce0004d425
00000000000000004cba968b00179472
00000000000000004df01048003018f4
00000000000000004f258a0500458388
0000000000000000505b03c2fff4ce75
000000000000000051907d7f005cf580
000000000000000052c5f73cffd08e97
000000000000000053fb70f900149426
00000000000000005530eab6ffbf44de
000000000000000056666473fff57bfb
0000000000000000579bde30005a0453
000000000000000058d157ed002cfdaa
00000000000000005a06d1aaffdf4cc2
00000000000000005b3c4b67ffd53c85
00000000000000005c71c524003879f7
00000000000000005da73ee1ffe18b50
00000000000000005edcb89e00692d1a
00000000000000006012325bffcd95d8
00000000000000006147ac180007d512
0000000000000000627d25d5ffdf1d03
000000000000000063b29f9200406b37
000000000000000064e8194f002f7c05
0000000000000000661d930c006628c1
000000000000000067530cc9fffd1cfe
000000000000000068888686ffb0714c
000000000000000069be0043ffc5e755
00000000000000006af37a00002c23c2
00000000000000006c28f3bdffc8ad49
00000000000000006d5e6d7affe1cbf4
00000000000000006e93e737fff7bf1c
00000000000000006fc960f40053a609
000000000000000070fedab1ffab343f
00000000000000007234546e0037b623
00000000000000007369ce2bffbce1a0
0000000000000000749f47e8ffda4aeb
000000000000000075d4c1a5003e3e83
0000000000000000770a3b62ffda35f0
0000000000000000783fb51f005da22d
000000000000000079752edcffe634f6
00000000000000007aaaa89900236b1b
00000000000000007be0225600273a39
00000000000000007d159c13ffbb76ed
00000000000000007e4b15d0ff990ba9
00000000000000007f808f8d00512d7d
000000000000000080b6094affeaae50
000000000000000081eb83070058afc1
00000000000000008320fcc40011754c
000000000000000084567681003e0009
0000000000000000858bf03effbfaff9
000000000000000086c169fb001cfd24
000000000000000087f6e3b8004dde3b
0000000000000000892c5d75ff9fb3e8
00000000000000008a61d732ffe6d9e6
00000000000000008b9750efffb87f9b
00000000000000008ccccaac00192a11
00000000000000008e02446900550011
00000000000000008f37be26000e0133
0000000000000000906d37e3001bc46e
000000000000000091a2b1a0ffd71a3e
000000000000000092d82b5d0063e9f1
0000000000000000940da51a002cd9c8
000000000000000095431ed7ff957b4d
0000000000000000967898940062b199
000000000000000097ae125100572627
000000000000000098e38c0effe863da
00000000000000009a1905cb0002a379
00000000000000009b4e7f8800080c03
00000000000000009c83f945ffa0096e
00000000000000009db97302001425e5
00000000000000009eeeecbfffe0eef9
0000000000000000a024667cffd4e85b
0000000000000000a159e039ffc204e0
0000000000000000a28f59f6fff69d32
0000000000000000a3c4d3b30010b3e0
0000000000000000a4fa4d70005219f5
0000000000000000a62fc72d0069d7ef
0000000000000000a76540eaffe8a959
0000000000000000a89abaa70028147a
0000000000000000a9d03464fff1ccb0
0000000000000000ab05ae21ffa7270d
0000000000000000ac3b27deffbebc9c
0000000000000000ad70a19bffda011f
0000000000000000aea61b58ffad725a
0000000000000000afdb9515ffd572e1
0000000000000000b1110ed2003cd761
0000000000000000b246888fffe23278
0000000000000000b37c024cffda3bfb
0000000000000000b4b17c09ffefe61f
0000000000000000b5e6f5c6000b940d
0000000000000000b71c6f83005def98
0000000000000000b851e940fff5b9cd
0000000000000000b98762fdffb3836a
0000000000000000babcdcbafff4f163
0000000000000000bbf25677ffbfc3de
0000000000000000bd27d0340046c07a
0000000000000000be5d49f1fffe251b
0000000000000000bf92c3ae002fee0d
0000000000000000c0c83d6b004a68b2
0000000000000000c1fdb728ffe27a59
0000000000000000c33330e5003f802b
0000000000000000c468aaa2ffe30503
0000000000000000c59e245ffff5d52b
0000000000000000c6d39e1c002bf589
0000000000000000c80917d9006a6a20
0000000000000000c93e919600294aee
0000000000000000ca740b53001e6f37
0000000000000000cba98510ffea22c1
0000000000000000ccdefecdffc78d12
0000000000000000ce14788a002f00e6
0000000000000000cf49f2470003646e
0000000000000000d07f6c040029f8df
0000000000000000d1b4e5c1ffb728a8
0000000000000000d2ea5f7effa946dd
0000000000000000d41fd93bfffb21e0
0000000000000000d55552f8fff712a2
0000000000000000d68accb5ffc2ba5c
0000000000000000d7c04672ffddd240
0000000000000000d8f5c02f00216946
0000000000000000da2b39ecffadf48a
0000000000000000db60b3a90013c297
0000000000000000dc962d66ffe959a3
0000000000000000ddcba723000154cc
0000000000000000df0120e00032a03f
0000000000000000e0369a9d004aa252
0000000000000000e16c145affc18297
0000000000000000e2a18e17ffc9429c
0000000000000000e3d707d4ffaa66f4
0000000000000000e50c8191fff5ddfc
0000000000000000e641fb4e001b116b
0000000000000000e777750b006378c2
0000000000000000e8aceec8ffa21aac
0000000000000000e9e26885ffe90b81
0000000000000000eb17e242ffaf677f
0000000000000000ec4d5bffffa769f9
0000000000000000ed82d5bcffb2ed26
0000000000000000eeb84f79004acd58
0000000000000000efedc936ffeac751
0000000000000000f12342f3ffc45141
0000000000000000f258bcb0ffe94fc8
0000000000000000f38e366dfffc4b82
0000000000000000f4c3b02affeebf6d
0000000000000000f5f929e7ffa17e7b
0000000000000000f72ea3a40017553a
0000000000000000f8641d61ffb6fb39
0000000000000000f999971efff3f782
0000000000000000facf10db0037feba
0000000000000000fc048a980066e396
0000000000000000fd3a0455001f6cba
0000000000000000fe6f7e120025d1c1
0000000000000000ffa4f7cf005bd1e1
000000000000000000da718cfffd6ac7
0000000000000000020feb49ffa0aae9
000000000000000003456506ff9a5fc0
0000000000000000047adec300335c35
000000000000000005b0588000671ffc
000000000000000006e5d23d0044b707
0000000000000000081b4bfa0035cc90
00000000000000000950c5b7ffd452cf
00000000000000000a863f74005c0ab8
00000000000000000bbbb931ffbfc730
00000000000000000cf132ee00166b47
00000000000000000e26acab0068a0af
00000000000000000f5c2668ffcf4a71
00000000000000001091a025003e0b99
000000000000000011c719e200043d4f
000000000000000012fc939fffafa60e
000000000000000014320d5c00659a0a
0000000000000000156787190005ee18
0000000000000000169d00d6ffff48aa
000000000000000017d27a9300256fd7
00000000000000001907f450ffca01b2
00000000000000001a3d6e0d0040d09d
00000000000000001b72e7ca0023d668
00000000000000001ca86187ffcf42d8
00000000000000001ddddb4400668e88
00000000000000001f135501ffa17d46
00000000000000002048cebeffcfbca6
0000000000000000217e487b00239836
000000000000000022b3c238ffd0fffa
000000000000000023e93bf5003e62d7
0000000000000000251eb5b2ffc36460
000000000000000026542f6fffe6d28b
00000000000000002789a92cfff7c759
000000000000000028bf22e9ffa2a6ea
000000000000000029f49ca600509802
00000000000000002b2a16630035537a
00000000000000002c5f9020001ef73f
00000000000000002d9509dd002066d3
00000000000000002eca839affceeb4c
00000000000000002ffffd57ffbbfe76
000000000000000031357714ffe3d3a5
0000000000000000326af0d1fffbc294
000000000000000033a06a8e005c0ce6
000000000000000034d5e44b000ad73d
0000000000000000360b5e08ffdfba39
00000000000000003740d7c50018c3db
0000000000000000387651820041d42e
000000000000000039abcb3fffaf024f
00000000000000003ae144fcffe13068
00000000000000003c16beb9fffbb8f5
00000000000000003d4c3876ff9b7acf
00000000000000003e81b233ffd08c96
00000000000000003fb72bf0ffbda63b
000000000000000040eca5ad003b05d2
000000000000000042221f6affa5810a
000000000000000043579927000c9ebb
0000000000000000448d12e4ffebeb5f
000000000000000045c28ca1ffe7f2e6
000000000000000046f8065e00326ec4
0000000000000000482d801b003988c5
00000000000000004962f9d8006230a2
00000000000000004a987395ffb5601c
00000000000000004bcded52ffa591e6
00000000000000004d03670fffe35ffb
00000000000000004e38e0cc00098c83
00000000000000004f6e5a89001aade0
000000000000000050a3d446ffb202f6
000000000000000051d94e03ffc77951
0000000000000000530ec7c0ffd3877a
00000000000000005444417dffcd2578
00000000000000005579bb3afff9b953
000000000000000056af34f7004c4a38
000000000000000057e4aeb40063676f
0000000000000000591a2871fff2ad37
00000000000000005a4fa22e0035ca2d
00000000000000005b851beb005a05d8
00000000000000005cba95a8ffbda433
00000000000000005df00f65ff9b0d71
00000000000000005f25892200144ea0
0000000000000000605b02dfffee0ca3
000000000000000061907c9cff99260f
000000000000000062c5f65900234b8f
000000000000000063fb7016001f0d63
00000000000000006530e9d3ffd42059
00000000000000006666639000228d06
0000000000000000679bdd4d00048487
000000000000000068d1570a0008e0d5
00000000000000006a06d0c700382d71
00000000000000006b3c4a84005153ad
00000000000000006c71c441ff994201
00000000000000006da73dfefff86eb9
00000000000000006edcb7bb00069496
000000000000000070123178ffd3242f
00000000000000007147ab35fffc3b15
0000000000000000727d24f2ffc5388d
000000000000000073b29eaf00407b45
000000000000000074e8186c0066487c
0000000000000000761d9229ffb63b25
000000000000000077530be6ffacb4e4
0000000000000000788885a300650c32
000000000000000079bdff60fff2da34
00000000000000007af3791d0066e29a
00000000000000007c28f2da00612b90
00000000000000007d5e6c97ff9da149
00000000000000007e93e654ffc0a187
00000000000000007fc960110015566d
000000000000000080fed9ce0030146e
00000000000000008234538b00631937
00000000000000008369cd48001933b1
0000000000000000849f4705ff988146
000000000000000085d4c0c2ffadf45f
0000000000000000870a3a7f002e7896
0000000000000000883fb43cffc81952
000000000000000089752df90010dd6a
00000000000000008aaaa7b6ffa947dc
00000000000000008be0217300657b65
00000000000000008d159b3000172615
00000000000000008e4b14ed0037fc88
00000000000000008f808eaa00662a82
000000000000000090b60867ffd6825b
000000000000000091eb82240059b873
00000000000000009320fbe10057da2c
00000000000000009456759effb3acb2
0000000000000000958bef5b00407683
000000000000000096c1691800220cd6
000000000000000097f6e2d5ffdb87f8
0000000000000000992c5c92fffe2bc7
00000000000000009a61d64f005160af
00000000000000009b97500c004f0b6f
00000000000000009cccc9c90022d124
00000000000000009e02438600146fe1
00000000000000009f37bd43ffb235de
0000000000000000a06d3700ff9f59d2
0000000000000000a1a2b0bdffb07479
0000000000000000a2d82a7a001f4b11
0000000000000000a40da437005eaaa7
0000000000000000a5431df40019933f
0000000000000000a67897b1ffbb5d2f
0000000000000000a7ae116e00606aa8
0000000000000000a8e38b2b004ffee1
0000000000000000aa1904e8ffaa154b
0000000000000000ab4e7ea500257e34
0000000000000000ac83f862fffe05ea
0000000000000000adb9721fffb98db9
0000000000000000aeeeebdcffb44e28
0000000000000000b0246599ffac713e
0000000000000000b159df56ffd392c9
0000000000000000b28f5913fff38ce1
0000000000000000b3c4d2d00068e76b
0000000000000000b4fa4c8dffcf4b7a
0000000000000000b62fc64aff9d847e
0000000000000000b76540070012406a
0000000000000000b89ab9c40028178e
0000000000000000b9d03381ffe88f80
0000000000000000bb05ad3e0045ec0a
0000000000000000bc3b26fbffcf788d
0000000000000000bd70a0b8004ed21d
0000000000000000bea61a75ffa5616b
0000000000000000bfdb943200403450
0000000000000000c1110defffa254ce
0000000000000000c24687ac0069b619
0000000000000000c37c0169ff97871b
0000000000000000c4b17b26ffe0bd85
0000000000000000c5e6f4e3ffa84af6
0000000000000000c71c6ea0003edc4b
0000000000000000c851e85d004a3eb2
0000000000000000c987621affcaa41a
0000000000000000cabcdbd7005a9c08
0000000000000000cbf25594003ff711
0000000000000000cd27cf51005d3bda
0000000000000000ce5d490effb35d90
0000000000000000cf92c2cbffc012e0
0000000000000000d0c83c880049e5a7
0000000000000000d1fdb645000669a9
0000000000000000d3333002006391f8
0000000000000000d468a9bfffc5e3a4
0000000000000000d59e237cff9732f2
0000000000000000d6d39d390049dbbb
0000000000000000d80916f6fff7dcf4
0000000000000000d93e90b3002a52b7
0000000000000000da740a70ffe519cc
0000000000000000dba9842dffb9d8a4
0000000000000000dcdefdeaffc0c7c4
0000000000000000de1477a7ffaa8eba
0000000000000000df49f164ff95c93d
0000000000000000e07f6b21ffc9ce6b
0000000000000000e1b4e4defff4943a
0000000000000000e2ea5e9b00110c9d
0000000000000000e41fd858ffb0a872
0000000000000000e5555215ffb4b186
0000000000000000e68acbd2ffd964d6
0000000000000000e7c0458f003eed4e
0000000000000000e8f5bf4c000df795
0000000000000000ea2b39090016d3c9
0000000000000000eb60b2c6ffdda3ee
0000000000000000ec962c83ffd5d901
0000000000000000edcba6400018533a
0000000000000000ef011ffdffb6f65b
0000000000000000f03699ba004439bb
0000000000000000f16c1377ffbf9664
0000000000000000f2a18d34ffee4532
0000000000000000f3d706f1ffe990d1
0000000000000000f50c80ae00070a14
0000000000000000f641fa6b0020f11a
0000000000000000f7777428003dc5ac
0000000000000000f8acede50033ede1
0000000000000000f9e267a2ffbc52d3
0000000000000000fb17e15fffcee0dc
0000000000000000fc4d5b1cffb554db
0000000000000000fd82d4d9ff9adbb1
0000000000000000feb84e9600589f35
0000000000000000ffedc85300180f79
000000000000000001234210001d9de5
00000000000000000258bbcd004d91e1
0000000000000000038e358a0060ec6f
000000000000000004c3af47fff55341
000000000000000005f92904002cf715
0000000000000000072ea2c1002c6559
000000000000000008641c7effc24a7b
00000000000000000999963b000aa98d
00000000000000000acf0ff8ffca7d7c
00000000000000000c0489b5003477f3
00000000000000000d3a0372ffd9d820
00000000000000000e6f7d2f00594fff
00000000000000000fa4f6ec0028c3b1
000000000000000010da70a90057cbab
0000000000000000120fea66ff9b9f7d
000000000000000013456423ffc95678
0000000000000000147adde0fffc146b
000000000000000015b0579d00562670
000000000000000016e5d15a0014936f
0000000000000000181b4b17ff9693c1
00000000000000001950c4d4000ea277
00000000000000001a863e91ffce7410
00000000000000001bbbb84effb0ecc0
00000000000000001cf1320b0023e77a
00000000000000001e26abc800077071
00000000000000001f5c2585001dc4b7
000000000000000020919f4200609480
000000000000000021c718ff00287d04
000000000000000022fc92bcffd8e4dd
000000000000000024320c7900472c65
000000000000000025678636ffedbe17
0000000000000000269cfff3003ee772
000000000000000027d279b000265b2e
00000000000000002907f36d0035c1c7
00000000000000002a3d6d2affd2f471
00000000000000002b72e6e7ffe2cd2f
00000000000000002ca860a4ffcf0621
00000000000000002dddda6100633754
00000000000000002f13541effd2c85d
00000000000000003048cddbffb8f012
0000000000000000317e4798ffc5d16e
000000000000000032b3c155ffcff6be
000000000000000033e93b12003a81b7
0000000000000000351eb4cfffd6d6a9
000000000000000036542e8cffef9ea2
00000000000000003789a849003b747e
000000000000000038bf2206fffe3ea4
000000000000000039f49bc3ff98019e
00000000000000003b2a1580ffac2990
00000000000000003c5f8f3dffaeecb9
00000000000000003d9508fa0018ea44
00000000000000003eca82b7fff37a22
00000000000000003ffffc74002ab9ab
00000000000000004135763100409b18
0000000000000000426aefee0067dfd4
000000000000000043a069abffecbfab
000000000000000044d5e368003eb433
0000000000000000460b5d2500387047
00000000000000004740d6e2ffa13b4b
00000000000000004876509fff9a7f09
000000000000000049abca5cff982340
00000000000000004ae14419004756f0
00000000000000004c16bdd6005018f7
00000000000000004d4c3793ffeb74b9
00000000000000004e81b150004e74fd
00000000000000004fb72b0d003b2363
000000000000000050eca4caffd07af5
000000000000000052221e87ffb75d2b
00000000000000005357984400068320
0000000000000000548d1201ffce5aa3
000000000000000055c28bbeffaa5711
000000000000000056f8057bffa48f81
0000000000000000582d7f38005ca8ad
00000000000000005962f8f5ffbf8a0e
00000000000000005a9872b2002218b5
00000000000000005bcdec6f0060c883
00000000000000005d03662cffaeca36
00000000000000005e38dfe9004183c0
00000000000000005f6e59a600298734
000000000000000060a3d363ffd18c61
000000000000000061d94d20ffd7f816
0000000000000000630ec6ddffc0726a
00000000000000006444409a00697ea6
00000000000000006579ba570066caab
000000000000000066af341400031ca7
000000000000000067e4add1005e70a8
0000000000000000691a278effa4f314
00000000000000006a4fa14bffd6419c
00000000000000006b851b08ffb32bf6
00000000000000006cba94c5002799bc
00000000000000006df00e8200351ba3
00000000000000006f25883f001d85a1
0000000000000000705b01fc002d29f6
000000000000000071907bb90011bb1d
000000000000000072c5f576ffb162d7
000000000000000073fb6f33001971e2
00000000000000007530e8f0ffd50ed9
0000000000000000766662adffeadb31
0000000000000000779bdc6a0038989f
000000000000000078d15627ffeb9efe
00000000000000007a06cfe4ffa93185
00000000000000007b3c49a1005ce512
00000000000000007c71c35e004d72ad
00000000000000007da73d1bff9a8699
00000000000000007edcb6d800048189
000000000000000080123095ffe428c2
00000000000000008147aa52ffe38495
0000000000000000827d240f002fa088
000000000000000083b29dccffb43704
000000000000000084e81789ffb3cb78
0000000000000000861d9146ffa86a6a
000000000000000087530b03ffbfe6c3
0000000000000000888884c0ffd09902
000000000000000089bdfe7d00672bd4
00000000000000008af3783affdbb52e
00000000000000008c28f1f7ffa45a4e
00000000000000008d5e6bb4ff982701
00000000000000008e93e571ffe85138
00000000000000008fc95f2e0025d270
000000000000000090fed8eb0049d079
0000000000000000923452a8ffdce402
00000000000000009369cc65fffddd45
0000000000000000949f4622ffe3a3c7
000000000000000095d4bfdf00241f2d
0000000000000000970a399cfffff279
0000000000000000983fb359003fe8c7
000000000000000099752d16ffbb535e
00000000000000009aaaa6d3005dec46
00000000000000009be02090000ae081
00000000000000009d159a4dffa884f3
00000000000000009e4b140a001eb197
00000000000000009f808dc7ffb5a943
0000000000000000a0b60784ffc8effe
0000000000000000a1eb8141ffd85be4
0000000000000000a320fafe001214bc
0000000000000000a45674bb000ad250
0000000000000000a58bee780067dbb9
0000000000000000a6c16835ffce1974
0000000000000000a7f6e1f2005d1329
0000000000000000a92c5bafff9bbeb0
0000000000000000aa61d56cffd87e86
0000000000000000ab974f29ffc374c9
0000000000000000acccc8e6000be166
0000000000000000ae0242a3004bfc8b
0000000000000000af37bc60ffecaa40
0000000000000000b06d361d000982c1
0000000000000000b1a2afdaffc382b7
0000000000000000b2d82997005dca8b
0000000000000000b40da35400104c68
0000000000000000b5431d1100643cfc
0000000000000000b67896ceffd8721b
0000000000000000b7ae108b0037954c
0000000000000000b8e38a4800472090
0000000000000000ba190405003a7cf4
0000000000000000bb4e7dc2ffc5ef80
0000000000000000bc83f77f0037a2bb
0000000000000000bdb9713cffd95fb0
0000000000000000beeeeaf9ffa51ace
0000000000000000c02464b6000bccb1
0000000000000000c159de730018c2b8
0000000000000000c28f583000023cd9
0000000000000000c3c4d1ed00369e31
0000000000000000c4fa4baafff841f2
0000000000000000c62fc5670013a805
0000000000000000c7653f24ffcdd766
0000000000000000c89ab8e100158aa2
0000000000000000c9d0329e0019bd57
0000000000000000cb05ac5b003dc5f1
0000000000000000cc3b2618004e927d
0000000000000000cd709fd50054e5d0
0000000000000000cea61992ffd14e0a
0000000000000000cfdb934f0058d518
0000000000000000d1110d0cffcf646d
0000000000000000d24686c9ffb85230
0000000000000000d37c0086ff9768cf
0000000000000000d4b17a43ffc50a52
9988776622446688000000000051b1a7
9988776622446688013579bd004f9dde
9988776622446688026af37a004d7824
998877662244668803a06d37004b40f4
998877662244668804d5e6f40048f8cf
9988776622446688060b60b10046a039
99887766224466880740da6e004437b8
99887766224466880876542b0041bfd8
998877662244668809abcde8003f3926
99887766224466880ae147a5003ca435
99887766224466880c16c162003a019a
99887766224466880d4c3b1f003751ec
99887766224466880e81b4dc003495c7
99887766224466880fb72e990031cdc9
998877662244668810eca856002efa91
998877662244668812222213002c1cc3
998877662244668813579bd000293504
9988776622446688148d158d002643fc
998877662244668815c28f4a00234a54
998877662244668816f80907002048b8
9988776622446688182d82c4001d3fd6
99887766224466881962fc81001a305d
99887766224466881a98763e00171afd
99887766224466881bcdeffb00140067
99887766224466881d0369b80010e150
99887766224466881e38e375000dbe6b
99887766224466881f6e5d32000a986d
998877662244668820a3d6ef0007700c
998877662244668821d950ac000445fe
9988776622446688230eca6900011afa
998877662244668824444426fffdefb6
99887766224466882579bde3fffac4e9
998877662244668826af37a0fff79b49
998877662244668827e4b15dfff4738e
9988776622446688291a2b1afff14e6c
99887766224466882a4fa4d7ffee2c9b
99887766224466882b851e94ffeb0ece
99887766224466882cba9851ffe7f5b9
99887766224466882df0120effe4e20f
99887766224466882f258bcbffe1d481
9988776622446688305b0588ffdecdc0
998877662244668831907f45ffdbce7a
998877662244668832c5f902ffd8d75b
998877662244668833fb72bfffd5e910
99887766224466883530ec7cffd30441
998877662244668836666639ffd02996
9988776622446688379bdff6ffcd59b2
998877662244668838d159b3ffca9537
99887766224466883a06d370ffc7dcc7
99887766224466883b3c4d2dffc530fd
99887766224466883c71c6eaffc29274
99887766224466883da740a7ffc001c3
99887766224466883edcba64ffbd7f7d
998877662244668840123421ffbb0c34
99887766224466884147addeffb8a874
9988776622446688427d279bffb654c9
998877662244668843b2a158ffb411b7
998877662244668844e81b15ffb1dfc2
9988776622446688461d94d2ffafbf68
998877662244668847530e8fffadb124
99887766224466884888884cffabb56c
998877662244668849be0209ffa9ccb2
99887766224466884af37bc6ffa7f766
99887766224466884c28f583ffa635f0
99887766224466884d5e6f40ffa488b7
99887766224466884e93e8fdffa2f01a
99887766224466884fc962baffa16c75
998877662244668850fedc77ff9ffe21
998877662244668852345634ff9ea570
99887766224466885369cff1ff9d62af
9988776622446688549f49aeff9c3626
998877662244668855d4c36bff9b201b
9988776622446688570a3d28ff9a20cb
9988776622446688583fb6e5ff993870
9988776622446688597530a2ff98673f
99887766224466885aaaaa5fff97ad66
99887766224466885be0241cff970b0f
99887766224466885d159dd9ff968060
99887766224466885e4b1796ff960d76
99887766224466885f809153ff95b26d
998877662244668860b60b10ff956f58
998877662244668861eb84cdff954447
99887766224466886320fe8aff953144
998877662244668864567847ff953652
9988776622446688658bf204ff955371
998877662244668866c16bc1ff958899
998877662244668867f6e57eff95d5c0
9988776622446688692c5f3bff963ad4
99887766224466886a61d8f8ff96b7bd
99887766224466886b9752b5ff974c60
99887766224466886ccccc72ff97f89c
99887766224466886e02462fff98bc48
99887766224466886f37bfecff99973b
9988776622446688706d39a9ff9a8941
998877662244668871a2b366ff9b9224
998877662244668872d82d23ff9cb1aa
9988776622446688740da6e0ff9de790
99887766224466887543209dff9f3391
998877662244668876789a5affa09563
998877662244668877ae1417ffa20cb5
998877662244668878e38dd4ffa39934
99887766224466887a190791ffa53a85
99887766224466887b4e814effa6f04a
99887766224466887c83fb0bffa8ba22
99887766224466887db974c8ffaa97a4
99887766224466887eeeee85ffac8866
998877662244668880246842ffae8bf6
99887766224466888159e1ffffb0a1e2
9988776622446688828f5bbcffb2c9b0
998877662244668883c4d579ffb502e5
998877662244668884fa4f36ffb74d00
9988776622446688862fc8f3ffb9a77d
9988776622446688876542b0ffbc11d4
9988776622446688889abc6dffbe8b7a
998877662244668889d0362affc113e1
99887766224466888b05afe7ffc3aa75
99887766224466888c3b29a4ffc64ea2
99887766224466888d70a361ffc8ffcf
99887766224466888ea61d1effcbbd61
99887766224466888fdb96dbffce86ba
998877662244668891111098ffd15b39
998877662244668892468a55ffd43a3b
9988776622446688937c0412ffd7231b
998877662244668894b17dcfffda152f
998877662244668895e6f78cffdd0fcf
9988776622446688971c7149ffe0124f
99887766224466889851eb06ffe31c01
9988776622446688998764c3ffe62c35
99887766224466889abcde80ffe9423c
99887766224466889bf2583dffec5d62
99887766224466889d27d1faffef7cf5
99887766224466889e5d4bb7fff2a041
99887766224466889f92c574fff5c690
9988776622446688a0c83f31fff8ef2d
9988776622446688a1fdb8eefffc1961
9988776622446688a33332abffff4477
9988776622446688a468ac6800026fb6
9988776622446688a59e262500059a69
9988776622446688a6d39fe20008c3da
9988776622446688a809199f000beb50
9988776622446688a93e935c000f1017
9988776622446688aa740d1900123179
9988776622446688aba986d600154ec1
9988776622446688acdf00930018673c
9988776622446688ae147a50001b7a37
9988776622446688af49f40d001e8702
9988776622446688b07f6dca00218cea
9988776622446688b1b4e78700248b44
9988776622446688b2ea614400278161
9988776622446688b41fdb01002a6e97
9988776622446688b55554be002d523e
9988776622446688b68ace7b00302bad
9988776622446688b7c048380032fa42
9988776622446688b8f5c1f50035bd5a
9988776622446688ba2b3bb200387455
9988776622446688bb60b56f003b1e98
9988776622446688bc962f2c003dbb88
9988776622446688bdcba8e900404a8f
9988776622446688bf0122a60042cb19
9988776622446688c0369c6300453c95
9988776622446688c16c162000479e77
9988776622446688c2a18fdd0049f036
9988776622446688c3d7099a004c314b
9988776622446688c50c8357004e6134
9988776622446688c641fd1400507f74
9988776622446688c77776d100528b90
9988776622446688c8acf08e00548512
9988776622446688c9e26a4b00566b87
9988776622446688cb17e40800583e84
9988776622446688cc4d5dc50059fd9d
9988776622446688cd82d782005ba86f
9988776622446688ceb8513f005d3e99
9988776622446688cfedcafc005ebfc0
9988776622446688d12344b900602b8d
9988776622446688d258be76006181ad
9988776622446688d38e38330062c1d5
9988776622446688d4c3b1f00063ebbb
9988776622446688d5f92bad0064ff1d
9988776622446688d72ea56a0065fbbc
9988776622446688d8641f270066e160
9988776622446688d99998e40067afd5
9988776622446688dacf12a1006866ec
9988776622446688dc048c5e0069067c
9988776622446688dd3a061b00698e62
9988776622446688de6f7fd80069fe7d
9988776622446688dfa4f995006a56b6
9988776622446688e0da7352006a96f8
9988776622446688e20fed0f006abf35
9988776622446688e34566cc006acf64
9988776622446688e47ae089006ac781
9988776622446688e5b05a46006aa78e
9988776622446688e6e5d403006a6f92
9988776622446688e81b4dc0006a1f99
9988776622446688e950c77d0069b7b7
9988776622446688ea86413a00693801
9988776622446688ebbbbaf70068a096
9988776622446688ecf134b40067f196
9988776622446688ee26ae7100672b2a
9988776622446688ef5c282e00664d7e
9988776622446688f091a1eb006558c4
9988776622446688f1c71ba800644d34
9988776622446688f2fc956500632b09
9988776622446688f4320f220061f286
9988776622446688f56788df0060a3ef
9988776622446688f69d029c005f3f92
9988776622446688f7d27c59005dc5bd
9988776622446688f907f616005c36c7
9988776622446688fa3d6fd3005a9309
9988776622446688fb72e9900058dae2
9988776622446688fca8634d00570eb5
9988776622446688fddddd0a00552ee9
9988776622446688ff1356c700533beb
99887766224466880048d0840051362c
9988776622446688017e4a41004f1e1f
998877662244668802b3c3fe004cf43e
998877662244668803e93dbb004ab905
9988776622446688051eb77800486cf6
99887766224466880654313500461095
99887766224466880789aaf20043a469
998877662244668808bf24af004128ff
998877662244668809f49e6c003e9ee7
99887766224466880b2a1829003c06b1
99887766224466880c5f91e6003960f5
99887766224466880d950ba30036ae4a
99887766224466880eca85600033ef4d
99887766224466880fffff1d0031249c
9988776622446688113578da002e4ed8
9988776622446688126af297002b6ea4
998877662244668813a06c54002884a6
998877662244668814d5e61100259187
9988776622446688160b5fce002295f1
99887766224466881740d98b001f9290
998877662244668818765348001c8811
998877662244668819abcd0500197724
99887766224466881ae146c20016607a
99887766224466881c16c07f001344c5
99887766224466881d4c3a3c001024b9
99887766224466881e81b3f9000d0109
99887766224466881fb72db60009da6b
998877662244668820eca7730006b195
9988776622446688222221300003873c
998877662244668823579aed00005c18
9988776622446688248d14aafffd30e0
998877662244668825c28e67fffa0649
998877662244668826f80824fff6dd0b
9988776622446688282d81e1fff3b5dc
99887766224466882962fb9efff09172
99887766224466882a98755bffed7082
99887766224466882bcdef18ffea53c1
99887766224466882d0368d5ffe73be2
99887766224466882e38e292ffe42998
99887766224466882f6e5c4fffe11d94
998877662244668830a3d60cffde1886
998877662244668831d94fc9ffdb1b1c
9988776622446688330ec986ffd82602
998877662244668834444343ffd539e3
99887766224466883579bd00ffd25768
998877662244668836af36bdffcf7f36
998877662244668837e4b07affccb1f3
9988776622446688391a2a37ffc9f040
99887766224466883a4fa3f4ffc73abc
99887766224466883b851db1ffc49202
99887766224466883cba976effc1f6ad
99887766224466883df0112bffbf6953
99887766224466883f258ae8ffbcea87
9988776622446688405b04a5ffba7ada
998877662244668841907e62ffb81ad6
998877662244668842c5f81fffb5cb07
998877662244668843fb71dcffb38bf0
99887766224466884530eb99ffb15e14
998877662244668846666556ffaf41f0
9988776622446688479bdf13ffad37ff
998877662244668848d158d0ffab40b5
99887766224466884a06d28dffa95c84
99887766224466884b3c4c4affa78bd9
99887766224466884c71c607ffa5cf1d
99887766224466884da73fc4ffa426b5
99887766224466884edcb981ffa292ff
99887766224466885012333effa11456
99887766224466885147acfbff9fab12
9988776622446688527d26b8ff9e5783
998877662244668853b2a075ff9d19f6
998877662244668854e81a32ff9bf2b3
9988776622446688561d93efff9ae1fb
998877662244668857530dacff99e80d
998877662244668858888769ff990521
998877662244668859be0126ff98396a
99887766224466885af37ae3ff978515
99887766224466885c28f4a0ff96e84c
99887766224466885d5e6e5dff966332
99887766224466885e93e81aff95f5e4
99887766224466885fc961d7ff95a07c
998877662244668860fedb94ff95630d
998877662244668862345551ff953da4
99887766224466886369cf0eff95304a
9988776622446688649f48cbff953b02
998877662244668865d4c288ff955dc9
9988776622446688670a3c45ff959898
9988776622446688683fb602ff95eb62
998877662244668869752fbfff965614
99887766224466886aaaa97cff96d895
99887766224466886be02339ff9772c8
99887766224466886d159cf6ff98248b
99887766224466886e4b16b3ff98edb6
99887766224466886f809070ff99ce1b
998877662244668870b60a2dff9ac587
998877662244668871eb83eaff9bd3c4
99887766224466887320fda7ff9cf893
998877662244668874567764ff9e33b3
9988776622446688758bf121ff9f84dd
998877662244668876c16adeffa0ebc6
998877662244668877f6e49bffa2681b
9988776622446688792c5e58ffa3f988
99887766224466887a61d815ffa59fb1
99887766224466887b9751d2ffa75a39
99887766224466887ccccb8fffa928ba
99887766224466887e02454cffab0ace
99887766224466887f37bf09ffad0006
9988776622446688806d38c6ffaf07f3
998877662244668881a2b283ffb1221f
998877662244668882d82c40ffb34e11
9988776622446688840da5fdffb58b4c
998877662244668885431fbaffb7d94d
998877662244668886789977ffba3791
998877662244668887ae1334ffbca58f
998877662244668888e38cf1ffbf22bb
99887766224466888a1906aeffc1ae84
99887766224466888b4e806bffc44859
99887766224466888c83fa28ffc6efa3
99887766224466888db973e5ffc9a3c9
99887766224466888eeeeda2ffcc642e
99887766224466889024675fffcf3036
99887766224466889159e11cffd2073d
9988776622446688928f5ad9ffd4e8a0
998877662244668893c4d496ffd7d3b9
998877662244668894fa4e53ffdac7e0
9988776622446688962fc810ffddc46a
9988776622446688976541cdffe0c8aa
9988776622446688989abb8affe3d3f4
998877662244668899d03547ffe6e597
99887766224466889b05af04ffe9fce2
99887766224466889c3b28c1ffed1923
99887766224466889d70a27efff039a6
99887766224466889ea61c3bfff35db8
99887766224466889fdb95f8fff684a2
9988776622446688a1110fb5fff9adb0
9988776622446688a2468972fffcd82a
9988776622446688a37c032f00000359
9988776622446688a4b17cec00032e88
9988776622446688a5e6f6a900065900
9988776622446688a71c706600098209
9988776622446688a851ea23000ca8ee
9988776622446688a98763e0000fccf9
9988776622446688aabcdd9d0012ed74
9988776622446688abf2575a001609ab
9988776622446688ad27d117001920eb
9988776622446688ae5d4ad4001c3282
9988776622446688af92c491001f3dbd
9988776622446688b0c83e4e002241ee
9988776622446688b1fdb80b00253e67
9988776622446688b33331c80028327b
9988776622446688b468ab85002b1d81
9988776622446688b59e2542002dfecf
9988776622446688b6d39eff0030d5bf
9988776622446688b80918bc0033a1ae
9988776622446688b93e9279003661fb
9988776622446688ba740c3600391606
9988776622446688bba985f3003bbd34
9988776622446688bcdeffb0003e56ec
9988776622446688be14796d0040e297
9988776622446688bf49f32a00435fa3
9988776622446688c07f6ce70045cd80
9988776622446688c1b4e6a400482ba3
9988776622446688c2ea6061004a7982
9988776622446688c41fda1e004cb698
9988776622446688c55553db004ee265
9988776622446688c68acd980050fc6b
9988776622446688c7c0475500530430
9988776622446688c8f5c1120054f941
9988776622446688ca2b3acf0056db2c
9988776622446688cb60b48c0058a983
9988776622446688cc962e49005a63e0
9988776622446688cdcba806005c09de
9988776622446688cf0121c3005d9b1f
9988776622446688d0369b80005f1747
9988776622446688d16c153d00607e02
9988776622446688d2a18efa0061cefe
9988776622446688d3d708b7006309ef
9988776622446688d50c827400642e8f
9988776622446688d641fc3100653c9c
9988776622446688d77775ee006633d8
9988776622446688d8acefab0067140c
9988776622446688d9e269680067dd05
9988776622446688db17e32500688e96
9988776622446688dc4d5ce200692898
9988776622446688dd82d69f0069aae7
9988776622446688deb8505c006a1566
9988776622446688dfedca19006a67fd
9988776622446688e12343d6006aa299
9988776622446688e258bd93006ac52e
9988776622446688e38e3750006acfb3
9988776622446688e4c3b10d006ac226
9988776622446688e5f92aca006a9c8b
9988776622446688e72ea487006a5ee9
9988776622446688e8641e44006a094e
9988776622446688e999980100699bce
9988776622446688eacf11be00691682
9988776622446688ec048b7b00687987
9988776622446688ed3a05380067c500
9988776622446688ee6f7ef50066f918
9988776622446688efa4f8b2006615fb
9988776622446688f0da726f00651bdc
9988776622446688f20fec2c00640af5
9988776622446688f34565e90062e382
9988776622446688f47adfa60061a5c6
9988776622446688f5b0596300605209
9988776622446688f6e5d320005ee897
9988776622446688f81b4cdd005d69c2
9988776622446688f950c69a005bd5e0
9988776622446688fa864057005a2d4c
9988776622446688fbbbba1400587066
9988776622446688fcf133d100569f91
9988776622446688fe26ad8e0054bb37
9988776622446688ff5c274b0052c3c6
99887766224466880091a1080050b9ad
998877662244668801c71ac5004e9d63
998877662244668802fc9482004c6f62
998877662244668804320e3f004a3028
9988776622446688056787fc0047e036
9988776622446688069d01b900458011
998877662244668807d27b7600431042
99887766224466880907f53300409157
99887766224466880a3d6ef0003e03df
99887766224466880b72e8ad003b686d
99887766224466880ca8626a0038bf98
99887766224466880ddddc27003609f9
99887766224466880f1355e40033482d
99887766224466881048cfa100307ad2
9988776622446688117e495e002da28a
998877662244668812b3c31b002abffa
998877662244668813e93cd80027d3c8
9988776622446688151eb6950024de9b
9988776622446688165430520021e120
99887766224466881789aa0f001edc02
998877662244668818bf23cc001bcff0
998877662244668819f49d890018bd9a
99887766224466881b2a17460015a5b0
99887766224466881c5f9103001288e6
99887766224466881d950ac0000f67ee
99887766224466881eca847d000c437d
99887766224466881ffffe3a00091c49
9988776622446688213577f70005f307
9988776622446688226af1b40002c86e
998877662244668823a06b71ffff9d36
998877662244668824d5e52efffc7213
9988776622446688260b5eebfff947bc
99887766224466882740d8a8fff61eea
998877662244668828765265fff2f851
998877662244668829abcc22ffefd4a9
99887766224466882ae145dfffecb4a5
99887766224466882c16bf9cffe998fa
99887766224466882d4c3959ffe6825b
99887766224466882e81b316ffe3717b
99887766224466882fb72cd3ffe0670a
998877662244668830eca690ffdd63b9
99887766224466883222204dffda6834
998877662244668833579a0affd77527
9988776622446688348d13c7ffd48b3e
998877662244668835c28d84ffd1ab20
998877662244668836f80741ffced572
9988776622446688382d80feffcc0ad9
99887766224466883962fabbffc94bf5
99887766224466883a987478ffc69965
99887766224466883bcdee35ffc3f3c5
99887766224466883d0367f2ffc15bad
99887766224466883e38e1afffbed1b2
99887766224466883f6e5b6cffbc5668
998877662244668840a3d529ffb9ea5d
998877662244668841d94ee6ffb78e1e
9988776622446688430ec8a3ffb54232
998877662244668844444260ffb3071d
99887766224466884579bc1dffb0dd61
998877662244668846af35daffaec57b
998877662244668847e4af97ffacbfe3
9988776622446688491a2954ffaacd0d
99887766224466884a4fa311ffa8ed6a
99887766224466884b851cceffa72167
99887766224466884cba968bffa5696a
99887766224466884df01048ffa3c5d8
99887766224466884f258a05ffa2370e
9988776622446688505b03c2ffa0bd67
998877662244668851907d7fff9f5937
998877662244668852c5f73cff9e0acf
998877662244668853fb70f9ff9cd27a
99887766224466885530eab6ff9bb07f
998877662244668856666473ff9aa51e
9988776622446688579bde30ff99b095
998877662244668858d157edff98d31a
99887766224466885a06d1aaff980ce0
99887766224466885b3c4b67ff975e12
99887766224466885c71c524ff96c6d8
99887766224466885da73ee1ff964755
99887766224466885edcb89eff95dfa5
99887766224466886012325bff958fdf
99887766224466886147ac18ff955816
9988776622446688627d25d5ff953855
998877662244668863b29f92ff9530a5
998877662244668864e8194fff954107
9988776622446688661d930cff956976
998877662244668867530cc9ff95a9eb
998877662244668868888686ff960257
998877662244668869be0043ff9672a5
99887766224466886af37a00ff96fabc
99887766224466886c28f3bdff979a7e
99887766224466886d5e6d7aff9851c7
99887766224466886e93e737ff99206d
99887766224466886fc960f4ff9a0641
998877662244668870fedab1ff9b0311
99887766224466887234546eff9c16a3
99887766224466887369ce2bff9d40b8
9988776622446688749f47e8ff9e810f
998877662244668875d4c1a5ff9fd75d
9988776622446688770a3b62ffa14358
9988776622446688783fb51fffa2c4ab
998877662244668879752edcffa45b01
99887766224466887aaaa899ffa605ff
99887766224466887be02256ffa7c542
99887766224466887d159c13ffa99868
99887766224466887e4b15d0ffab7f07
99887766224466887f808f8dffad78b0
998877662244668880b6094affaf84f3
998877662244668881eb8307ffb1a359
99887766224466888320fcc4ffb3d367
998877662244668884567681ffb614a0
9988776622446688858bf03effb86681
998877662244668886c169fbffbac885
998877662244668887f6e3b8ffbd3a21
9988776622446688892c5d75ffbfbaca
99887766224466888a61d732ffc249ef
99887766224466888b9750efffc4e6fc
99887766224466888ccccaacffc7915a
99887766224466888e024469ffca4870
99887766224466888f37be26ffcd0ba1
9988776622446688906d37e3ffcfda4d
998877662244668891a2b1a0ffd2b3d3
998877662244668892d82b5dffd5978e
9988776622446688940da51affd884d8
998877662244668895431ed7ffdb7b07
998877662244668896789894ffde7971
998877662244668897ae1251ffe17f69
998877662244668898e38c0effe48c41
99887766224466889a1905cbffe79f49
99887766224466889b4e7f88ffeab7cf
99887766224466889c83f945ffedd521
99887766224466889db97302fff0f68a
99887766224466889eeeecbffff41b58
9988776622446688a024667cfff742d3
9988776622446688a159e039fffa6c47
9988776622446688a28f59f6fffd96fc
9988776622446688a3c4d3b30000c23b
9988776622446688a4fa4d700003ed50
9988776622446688a62fc72d00071782
9988776622446688a76540ea000a401b
9988776622446688a89abaa7000d6664
9988776622446688a9d03464001089a9
9988776622446688ab05ae210013a933
9988776622446688ac3b27de0016c450
9988776622446688ad70a19b0019da4a
9988776622446688aea61b58001cea72
9988776622446688afdb9515001ff415
9988776622446688b1110ed20022f685
9988776622446688b246888f0025f113
9988776622446688b37c024c0028e315
9988776622446688b4b17c09002bcbe0
9988776622446688b5e6f5c6002eaacd
9988776622446688b71c6f8300317f35
9988776622446688b851e94000344876
9988776622446688b98762fd003705ef
9988776622446688babcdcba0039b701
9988776622446688bbf25677003c5b12
9988776622446688bd27d034003ef189
9988776622446688be5d49f1004179d0
9988776622446688bf92c3ae0043f357
9988776622446688c0c83d6b00465d8d
9988776622446688c1fdb7280048b7e8
9988776622446688c33330e5004b01df
9988776622446688c468aaa2004d3af0
9988776622446688c59e245f004f6299
9988776622446688c6d39e1c0051785f
9988776622446688c80917d900537bc8
9988776622446688c93e919600556c61
9988776622446688ca740b53005749ba
9988776622446688cba9851000591368
9988776622446688ccdefecd005ac903
9988776622446688ce14788a005c6a28
9988776622446688cf49f247005df67a
9988776622446688d07f6c04005f6d9f
9988776622446688d1b4e5c10060cf43
9988776622446688d2ea5f7e00621b16
9988776622446688d41fd93b006350cd
9988776622446688d55552f800647023
9988776622446688d68accb5006578d7
9988776622446688d7c0467200666aac
9988776622446688d8f5c02f0067456d
9988776622446688da2b39ec006808e9
9988776622446688db60b3a90068b4f3
9988776622446688dc962d6600694964
9988776622446688ddcba7230069c61b
9988776622446688df0120e0006a2afc
9988776622446688e0369a9d006a77f0
9988776622446688e16c145a006aace6
9988776622446688e2a18e17006ac9d2
9988776622446688e3d707d4006acead
9988776622446688e50c8191006abb77
9988776622446688e641fb4e006a9033
9988776622446688e777750b006a4cec
9988776622446688e8aceec80069f1b0
9988776622446688e9e2688500697e94
9988776622446688eb17e2420068f3b2
9988776622446688ec4d5bff0068512a
9988776622446688ed82d5bc0067971f
9988776622446688eeb84f790066c5bd
9988776622446688efedc9360065dd31
9988776622446688f12342f30064ddb1
9988776622446688f258bcb00063c776
9988776622446688f38e366d00629abf
9988776622446688f4c3b02a006157cf
9988776622446688f5f929e7005ffeef
9988776622446688f72ea3a4005e906e
9988776622446688f8641d61005d0c9d
9988776622446688f999971e005b73d4
9988776622446688facf10db0059c66f
9988776622446688fc048a98005804cf
9988776622446688fd3a045500562f59
9988776622446688fe6f7e1200544677
9988776622446688ffa4f7cf00524a98
998877662244668800da718c00503c2d
9988776622446688020feb49004e1bad
998877662244668803456506004be993
9988776622446688047adec30049a65e
998877662244668805b0588000475290
998877662244668806e5d23d0044eeaf
9988776622446688081b4bfa00427b45
99887766224466880950c5b7003ff8e1
99887766224466880a863f74003d6811
99887766224466880bbbb931003ac96c
99887766224466880cf132ee00381d86
99887766224466880e26acab003564fc
99887766224466880f5c26680032a069
99887766224466881091a025002fd06d
998877662244668811c719e2002cf5ab
998877662244668812fc939f002a10c8
998877662244668814320d5c00272269
99887766224466881567871900242b39
9988776622446688169d00d600212be3
998877662244668817d27a93001e2512
99887766224466881907f450001b1777
99887766224466881a3d6e0d001803c1
99887766224466881b72e7ca0014eaa1
99887766224466881ca861870011cccb
99887766224466881ddddb44000eaaf1
99887766224466881f135501000b85ca
99887766224466882048cebe00085e0a
9988776622446688217e487b00053467
998877662244668822b3c23800020998
998877662244668823e93bf5fffede54
9988776622446688251eb5b2fffbb351
998877662244668826542f6ffff88945
99887766224466882789a92cfff560e9
998877662244668828bf22e9fff23af1
998877662244668829f49ca6ffef1813
99887766224466882b2a1663ffebf905
99887766224466882c5f9020ffe8de7a
99887766224466882d9509ddffe5c925
99887766224466882eca839affe2b9b9
99887766224466882ffffd57ffdfb0e5
998877662244668831357714ffdcaf5a
9988776622446688326af0d1ffd9b5c4
998877662244668833a06a8effd6c4cf
998877662244668834d5e44bffd3dd24
9988776622446688360b5e08ffd0ff6c
99887766224466883740d7c5ffce2c4b
998877662244668838765182ffcb6465
998877662244668839abcb3fffc8a859
99887766224466883ae144fcffc5f8c7
99887766224466883c16beb9ffc35648
99887766224466883d4c3876ffc0c174
99887766224466883e81b233ffbe3ae1
99887766224466883fb72bf0ffbbc321
998877662244668840eca5adffb95ac1
998877662244668842221f6affb7024d
998877662244668843579927ffb4ba4b
9988776622446688448d12e4ffb28340
998877662244668845c28ca1ffb05dac
998877662244668846f8065effae4a09
9988776622446688482d801bffac48d0
99887766224466884962f9d8ffaa5a75
99887766224466884a987395ffa87f67
99887766224466884bcded52ffa6b810
99887766224466884d03670fffa504d9
99887766224466884e38e0ccffa36622
99887766224466884f6e5a89ffa1dc49
998877662244668850a3d446ffa067a7
998877662244668851d94e03ff9f0890
9988776622446688530ec7c0ff9dbf53
99887766224466885444417dff9c8c3a
99887766224466885579bb3aff9b6f8b
998877662244668856af34f7ff9a6985
998877662244668857e4aeb4ff997a64
9988776622446688591a2871ff98a25d
99887766224466885a4fa22eff97e1a2
99887766224466885b851bebff97385d
99887766224466885cba95a8ff96a6b4
99887766224466885df00f65ff962cca
99887766224466885f258922ff95cab8
9988776622446688605b02dfff958096
998877662244668861907c9cff954e73
998877662244668862c5f659ff95345c
998877662244668863fb7016ff953255
99887766224466886530e9d3ff954860
998877662244668866666390ff957678
9988776622446688679bdd4dff95bc92
998877662244668868d1570aff961a9e
99887766224466886a06d0c7ff969087
99887766224466886b3c4a84ff971e33
99887766224466886c71c441ff97c381
99887766224466886da73dfeff98804d
99887766224466886edcb7bbff99546c
998877662244668870123178ff9a3fae
99887766224466887147ab35ff9b41dd
9988776622446688727d24f2ff9c5ac1
998877662244668873b29eafff9d8a19
998877662244668874e8186cff9ecfa1
9988776622446688761d9229ffa02b11
998877662244668877530be6ffa19c18
9988776622446688788885a3ffa32265
998877662244668879bdff60ffa4bda0
99887766224466887af3791dffa66d6b
99887766224466887c28f2daffa83166
99887766224466887d5e6c97ffaa092a
99887766224466887e93e654ffabf44e
99887766224466887fc96011ffadf262
998877662244668880fed9ceffb002f4
99887766224466888234538bffb2258c
99887766224466888369cd48ffb459b0
9988776622446688849f4705ffb69ee0
998877662244668885d4c0c2ffb8f499
9988776622446688870a3a7fffbb5a55
9988776622446688883fb43cffbdcf89
998877662244668889752df9ffc053a7
99887766224466888aaaa7b6ffc2e61f
99887766224466888be02173ffc5865c
99887766224466888d159b30ffc833c6
99887766224466888e4b14edffcaedc3
99887766224466888f808eaaffcdb3b6
998877662244668890b60867ffd084fe
998877662244668891eb8224ffd360fa
99887766224466889320fbe1ffd64704
99887766224466889456759effd93675
9988776622446688958bef5bffdc2ea3
998877662244668896c16918ffdf2ee4
998877662244668897f6e2d5ffe2368a
9988776622446688992c5c92ffe544e6
99887766224466889a61d64fffe85949
99887766224466889b97500cffeb7300
99887766224466889cccc9c9ffee9158
99887766224466889e024386fff1b39e
99887766224466889f37bd43fff4d91d
9988776622446688a06d3700fff80120
9988776622446688a1a2b0bdfffb2af0
9988776622446688a2d82a7afffe55d6
9988776622446688a40da4370001811c
9988776622446688a5431df40004ac0b
9988776622446688a67897b10007d5ed
9988776622446688a7ae116e000afe0c
9988776622446688a8e38b2b000e23b0
9988776622446688aa1904e800114624
9988776622446688ab4e7ea5001464b4
9988776622446688ac83f86200177eab
9988776622446688adb9721f001a9357
9988776622446688aeeeebdc001da205
9988776622446688b02465990020aa07
9988776622446688b159df560023aaab
9988776622446688b28f59130026a346
9988776622446688b3c4d2d00029932d
9988776622446688b4fa4c8d002c79b4
9988776622446688b62fc64a002f5636
9988776622446688b76540070032280d
9988776622446688b89ab9c40034ee97
9988776622446688b9d033810037a933
9988776622446688bb05ad3e003a5743
9988776622446688bc3b26fb003cf82f
9988776622446688bd70a0b8003f8b5c
9988776622446688bea61a7500421038
9988776622446688bfdb943200448631
9988776622446688c1110def0046ecb9
9988776622446688c24687ac00494344
9988776622446688c37c0169004b894e
9988776622446688c4b17b26004dbe51
9988776622446688c5e6f4e3004fe1d0
9988776622446688c71c6ea00051f34e
9988776622446688c851e85d0053f255
9988776622446688c987621a0055de71
9988776622446688cabcdbd70057b732
9988776622446688cbf2559400597c30
9988776622446688cd27cf51005b2d03
9988776622446688ce5d490e005cc94a
9988776622446688cf92c2cb005e50a9
9988776622446688d0c83c88005fc2c6
9988776622446688d1fdb64500611f4f
9988776622446688d3333002006265f5
9988776622446688d468a9bf0063966e
9988776622446688d59e237c0064b076
9988776622446688d6d39d390065b3ce
9988776622446688d80916f60066a03a
9988776622446688d93e90b300677586
9988776622446688da740a7000683381
9988776622446688dba9842d0068da00
9988776622446688dcdefdea006968df
9988776622446688de1477a70069dffd
9988776622446688df49f164006a3f3f
9988776622446688e07f6b21006a868f
9988776622446688e1b4e4de006ab5de
9988776622446688e2ea5e9b006acd21
9988776622446688e41fd858006acc52
9988776622446688e5555215006ab373
9988776622446688e68acbd2006a8287
9988776622446688e7c0458f006a399c
9988776622446688e8f5bf4c0069d8c0
9988776622446688ea2b390900696009
9988776622446688eb60b2c60068cf94
9988776622446688ec962c8300682780
9988776622446688edcba640006767f4
9988776622446688ef011ffd00669119
9988776622446688f03699ba0065a322
9988776622446688f16c137700649e44
9988776622446688f2a18d34006382b8
9988776622446688f3d706f1006250c0
9988776622446688f50c80ae006108a1
9988776622446688f641fa6b005faaa3
9988776622446688f7777428005e3716
9988776622446688f8acede5005cae4e
9988776622446688f9e267a2005b10a3
9988776622446688fb17e15f00595e73
9988776622446688fc4d5b1c0057981f
9988776622446688fd82d4d90055be0e
9988776622446688feb84e960053d0aa
9988776622446688ffedc8530051d063
998877662244668801234210004fbdac
99887766224466880258bbcd004d98fd
9988776622446688038e358a004b62d1
998877662244668804c3af4700491ba8
998877662244668805f929040046c406
9988776622446688072ea2c100445c71
998877662244668808641c7e0041e574
99887766224466880999963b003f5f9e
99887766224466880acf0ff8003ccb80
99887766224466880c0489b5003a29ae
99887766224466880d3a037200377ac1
99887766224466880e6f7d2f0034bf54
99887766224466880fa4f6ec0031f803
998877662244668810da70a9002f2570
9988776622446688120fea66002c483d
9988776622446688134564230029610f
9988776622446688147adde00026708e
998877662244668815b0579d00237764
998877662244668816e5d15a0020763b
9988776622446688181b4b17001d6dc2
99887766224466881950c4d4001a5ea7
99887766224466881a863e910017499b
99887766224466881bbbb84e00142f4f
99887766224466881cf1320b00111077
99887766224466881e26abc8000dedc6
99887766224466881f5c2585000ac7f2
998877662244668820919f4200079fb0
998877662244668821c718ff000475b6
998877662244668822fc92bc00014abb
998877662244668824320c79fffe1f76
998877662244668825678636fffaf49d
9988776622446688269cfff3fff7cae6
998877662244668827d279b0fff4a309
99887766224466882907f36dfff17dbc
99887766224466882a3d6d2affee5bb3
99887766224466882b72e6e7ffeb3da5
99887766224466882ca860a4ffe82444
99887766224466882dddda61ffe51043
99887766224466882f13541effe20254
99887766224466883048cddbffdefb28
9988776622446688317e4798ffdbfb6c
998877662244668832b3c155ffd903ce
998877662244668833e93b12ffd614f9
9988776622446688351eb4cfffd32f97
998877662244668836542e8cffd0544e
99887766224466883789a849ffcd83c3
998877662244668838bf2206ffcabe98
998877662244668839f49bc3ffc8056e
99887766224466883b2a1580ffc558e1
99887766224466883c5f8f3dffc2b98c
99887766224466883d9508faffc02806
99887766224466883eca82b7ffbda4e3
99887766224466883ffffc74ffbb30b4
998877662244668841357631ffb8cc06
9988776622446688426aefeeffb67765
998877662244668843a069abffb43355
998877662244668844d5e368ffb2005b
9988776622446688460b5d25ffafdef4
99887766224466884740d6e2ffadcf9c
99887766224466884876509fffabd2c9
998877662244668849abca5cffa9e8ef
99887766224466884ae14419ffa8127b
99887766224466884c16bdd6ffa64fd7
99887766224466884d4c3793ffa4a16a
99887766224466884e81b150ffa30793
99887766224466884fb72b0dffa182b1
998877662244668850eca4caffa01319
998877662244668852221e87ff9eb91f
998877662244668853579844ff9d7511
9988776622446688548d1201ff9c4738
998877662244668855c28bbeff9b2fd9
998877662244668856f8057bff9a2f30
9988776622446688582d7f38ff99457a
99887766224466885962f8f5ff9872ea
99887766224466885a9872b2ff97b7b0
99887766224466885bcdec6fff9713f6
99887766224466885d03662cff9687e1
99887766224466885e38dfe9ff961391
99887766224466885f6e59a6ff95b71f
998877662244668860a3d363ff9572a1
998877662244668861d94d20ff954626
9988776622446688630ec6ddff9531b7
99887766224466886444409aff95355b
99887766224466886579ba57ff95510f
998877662244668866af3414ff9584ce
998877662244668867e4add1ff95d08c
9988776622446688691a278eff963437
99887766224466886a4fa14bff96afba
99887766224466886b851b08ff9742f9
99887766224466886cba94c5ff97edd2
99887766224466886df00e82ff98b01e
99887766224466886f25883fff9989b3
9988776622446688705b01fcff9a7a5f
998877662244668871907bb9ff9b81eb
998877662244668872c5f576ff9ca01d
998877662244668873fb6f33ff9dd4b4
99887766224466887530e8f0ff9f1f6b
9988776622446688766662adffa07ff6
9988776622446688779bdc6affa1f607
998877662244668878d15627ffa38148
99887766224466887a06cfe4ffa52162
99887766224466887b3c49a1ffa6d5f6
99887766224466887c71c35effa89ea2
99887766224466887da73d1bffaa7aff
99887766224466887edcb6d8ffac6aa1
998877662244668880123095ffae6d1a
99887766224466888147aa52ffb081f4
9988776622446688827d240fffb2a8b8
998877662244668883b29dccffb4e0ea
998877662244668884e81789ffb72a0a
9988776622446688861d9146ffb98394
998877662244668887530b03ffbbed00
9988776622446688888884c0ffbe65c4
998877662244668889bdfe7dffc0ed4f
99887766224466888af3783affc38312
99887766224466888c28f1f7ffc62676
99887766224466888d5e6bb4ffc8d6e4
99887766224466888e93e571ffcb93bf
99887766224466888fc95f2effce5c6c
998877662244668890fed8ebffd13047
9988776622446688923452a8ffd40eaf
99887766224466889369cc65ffd6f6ff
9988776622446688949f4622ffd9e88d
998877662244668895d4bfdfffdce2b1
9988776622446688970a399cffdfe4bf
9988776622446688983fb359ffe2ee09
998877662244668899752d16ffe5fde1
99887766224466889aaaa6d3ffe91394
99887766224466889be02090ffec2e72
99887766224466889d159a4dffef4dc7
99887766224466889e4b140afff270e0
99887766224466889f808dc7fff59707
9988776622446688a0b60784fff8bf86
9988776622446688a1eb8141fffbe9a8
9988776622446688a320fafeffff14b5
9988776622446688a45674bb00023ff7
9988776622446688a58bee7800056ab8
9988776622446688a6c1683500089440
9988776622446688a7f6e1f2000bbbd9
9988776622446688a92c5baf000ee0ce
9988776622446688aa61d56c00120268
9988776622446688ab974f2900151ff3
9988776622446688acccc8e6001838bb
9988776622446688ae0242a3001b4c0e
9988776622446688af37bc60001e593a
9988776622446688b06d361d00215f90
9988776622446688b1a2afda00245e60
9988776622446688b2d82997002754fe
9988776622446688b40da354002a42bf
9988776622446688b5431d11002d26fa
9988776622446688b67896ce00300108
9988776622446688b7ae108b0032d045
9988776622446688b8e38a480035940e
9988776622446688ba19040500384bc5
9988776622446688bb4e7dc2003af6cc
9988776622446688bc83f77f003d9489
9988776622446688bdb9713c00402465
9988776622446688beeeeaf90042a5cd
9988776622446688c02464b600451830
9988776622446688c159de7300477b02
9988776622446688c28f58300049cdb7
9988776622446688c3c4d1ed004c0fcb
9988776622446688c4fa4baa004e40bb
9988776622446688c62fc56700506008
9988776622446688c7653f2400526d38
9988776622446688c89ab8e1005467d6
9988776622446688c9d0329e00564f6e
9988776622446688cb05ac5b00582392
9988776622446688cc3b26180059e3da
9988776622446688cd709fd5005b8fe0
9988776622446688cea61992005d2744
9988776622446688cfdb934f005ea9aa
9988776622446688d1110d0c006016bb
9988776622446688d24686c900616e25
9988776622446688d37c00860062af9a
9988776622446688d4b17a430063dad1
0000000000000000000000007fffffff
0000000000000000013579bd80000000
0000000000000000026af37a7ffffffe
000000000000000003a06d3780000001
000000000000000004d5e6f47fffffff
0000000000000000060b60b180000000
00000000000000000740da6e7ffffffe
00000000000000000876542b80000001
000000000000000009abcde87fffffff
00000000000000000ae147a580000000
00000000000000000c16c1627ffffffe
00000000000000000d4c3b1f80000001
00000000000000000e81b4dc7fffffff
00000000000000000fb72e9980000000
000000000000000010eca8567ffffffe
00000000000000001222221380000001
000000000000000013579bd07fffffff
0000000000000000148d158d80000000
000000000000000015c28f4a7ffffffe
000000000000000016f8090780000001
0000000000000000182d82c47fffffff
00000000000000001962fc8180000000
00000000000000001a98763e7ffffffe
00000000000000001bcdeffb80000001
00000000000000001d0369b87fffffff
00000000000000001e38e37580000000
00000000000000001f6e5d327ffffffe
000000000000000020a3d6ef80000001
000000000000000021d950ac7fffffff
0000000000000000230eca6980000000
0000000000000000244444267ffffffe
00000000000000002579bde380000001
000000000000000026af37a07fffffff
000000000000000027e4b15d80000000
0000000000000000291a2b1a7ffffffe
00000000000000002a4fa4d780000001
00000000000000002b851e947fffffff
00000000000000002cba985180000000
00000000000000002df0120e7ffffffe
00000000000000002f258bcb80000001
0000000000000000305b05887fffffff
000000000000000031907f4580000000
000000000000000032c5f9027ffffffe
000000000000000033fb72bf80000001
00000000000000003530ec7c7fffffff
00000000000000003666663980000000
0000000000000000379bdff67ffffffe
000000000000000038d159b380000001
00000000000000003a06d3707fffffff
00000000000000003b3c4d2d80000000
00000000000000003c71c6ea7ffffffe
00000000000000003da740a780000001
00000000000000003edcba647fffffff
00000000000000004012342180000000
00000000000000004147adde7ffffffe
0000000000000000427d279b80000001
000000000000000043b2a1587fffffff
000000000000000044e81b1580000000
0000000000000000461d94d27ffffffe
000000000000000047530e8f80000001
00000000000000004888884c7fffffff
000000000000000049be020980000000
00000000000000004af37bc67ffffffe
00000000000000004c28f58380000001
00000000000000004d5e6f407fffffff
00000000000000004e93e8fd80000000
00000000000000004fc962ba7ffffffe
000000000000000050fedc7780000001
0000000000000000523456347fffffff
00000000000000005369cff180000000
0000000000000000549f49ae7ffffffe
000000000000000055d4c36b80000001
0000000000000000570a3d287fffffff
0000000000000000583fb6e580000000
0000000000000000597530a27ffffffe
00000000000000005aaaaa5f80000001
00000000000000005be0241c7fffffff
00000000000000005d159dd980000000
00000000000000005e4b17967ffffffe
00000000000000005f80915380000001
000000000000000060b60b107fffffff
000000000000000061eb84cd80000000
00000000000000006320fe8a7ffffffe
00000000000000006456784780000001
0000000000000000658bf2047fffffff
000000000000000066c16bc180000000
000000000000000067f6e57e7ffffffe
0000000000000000692c5f3b80000001
00000000000000006a61d8f87fffffff
00000000000000006b9752b580000000
00000000000000006ccccc727ffffffe
00000000000000006e02462f80000001
00000000000000006f37bfec7fffffff
0000000000000000706d39a980000000
000000000000000071a2b3667ffffffe
000000000000000072d82d2380000001
0000000000000000740da6e07fffffff
00000000000000007543209d80000000
000000000000000076789a5a7ffffffe
000000000000000077ae141780000001
000000000000000078e38dd47fffffff
00000000000000007a19079180000000
00000000000000007b4e814e7ffffffe
00000000000000007c83fb0b80000001
00000000000000007db974c87fffffff
00000000000000007eeeee8580000000
0000000000000000802468427ffffffe
00000000000000008159e1ff80000001
0000000000000000828f5bbc7fffffff
000000000000000083c4d57980000000
000000000000000084fa4f367ffffffe
0000000000000000862fc8f380000001
0000000000000000876542b07fffffff
0000000000000000889abc6d80000000
000000000000000089d0362a7ffffffe
00000000000000008b05afe780000001
00000000000000008c3b29a47fffffff
00000000000000008d70a36180000000
00000000000000008ea61d1e7ffffffe
00000000000000008fdb96db80000001
0000000000000000911110987fffffff
000000000000000092468a5580000000
0000000000000000937c04127ffffffe
000000000000000094b17dcf80000001
000000000000000095e6f78c7fffffff
0000000000000000971c714980000000
00000000000000009851eb067ffffffe
0000000000000000998764c380000001
00000000000000009abcde807fffffff
00000000000000009bf2583d80000000
00000000000000009d27d1fa7ffffffe
00000000000000009e5d4bb780000001
00000000000000009f92c5747fffffff
0000000000000000a0c83f3180000000
0000000000000000a1fdb8ee7ffffffe
0000000000000000a33332ab80000001
0000000000000000a468ac687fffffff
0000000000000000a59e262580000000
0000000000000000a6d39fe27ffffffe
0000000000000000a809199f80000001
0000000000000000a93e935c7fffffff
0000000000000000aa740d1980000000
0000000000000000aba986d67ffffffe
0000000000000000acdf009380000001
0000000000000000ae147a507fffffff
0000000000000000af49f40d80000000
0000000000000000b07f6dca7ffffffe
0000000000000000b1b4e78780000001
0000000000000000b2ea61447fffffff
0000000000000000b41fdb0180000000
0000000000000000b55554be7ffffffe
0000000000000000b68ace7b80000001
0000000000000000b7c048387fffffff
0000000000000000b8f5c1f580000000
0000000000000000ba2b3bb27ffffffe
0000000000000000bb60b56f80000001
0000000000000000bc962f2c7fffffff
0000000000000000bdcba8e980000000
0000000000000000bf0122a67ffffffe
0000000000000000c0369c6380000001
0000000000000000c16c16207fffffff
0000000000000000c2a18fdd80000000
0000000000000000c3d7099a7ffffffe
0000000000000000c50c835780000001
0000000000000000c641fd147fffffff
0000000000000000c77776d180000000
0000000000000000c8acf08e7ffffffe
0000000000000000c9e26a4b80000001
0000000000000000cb17e4087fffffff
0000000000000000cc4d5dc580000000
0000000000000000cd82d7827ffffffe
0000000000000000ceb8513f80000001
0000000000000000cfedcafc7fffffff
0000000000000000d12344b980000000
0000000000000000d258be767ffffffe
0000000000000000d38e383380000001
0000000000000000d4c3b1f07fffffff
0000000000000000d5f92bad80000000
0000000000000000d72ea56a7ffffffe
0000000000000000d8641f2780000001
0000000000000000d99998e47fffffff
0000000000000000dacf12a180000000
0000000000000000dc048c5e7ffffffe
0000000000000000dd3a061b80000001
0000000000000000de6f7fd87fffffff
0000000000000000dfa4f99580000000
0000000000000000e0da73527ffffffe
0000000000000000e20fed0f80000001
0000000000000000e34566cc7fffffff
0000000000000000e47ae08980000000
0000000000000000e5b05a467ffffffe
0000000000000000e6e5d40380000001
0000000000000000e81b4dc07fffffff
0000000000000000e950c77d80000000
0000000000000000ea86413a7ffffffe
0000000000000000ebbbbaf780000001
0000000000000000ecf134b47fffffff
0000000000000000ee26ae7180000000
0000000000000000ef5c282e7ffffffe
0000000000000000f091a1eb80000001
0000000000000000f1c71ba87fffffff
0000000000000000f2fc956580000000
0000000000000000f4320f227ffffffe
0000000000000000f56788df80000001
0000000000000000f69d029c7fffffff
0000000000000000f7d27c5980000000
0000000000000000f907f6167ffffffe
0000000000000000fa3d6fd380000001
0000000000000000fb72e9907fffffff
0000000000000000fca8634d80000000
0000000000000000fddddd0a7ffffffe
0000000000000000ff1356c780000001
00000000000000000048d0847fffffff
0000000000000000017e4a4180000000
000000000000000002b3c3fe7ffffffe
000000000000000003e93dbb80000001
0000000000000000051eb7787fffffff
00000000000000000654313580000000
00000000000000000789aaf27ffffffe
000000000000000008bf24af80000001
000000000000000009f49e6c7fffffff
00000000000000000b2a182980000000
00000000000000000c5f91e67ffffffe
00000000000000000d950ba380000001
00000000000000000eca85607fffffff
00000000000000000fffff1d80000000
0000000000000000113578da7ffffffe
0000000000000000126af29780000001
000000000000000013a06c547fffffff
000000000000000014d5e61180000000
0000000000000000160b5fce7ffffffe
00000000000000001740d98b80000001
0000000000000000187653487fffffff
000000000000000019abcd0580000000
00000000000000001ae146c27ffffffe
00000000000000001c16c07f80000001
00000000000000001d4c3a3c7fffffff
00000000000000001e81b3f980000000
00000000000000001fb72db67ffffffe
000000000000000020eca77380000001
0000000000000000222221307fffffff
000000000000000023579aed80000000
0000000000000000248d14aa7ffffffe
000000000000000025c28e6780000001
000000000000000026f808247fffffff
0000000000000000282d81e180000000
00000000000000002962fb9e7ffffffe
00000000000000002a98755b80000001
00000000000000002bcdef187fffffff
00000000000000002d0368d580000000
00000000000000002e38e2927ffffffe
00000000000000002f6e5c4f80000001
000000000000000030a3d60c7fffffff
000000000000000031d94fc980000000
0000000000000000330ec9867ffffffe
00000000000000003444434380000001
00000000000000003579bd007fffffff
000000000000000036af36bd80000000
000000000000000037e4b07a7ffffffe
0000000000000000391a2a3780000001
00000000000000003a4fa3f47fffffff
00000000000000003b851db180000000
00000000000000003cba976e7ffffffe
00000000000000003df0112b80000001
00000000000000003f258ae87fffffff
0000000000000000405b04a580000000
000000000000000041907e627ffffffe
000000000000000042c5f81f80000001
000000000000000043fb71dc7fffffff
00000000000000004530eb9980000000
0000000000000000466665567ffffffe
0000000000000000479bdf1380000001
000000000000000048d158d07fffffff
00000000000000004a06d28d80000000
00000000000000004b3c4c4a7ffffffe
00000000000000004c71c60780000001
00000000000000004da73fc47fffffff
00000000000000004edcb98180000000
00000000000000005012333e7ffffffe
00000000000000005147acfb80000001
0000000000000000527d26b87fffffff
000000000000000053b2a07580000000
000000000000000054e81a327ffffffe
0000000000000000561d93ef80000001
000000000000000057530dac7fffffff
00000000000000005888876980000000
000000000000000059be01267ffffffe
00000000000000005af37ae380000001
00000000000000005c28f4a07fffffff
00000000000000005d5e6e5d80000000
00000000000000005e93e81a7ffffffe
00000000000000005fc961d780000001
000000000000000060fedb947fffffff
00000000000000006234555180000000
00000000000000006369cf0e7ffffffe
0000000000000000649f48cb80000001
000000000000000065d4c2887fffffff
0000000000000000670a3c4580000000
0000000000000000683fb6027ffffffe
000000000000000069752fbf80000001
00000000000000006aaaa97c7fffffff
00000000000000006be0233980000000
00000000000000006d159cf67ffffffe
00000000000000006e4b16b380000001
00000000000000006f8090707fffffff
000000000000000070b60a2d80000000
000000000000000071eb83ea7ffffffe
00000000000000007320fda780000001
0000000000000000745677647fffffff
0000000000000000758bf12180000000
000000000000000076c16ade7ffffffe
000000000000000077f6e49b80000001
0000000000000000792c5e587fffffff
00000000000000007a61d81580000000
00000000000000007b9751d27ffffffe
00000000000000007ccccb8f80000001
00000000000000007e02454c7fffffff
00000000000000007f37bf0980000000
0000000000000000806d38c67ffffffe
000000000000000081a2b28380000001
000000000000000082d82c407fffffff
0000000000000000840da5fd80000000
000000000000000085431fba7ffffffe
00000000000000008678997780000001
000000000000000087ae13347fffffff
000000000000000088e38cf180000000
00000000000000008a1906ae7ffffffe
00000000000000008b4e806b80000001
00000000000000008c83fa287fffffff
00000000000000008db973e580000000
00000000000000008eeeeda27ffffffe
00000000000000009024675f80000001
00000000000000009159e11c7fffffff
0000000000000000928f5ad980000000
000000000000000093c4d4967ffffffe
000000000000000094fa4e5380000001
0000000000000000962fc8107fffffff
0000000000000000976541cd80000000
0000000000000000989abb8a7ffffffe
000000000000000099d0354780000001
00000000000000009b05af047fffffff
00000000000000009c3b28c180000000
00000000000000009d70a27e7ffffffe
00000000000000009ea61c3b80000001
00000000000000009fdb95f87fffffff
0000000000000000a1110fb580000000
0000000000000000a24689727ffffffe
0000000000000000a37c032f80000001
0000000000000000a4b17cec7fffffff
0000000000000000a5e6f6a980000000
0000000000000000a71c70667ffffffe
0000000000000000a851ea2380000001
0000000000000000a98763e07fffffff
0000000000000000aabcdd9d80000000
0000000000000000abf2575a7ffffffe
0000000000000000ad27d11780000001
0000000000000000ae5d4ad47fffffff
0000000000000000af92c49180000000
0000000000000000b0c83e4e7ffffffe
0000000000000000b1fdb80b80000001
0000000000000000b33331c87fffffff
0000000000000000b468ab8580000000
0000000000000000b59e25427ffffffe
0000000000000000b6d39eff80000001
0000000000000000b80918bc7fffffff
0000000000000000b93e927980000000
0000000000000000ba740c367ffffffe
0000000000000000bba985f380000001
0000000000000000bcdeffb07fffffff
0000000000000000be14796d80000000
0000000000000000bf49f32a7ffffffe
0000000000000000c07f6ce780000001
0000000000000000c1b4e6a47fffffff
0000000000000000c2ea606180000000
0000000000000000c41fda1e7ffffffe
0000000000000000c55553db80000001
0000000000000000c68acd987fffffff
0000000000000000c7c0475580000000
0000000000000000c8f5c1127ffffffe
0000000000000000ca2b3acf80000001
0000000000000000cb60b48c7fffffff
0000000000000000cc962e4980000000
0000000000000000cdcba8067ffffffe
0000000000000000cf0121c380000001
0000000000000000d0369b807fffffff
0000000000000000d16c153d80000000
0000000000000000d2a18efa7ffffffe
0000000000000000d3d708b780000001
0000000000000000d50c82747fffffff
0000000000000000d641fc3180000000
0000000000000000d77775ee7ffffffe
0000000000000000d8acefab80000001
0000000000000000d9e269687fffffff
0000000000000000db17e32580000000
0000000000000000dc4d5ce27ffffffe
0000000000000000dd82d69f80000001
0000000000000000deb8505c7fffffff
0000000000000000dfedca1980000000
0000000000000000e12343d67ffffffe
0000000000000000e258bd9380000001
0000000000000000e38e37507fffffff
0000000000000000e4c3b10d80000000
0000000000000000e5f92aca7ffffffe
0000000000000000e72ea48780000001
0000000000000000e8641e447fffffff
0000000000000000e999980180000000
0000000000000000eacf11be7ffffffe
0000000000000000ec048b7b80000001
0000000000000000ed3a05387fffffff
0000000000000000ee6f7ef580000000
0000000000000000efa4f8b27ffffffe
0000000000000000f0da726f80000001
0000000000000000f20fec2c7fffffff
0000000000000000f34565e980000000
0000000000000000f47adfa67ffffffe
0000000000000000f5b0596380000001
0000000000000000f6e5d3207fffffff
0000000000000000f81b4cdd80000000
0000000000000000f950c69a7ffffffe
0000000000000000fa86405780000001
0000000000000000fbbbba147fffffff
0000000000000000fcf133d180000000
0000000000000000fe26ad8e7ffffffe
0000000000000000ff5c274b80000001
00000000000000000091a1087fffffff
000000000000000001c71ac580000000
000000000000000002fc94827ffffffe
000000000000000004320e3f80000001
0000000000000000056787fc7fffffff
0000000000000000069d01b980000000
000000000000000007d27b767ffffffe
00000000000000000907f53380000001
00000000000000000a3d6ef07fffffff
00000000000000000b72e8ad80000000
00000000000000000ca8626a7ffffffe
00000000000000000ddddc2780000001
00000000000000000f1355e47fffffff
00000000000000001048cfa180000000
0000000000000000117e495e7ffffffe
000000000000000012b3c31b80000001
000000000000000013e93cd87fffffff
0000000000000000151eb69580000000
0000000000000000165430527ffffffe
00000000000000001789aa0f80000001
000000000000000018bf23cc7fffffff
000000000000000019f49d8980000000
00000000000000001b2a17467ffffffe
00000000000000001c5f910380000001
00000000000000001d950ac07fffffff
00000000000000001eca847d80000000
00000000000000001ffffe3a7ffffffe
0000000000000000213577f780000001
0000000000000000226af1b47fffffff
000000000000000023a06b7180000000
000000000000000024d5e52e7ffffffe
0000000000000000260b5eeb80000001
00000000000000002740d8a87fffffff
00000000000000002876526580000000
000000000000000029abcc227ffffffe
00000000000000002ae145df80000001
00000000000000002c16bf9c7fffffff
00000000000000002d4c395980000000
00000000000000002e81b3167ffffffe
00000000000000002fb72cd380000001
000000000000000030eca6907fffffff
00000000000000003222204d80000000
000000000000000033579a0a7ffffffe
0000000000000000348d13c780000001
000000000000000035c28d847fffffff
000000000000000036f8074180000000
0000000000000000382d80fe7ffffffe
00000000000000003962fabb80000001
00000000000000003a9874787fffffff
00000000000000003bcdee3580000000
00000000000000003d0367f27ffffffe
00000000000000003e38e1af80000001
00000000000000003f6e5b6c7fffffff
000000000000000040a3d52980000000
000000000000000041d94ee67ffffffe
0000000000000000430ec8a380000001
0000000000000000444442607fffffff
00000000000000004579bc1d80000000
000000000000000046af35da7ffffffe
000000000000000047e4af9780000001
0000000000000000491a29547fffffff
00000000000000004a4fa31180000000
00000000000000004b851cce7ffffffe
00000000000000004cba968b80000001
00000000000000004df010487fffffff
00000000000000004f258a0580000000
0000000000000000505b03c27ffffffe
000000000000000051907d7f80000001
000000000000000052c5f73c7fffffff
000000000000000053fb70f980000000
00000000000000005530eab67ffffffe
00000000000000005666647380000001
0000000000000000579bde307fffffff
000000000000000058d157ed80000000
00000000000000005a06d1aa7ffffffe
00000000000000005b3c4b6780000001
00000000000000005c71c5247fffffff
00000000000000005da73ee180000000
00000000000000005edcb89e7ffffffe
00000000000000006012325b80000001
00000000000000006147ac187fffffff
0000000000000000627d25d580000000
000000000000000063b29f927ffffffe
000000000000000064e8194f80000001
0000000000000000661d930c7fffffff
000000000000000067530cc980000000
0000000000000000688886867ffffffe
000000000000000069be004380000001
00000000000000006af37a007fffffff
00000000000000006c28f3bd80000000
00000000000000006d5e6d7a7ffffffe
00000000000000006e93e73780000001
00000000000000006fc960f47fffffff
000000000000000070fedab180000000
00000000000000007234546e7ffffffe
00000000000000007369ce2b80000001
0000000000000000749f47e87fffffff
000000000000000075d4c1a580000000
0000000000000000770a3b627ffffffe
0000000000000000783fb51f80000001
000000000000000079752edc7fffffff
00000000000000007aaaa89980000000
00000000000000007be022567ffffffe
00000000000000007d159c1380000001
00000000000000007e4b15d07fffffff
00000000000000007f808f8d80000000
000000000000000080b6094a7ffffffe
000000000000000081eb830780000001
00000000000000008320fcc47fffffff
00000000000000008456768180000000
0000000000000000858bf03e7ffffffe
000000000000000086c169fb80000001
000000000000000087f6e3b87fffffff
0000000000000000892c5d7580000000
00000000000000008a61d7327ffffffe
00000000000000008b9750ef80000001
00000000000000008ccccaac7fffffff
00000000000000008e02446980000000
00000000000000008f37be267ffffffe
0000000000000000906d37e380000001
000000000000000091a2b1a07fffffff
000000000000000092d82b5d80000000
0000000000000000940da51a7ffffffe
000000000000000095431ed780000001
0000000000000000967898947fffffff
000000000000000097ae125180000000
000000000000000098e38c0e7ffffffe
00000000000000009a1905cb80000001
00000000000000009b4e7f887fffffff
00000000000000009c83f94580000000
00000000000000009db973027ffffffe
00000000000000009eeeecbf80000001
0000000000000000a024667c7fffffff
0000000000000000a159e03980000000
0000000000000000a28f59f67ffffffe
0000000000000000a3c4d3b380000001
0000000000000000a4fa4d707fffffff
0000000000000000a62fc72d80000000
0000000000000000a76540ea7ffffffe
0000000000000000a89abaa780000001
0000000000000000a9d034647fffffff
0000000000000000ab05ae2180000000
0000000000000000ac3b27de7ffffffe
0000000000000000ad70a19b80000001
0000000000000000aea61b587fffffff
0000000000000000afdb951580000000
0000000000000000b1110ed27ffffffe
0000000000000000b246888f80000001
0000000000000000b37c024c7fffffff
0000000000000000b4b17c0980000000
0000000000000000b5e6f5c67ffffffe
0000000000000000b71c6f8380000001
0000000000000000b851e9407fffffff
0000000000000000b98762fd80000000
0000000000000000babcdcba7ffffffe
0000000000000000bbf2567780000001
0000000000000000bd27d0347fffffff
0000000000000000be5d49f180000000
0000000000000000bf92c3ae7ffffffe
0000000000000000c0c83d6b80000001
0000000000000000c1fdb7287fffffff
0000000000000000c33330e580000000
0000000000000000c468aaa27ffffffe
0000000000000000c59e245f80000001
0000000000000000c6d39e1c7fffffff
0000000000000000c80917d980000000
0000000000000000c93e91967ffffffe
0000000000000000ca740b5380000001
0000000000000000cba985107fffffff
0000000000000000ccdefecd80000000
0000000000000000ce14788a7ffffffe
0000000000000000cf49f24780000001
0000000000000000d07f6c047fffffff
0000000000000000d1b4e5c180000000
0000000000000000d2ea5f7e7ffffffe
0000000000000000d41fd93b80000001
0000000000000000d55552f87fffffff
0000000000000000d68accb580000000
0000000000000000d7c046727ffffffe
0000000000000000d8f5c02f80000001
0000000000000000da2b39ec7fffffff
0000000000000000db60b3a980000000
0000000000000000dc962d667ffffffe
0000000000000000ddcba72380000001
0000000000000000df0120e07fffffff
0000000000000000e0369a9d80000000
0000000000000000e16c145a7ffffffe
0000000000000000e2a18e1780000001
0000000000000000e3d707d47fffffff
0000000000000000e50c819180000000
0000000000000000e641fb4e7ffffffe
0000000000000000e777750b80000001
0000000000000000e8aceec87fffffff
0000000000000000e9e2688580000000
0000000000000000eb17e2427ffffffe
0000000000000000ec4d5bff80000001
0000000000000000ed82d5bc7fffffff
0000000000000000eeb84f7980000000
0000000000000000efedc9367ffffffe
0000000000000000f12342f380000001
0000000000000000f258bcb07fffffff
0000000000000000f38e366d80000000
0000000000000000f4c3b02a7ffffffe
0000000000000000f5f929e780000001
0000000000000000f72ea3a47fffffff
0000000000000000f8641d6180000000
0000000000000000f999971e7ffffffe
0000000000000000facf10db80000001
0000000000000000fc048a987fffffff
0000000000000000fd3a045580000000
0000000000000000fe6f7e127ffffffe
0000000000000000ffa4f7cf80000001
000000000000000000da718c7fffffff
0000000000000000020feb4980000000
0000000000000000034565067ffffffe
0000000000000000047adec380000001
000000000000000005b058807fffffff
000000000000000006e5d23d80000000
0000000000000000081b4bfa7ffffffe
00000000000000000950c5b780000001
00000000000000000a863f747fffffff
00000000000000000bbbb93180000000
00000000000000000cf132ee7ffffffe
00000000000000000e26acab80000001
00000000000000000f5c26687fffffff
00000000000000001091a02580000000
000000000000000011c719e27ffffffe
000000000000000012fc939f80000001
000000000000000014320d5c7fffffff
00000000000000001567871980000000
0000000000000000169d00d67ffffffe
000000000000000017d27a9380000001
00000000000000001907f4507fffffff
00000000000000001a3d6e0d80000000
00000000000000001b72e7ca7ffffffe
00000000000000001ca8618780000001
00000000000000001ddddb447fffffff
00000000000000001f13550180000000
00000000000000002048cebe7ffffffe
0000000000000000217e487b80000001
000000000000000022b3c2387fffffff
000000000000000023e93bf580000000
0000000000000000251eb5b27ffffffe
000000000000000026542f6f80000001
00000000000000002789a92c7fffffff
000000000000000028bf22e980000000
000000000000000029f49ca67ffffffe
00000000000000002b2a166380000001
00000000000000002c5f90207fffffff
00000000000000002d9509dd80000000
00000000000000002eca839a7ffffffe
00000000000000002ffffd5780000001
0000000000000000313577147fffffff
0000000000000000326af0d180000000
000000000000000033a06a8e7ffffffe
000000000000000034d5e44b80000001
0000000000000000360b5e087fffffff
00000000000000003740d7c580000000
0000000000000000387651827ffffffe
000000000000000039abcb3f80000001
00000000000000003ae144fc7fffffff
00000000000000003c16beb980000000
00000000000000003d4c38767ffffffe
00000000000000003e81b23380000001
00000000000000003fb72bf07fffffff
000000000000000040eca5ad80000000
000000000000000042221f6a7ffffffe
00000000000000004357992780000001
0000000000000000448d12e47fffffff
000000000000000045c28ca180000000
000000000000000046f8065e7ffffffe
0000000000000000482d801b80000001
00000000000000004962f9d87fffffff
00000000000000004a98739580000000
00000000000000004bcded527ffffffe
00000000000000004d03670f80000001
00000000000000004e38e0cc7fffffff
00000000000000004f6e5a8980000000
000000000000000050a3d4467ffffffe
000000000000000051d94e0380000001
0000000000000000530ec7c07fffffff
00000000000000005444417d80000000
00000000000000005579bb3a7ffffffe
000000000000000056af34f780000001
000000000000000057e4aeb47fffffff
0000000000000000591a287180000000
00000000000000005a4fa22e7ffffffe
00000000000000005b851beb80000001
00000000000000005cba95a87fffffff
00000000000000005df00f6580000000
00000000000000005f2589227ffffffe
0000000000000000605b02df80000001
000000000000000061907c9c7fffffff
000000000000000062c5f65980000000
000000000000000063fb70167ffffffe
00000000000000006530e9d380000001
0000000000000000666663907fffffff
0000000000000000679bdd4d80000000
000000000000000068d1570a7ffffffe
00000000000000006a06d0c780000001
00000000000000006b3c4a847fffffff
00000000000000006c71c44180000000
00000000000000006da73dfe7ffffffe
00000000000000006edcb7bb80000001
0000000000000000701231787fffffff
00000000000000007147ab3580000000
0000000000000000727d24f27ffffffe
000000000000000073b29eaf80000001
000000000000000074e8186c7fffffff
0000000000000000761d922980000000
000000000000000077530be67ffffffe
0000000000000000788885a380000001
000000000000000079bdff607fffffff
00000000000000007af3791d80000000
00000000000000007c28f2da7ffffffe
00000000000000007d5e6c9780000001
00000000000000007e93e6547fffffff
00000000000000007fc9601180000000
000000000000000080fed9ce7ffffffe
00000000000000008234538b80000001
00000000000000008369cd487fffffff
0000000000000000849f470580000000
000000000000000085d4c0c27ffffffe
0000000000000000870a3a7f80000001
0000000000000000883fb43c7fffffff
000000000000000089752df980000000
00000000000000008aaaa7b67ffffffe
00000000000000008be0217380000001
00000000000000008d159b307fffffff
00000000000000008e4b14ed80000000
00000000000000008f808eaa7ffffffe
000000000000000090b6086780000001
000000000000000091eb82247fffffff
00000000000000009320fbe180000000
00000000000000009456759e7ffffffe
0000000000000000958bef5b80000001
000000000000000096c169187fffffff
000000000000000097f6e2d580000000
0000000000000000992c5c927ffffffe
00000000000000009a61d64f80000001
00000000000000009b97500c7fffffff
00000000000000009cccc9c980000000
00000000000000009e0243867ffffffe
00000000000000009f37bd4380000001
0000000000000000a06d37007fffffff
0000000000000000a1a2b0bd80000000
0000000000000000a2d82a7a7ffffffe
0000000000000000a40da43780000001
0000000000000000a5431df47fffffff
0000000000000000a67897b180000000
0000000000000000a7ae116e7ffffffe
0000000000000000a8e38b2b80000001
0000000000000000aa1904e87fffffff
0000000000000000ab4e7ea580000000
0000000000000000ac83f8627ffffffe
0000000000000000adb9721f80000001
0000000000000000aeeeebdc7fffffff
0000000000000000b024659980000000
0000000000000000b159df567ffffffe
0000000000000000b28f591380000001
0000000000000000b3c4d2d07fffffff
0000000000000000b4fa4c8d80000000
0000000000000000b62fc64a7ffffffe
0000000000000000b765400780000001
0000000000000000b89ab9c47fffffff
0000000000000000b9d0338180000000
0000000000000000bb05ad3e7ffffffe
0000000000000000bc3b26fb80000001
0000000000000000bd70a0b87fffffff
0000000000000000bea61a7580000000
0000000000000000bfdb94327ffffffe
0000000000000000c1110def80000001
0000000000000000c24687ac7fffffff
0000000000000000c37c016980000000
0000000000000000c4b17b267ffffffe
0000000000000000c5e6f4e380000001
0000000000000000c71c6ea07fffffff
0000000000000000c851e85d80000000
0000000000000000c987621a7ffffffe
0000000000000000cabcdbd780000001
0000000000000000cbf255947fffffff
0000000000000000cd27cf5180000000
0000000000000000ce5d490e7ffffffe
0000000000000000cf92c2cb80000001
0000000000000000d0c83c887fffffff
0000000000000000d1fdb64580000000
0000000000000000d33330027ffffffe
0000000000000000d468a9bf80000001
0000000000000000d59e237c7fffffff
0000000000000000d6d39d3980000000
0000000000000000d80916f67ffffffe
0000000000000000d93e90b380000001
0000000000000000da740a707fffffff
0000000000000000dba9842d80000000
0000000000000000dcdefdea7ffffffe
0000000000000000de1477a780000001
0000000000000000df49f1647fffffff
0000000000000000e07f6b2180000000
0000000000000000e1b4e4de7ffffffe
0000000000000000e2ea5e9b80000001
0000000000000000e41fd8587fffffff
0000000000000000e555521580000000
0000000000000000e68acbd27ffffffe
0000000000000000e7c0458f80000001
0000000000000000e8f5bf4c7fffffff
0000000000000000ea2b390980000000
0000000000000000eb60b2c67ffffffe
0000000000000000ec962c8380000001
0000000000000000edcba6407fffffff
0000000000000000ef011ffd80000000
0000000000000000f03699ba7ffffffe
0000000000000000f16c137780000001
0000000000000000f2a18d347fffffff
0000000000000000f3d706f180000000
0000000000000000f50c80ae7ffffffe
0000000000000000f641fa6b80000001
0000000000000000f77774287fffffff
0000000000000000f8acede580000000
0000000000000000f9e267a27ffffffe
0000000000000000fb17e15f80000001
0000000000000000fc4d5b1c7fffffff
0000000000000000fd82d4d980000000
0000000000000000feb84e967ffffffe
0000000000000000ffedc85380000001
0000000000000000012342107fffffff
00000000000000000258bbcd80000000
0000000000000000038e358a7ffffffe
000000000000000004c3af4780000001
000000000000000005f929047fffffff
0000000000000000072ea2c180000000
000000000000000008641c7e7ffffffe
00000000000000000999963b80000001
00000000000000000acf0ff87fffffff
00000000000000000c0489b580000000
00000000000000000d3a03727ffffffe
00000000000000000e6f7d2f80000001
00000000000000000fa4f6ec7fffffff
000000000000000010da70a980000000
0000000000000000120fea667ffffffe
00000000000000001345642380000001
0000000000000000147adde07fffffff
000000000000000015b0579d80000000
000000000000000016e5d15a7ffffffe
0000000000000000181b4b1780000001
00000000000000001950c4d47fffffff
00000000000000001a863e9180000000
00000000000000001bbbb84e7ffffffe
00000000000000001cf1320b80000001
00000000000000001e26abc87fffffff
00000000000000001f5c258580000000
000000000000000020919f427ffffffe
000000000000000021c718ff80000001
000000000000000022fc92bc7fffffff
000000000000000024320c7980000000
0000000000000000256786367ffffffe
0000000000000000269cfff380000001
000000000000000027d279b07fffffff
00000000000000002907f36d80000000
00000000000000002a3d6d2a7ffffffe
00000000000000002b72e6e780000001
00000000000000002ca860a47fffffff
00000000000000002dddda6180000000
00000000000000002f13541e7ffffffe
00000000000000003048cddb80000001
0000000000000000317e47987fffffff
000000000000000032b3c15580000000
000000000000000033e93b127ffffffe
0000000000000000351eb4cf80000001
000000000000000036542e8c7fffffff
00000000000000003789a84980000000
000000000000000038bf22067ffffffe
000000000000000039f49bc380000001
00000000000000003b2a15807fffffff
00000000000000003c5f8f3d80000000
00000000000000003d9508fa7ffffffe
00000000000000003eca82b780000001
00000000000000003ffffc747fffffff
00000000000000004135763180000000
0000000000000000426aefee7ffffffe
000000000000000043a069ab80000001
000000000000000044d5e3687fffffff
0000000000000000460b5d2580000000
00000000000000004740d6e27ffffffe
00000000000000004876509f80000001
000000000000000049abca5c7fffffff
00000000000000004ae1441980000000
00000000000000004c16bdd67ffffffe
00000000000000004d4c379380000001
00000000000000004e81b1507fffffff
00000000000000004fb72b0d80000000
000000000000000050eca4ca7ffffffe
000000000000000052221e8780000001
0000000000000000535798447fffffff
0000000000000000548d120180000000
000000000000000055c28bbe7ffffffe
000000000000000056f8057b80000001
0000000000000000582d7f387fffffff
00000000000000005962f8f580000000
00000000000000005a9872b27ffffffe
00000000000000005bcdec6f80000001
00000000000000005d03662c7fffffff
00000000000000005e38dfe980000000
00000000000000005f6e59a67ffffffe
000000000000000060a3d36380000001
000000000000000061d94d207fffffff
0000000000000000630ec6dd80000000
00000000000000006444409a7ffffffe
00000000000000006579ba5780000001
000000000000000066af34147fffffff
000000000000000067e4add180000000
0000000000000000691a278e7ffffffe
00000000000000006a4fa14b80000001
00000000000000006b851b087fffffff
00000000000000006cba94c580000000
00000000000000006df00e827ffffffe
00000000000000006f25883f80000001
0000000000000000705b01fc7fffffff
000000000000000071907bb980000000
000000000000000072c5f5767ffffffe
000000000000000073fb6f3380000001
00000000000000007530e8f07fffffff
0000000000000000766662ad80000000
0000000000000000779bdc6a7ffffffe
000000000000000078d1562780000001
00000000000000007a06cfe47fffffff
00000000000000007b3c49a180000000
00000000000000007c71c35e7ffffffe
00000000000000007da73d1b80000001
00000000000000007edcb6d87fffffff
00000000000000008012309580000000
00000000000000008147aa527ffffffe
0000000000000000827d240f80000001
000000000000000083b29dcc7fffffff
000000000000000084e8178980000000
0000000000000000861d91467ffffffe
000000000000000087530b0380000001
0000000000000000888884c07fffffff
000000000000000089bdfe7d80000000
00000000000000008af3783a7ffffffe
00000000000000008c28f1f780000001
00000000000000008d5e6bb47fffffff
00000000000000008e93e57180000000
00000000000000008fc95f2e7ffffffe
000000000000000090fed8eb80000001
0000000000000000923452a87fffffff
00000000000000009369cc6580000000
0000000000000000949f46227ffffffe
000000000000000095d4bfdf80000001
0000000000000000970a399c7fffffff
0000000000000000983fb35980000000
000000000000000099752d167ffffffe
00000000000000009aaaa6d380000001
00000000000000009be020907fffffff
00000000000000009d159a4d80000000
00000000000000009e4b140a7ffffffe
00000000000000009f808dc780000001
0000000000000000a0b607847fffffff
0000000000000000a1eb814180000000
0000000000000000a320fafe7ffffffe
0000000000000000a45674bb80000001
0000000000000000a58bee787fffffff
0000000000000000a6c1683580000000
0000000000000000a7f6e1f27ffffffe
0000000000000000a92c5baf80000001
0000000000000000aa61d56c7fffffff
0000000000000000ab974f2980000000
0000000000000000acccc8e67ffffffe
0000000000000000ae0242a380000001
0000000000000000af37bc607fffffff
0000000000000000b06d361d80000000
0000000000000000b1a2afda7ffffffe
0000000000000000b2d8299780000001
0000000000000000b40da3547fffffff
0000000000000000b5431d1180000000
0000000000000000b67896ce7ffffffe
0000000000000000b7ae108b80000001
0000000000000000b8e38a487fffffff
0000000000000000ba19040580000000
0000000000000000bb4e7dc27ffffffe
0000000000000000bc83f77f80000001
0000000000000000bdb9713c7fffffff
0000000000000000beeeeaf980000000
0000000000000000c02464b67ffffffe
0000000000000000c159de7380000001
0000000000000000c28f58307fffffff
0000000000000000c3c4d1ed80000000
0000000000000000c4fa4baa7ffffffe
0000000000000000c62fc56780000001
0000000000000000c7653f247fffffff
0000000000000000c89ab8e180000000
0000000000000000c9d0329e7ffffffe
0000000000000000cb05ac5b80000001
0000000000000000cc3b26187fffffff
0000000000000000cd709fd580000000
0000000000000000cea619927ffffffe
0000000000000000cfdb934f80000001
0000000000000000d1110d0c7fffffff
0000000000000000d24686c980000000
0000000000000000d37c00867ffffffe
0000000000000000d4b17a4380000001
0000000000000000fffffff000000000
0000000000000000013579ad00032b2f
0000000000000000026af36a000655a8
000000000000000003a06d2700097eb3
000000000000000004d5e6e4000ca59b
0000000000000000060b60a1000fc9a9
00000000000000000740da5e0012ea28
00000000000000000876541b00160665
000000000000000009abcdd800191daa
00000000000000000ae14795001c2f47
00000000000000000c16c152001f3a89
00000000000000000d4c3b0f00223ec2
00000000000000000e81b4cc00253b44
00000000000000000fb72e8900282f61
000000000000000010eca846002b1a70
000000000000000012222203002dfbc9
000000000000000013579bc00030d2c5
0000000000000000148d157d00339ec0
000000000000000015c28f3a00365f19
000000000000000016f808f700391332
0000000000000000182d82b4003bba6e
00000000000000001962fc71003e5434
00000000000000001a98762e0040dfee
00000000000000001bcdefeb00435d0a
00000000000000001d0369a80045caf7
00000000000000001e38e3650048292b
00000000000000001f6e5d22004a771b
000000000000000020a3d6df004cb443
000000000000000021d9509c004ee023
0000000000000000230eca590050fa3c
00000000000000002444441600530215
00000000000000002579bdd30054f73a
000000000000000026af37900056d939
000000000000000027e4b14d0058a7a5
0000000000000000291a2b0a005a6217
00000000000000002a4fa4c7005c082b
00000000000000002b851e84005d9982
00000000000000002cba9841005f15c1
00000000000000002df011fe00607c92
00000000000000002f258bbb0061cda5
0000000000000000305b0578006308ae
000000000000000031907f3500642d66
000000000000000032c5f8f200653b8a
000000000000000033fb72af006632de
00000000000000003530ec6c0067132b
0000000000000000366666290067dc3d
0000000000000000379bdfe600688de7
000000000000000038d159a300692802
00000000000000003a06d3600069aa6a
00000000000000003b3c4d1d006a1502
00000000000000003c71c6da006a67b2
00000000000000003da74097006aa268
00000000000000003edcba54006ac516
000000000000000040123411006acfb5
00000000000000004147adce006ac241
0000000000000000427d278b006a9cbf
000000000000000043b2a148006a5f36
000000000000000044e81b05006a09b5
0000000000000000461d94c200699c4e
000000000000000047530e7f0069171b
00000000000000004888883c00687a39
000000000000000049be01f90067c5cc
00000000000000004af37bb60066f9fc
00000000000000004c28f573006616f7
00000000000000004d5e6f3000651cf1
00000000000000004e93e8ed00640c21
00000000000000004fc962aa0062e4c6
000000000000000050fedc670061a722
0000000000000000523456240060537c
00000000000000005369cfe1005eea21
0000000000000000549f499e005d6b62
000000000000000055d4c35b005bd796
0000000000000000570a3d18005a2f17
0000000000000000583fb6d500587246
0000000000000000597530920056a187
00000000000000005aaaaa4f0054bd41
00000000000000005be0240c0052c5e4
00000000000000005d159dc90050bbde
00000000000000005e4b1786004e9fa8
00000000000000005f809143004c71b9
000000000000000060b60b00004a3291
000000000000000061eb84bd0047e2b0
00000000000000006320fe7a0045829c
000000000000000064567837004312de
0000000000000000658bf1f400409402
000000000000000066c16bb1003e0699
000000000000000067f6e56e003b6b36
0000000000000000692c5f2b0038c26e
00000000000000006a61d8e800360cdd
00000000000000006b9752a500334b1d
00000000000000006ccccc6200307dce
00000000000000006e02461f002da592
00000000000000006f37bfdc002ac30c
0000000000000000706d39990027d6e3
000000000000000071a2b3560024e1c0
000000000000000072d82d130021e44d
0000000000000000740da6d0001edf37
00000000000000007543208d001bd32c
000000000000000076789a4a0018c0dc
000000000000000077ae14070015a8f8
000000000000000078e38dc400128c32
00000000000000007a190781000f6b3e
00000000000000007b4e813e000c46d1
00000000000000007c83fafb00091f9f
00000000000000007db974b80005f65f
00000000000000007eeeee750002cbc7
000000000000000080246832ffffa08f
00000000000000008159e1effffc756c
0000000000000000828f5bacfff94b14
000000000000000083c4d569fff62240
000000000000000084fa4f26fff2fba4
0000000000000000862fc8e3ffefd7f8
0000000000000000876542a0ffecb7f0
0000000000000000889abc5dffe99c40
000000000000000089d0361affe6859c
00000000000000008b05afd7ffe374b5
00000000000000008c3b2994ffe06a3d
00000000000000008d70a351ffdd66e4
00000000000000008ea61d0effda6b56
00000000000000008fdb96cbffd77841
000000000000000091111088ffd48e4d
000000000000000092468a45ffd1ae24
0000000000000000937c0402ffced86b
000000000000000094b17dbfffcc0dc6
000000000000000095e6f77cffc94ed6
0000000000000000971c7139ffc69c38
00000000000000009851eaf6ffc3f68a
0000000000000000998764b3ffc15e63
00000000000000009abcde70ffbed45a
00000000000000009bf2582dffbc5900
00000000000000009d27d1eaffb9ece4
00000000000000009e5d4ba7ffb79094
00000000000000009f92c564ffb54496
0000000000000000a0c83f21ffb30970
0000000000000000a1fdb8deffb0dfa1
0000000000000000a333329bffaec7a8
0000000000000000a468ac58ffacc1fc
0000000000000000a59e2615ffaacf12
0000000000000000a6d39fd2ffa8ef5b
0000000000000000a809198fffa72343
0000000000000000a93e934cffa56b31
0000000000000000aa740d09ffa3c788
0000000000000000aba986c6ffa238a8
0000000000000000acdf0083ffa0beeb
0000000000000000ae147a40ff9f5aa4
0000000000000000af49f3fdff9e0c25
0000000000000000b07f6dbaff9cd3b8
0000000000000000b1b4e777ff9bb1a5
0000000000000000b2ea6134ff9aa62d
0000000000000000b41fdaf1ff99b18c
0000000000000000b55554aeff98d3f8
0000000000000000b68ace6bff980da5
0000000000000000b7c04828ff975ebe
0000000000000000b8f5c1e5ff96c76c
0000000000000000ba2b3ba2ff9647cf
0000000000000000bb60b55fff95e006
0000000000000000bc962f1cff959027
0000000000000000bdcba8d9ff955844
0000000000000000bf012296ff95386a
0000000000000000c0369c53ff9530a0
0000000000000000c16c1610ff9540e9
0000000000000000c2a18fcdff95693f
0000000000000000c3d7098aff95a99b
0000000000000000c50c8347ff9601ed
0000000000000000c641fd04ff967222
0000000000000000c77776c1ff96fa20
0000000000000000c8acf07eff9799c9
0000000000000000c9e26a3bff9850f9
0000000000000000cb17e3f8ff991f86
0000000000000000cc4d5db5ff9a0542
0000000000000000cd82d772ff9b01fa
0000000000000000ceb8512fff9c1574
0000000000000000cfedcaecff9d3f72
0000000000000000d12344a9ff9e7fb0
0000000000000000d258be66ff9fd5e8
0000000000000000d38e3823ffa141cc
0000000000000000d4c3b1e0ffa2c309
0000000000000000d5f92b9dffa45949
0000000000000000d72ea55affa60431
0000000000000000d8641f17ffa7c35f
0000000000000000d99998d4ffa99670
0000000000000000dacf1291ffab7cfb
0000000000000000dc048c4effad7690
0000000000000000dd3a060bffaf82bf
0000000000000000de6f7fc8ffb1a112
0000000000000000dfa4f985ffb3d10e
0000000000000000e0da7342ffb61235
0000000000000000e20fecffffb86405
0000000000000000e34566bcffbac5f8
0000000000000000e47ae079ffbd3784
0000000000000000e5b05a36ffbfb81e
0000000000000000e6e5d3f3ffc24733
0000000000000000e81b4db0ffc4e432
0000000000000000e950c76dffc78e82
0000000000000000ea86412affca458b
0000000000000000ebbbbae7ffcd08af
0000000000000000ecf134a4ffcfd750
0000000000000000ee26ae61ffd2b0cb
0000000000000000ef5c281effd5947b
0000000000000000f091a1dbffd881bb
0000000000000000f1c71b98ffdb77e1
0000000000000000f2fc9555ffde7643
0000000000000000f4320f12ffe17c34
0000000000000000f56788cfffe48905
0000000000000000f69d028cffe79c06
0000000000000000f7d27c49ffeab487
0000000000000000f907f606ffedd1d4
0000000000000000fa3d6fc3fff0f33a
0000000000000000fb72e980fff41804
0000000000000000fca8633dfff73f7d
0000000000000000fddddcfafffa68ee
0000000000000000ff1356b7fffd93a3
00000000000000000048d0740000bee2
0000000000000000017e4a310003e9f7
000000000000000002b3c3ee0007142a
000000000000000003e93dab000a3cc5
0000000000000000051eb768000d6312
0000000000000000065431250010865a
00000000000000000789aae20013a5e9
000000000000000008bf249f0016c10a
000000000000000009f49e5c0019d70a
00000000000000000b2a1819001ce738
00000000000000000c5f91d6001ff0e3
00000000000000000d950b930022f35a
00000000000000000eca85500025edf2
00000000000000000fffff0d0028dffd
0000000000000000113578ca002bc8d2
0000000000000000126af287002ea7ca
000000000000000013a06c4400317c3e
000000000000000014d5e6010034458a
0000000000000000160b5fbe00370310
00000000000000001740d97b0039b430
000000000000000018765338003c584e
000000000000000019abccf5003eeed4
00000000000000001ae146b20041772b
00000000000000001c16c06f0043f0c1
00000000000000001d4c3a2c00465b08
00000000000000001e81b3e90048b574
00000000000000001fb72da6004aff7d
000000000000000020eca763004d38a0
000000000000000022222120004f605c
000000000000000023579add00517634
0000000000000000248d149a005379b1
000000000000000025c28e5700556a5f
000000000000000026f80814005747cc
0000000000000000282d81d10059118f
00000000000000002962fb8e005ac73f
00000000000000002a98754b005c687a
00000000000000002bcdef08005df4e2
00000000000000002d0368c5005f6c1e
00000000000000002e38e2820060cdd9
00000000000000002f6e5c3f006219c3
000000000000000030a3d5fc00634f92
000000000000000031d94fb900646eff
0000000000000000330ec976006577cb
000000000000000034444333006669b9
00000000000000003579bcf000674493
000000000000000036af36ad00680827
000000000000000037e4b06a0068b449
0000000000000000391a2a27006948d3
00000000000000003a4fa3e40069c5a4
00000000000000003b851da1006a2a9e
00000000000000003cba975e006a77ab
00000000000000003df0111b006aacbb
00000000000000003f258ad8006ac9c0
0000000000000000405b0495006aceb5
000000000000000041907e52006abb98
000000000000000042c5f80f006a906e
000000000000000043fb71cc006a4d40
00000000000000004530eb890069f21d
00000000000000004666654600697f1a
0000000000000000479bdf030068f452
000000000000000048d158c0006851e2
00000000000000004a06d27d006797f0
00000000000000004b3c4c3a0066c6a6
00000000000000004c71c5f70065de33
00000000000000004da73fb40064decb
00000000000000004edcb9710063c8a8
00000000000000005012332e00629c08
00000000000000005147aceb00615930
0000000000000000527d26a800600067
000000000000000053b2a065005e91fc
000000000000000054e81a22005d0e42
0000000000000000561d93df005b758f
000000000000000057530d9c0059c83f
000000000000000058888759005806b5
000000000000000059be011600563154
00000000000000005af37ad300544886
00000000000000005c28f49000524cba
00000000000000005d5e6e4d00503e63
00000000000000005e93e80a004e1df6
00000000000000005fc961c7004bebee
000000000000000060fedb840049a8cb
0000000000000000623455410047550e
00000000000000006369cefe0044f13e
0000000000000000649f48bb00427de4
000000000000000065d4c278003ffb8f
0000000000000000670a3c35003d6acf
0000000000000000683fb5f2003acc37
000000000000000069752faf00382060
00000000000000006aaaa96c003567e2
00000000000000006be023290032a35c
00000000000000006d159ce6002fd36c
00000000000000006e4b16a3002cf8b5
00000000000000006f809060002a13dc
000000000000000070b60a1d00272587
000000000000000071eb83da00242e60
00000000000000007320fd9700212f12
000000000000000074567754001e2849
0000000000000000758bf111001b1ab4
000000000000000076c16ace00180704
000000000000000077f6e48b0014edea
0000000000000000792c5e480011d018
00000000000000007a61d805000eae43
00000000000000007b9751c2000b891e
00000000000000007ccccb7f00086161
00000000000000007e02453c000537bf
00000000000000007f37bef900020cf1
0000000000000000806d38b6fffee1ad
000000000000000081a2b273fffbb6a9
000000000000000082d82c30fff88c9d
0000000000000000840da5edfff5643e
000000000000000085431faafff23e43
000000000000000086789967ffef1b61
000000000000000087ae1324ffebfc4f
000000000000000088e38ce1ffe8e1bf
00000000000000008a19069effe5cc64
00000000000000008b4e805bffe2bcf1
00000000000000008c83fa18ffdfb417
00000000000000008db973d5ffdcb283
00000000000000008eeeed92ffd9b8e4
00000000000000009024674fffd6c7e6
00000000000000009159e10cffd3e031
0000000000000000928f5ac9ffd1026e
000000000000000093c4d486ffce2f41
000000000000000094fa4e43ffcb674f
0000000000000000962fc800ffc8ab37
0000000000000000976541bdffc5fb96
0000000000000000989abb7affc35909
000000000000000099d03537ffc0c427
00000000000000009b05aef4ffbe3d85
00000000000000009c3b28b1ffbbc5b5
00000000000000009d70a26effb95d44
00000000000000009ea61c2bffb704bf
00000000000000009fdb95e8ffb4bcac
0000000000000000a1110fa5ffb2858e
0000000000000000a2468962ffb05fe7
0000000000000000a37c031fffae4c31
0000000000000000a4b17cdcffac4ae5
0000000000000000a5e6f699ffaa5c75
0000000000000000a71c7056ffa88152
0000000000000000a851ea13ffa6b9e7
0000000000000000a98763d0ffa5069a
0000000000000000aabcdd8dffa367cd
0000000000000000abf2574affa1ddde
0000000000000000ad27d107ffa06926
0000000000000000ae5d4ac4ff9f09f8
0000000000000000af92c481ff9dc0a4
0000000000000000b0c83e3eff9c8d73
0000000000000000b1fdb7fbff9b70ac
0000000000000000b33331b8ff9a6a8e
0000000000000000b468ab75ff997b55
0000000000000000b59e2532ff98a335
0000000000000000b6d39eefff97e261
0000000000000000b80918acff973903
0000000000000000b93e9269ff96a742
0000000000000000ba740c26ff962d3e
0000000000000000bba985e3ff95cb13
0000000000000000bcdeffa0ff9580d8
0000000000000000be14795dff954e9c
0000000000000000bf49f31aff95346b
0000000000000000c07f6cd7ff95324b
0000000000000000c1b4e694ff95483d
0000000000000000c2ea6051ff95763b
0000000000000000c41fda0eff95bc3b
0000000000000000c55553cbff961a2e
0000000000000000c68acd88ff968ffe
0000000000000000c7c04745ff971d91
0000000000000000c8f5c102ff97c2c6
0000000000000000ca2b3abfff987f79
0000000000000000cb60b47cff995380
0000000000000000cc962e39ff9a3ea9
0000000000000000cdcba7f6ff9b40c1
0000000000000000cf0121b3ff9c598c
0000000000000000d0369b70ff9d88cd
0000000000000000d16c152dff9ece3e
0000000000000000d2a18eeaffa02996
0000000000000000d3d708a7ffa19a87
0000000000000000d50c8264ffa320be
0000000000000000d641fc21ffa4bbe3
0000000000000000d77775deffa66b98
0000000000000000d8acef9bffa82f7e
0000000000000000d9e26958ffaa072d
0000000000000000db17e315ffabf23d
0000000000000000dc4d5cd2ffadf03d
0000000000000000dd82d68fffb000bc
0000000000000000deb8504cffb22341
0000000000000000dfedca09ffb45753
0000000000000000e12343c6ffb69c71
0000000000000000e258bd83ffb8f219
0000000000000000e38e3740ffbb57c4
0000000000000000e4c3b0fdffbdcce8
0000000000000000e5f92abaffc050f7
0000000000000000e72ea477ffc2e360
0000000000000000e8641e34ffc5838e
0000000000000000e99997f1ffc830eb
0000000000000000eacf11aeffcaeadb
0000000000000000ec048b6bffcdb0c1
0000000000000000ed3a0528ffd081fe
0000000000000000ee6f7ee5ffd35def
0000000000000000efa4f8a2ffd643ef
0000000000000000f0da725fffd93356
0000000000000000f20fec1cffdc2b7b
0000000000000000f34565d9ffdf2bb4
0000000000000000f47adf96ffe23352
0000000000000000f5b05953ffe541a8
0000000000000000f6e5d310ffe85605
0000000000000000f81b4ccdffeb6fb6
0000000000000000f950c68affee8e0a
0000000000000000fa864047fff1b04d
0000000000000000fbbbba04fff4d5c9
0000000000000000fcf133c1fff7fdc9
0000000000000000fe26ad7efffb2797
0000000000000000ff5c273bfffe527d
00000000000000000091a0f800017dc2
000000000000000001c71ab50004a8b3
000000000000000002fc94720007d296
000000000000000004320e2f000afab7
0000000000000000056787ec000e205e
0000000000000000069d01a9001142d6
000000000000000007d27b660014616a
00000000000000000907f52300177b66
00000000000000000a3d6ee0001a9018
00000000000000000b72e89d001d9ece
00000000000000000ca8625a0020a6d6
00000000000000000ddddc170023a783
00000000000000000f1355d40026a027
00000000000000001048cf9100299017
0000000000000000117e494e002c76a9
000000000000000012b3c30b002f5336
000000000000000013e93cc800322518
0000000000000000151eb6850034ebae
0000000000000000165430420037a657
00000000000000001789a9ff003a5475
000000000000000018bf23bc003cf56f
000000000000000019f49d79003f88ab
00000000000000001b2a173600420d97
00000000000000001c5f90f30044839f
00000000000000001d950ab00046ea37
00000000000000001eca846d004940d4
00000000000000001ffffe2a004b86f0
0000000000000000213577e7004dbc05
0000000000000000226af1a4004fdf97
000000000000000023a06b610051f128
000000000000000024d5e51e0053f043
0000000000000000260b5edb0055dc73
00000000000000002740d8980057b549
00000000000000002876525500597a5c
000000000000000029abcc12005b2b45
00000000000000002ae145cf005cc7a2
00000000000000002c16bf8c005e4f16
00000000000000002d4c3949005fc14a
00000000000000002e81b30600611dea
00000000000000002fb72cc3006264a7
000000000000000030eca68000639538
00000000000000003222203d0064af58
0000000000000000335799fa0065b2c8
0000000000000000348d13b700669f4c
000000000000000035c28d74006774b0
000000000000000036f80731006832c4
0000000000000000382d80ee0068d95d
00000000000000003962faab00696855
00000000000000003a9874680069df8c
00000000000000003bcdee25006a3ee7
00000000000000003d0367e2006a8650
00000000000000003e38e19f006ab5b9
00000000000000003f6e5b5c006acd15
000000000000000040a3d519006acc60
000000000000000041d94ed6006ab39a
0000000000000000430ec893006a82c8
000000000000000044444250006a39f5
00000000000000004579bc0d0069d933
000000000000000046af35ca00696095
000000000000000047e4af870068d039
0000000000000000491a29440068283e
00000000000000004a4fa301006768ca
00000000000000004b851cbe00669209
00000000000000004cba967b0065a42a
00000000000000004df0103800649f63
00000000000000004f2589f5006383f0
0000000000000000505b03b200625210
000000000000000051907d6f00610a07
000000000000000052c5f72c005fac20
000000000000000053fb70e9005e38aa
00000000000000005530eaa6005caff8
000000000000000056666463005b1263
0000000000000000579bde2000596049
000000000000000058d157dd00579a0a
00000000000000005a06d19a0055c00d
00000000000000005b3c4b570053d2bd
00000000000000005c71c5140051d28a
00000000000000005da73ed1004fbfe6
00000000000000005edcb88e004d9b4a
00000000000000006012324b004b6530
00000000000000006147ac0800491e19
0000000000000000627d25c50046c688
000000000000000063b29f8200445f04
000000000000000064e8193f0041e817
0000000000000000661d92fc003f6250
000000000000000067530cb9003cce41
000000000000000068888676003a2c7d
000000000000000069be003300377d9e
00000000000000006af379f00034c23d
00000000000000006c28f3ad0031faf9
00000000000000006d5e6d6a002f2871
00000000000000006e93e727002c4b49
00000000000000006fc960e400296426
000000000000000070fedaa1002673ae
00000000000000007234545e00237a8d
00000000000000007369ce1b0020796c
0000000000000000749f47d8001d70fa
000000000000000075d4c195001a61e6
0000000000000000770a3b5200174ce0
0000000000000000783fb50f00143299
000000000000000079752ecc001113c5
00000000000000007aaaa889000df118
00000000000000007be02246000acb47
00000000000000007d159c030007a307
00000000000000007e4b15c00004790f
00000000000000007f808f7d00014e14
000000000000000080b6093afffe22cf
000000000000000081eb82f7fffaf7f5
00000000000000008320fcb4fff7ce3d
000000000000000084567671fff4a65e
0000000000000000858bf02efff1810d
000000000000000086c169ebffee5f01
000000000000000087f6e3a8ffeb40ee
0000000000000000892c5d65ffe82787
00000000000000008a61d722ffe51381
00000000000000008b9750dfffe2058b
00000000000000008cccca9cffdefe57
00000000000000008e024459ffdbfe93
00000000000000008f37be16ffd906ec
0000000000000000906d37d3ffd6180e
000000000000000091a2b190ffd332a1
000000000000000092d82b4dffd0574d
0000000000000000940da50affcd86b6
000000000000000095431ec7ffcac17f
000000000000000096789884ffc80848
000000000000000097ae1241ffc55bae
000000000000000098e38bfeffc2bc4a
00000000000000009a1905bbffc02ab5
00000000000000009b4e7f78ffbda783
00000000000000009c83f935ffbb3344
00000000000000009db972f2ffb8ce86
00000000000000009eeeecafffb679d3
0000000000000000a024666cffb435b2
0000000000000000a159e029ffb202a5
0000000000000000a28f59e6ffafe12b
0000000000000000a3c4d3a3ffadd1bf
0000000000000000a4fa4d60ffabd4d9
0000000000000000a62fc71dffa9eaea
0000000000000000a76540daffa81461
0000000000000000a89aba97ffa651a9
0000000000000000a9d03454ffa4a326
0000000000000000ab05ae11ffa3093a
0000000000000000ac3b27ceffa18440
0000000000000000ad70a18bffa01492
0000000000000000aea61b48ff9eba81
0000000000000000afdb9505ff9d765c
0000000000000000b1110ec2ff9c486c
0000000000000000b246887fff9b30f4
0000000000000000b37c023cff9a3034
0000000000000000b4b17bf9ff994665
0000000000000000b5e6f5b6ff9873bd
0000000000000000b71c6f73ff97b86a
0000000000000000b851e930ff971497
0000000000000000b98762edff968869
0000000000000000babcdcaaff9613ff
0000000000000000bbf25667ff95b774
0000000000000000bd27d024ff9572dd
0000000000000000be5d49e1ff954648
0000000000000000bf92c39eff9531c0
0000000000000000c0c83d5bff95354a
0000000000000000c1fdb718ff9550e5
0000000000000000c33330d5ff95848b
0000000000000000c468aa92ff95d02f
0000000000000000c59e244fff9633c1
0000000000000000c6d39e0cff96af2b
0000000000000000c80917c9ff974251
0000000000000000c93e9186ff97ed11
0000000000000000ca740b43ff98af45
0000000000000000cba98500ff9988c1
0000000000000000ccdefebdff9a7954
0000000000000000ce14787aff9b80c9
0000000000000000cf49f237ff9c9ee3
0000000000000000d07f6bf4ff9dd363
0000000000000000d1b4e5b1ff9f1e02
0000000000000000d2ea5f6effa07e76
0000000000000000d41fd92bffa1f470
0000000000000000d55552e8ffa37f9b
0000000000000000d68acca5ffa51f9f
0000000000000000d7c04662ffa6d41e
0000000000000000d8f5c01fffa89cb5
0000000000000000da2b39dcffaa78fd
0000000000000000db60b399ffac688b
0000000000000000dc962d56ffae6af0
0000000000000000ddcba713ffb07fb7
0000000000000000df0120d0ffb2a669
0000000000000000e0369a8dffb4de89
0000000000000000e16c144affb72797
0000000000000000e2a18e07ffb98110
0000000000000000e3d707c4ffbbea6c
0000000000000000e50c8181ffbe631f
0000000000000000e641fb3effc0ea9c
0000000000000000e77774fbffc3804f
0000000000000000e8aceeb8ffc623a6
0000000000000000e9e26875ffc8d406
0000000000000000eb17e232ffcb90d5
0000000000000000ec4d5befffce5974
0000000000000000ed82d5acffd12d45
0000000000000000eeb84f69ffd40ba2
0000000000000000efedc926ffd6f3e7
0000000000000000f12342e3ffd9e56c
0000000000000000f258bca0ffdcdf88
0000000000000000f38e365dffdfe18e
0000000000000000f4c3b01affe2ead0
0000000000000000f5f929d7ffe5faa1
0000000000000000f72ea394ffe9104f
0000000000000000f8641d51ffec2b28
0000000000000000f999970effef4a79
0000000000000000facf10cbfff26d8e
0000000000000000fc048a88fff593b2
0000000000000000fd3a0445fff8bc2f
0000000000000000fe6f7e02fffbe64f
0000000000000000ffa4f7bfffff115c
000000000000000000da717c00023c9e
0000000000000000020feb390005675f
0000000000000000034564f6000890e9
0000000000000000047adeb3000bb885
000000000000000005b05870000edd7c
000000000000000006e5d22d0011ff1a
0000000000000000081b4bea00151caa
00000000000000000950c5a700183578
00000000000000000a863f64001b48d1
00000000000000000bbbb921001e5604
00000000000000000cf132de00215c61
00000000000000000e26ac9b00245b3a
00000000000000000f5c2658002751e1
00000000000000001091a015002a3fac
000000000000000011c719d2002d23f1
000000000000000012fc938f002ffe0a
000000000000000014320d4c0032cd53
00000000000000001567870900359129
0000000000000000169d00c6003848ec
000000000000000017d27a83003af401
00000000000000001907f440003d91cc
00000000000000001a3d6dfd004021b8
00000000000000001b72e7ba0042a32f
00000000000000001ca86177004515a3
00000000000000001ddddb3400477885
00000000000000001f1354f10049cb4b
00000000000000002048ceae004c0d71
0000000000000000217e486b004e3e73
000000000000000022b3c22800505dd3
000000000000000023e93be500526b17
0000000000000000251eb5a2005465c8
000000000000000026542f5f00564d75
00000000000000002789a91c005821ae
000000000000000028bf22d90059e20b
000000000000000029f49c96005b8e27
00000000000000002b2a1653005d25a1
00000000000000002c5f9010005ea81d
00000000000000002d9509cd00601545
00000000000000002eca838a00616cc5
00000000000000002ffffd470062ae51
0000000000000000313577040063d9a1
0000000000000000326af0c10064ee70
000000000000000033a06a7e0065ec80
000000000000000034d5e43b0066d398
0000000000000000360b5df80067a384
00000000000000003740d7b500685c15
0000000000000000387651720068fd22
000000000000000039abcb2f00698685
00000000000000003ae144ec0069f822
00000000000000003c16bea9006a51dc
00000000000000003d4c3866006a93a1
00000000000000003e81b223006abd62
00000000000000003fb72be0006acf15
000000000000000040eca59d006ac8b6
000000000000000042221f5a006aaa47
000000000000000043579917006a73ce
0000000000000000448d12d4006a2558
000000000000000045c28c910069bef6
000000000000000046f8064e006940c0
0000000000000000482d800b0068aad2
00000000000000004962f9c80067fd4d
00000000000000004a9873850067385a
00000000000000004bcded4200665c24
00000000000000004d0366ff006568dc
00000000000000004e38e0bc00645eba
00000000000000004f6e5a7900633dfa
000000000000000050a3d436006206dd
000000000000000051d94df30060b9a8
0000000000000000530ec7b0005f56a8
00000000000000005444416d005dde2b
00000000000000005579bb2a005c5087
000000000000000056af34e7005aae15
000000000000000057e4aea40058f734
0000000000000000591a286100572c47
00000000000000005a4fa21e00554db5
00000000000000005b851bdb00535be9
00000000000000005cba959800515755
00000000000000005df00f55004f406b
00000000000000005f258912004d17a6
0000000000000000605b02cf004add82
000000000000000061907c8c0048927e
000000000000000062c5f64900463720
000000000000000063fb70060043cbef
00000000000000006530e9c300415177
000000000000000066666380003ec846
0000000000000000679bdd3d003c30f0
000000000000000068d156fa00398c09
00000000000000006a06d0b70036da2b
00000000000000006b3c4a7400341bf0
00000000000000006c71c431003151f7
00000000000000006da73dee002e7ce0
00000000000000006edcb7ab002b9d50
0000000000000000701231680028b3eb
00000000000000007147ab250025c15b
0000000000000000727d24e20022c648
000000000000000073b29e9f001fc35f
000000000000000074e8185c001cb94e
0000000000000000761d92190019a8c3
000000000000000077530bd600169271
00000000000000007888859300137708
000000000000000079bdff500010573c
00000000000000007af3790d000d33c2
00000000000000007c28f2ca000a0d4d
00000000000000007d5e6c870006e495
00000000000000007e93e6440003ba50
00000000000000007fc9600100008f33
000000000000000080fed9befffd63f7
00000000000000008234537bfffa3951
00000000000000008369cd38fff70ff7
0000000000000000849f46f5fff3e8a2
000000000000000085d4c0b2fff0c406
0000000000000000870a3a6fffeda2d9
0000000000000000883fb42cffea85cf
000000000000000089752de9ffe76d9c
00000000000000008aaaa7a6ffe45af3
00000000000000008be02163ffe14e84
00000000000000008d159b20ffde4901
00000000000000008e4b14ddffdb4b16
00000000000000008f808e9affd85571
000000000000000090b60857ffd568bc
000000000000000091eb8214ffd285a1
00000000000000009320fbd1ffcfacc5
00000000000000009456758effccdecd
0000000000000000958bef4bffca1c5a
000000000000000096c16908ffc7660c
000000000000000097f6e2c5ffc4bc80
0000000000000000992c5c82ffc2204f
00000000000000009a61d63fffbf920f
00000000000000009b974ffcffbd1254
00000000000000009cccc9b9ffbaa1ae
00000000000000009e024376ffb840aa
00000000000000009f37bd33ffb5efd2
0000000000000000a06d36f0ffb3afa9
0000000000000000a1a2b0adffb180b4
0000000000000000a2d82a6affaf636f
0000000000000000a40da427ffad5854
0000000000000000a5431de4ffab5fda
0000000000000000a67897a1ffa97a72
0000000000000000a7ae115effa7a889
0000000000000000a8e38b1bffa5ea89
0000000000000000aa1904d8ffa440d5
0000000000000000ab4e7e95ffa2abcf
0000000000000000ac83f852ffa12bd1
0000000000000000adb9720fff9fc131
0000000000000000aeeeebccff9e6c42
0000000000000000b0246589ff9d2d50
0000000000000000b159df46ff9c04a3
0000000000000000b28f5903ff9af27e
0000000000000000b3c4d2c0ff99f71e
0000000000000000b4fa4c7dff9912be
0000000000000000b62fc63aff98458f
0000000000000000b7653ff7ff978fc0
0000000000000000b89ab9b4ff96f17a
0000000000000000b9d03371ff966ae1
0000000000000000bb05ad2eff95fc12
0000000000000000bc3b26ebff95a528
0000000000000000bd70a0a8ff956636
0000000000000000bea61a65ff953f49
0000000000000000bfdb9422ff95306b
0000000000000000c1110ddfff95399f
0000000000000000c246879cff955ae3
0000000000000000c37c0159ff95942f
0000000000000000c4b17b16ff95e576
0000000000000000c5e6f4d3ff964ea7
0000000000000000c71c6e90ff96cfa9
0000000000000000c851e84dff97685f
0000000000000000c987620aff9818a7
0000000000000000cabcdbc7ff98e05a
0000000000000000cbf25584ff99bf4a
0000000000000000cd27cf41ff9ab544
0000000000000000ce5d48feff9bc212
0000000000000000cf92c2bbff9ce578
0000000000000000d0c83c78ff9e1f32
0000000000000000d1fdb635ff9f6efb
0000000000000000d3332ff2ffa0d487
0000000000000000d468a9afffa24f85
0000000000000000d59e236cffa3dfa0
0000000000000000d6d39d29ffa5847e
0000000000000000d80916e6ffa73dc0
0000000000000000d93e90a3ffa90b03
0000000000000000da740a60ffaaebde
0000000000000000dba9841dffacdfe5
0000000000000000dcdefddaffaee6a8
0000000000000000de147797ffb0ffb1
0000000000000000df49f154ffb32a88
0000000000000000e07f6b11ffb566af
0000000000000000e1b4e4ceffb7b3a6
0000000000000000e2ea5e8bffba10e8
0000000000000000e41fd848ffbc7ded
0000000000000000e5555205ffbefa28
0000000000000000e68acbc2ffc1850a
0000000000000000e7c0457fffc41e00
0000000000000000e8f5bf3cffc6c476
0000000000000000ea2b38f9ffc977d1
0000000000000000eb60b2b6ffcc3776
0000000000000000ec962c73ffcf02c6
0000000000000000edcba630ffd1d920
0000000000000000ef011fedffd4b9e1
0000000000000000f03699aaffd7a463
0000000000000000f16c1367ffda97fd
0000000000000000f2a18d24ffdd9404
0000000000000000f3d706e1ffe097ce
0000000000000000f50c809effe3a2ab
0000000000000000f641fa5bffe6b3ed
0000000000000000f7777418ffe9cae2
0000000000000000f8acedd5ffece6d8
0000000000000000f9e26792fff0071c
0000000000000000fb17e14ffff32afa
0000000000000000fc4d5b0cfff651bc
0000000000000000fd82d4c9fff97aac
0000000000000000feb84e86fffca514
0000000000000000ffedc843ffffd03e
0000000000000000012342000002fb72
00000000000000000258bbbd000625fb
0000000000000000038e357a00094f21
000000000000000004c3af37000c762e
000000000000000005f928f4000f9a6c
0000000000000000072ea2b10012bb26
000000000000000008641c6e0015d7a7
00000000000000000999962b0018ef3c
00000000000000000acf0fe8001c0133
00000000000000000c0489a5001f0cda
00000000000000000d3a036200221182
00000000000000000e6f7d1f00250e7d
00000000000000000fa4f6dc0028031d
000000000000000010da7099002aeeba
0000000000000000120fea56002dd0a9
0000000000000000134564130030a846
0000000000000000147addd0003374eb
000000000000000015b0578d003635f8
000000000000000016e5d14a0038eace
0000000000000000181b4b07003b92d0
00000000000000001950c4c4003e2d65
00000000000000001a863e810040b9f7
00000000000000001bbbb83e004337f3
00000000000000001cf131fb0045a6c9
00000000000000001e26abb8004805ed
00000000000000001f5c2575004a54d6
000000000000000020919f32004c92ff
000000000000000021c718ef004ebfe7
000000000000000022fc92ac0050db0f
000000000000000024320c690052e3ff
0000000000000000256786260054da40
0000000000000000269cffe30056bd63
000000000000000027d279a000588cf9
00000000000000002907f35d005a489b
00000000000000002a3d6d1a005befe5
00000000000000002b72e6d7005d8277
00000000000000002ca86094005efff6
00000000000000002dddda510060680c
00000000000000002f13540e0061ba69
00000000000000003048cdcb0062f6c0
0000000000000000317e478800641cca
000000000000000032b3c14500652c44
000000000000000033e93b02006624f2
0000000000000000351eb4bf0067069b
000000000000000036542e7c0067d10c
00000000000000003789a83900688418
000000000000000038bf21f600691f97
000000000000000039f49bb30069a365
00000000000000003b2a1570006a0f65
00000000000000003c5f8f2d006a637e
00000000000000003d9508ea006a9f9e
00000000000000003eca82a7006ac3b6
00000000000000003ffffc64006acfbf
000000000000000041357621006ac3b7
0000000000000000426aefde006a9f9f
000000000000000043a0699b006a6380
000000000000000044d5e358006a0f67
0000000000000000460b5d150069a368
00000000000000004740d6d200691f9a
00000000000000004876508f0068841c
000000000000000049abca4c0067d111
00000000000000004ae14409006706a0
00000000000000004c16bdc6006624f8
00000000000000004d4c378300652c4b
00000000000000004e81b14000641cd1
00000000000000004fb72afd0062f6c8
000000000000000050eca4ba0061ba71
000000000000000052221e7700606815
000000000000000053579834005effff
0000000000000000548d11f1005d8280
000000000000000055c28bae005befef
000000000000000056f8056b005a48a5
0000000000000000582d7f2800588d04
00000000000000005962f8e50056bd6e
00000000000000005a9872a20054da4c
00000000000000005bcdec5f0052e40a
00000000000000005d03661c0050db1b
00000000000000005e38dfd9004ebff3
00000000000000005f6e5996004c930d
000000000000000060a3d353004a54e4
000000000000000061d94d10004805fb
0000000000000000630ec6cd0045a6d8
00000000000000006444408a00433802
00000000000000006579ba470040ba06
000000000000000066af3404003e2d74
000000000000000067e4adc1003b92df
0000000000000000691a277e0038eade
00000000000000006a4fa13b00363609
00000000000000006b851af8003374fc
00000000000000006cba94b50030a857
00000000000000006df00e72002dd0ba
00000000000000006f25882f002aeecb
0000000000000000705b01ec0028032f
000000000000000071907ba900250e8e
000000000000000072c5f56600221194
000000000000000073fb6f23001f0cec
00000000000000007530e8e0001c0145
00000000000000007666629d0018ef4f
0000000000000000779bdc5a0015d7ba
000000000000000078d156170012bb38
00000000000000007a06cfd4000f9a7f
00000000000000007b3c4991000c7641
00000000000000007c71c34e00094f34
00000000000000007da73d0b0006260e
00000000000000007edcb6c80002fb85
000000000000000080123085ffffd051
00000000000000008147aa42fffca527
0000000000000000827d23fffff97abf
000000000000000083b29dbcfff651ce
000000000000000084e81779fff32b0d
0000000000000000861d9136fff0072f
000000000000000087530af3ffece6eb
0000000000000000888884b0ffe9caf5
000000000000000089bdfe6dffe6b3ff
00000000000000008af3782affe3a2bd
00000000000000008c28f1e7ffe097e0
00000000000000008d5e6ba4ffdd9416
00000000000000008e93e561ffda980e
00000000000000008fc95f1effd7a474
000000000000000090fed8dbffd4b9f3
000000000000000092345298ffd1d931
00000000000000009369cc55ffcf02d7
0000000000000000949f4612ffcc3786
000000000000000095d4bfcfffc977e1
0000000000000000970a398cffc6c486
0000000000000000983fb349ffc41e10
000000000000000099752d06ffc18519
00000000000000009aaaa6c3ffbefa37
00000000000000009be02080ffbc7dfb
00000000000000009d159a3dffba10f7
00000000000000009e4b13faffb7b3b4
00000000000000009f808db7ffb566bd
0000000000000000a0b60774ffb32a95
0000000000000000a1eb8131ffb0ffbe
0000000000000000a320faeeffaee6b4
0000000000000000a45674abffacdff1
0000000000000000a58bee68ffaaebe9
0000000000000000a6c16825ffa90b0e
0000000000000000a7f6e1e2ffa73dcb
0000000000000000a92c5b9fffa58489
0000000000000000aa61d55cffa3dfaa
0000000000000000ab974f19ffa24f8e
0000000000000000acccc8d6ffa0d490
0000000000000000ae024293ff9f6f03
0000000000000000af37bc50ff9e1f3a
0000000000000000b06d360dff9ce57f
0000000000000000b1a2afcaff9bc219
0000000000000000b2d82987ff9ab54a
0000000000000000b40da344ff99bf4f
0000000000000000b5431d01ff98e05f
0000000000000000b67896beff9818ac
0000000000000000b7ae107bff976863
0000000000000000b8e38a38ff96cfac
0000000000000000ba1903f5ff964ea9
0000000000000000bb4e7db2ff95e578
0000000000000000bc83f76fff959430
0000000000000000bdb9712cff955ae4
0000000000000000beeeeae9ff9539a0
0000000000000000c02464a6ff95306b
0000000000000000c159de63ff953f49
0000000000000000c28f5820ff956635
0000000000000000c3c4d1ddff95a527
0000000000000000c4fa4b9aff95fc10
0000000000000000c62fc557ff966ade
0000000000000000c7653f14ff96f176
0000000000000000c89ab8d1ff978fbc
0000000000000000c9d0328eff98458a
0000000000000000cb05ac4bff9912b8
0000000000000000cc3b2608ff99f719
0000000000000000cd709fc5ff9af278
0000000000000000cea61982ff9c049c
0000000000000000cfdb933fff9d2d48
0000000000000000d1110cfcff9e6c3a
0000000000000000d24686b9ff9fc129
0000000000000000d37c0076ffa12bc8
0000000000000000d4b17a33ffa2abc6
000000000000000000000000006acfc0
0000000000000000013579bd006acfc0
0000000000000000026af37a006acfc0
000000000000000003a06d37006acfc0
000000000000000004d5e6f4006acfc0
0000000000000000060b60b1006acfc0
00000000000000000740da6e006acfc0
00000000000000000876542b006acfc0
000000000000000009abcde8006acfc0
00000000000000000ae147a5006acfc0
00000000000000000c16c162006acfc0
00000000000000000d4c3b1f006acfc0
00000000000000000e81b4dc006acfc0
00000000000000000fb72e99006acfc0
000000000000000010eca856006acfc0
000000000000000012222213006acfc0
000000000000000013579bd0006acfc0
0000000000000000148d158d006acfc0
000000000000000015c28f4a006acfc0
000000000000000016f80907006acfc0
0000000000000000182d82c4006acfc0
00000000000000001962fc81006acfc0
00000000000000001a98763e006acfc0
00000000000000001bcdeffb006acfc0
00000000000000001d0369b8006acfc0
00000000000000001e38e375006acfc0
00000000000000001f6e5d32006acfc0
000000000000000020a3d6ef006acfc0
000000000000000021d950ac006acfc0
0000000000000000230eca69006acfc0
000000000000000024444426006acfc0
00000000000000002579bde3006acfc0
000000000000000026af37a0006acfc0
000000000000000027e4b15d006acfc0
0000000000000000291a2b1a006acfc0
00000000000000002a4fa4d7006acfc0
00000000000000002b851e94006acfc0
00000000000000002cba9851006acfc0
00000000000000002df0120e006acfc0
00000000000000002f258bcb006acfc0
0000000000000000305b0588006acfc0
000000000000000031907f45006acfc0
000000000000000032c5f902006acfc0
000000000000000033fb72bf006acfc0
00000000000000003530ec7c006acfc0
000000000000000036666639006acfc0
0000000000000000379bdff6006acfc0
000000000000000038d159b3006acfc0
00000000000000003a06d370006acfc0
00000000000000003b3c4d2d006acfc0
00000000000000003c71c6ea006acfc0
00000000000000003da740a7006acfc0
00000000000000003edcba64006acfc0
000000000000000040123421006acfc0
00000000000000004147adde006acfc0
0000000000000000427d279b006acfc0
000000000000000043b2a158006acfc0
000000000000000044e81b15006acfc0
0000000000000000461d94d2006acfc0
000000000000000047530e8f006acfc0
00000000000000004888884c006acfc0
000000000000000049be0209006acfc0
00000000000000004af37bc6006acfc0
00000000000000004c28f583006acfc0
00000000000000004d5e6f40006acfc0
00000000000000004e93e8fd006acfc0
00000000000000004fc962ba006acfc0
000000000000000050fedc77006acfc0
000000000000000052345634006acfc0
00000000000000005369cff1006acfc0
0000000000000000549f49ae006acfc0
000000000000000055d4c36b006acfc0
0000000000000000570a3d28006acfc0
0000000000000000583fb6e5006acfc0
0000000000000000597530a2006acfc0
00000000000000005aaaaa5f006acfc0
00000000000000005be0241c006acfc0
00000000000000005d159dd9006acfc0
00000000000000005e4b1796006acfc0
00000000000000005f809153006acfc0
000000000000000060b60b10006acfc0
000000000000000061eb84cd006acfc0
00000000000000006320fe8a006acfc0
000000000000000064567847006acfc0
0000000000000000658bf204006acfc0
000000000000000066c16bc1006acfc0
000000000000000067f6e57e006acfc0
0000000000000000692c5f3b006acfc0
00000000000000006a61d8f8006acfc0
00000000000000006b9752b5006acfc0
00000000000000006ccccc72006acfc0
00000000000000006e02462f006acfc0
00000000000000006f37bfec006acfc0
0000000000000000706d39a9006acfc0
000000000000000071a2b366006acfc0
000000000000000072d82d23006acfc0
0000000000000000740da6e0006acfc0
00000000000000007543209d006acfc0
000000000000000076789a5a006acfc0
000000000000000077ae1417006acfc0
000000000000000078e38dd4006acfc0
00000000000000007a190791006acfc0
00000000000000007b4e814e006acfc0
00000000000000007c83fb0b006acfc0
00000000000000007db974c8006acfc0
00000000000000007eeeee85006acfc0
000000000000000080246842006acfc0
00000000000000008159e1ff006acfc0
0000000000000000828f5bbc006acfc0
000000000000000083c4d579006acfc0
000000000000000084fa4f36006acfc0
0000000000000000862fc8f3006acfc0
0000000000000000876542b0006acfc0
0000000000000000889abc6d006acfc0
000000000000000089d0362a006acfc0
00000000000000008b05afe7006acfc0
00000000000000008c3b29a4006acfc0
00000000000000008d70a361006acfc0
00000000000000008ea61d1e006acfc0
00000000000000008fdb96db006acfc0
000000000000000091111098006acfc0
000000000000000092468a55006acfc0
0000000000000000937c0412006acfc0
000000000000000094b17dcf006acfc0
000000000000000095e6f78c006acfc0
0000000000000000971c7149006acfc0
00000000000000009851eb06006acfc0
0000000000000000998764c3006acfc0
00000000000000009abcde80006acfc0
00000000000000009bf2583d006acfc0
00000000000000009d27d1fa006acfc0
00000000000000009e5d4bb7006acfc0
00000000000000009f92c574006acfc0
0000000000000000a0c83f31006acfc0
0000000000000000a1fdb8ee006acfc0
0000000000000000a33332ab006acfc0
0000000000000000a468ac68006acfc0
0000000000000000a59e2625006acfc0
0000000000000000a6d39fe2006acfc0
0000000000000000a809199f006acfc0
0000000000000000a93e935c006acfc0
0000000000000000aa740d19006acfc0
0000000000000000aba986d6006acfc0
0000000000000000acdf0093006acfc0
0000000000000000ae147a50006acfc0
0000000000000000af49f40d006acfc0
0000000000000000b07f6dca006acfc0
0000000000000000b1b4e787006acfc0
0000000000000000b2ea6144006acfc0
0000000000000000b41fdb01006acfc0
0000000000000000b55554be006acfc0
0000000000000000b68ace7b006acfc0
0000000000000000b7c04838006acfc0
0000000000000000b8f5c1f5006acfc0
0000000000000000ba2b3bb2006acfc0
0000000000000000bb60b56f006acfc0
0000000000000000bc962f2c006acfc0
0000000000000000bdcba8e9006acfc0
0000000000000000bf0122a6006acfc0
0000000000000000c0369c63006acfc0
0000000000000000c16c1620006acfc0
0000000000000000c2a18fdd006acfc0
0000000000000000c3d7099a006acfc0
0000000000000000c50c8357006acfc0
0000000000000000c641fd14006acfc0
0000000000000000c77776d1006acfc0
0000000000000000c8acf08e006acfc0
0000000000000000c9e26a4b006acfc0
0000000000000000cb17e408006acfc0
0000000000000000cc4d5dc5006acfc0
0000000000000000cd82d782006acfc0
0000000000000000ceb8513f006acfc0
0000000000000000cfedcafc006acfc0
0000000000000000d12344b9006acfc0
0000000000000000d258be76006acfc0
0000000000000000d38e3833006acfc0
0000000000000000d4c3b1f0006acfc0
0000000000000000d5f92bad006acfc0
0000000000000000d72ea56a006acfc0
0000000000000000d8641f27006acfc0
0000000000000000d99998e4006acfc0
0000000000000000dacf12a1006acfc0
0000000000000000dc048c5e006acfc0
0000000000000000dd3a061b006acfc0
0000000000000000de6f7fd8006acfc0
0000000000000000dfa4f995006acfc0
0000000000000000e0da7352006acfc0
0000000000000000e20fed0f006acfc0
0000000000000000e34566cc006acfc0
0000000000000000e47ae089006acfc0
0000000000000000e5b05a46006acfc0
0000000000000000e6e5d403006acfc0
0000000000000000e81b4dc0006acfc0
0000000000000000e950c77d006acfc0
0000000000000000ea86413a006acfc0
0000000000000000ebbbbaf7006acfc0
0000000000000000ecf134b4006acfc0
0000000000000000ee26ae71006acfc0
0000000000000000ef5c282e006acfc0
0000000000000000f091a1eb006acfc0
0000000000000000f1c71ba8006acfc0
0000000000000000f2fc9565006acfc0
0000000000000000f4320f22006acfc0
0000000000000000f56788df006acfc0
0000000000000000f69d029c006acfc0
0000000000000000f7d27c59006acfc0
0000000000000000f907f616006acfc0
0000000000000000fa3d6fd3006acfc0
0000000000000000fb72e990006acfc0
0000000000000000fca8634d006acfc0
0000000000000000fddddd0a006acfc0
0000000000000000ff1356c7006acfc0
00000000000000000048d084006acfc0
0000000000000000017e4a41006acfc0
000000000000000002b3c3fe006acfc0
000000000000000003e93dbb006acfc0
0000000000000000051eb778006acfc0
000000000000000006543135006acfc0
00000000000000000789aaf2006acfc0
000000000000000008bf24af006acfc0
000000000000000009f49e6c006acfc0
00000000000000000b2a1829006acfc0
00000000000000000c5f91e6006acfc0
00000000000000000d950ba3006acfc0
00000000000000000eca8560006acfc0
00000000000000000fffff1d006acfc0
0000000000000000113578da006acfc0
0000000000000000126af297006acfc0
000000000000000013a06c54006acfc0
000000000000000014d5e611006acfc0
0000000000000000160b5fce006acfc0
00000000000000001740d98b006acfc0
000000000000000018765348006acfc0
000000000000000019abcd05006acfc0
00000000000000001ae146c2006acfc0
00000000000000001c16c07f006acfc0
00000000000000001d4c3a3c006acfc0
00000000000000001e81b3f9006acfc0
00000000000000001fb72db6006acfc0
000000000000000020eca773006acfc0
000000000000000022222130006acfc0
000000000000000023579aed006acfc0
0000000000000000248d14aa006acfc0
000000000000000025c28e67006acfc0
000000000000000026f80824006acfc0
0000000000000000282d81e1006acfc0
00000000000000002962fb9e006acfc0
00000000000000002a98755b006acfc0
00000000000000002bcdef18006acfc0
00000000000000002d0368d5006acfc0
00000000000000002e38e292006acfc0
00000000000000002f6e5c4f006acfc0
000000000000000030a3d60c006acfc0
000000000000000031d94fc9006acfc0
0000000000000000330ec986006acfc0
000000000000000034444343006acfc0
00000000000000003579bd00006acfc0
000000000000000036af36bd006acfc0
000000000000000037e4b07a006acfc0
0000000000000000391a2a37006acfc0
00000000000000003a4fa3f4006acfc0
00000000000000003b851db1006acfc0
00000000000000003cba976e006acfc0
00000000000000003df0112b006acfc0
00000000000000003f258ae8006acfc0
0000000000000000405b04a5006acfc0
000000000000000041907e62006acfc0
000000000000000042c5f81f006acfc0
000000000000000043fb71dc006acfc0
00000000000000004530eb99006acfc0
000000000000000046666556006acfc0
0000000000000000479bdf13006acfc0
000000000000000048d158d0006acfc0
00000000000000004a06d28d006acfc0
00000000000000004b3c4c4a006acfc0
00000000000000004c71c607006acfc0
00000000000000004da73fc4006acfc0
00000000000000004edcb981006acfc0
00000000000000005012333e006acfc0
00000000000000005147acfb006acfc0
0000000000000000527d26b8006acfc0
000000000000000053b2a075006acfc0
000000000000000054e81a32006acfc0
0000000000000000561d93ef006acfc0
000000000000000057530dac006acfc0
000000000000000058888769006acfc0
000000000000000059be0126006acfc0
00000000000000005af37ae3006acfc0
00000000000000005c28f4a0006acfc0
00000000000000005d5e6e5d006acfc0
00000000000000005e93e81a006acfc0
00000000000000005fc961d7006acfc0
000000000000000060fedb94006acfc0
000000000000000062345551006acfc0
00000000000000006369cf0e006acfc0
0000000000000000649f48cb006acfc0
000000000000000065d4c288006acfc0
0000000000000000670a3c45006acfc0
0000000000000000683fb602006acfc0
000000000000000069752fbf006acfc0
00000000000000006aaaa97c006acfc0
00000000000000006be02339006acfc0
00000000000000006d159cf6006acfc0
00000000000000006e4b16b3006acfc0
00000000000000006f809070006acfc0
000000000000000070b60a2d006acfc0
000000000000000071eb83ea006acfc0
00000000000000007320fda7006acfc0
000000000000000074567764006acfc0
0000000000000000758bf121006acfc0
000000000000000076c16ade006acfc0
000000000000000077f6e49b006acfc0
0000000000000000792c5e58006acfc0
00000000000000007a61d815006acfc0
00000000000000007b9751d2006acfc0
00000000000000007ccccb8f006acfc0
00000000000000007e02454c006acfc0
00000000000000007f37bf09006acfc0
0000000000000000806d38c6006acfc0
000000000000000081a2b283006acfc0
000000000000000082d82c40006acfc0
0000000000000000840da5fd006acfc0
000000000000000085431fba006acfc0
000000000000000086789977006acfc0
000000000000000087ae1334006acfc0
000000000000000088e38cf1006acfc0
00000000000000008a1906ae006acfc0
00000000000000008b4e806b006acfc0
00000000000000008c83fa28006acfc0
00000000000000008db973e5006acfc0
00000000000000008eeeeda2006acfc0
00000000000000009024675f006acfc0
00000000000000009159e11c006acfc0
0000000000000000928f5ad9006acfc0
000000000000000093c4d496006acfc0
000000000000000094fa4e53006acfc0
0000000000000000962fc810006acfc0
0000000000000000976541cd006acfc0
0000000000000000989abb8a006acfc0
000000000000000099d03547006acfc0
00000000000000009b05af04006acfc0
00000000000000009c3b28c1006acfc0
00000000000000009d70a27e006acfc0
00000000000000009ea61c3b006acfc0
00000000000000009fdb95f8006acfc0
0000000000000000a1110fb5006acfc0
0000000000000000a2468972006acfc0
0000000000000000a37c032f006acfc0
0000000000000000a4b17cec006acfc0
0000000000000000a5e6f6a9006acfc0
0000000000000000a71c7066006acfc0
0000000000000000a851ea23006acfc0
0000000000000000a98763e0006acfc0
0000000000000000aabcdd9d006acfc0
0000000000000000abf2575a006acfc0
0000000000000000ad27d117006acfc0
0000000000000000ae5d4ad4006acfc0
0000000000000000af92c491006acfc0
0000000000000000b0c83e4e006acfc0
0000000000000000b1fdb80b006acfc0
0000000000000000b33331c8006acfc0
0000000000000000b468ab85006acfc0
0000000000000000b59e2542006acfc0
0000000000000000b6d39eff006acfc0
0000000000000000b80918bc006acfc0
0000000000000000b93e9279006acfc0
0000000000000000ba740c36006acfc0
0000000000000000bba985f3006acfc0
0000000000000000bcdeffb0006acfc0
0000000000000000be14796d006acfc0
0000000000000000bf49f32a006acfc0
0000000000000000c07f6ce7006acfc0
0000000000000000c1b4e6a4006acfc0
0000000000000000c2ea6061006acfc0
0000000000000000c41fda1e006acfc0
0000000000000000c55553db006acfc0
0000000000000000c68acd98006acfc0
0000000000000000c7c04755006acfc0
0000000000000000c8f5c112006acfc0
0000000000000000ca2b3acf006acfc0
0000000000000000cb60b48c006acfc0
0000000000000000cc962e49006acfc0
0000000000000000cdcba806006acfc0
0000000000000000cf0121c3006acfc0
0000000000000000d0369b80006acfc0
0000000000000000d16c153d006acfc0
0000000000000000d2a18efa006acfc0
0000000000000000d3d708b7006acfc0
0000000000000000d50c8274006acfc0
0000000000000000d641fc31006acfc0
0000000000000000d77775ee006acfc0
0000000000000000d8acefab006acfc0
0000000000000000d9e26968006acfc0
0000000000000000db17e325006acfc0
0000000000000000dc4d5ce2006acfc0
0000000000000000dd82d69f006acfc0
0000000000000000deb8505c006acfc0
0000000000000000dfedca19006acfc0
0000000000000000e12343d6006acfc0
0000000000000000e258bd93006acfc0
0000000000000000e38e3750006acfc0
0000000000000000e4c3b10d006acfc0
0000000000000000e5f92aca006acfc0
0000000000000000e72ea487006acfc0
0000000000000000e8641e44006acfc0
0000000000000000e9999801006acfc0
0000000000000000eacf11be006acfc0
0000000000000000ec048b7b006acfc0
0000000000000000ed3a0538006acfc0
0000000000000000ee6f7ef5006acfc0
0000000000000000efa4f8b2006acfc0
0000000000000000f0da726f006acfc0
0000000000000000f20fec2c006acfc0
0000000000000000f34565e9006acfc0
0000000000000000f47adfa6006acfc0
0000000000000000f5b05963006acfc0
0000000000000000f6e5d320006acfc0
0000000000000000f81b4cdd006acfc0
0000000000000000f950c69a006acfc0
0000000000000000fa864057006acfc0
0000000000000000fbbbba14006acfc0
0000000000000000fcf133d1006acfc0
0000000000000000fe26ad8e006acfc0
0000000000000000ff5c274b006acfc0
00000000000000000091a108006acfc0
000000000000000001c71ac5006acfc0
000000000000000002fc9482006acfc0
000000000000000004320e3f006acfc0
0000000000000000056787fc006acfc0
0000000000000000069d01b9006acfc0
000000000000000007d27b76006acfc0
00000000000000000907f533006acfc0
00000000000000000a3d6ef0006acfc0
00000000000000000b72e8ad006acfc0
00000000000000000ca8626a006acfc0
00000000000000000ddddc27006acfc0
00000000000000000f1355e4006acfc0
00000000000000001048cfa1006acfc0
0000000000000000117e495e006acfc0
000000000000000012b3c31b006acfc0
000000000000000013e93cd8006acfc0
0000000000000000151eb695006acfc0
000000000000000016543052006acfc0
00000000000000001789aa0f006acfc0
000000000000000018bf23cc006acfc0
000000000000000019f49d89006acfc0
00000000000000001b2a1746006acfc0
00000000000000001c5f9103006acfc0
00000000000000001d950ac0006acfc0
00000000000000001eca847d006acfc0
00000000000000001ffffe3a006acfc0
0000000000000000213577f7006acfc0
0000000000000000226af1b4006acfc0
000000000000000023a06b71006acfc0
000000000000000024d5e52e006acfc0
0000000000000000260b5eeb006acfc0
00000000000000002740d8a8006acfc0
000000000000000028765265006acfc0
000000000000000029abcc22006acfc0
00000000000000002ae145df006acfc0
00000000000000002c16bf9c006acfc0
00000000000000002d4c3959006acfc0
00000000000000002e81b316006acfc0
00000000000000002fb72cd3006acfc0
000000000000000030eca690006acfc0
00000000000000003222204d006acfc0
000000000000000033579a0a006acfc0
0000000000000000348d13c7006acfc0
000000000000000035c28d84006acfc0
000000000000000036f80741006acfc0
0000000000000000382d80fe006acfc0
00000000000000003962fabb006acfc0
00000000000000003a987478006acfc0
00000000000000003bcdee35006acfc0
00000000000000003d0367f2006acfc0
00000000000000003e38e1af006acfc0
00000000000000003f6e5b6c006acfc0
000000000000000040a3d529006acfc0
000000000000000041d94ee6006acfc0
0000000000000000430ec8a3006acfc0
000000000000000044444260006acfc0
00000000000000004579bc1d006acfc0
000000000000000046af35da006acfc0
000000000000000047e4af97006acfc0
0000000000000000491a2954006acfc0
00000000000000004a4fa311006acfc0
00000000000000004b851cce006acfc0
00000000000000004cba968b006acfc0
00000000000000004df01048006acfc0
00000000000000004f258a05006acfc0
0000000000000000505b03c2006acfc0
000000000000000051907d7f006acfc0
000000000000000052c5f73c006acfc0
000000000000000053fb70f9006acfc0
00000000000000005530eab6006acfc0
000000000000000056666473006acfc0
0000000000000000579bde30006acfc0
000000000000000058d157ed006acfc0
00000000000000005a06d1aa006acfc0
00000000000000005b3c4b67006acfc0
00000000000000005c71c524006acfc0
00000000000000005da73ee1006acfc0
00000000000000005edcb89e006acfc0
00000000000000006012325b006acfc0
00000000000000006147ac18006acfc0
0000000000000000627d25d5006acfc0
000000000000000063b29f92006acfc0
000000000000000064e8194f006acfc0
0000000000000000661d930c006acfc0
000000000000000067530cc9006acfc0
000000000000000068888686006acfc0
000000000000000069be0043006acfc0
00000000000000006af37a00ff953040
00000000000000006c28f3bdff953040
00000000000000006d5e6d7aff953040
00000000000000006e93e737ff953040
00000000000000006fc960f4ff953040
000000000000000070fedab1ff953040
00000000000000007234546eff953040
00000000000000007369ce2bff953040
0000000000000000749f47e8ff953040
000000000000000075d4c1a5ff953040
0000000000000000770a3b62ff953040
0000000000000000783fb51fff953040
000000000000000079752edcff953040
00000000000000007aaaa899ff953040
00000000000000007be02256ff953040
00000000000000007d159c13ff953040
00000000000000007e4b15d0ff953040
00000000000000007f808f8dff953040
000000000000000080b6094aff953040
000000000000000081eb8307ff953040
00000000000000008320fcc4ff953040
000000000000000084567681ff953040
0000000000000000858bf03eff953040
000000000000000086c169fbff953040
000000000000000087f6e3b8ff953040
0000000000000000892c5d75ff953040
00000000000000008a61d732ff953040
00000000000000008b9750efff953040
00000000000000008ccccaacff953040
00000000000000008e024469ff953040
00000000000000008f37be26ff953040
0000000000000000906d37e3ff953040
000000000000000091a2b1a0ff953040
000000000000000092d82b5dff953040
0000000000000000940da51aff953040
000000000000000095431ed7ff953040
000000000000000096789894ff953040
000000000000000097ae1251ff953040
000000000000000098e38c0eff953040
00000000000000009a1905cbff953040
00000000000000009b4e7f88ff953040
00000000000000009c83f945ff953040
00000000000000009db97302ff953040
00000000000000009eeeecbfff953040
0000000000000000a024667cff953040
0000000000000000a159e039ff953040
0000000000000000a28f59f6ff953040
0000000000000000a3c4d3b3ff953040
0000000000000000a4fa4d70ff953040
0000000000000000a62fc72dff953040
0000000000000000a76540eaff953040
0000000000000000a89abaa7ff953040
0000000000000000a9d03464ff953040
0000000000000000ab05ae21ff953040
0000000000000000ac3b27deff953040
0000000000000000ad70a19bff953040
0000000000000000aea61b58ff953040
0000000000000000afdb9515ff953040
0000000000000000b1110ed2ff953040
0000000000000000b246888fff953040
0000000000000000b37c024cff953040
0000000000000000b4b17c09ff953040
0000000000000000b5e6f5c6ff953040
0000000000000000b71c6f83ff953040
0000000000000000b851e940ff953040
0000000000000000b98762fdff953040
0000000000000000babcdcbaff953040
0000000000000000bbf25677ff953040
0000000000000000bd27d034ff953040
0000000000000000be5d49f1ff953040
0000000000000000bf92c3aeff953040
0000000000000000c0c83d6bff953040
0000000000000000c1fdb728ff953040
0000000000000000c33330e5ff953040
0000000000000000c468aaa2ff953040
0000000000000000c59e245fff953040
0000000000000000c6d39e1cff953040
0000000000000000c80917d9ff953040
0000000000000000c93e9196ff953040
0000000000000000ca740b53ff953040
0000000000000000cba98510ff953040
0000000000000000ccdefecdff953040
0000000000000000ce14788aff953040
0000000000000000cf49f247ff953040
0000000000000000d07f6c04ff953040
0000000000000000d1b4e5c1ff953040
0000000000000000d2ea5f7eff953040
0000000000000000d41fd93bff953040
0000000000000000d55552f8ff953040
0000000000000000d68accb5ff953040
0000000000000000d7c04672ff953040
0000000000000000d8f5c02fff953040
0000000000000000da2b39ecff953040
0000000000000000db60b3a9ff953040
0000000000000000dc962d66ff953040
0000000000000000ddcba723ff953040
0000000000000000df0120e0ff953040
0000000000000000e0369a9dff953040
0000000000000000e16c145aff953040
0000000000000000e2a18e17ff953040
0000000000000000e3d707d4ff953040
0000000000000000e50c8191ff953040
0000000000000000e641fb4eff953040
0000000000000000e777750bff953040
0000000000000000e8aceec8ff953040
0000000000000000e9e26885ff953040
0000000000000000eb17e242ff953040
0000000000000000ec4d5bffff953040
0000000000000000ed82d5bcff953040
0000000000000000eeb84f79ff953040
0000000000000000efedc936ff953040
0000000000000000f12342f3ff953040
0000000000000000f258bcb0ff953040
0000000000000000f38e366dff953040
0000000000000000f4c3b02aff953040
0000000000000000f5f929e7ff953040
0000000000000000f72ea3a4ff953040
0000000000000000f8641d61ff953040
0000000000000000f999971eff953040
0000000000000000facf10dbff953040
0000000000000000fc048a98ff953040
0000000000000000fd3a0455ff953040
0000000000000000fe6f7e12ff953040
0000000000000000ffa4f7cfff953040
000000000000000000da718cff953040
0000000000000000020feb49ff953040
000000000000000003456506ff953040
0000000000000000047adec3ff953040
000000000000000005b05880ff953040
000000000000000006e5d23dff953040
0000000000000000081b4bfaff953040
00000000000000000950c5b7ff953040
00000000000000000a863f74ff953040
00000000000000000bbbb931ff953040
00000000000000000cf132eeff953040
00000000000000000e26acabff953040
00000000000000000f5c2668ff953040
00000000000000001091a025ff953040
000000000000000011c719e2ff953040
000000000000000012fc939fff953040
000000000000000014320d5cff953040
000000000000000015678719ff953040
0000000000000000169d00d6ff953040
000000000000000017d27a93ff953040
00000000000000001907f450ff953040
00000000000000001a3d6e0dff953040
00000000000000001b72e7caff953040
00000000000000001ca86187ff953040
00000000000000001ddddb44ff953040
00000000000000001f135501ff953040
00000000000000002048cebeff953040
0000000000000000217e487bff953040
000000000000000022b3c238ff953040
000000000000000023e93bf5ff953040
0000000000000000251eb5b2ff953040
000000000000000026542f6fff953040
00000000000000002789a92cff953040
000000000000000028bf22e9ff953040
000000000000000029f49ca6ff953040
00000000000000002b2a1663ff953040
00000000000000002c5f9020ff953040
00000000000000002d9509ddff953040
00000000000000002eca839aff953040
00000000000000002ffffd57ff953040
000000000000000031357714ff953040
0000000000000000326af0d1ff953040
000000000000000033a06a8eff953040
000000000000000034d5e44bff953040
0000000000000000360b5e08ff953040
00000000000000003740d7c5ff953040
000000000000000038765182ff953040
000000000000000039abcb3fff953040
00000000000000003ae144fcff953040
00000000000000003c16beb9ff953040
00000000000000003d4c3876ff953040
00000000000000003e81b233ff953040
00000000000000003fb72bf0ff953040
000000000000000040eca5adff953040
000000000000000042221f6aff953040
000000000000000043579927ff953040
0000000000000000448d12e4ff953040
000000000000000045c28ca1ff953040
000000000000000046f8065eff953040
0000000000000000482d801bff953040
00000000000000004962f9d8ff953040
00000000000000004a987395ff953040
00000000000000004bcded52ff953040
00000000000000004d03670fff953040
00000000000000004e38e0ccff953040
00000000000000004f6e5a89ff953040
000000000000000050a3d446ff953040
000000000000000051d94e03ff953040
0000000000000000530ec7c0ff953040
00000000000000005444417dff953040
00000000000000005579bb3aff953040
000000000000000056af34f7ff953040
000000000000000057e4aeb4ff953040
0000000000000000591a2871ff953040
00000000000000005a4fa22eff953040
00000000000000005b851bebff953040
00000000000000005cba95a8ff953040
00000000000000005df00f65ff953040
00000000000000005f258922ff953040
0000000000000000605b02dfff953040
000000000000000061907c9cff953040
000000000000000062c5f659ff953040
000000000000000063fb7016ff953040
00000000000000006530e9d3ff953040
000000000000000066666390ff953040
0000000000000000679bdd4dff953040
000000000000000068d1570aff953040
00000000000000006a06d0c7ff953040
00000000000000006b3c4a84ff953040
00000000000000006c71c441ff953040
00000000000000006da73dfeff953040
00000000000000006edcb7bbff953040
000000000000000070123178ff953040
00000000000000007147ab35ff953040
0000000000000000727d24f2ff953040
000000000000000073b29eafff953040
000000000000000074e8186cff953040
0000000000000000761d9229ff953040
000000000000000077530be6ff953040
0000000000000000788885a3ff953040
000000000000000079bdff60ff953040
00000000000000007af3791dff953040
00000000000000007c28f2daff953040
00000000000000007d5e6c97ff953040
00000000000000007e93e654ff953040
00000000000000007fc96011ff953040
000000000000000080fed9ceff953040
00000000000000008234538bff953040
00000000000000008369cd48ff953040
0000000000000000849f4705ff953040
000000000000000085d4c0c2ff953040
0000000000000000870a3a7fff953040
0000000000000000883fb43cff953040
000000000000000089752df9ff953040
00000000000000008aaaa7b6ff953040
00000000000000008be02173ff953040
00000000000000008d159b30ff953040
00000000000000008e4b14edff953040
00000000000000008f808eaaff953040
000000000000000090b60867ff953040
000000000000000091eb8224ff953040
00000000000000009320fbe1ff953040
00000000000000009456759eff953040
0000000000000000958bef5bff953040
000000000000000096c16918ff953040
000000000000000097f6e2d5ff953040
0000000000000000992c5c92ff953040
00000000000000009a61d64fff953040
00000000000000009b97500cff953040
00000000000000009cccc9c9ff953040
00000000000000009e024386ff953040
00000000000000009f37bd43ff953040
0000000000000000a06d3700ff953040
0000000000000000a1a2b0bdff953040
0000000000000000a2d82a7aff953040
0000000000000000a40da437ff953040
0000000000000000a5431df4ff953040
0000000000000000a67897b1ff953040
0000000000000000a7ae116eff953040
0000000000000000a8e38b2bff953040
0000000000000000aa1904e8ff953040
0000000000000000ab4e7ea5ff953040
0000000000000000ac83f862ff953040
0000000000000000adb9721fff953040
0000000000000000aeeeebdcff953040
0000000000000000b0246599ff953040
0000000000000000b159df56ff953040
0000000000000000b28f5913ff953040
0000000000000000b3c4d2d0ff953040
0000000000000000b4fa4c8dff953040
0000000000000000b62fc64aff953040
0000000000000000b7654007ff953040
0000000000000000b89ab9c4ff953040
0000000000000000b9d03381ff953040
0000000000000000bb05ad3eff953040
0000000000000000bc3b26fbff953040
0000000000000000bd70a0b8ff953040
0000000000000000bea61a75ff953040
0000000000000000bfdb9432ff953040
0000000000000000c1110defff953040
0000000000000000c24687acff953040
0000000000000000c37c0169ff953040
0000000000000000c4b17b26ff953040
0000000000000000c5e6f4e3ff953040
0000000000000000c71c6ea0ff953040
0000000000000000c851e85dff953040
0000000000000000c987621aff953040
0000000000000000cabcdbd7ff953040
0000000000000000cbf25594ff953040
0000000000000000cd27cf51ff953040
0000000000000000ce5d490eff953040
0000000000000000cf92c2cbff953040
0000000000000000d0c83c88ff953040
0000000000000000d1fdb645ff953040
0000000000000000d3333002ff953040
0000000000000000d468a9bfff953040
0000000000000000d59e237cff953040
0000000000000000d6d39d39ff953040
0000000000000000d80916f6ff953040
0000000000000000d93e90b3ff953040
0000000000000000da740a70ff953040
0000000000000000dba9842dff953040
0000000000000000dcdefdeaff953040
0000000000000000de1477a7ff953040
0000000000000000df49f164ff953040
0000000000000000e07f6b21ff953040
0000000000000000e1b4e4deff953040
0000000000000000e2ea5e9bff953040
0000000000000000e41fd858ff953040
0000000000000000e5555215ff953040
0000000000000000e68acbd2ff953040
0000000000000000e7c0458fff953040
0000000000000000e8f5bf4cff953040
0000000000000000ea2b3909ff953040
0000000000000000eb60b2c6ff953040
0000000000000000ec962c83ff953040
0000000000000000edcba640ff953040
0000000000000000ef011ffdff953040
0000000000000000f03699baff953040
0000000000000000f16c1377ff953040
0000000000000000f2a18d34ff953040
0000000000000000f3d706f1ff953040
0000000000000000f50c80aeff953040
0000000000000000f641fa6bff953040
0000000000000000f7777428ff953040
0000000000000000f8acede5ff953040
0000000000000000f9e267a2ff953040
0000000000000000fb17e15fff953040
0000000000000000fc4d5b1cff953040
0000000000000000fd82d4d9ff953040
0000000000000000feb84e96ff953040
0000000000000000ffedc853ff953040
000000000000000001234210ff953040
00000000000000000258bbcdff953040
0000000000000000038e358aff953040
000000000000000004c3af47ff953040
000000000000000005f92904ff953040
0000000000000000072ea2c1ff953040
000000000000000008641c7eff953040
00000000000000000999963bff953040
00000000000000000acf0ff8ff953040
00000000000000000c0489b5ff953040
00000000000000000d3a0372ff953040
00000000000000000e6f7d2fff953040
00000000000000000fa4f6ecff953040
000000000000000010da70a9ff953040
0000000000000000120fea66ff953040
000000000000000013456423ff953040
0000000000000000147adde0ff953040
000000000000000015b0579dff953040
000000000000000016e5d15aff953040
0000000000000000181b4b17ff953040
00000000000000001950c4d4ff953040
00000000000000001a863e91ff953040
00000000000000001bbbb84eff953040
00000000000000001cf1320bff953040
00000000000000001e26abc8ff953040
00000000000000001f5c2585ff953040
000000000000000020919f42ff953040
000000000000000021c718ffff953040
000000000000000022fc92bcff953040
000000000000000024320c79ff953040
000000000000000025678636ff953040
0000000000000000269cfff3ff953040
000000000000000027d279b0ff953040
00000000000000002907f36dff953040
00000000000000002a3d6d2aff953040
00000000000000002b72e6e7ff953040
00000000000000002ca860a4ff953040
00000000000000002dddda61ff953040
00000000000000002f13541eff953040
00000000000000003048cddbff953040
0000000000000000317e4798ff953040
000000000000000032b3c155ff953040
000000000000000033e93b12ff953040
0000000000000000351eb4cfff953040
000000000000000036542e8cff953040
00000000000000003789a849ff953040
000000000000000038bf2206ff953040
000000000000000039f49bc3ff953040
00000000000000003b2a1580ff953040
00000000000000003c5f8f3dff953040
00000000000000003d9508faff953040
00000000000000003eca82b7ff953040
00000000000000003ffffc74ff953040
000000000000000041357631ff953040
0000000000000000426aefeeff953040
000000000000000043a069abff953040
000000000000000044d5e368ff953040
0000000000000000460b5d25ff953040
00000000000000004740d6e2ff953040
00000000000000004876509fff953040
000000000000000049abca5cff953040
00000000000000004ae14419ff953040
00000000000000004c16bdd6ff953040
00000000000000004d4c3793ff953040
00000000000000004e81b150ff953040
00000000000000004fb72b0dff953040
000000000000000050eca4caff953040
000000000000000052221e87ff953040
000000000000000053579844ff953040
0000000000000000548d1201ff953040
000000000000000055c28bbeff953040
000000000000000056f8057bff953040
0000000000000000582d7f38ff953040
00000000000000005962f8f5ff953040
00000000000000005a9872b2ff953040
00000000000000005bcdec6fff953040
00000000000000005d03662cff953040
00000000000000005e38dfe9ff953040
00000000000000005f6e59a6ff953040
000000000000000060a3d363ff953040
000000000000000061d94d20ff953040
0000000000000000630ec6ddff953040
00000000000000006444409aff953040
00000000000000006579ba57ff953040
000000000000000066af3414ff953040
000000000000000067e4add1ff953040
0000000000000000691a278eff953040
00000000000000006a4fa14bff953040
00000000000000006b851b08ff953040
00000000000000006cba94c5ff953040
00000000000000006df00e82ff953040
00000000000000006f25883fff953040
0000000000000000705b01fcff953040
000000000000000071907bb9ff953040
000000000000000072c5f576ff953040
000000000000000073fb6f33ff953040
00000000000000007530e8f0ff953040
0000000000000000766662adff953040
0000000000000000779bdc6aff953040
000000000000000078d15627ff953040
00000000000000007a06cfe4ff953040
00000000000000007b3c49a1ff953040
00000000000000007c71c35eff953040
00000000000000007da73d1bff953040
00000000000000007edcb6d8ff953040
000000000000000080123095ff953040
00000000000000008147aa52ff953040
0000000000000000827d240fff953040
000000000000000083b29dccff953040
000000000000000084e81789ff953040
0000000000000000861d9146ff953040
000000000000000087530b03ff953040
0000000000000000888884c0ff953040
000000000000000089bdfe7dff953040
00000000000000008af3783aff953040
00000000000000008c28f1f7ff953040
00000000000000008d5e6bb4ff953040
00000000000000008e93e571ff953040
00000000000000008fc95f2eff953040
000000000000000090fed8ebff953040
0000000000000000923452a8ff953040
00000000000000009369cc65ff953040
0000000000000000949f4622ff953040
000000000000000095d4bfdfff953040
0000000000000000970a399cff953040
0000000000000000983fb359ff953040
000000000000000099752d16ff953040
00000000000000009aaaa6d3ff953040
00000000000000009be02090ff953040
00000000000000009d159a4dff953040
00000000000000009e4b140aff953040
00000000000000009f808dc7ff953040
0000000000000000a0b60784ff953040
0000000000000000a1eb8141ff953040
0000000000000000a320fafeff953040
0000000000000000a45674bbff953040
0000000000000000a58bee78ff953040
0000000000000000a6c16835ff953040
0000000000000000a7f6e1f2ff953040
0000000000000000a92c5bafff953040
0000000000000000aa61d56cff953040
0000000000000000ab974f29ff953040
0000000000000000acccc8e6ff953040
0000000000000000ae0242a3ff953040
0000000000000000af37bc60ff953040
0000000000000000b06d361dff953040
0000000000000000b1a2afdaff953040
0000000000000000b2d82997ff953040
0000000000000000b40da354ff953040
0000000000000000b5431d11ff953040
0000000000000000b67896ceff953040
0000000000000000b7ae108bff953040
0000000000000000b8e38a48ff953040
0000000000000000ba190405ff953040
0000000000000000bb4e7dc2ff953040
0000000000000000bc83f77fff953040
0000000000000000bdb9713cff953040
0000000000000000beeeeaf9ff953040
0000000000000000c02464b6ff953040
0000000000000000c159de73ff953040
0000000000000000c28f5830ff953040
0000000000000000c3c4d1edff953040
0000000000000000c4fa4baaff953040
0000000000000000c62fc567ff953040
0000000000000000c7653f24ff953040
0000000000000000c89ab8e1ff953040
0000000000000000c9d0329eff953040
0000000000000000cb05ac5bff953040
0000000000000000cc3b2618ff953040
0000000000000000cd709fd5ff953040
0000000000000000cea61992ff953040
0000000000000000cfdb934fff953040
0000000000000000d1110d0cff953040
0000000000000000d24686c9ff953040
0000000000000000d37c0086ff953040
0000000000000000d4b17a43ff953040
000000000000000000000000edcc1a2b
0000000000000000013579bda3335abf
0000000000000000026af37aa34423e7
000000000000000003a06d378a575775
000000000000000004d5e6f4c72ea59a
0000000000000000060b60b1d709e285
00000000000000000740da6e33b003a7
00000000000000000876542b5782cf35
000000000000000009abcde802d01b0f
00000000000000000ae147a5592a9976
00000000000000000c16c162b8e7f89d
00000000000000000d4c3b1f4d2625ee
00000000000000000e81b4dc64cfe5a8
00000000000000000fb72e9920f1ae83
000000000000000010eca85684576277
0000000000000000122222133967fc1f
000000000000000013579bd0bf966871
0000000000000000148d158d2ee3724d
000000000000000015c28f4ae6bc81e8
000000000000000016f8090787cf3fb4
0000000000000000182d82c455e144ad
00000000000000001962fc815cf505e1
00000000000000001a98763e633ea79a
00000000000000001bcdeffb57b34028
00000000000000001d0369b807068478
00000000000000001e38e375ede4ece6
00000000000000001f6e5d3220db7949
000000000000000020a3d6ef4d1a5322
000000000000000021d950accac92265
0000000000000000230eca695ea9dd37
000000000000000024444426d1f3acf4
00000000000000002579bde38cdfd9a0
000000000000000026af37a0bb3d1b45
000000000000000027e4b15ddf98bac1
0000000000000000291a2b1aec334e78
00000000000000002a4fa4d735f09d05
00000000000000002b851e9427dc927a
00000000000000002cba9851382f64ab
00000000000000002df0120ee507bc1c
00000000000000002f258bcbc943552a
0000000000000000305b05888c5962f8
000000000000000031907f45d2bf9f82
000000000000000032c5f902ddde735e
000000000000000033fb72bf5a01db4d
00000000000000003530ec7c3b25e64f
0000000000000000366666398a6916cc
0000000000000000379bdff6e5703029
000000000000000038d159b321b3f2d4
00000000000000003a06d370a02d921b
00000000000000003b3c4d2d74631616
00000000000000003c71c6ea10a561e9
00000000000000003da740a786411b46
00000000000000003edcba64dd3991c7
000000000000000040123421ac71bd01
00000000000000004147adde4faeb27a
0000000000000000427d279bf153dd65
000000000000000043b2a1584bd845da
000000000000000044e81b1524dc4b30
0000000000000000461d94d27662e03c
000000000000000047530e8f05b42535
00000000000000004888884c0ae79654
000000000000000049be0209fc349f7e
00000000000000004af37bc645816b85
00000000000000004c28f5835e0c9348
00000000000000004d5e6f401cf9651b
00000000000000004e93e8fd58a92555
00000000000000004fc962ba865504e2
000000000000000050fedc77e7bff255
0000000000000000523456346be3c4de
00000000000000005369cff126e3cedc
0000000000000000549f49ae4a53c894
000000000000000055d4c36ba1931eb6
0000000000000000570a3d284682e8f9
0000000000000000583fb6e51f56d0c9
0000000000000000597530a230c070e8
00000000000000005aaaaa5f771f74cd
00000000000000005be0241c60a8aa72
00000000000000005d159dd9fb5ed94e
00000000000000005e4b17961fa6f414
00000000000000005f80915339579125
000000000000000060b60b105cd97b35
000000000000000061eb84cd3b9fc362
00000000000000006320fe8a2a4be5c8
000000000000000064567847e3677adb
0000000000000000658bf204887afabd
000000000000000066c16bc16df577a0
000000000000000067f6e57e912656f8
0000000000000000692c5f3bb7739c12
00000000000000006a61d8f81cbe0393
00000000000000006b9752b5a6bbdee7
00000000000000006ccccc723e33d8a4
00000000000000006e02462f6899fcb6
00000000000000006f37bfec9b2b8b24
0000000000000000706d39a9ad772a0b
000000000000000071a2b366ba3d357f
000000000000000072d82d2353b5fdd3
0000000000000000740da6e0451e006a
00000000000000007543209de5438be4
000000000000000076789a5a7ae0167d
000000000000000077ae14176f8fc51d
000000000000000078e38dd40c8a5464
00000000000000007a19079176c20e4b
00000000000000007b4e814eb739259d
00000000000000007c83fb0b9fee589d
00000000000000007db974c8261629c6
00000000000000007eeeee85be03bc56
0000000000000000802468422f00cbcb
00000000000000008159e1ff50cf56fd
0000000000000000828f5bbcf7a78f3f
000000000000000083c4d5795feb83d9
000000000000000084fa4f360dd40f8b
0000000000000000862fc8f345f022f6
0000000000000000876542b0b0d2b5dc
0000000000000000889abc6d0476ccf0
000000000000000089d0362a7e6f9099
00000000000000008b05afe74a79546a
00000000000000008c3b29a4bda6010b
00000000000000008d70a3617d4078e9
00000000000000008ea61d1ef922a13c
00000000000000008fdb96dbc5b2bc1d
000000000000000091111098a576c2c6
000000000000000092468a55ae1d0bb1
0000000000000000937c04121b3dde20
000000000000000094b17dcf4ddacf96
000000000000000095e6f78c5d8d273a
0000000000000000971c714924b58e23
00000000000000009851eb064f4bb9d9
0000000000000000998764c38fd0bffa
00000000000000009abcde8003bc7b19
00000000000000009bf2583dec6dc8ce
00000000000000009d27d1fae7efcc83
00000000000000009e5d4bb7dfd6fbbe
00000000000000009f92c57481e353bf
0000000000000000a0c83f315147345d
0000000000000000a1fdb8ee1d2fda9f
0000000000000000a33332ab5e5d69ef
0000000000000000a468ac68f72dff3f
0000000000000000a59e26259c3c884b
0000000000000000a6d39fe23ab043bc
0000000000000000a809199fc99713de
0000000000000000a93e935c8c22dae3
0000000000000000aa740d19db1003f4
0000000000000000aba986d6160a629e
0000000000000000acdf0093f2fcf0a6
0000000000000000ae147a5058cca5d9
0000000000000000af49f40dac9f2582
0000000000000000b07f6dcad1241798
0000000000000000b1b4e787191dd026
0000000000000000b2ea61444eac72bd
0000000000000000b41fdb0101b42d39
0000000000000000b55554be6d2855ed
0000000000000000b68ace7bc5712618
0000000000000000b7c048382518ef74
0000000000000000b8f5c1f5045f2ea2
0000000000000000ba2b3bb2f2d0c931
0000000000000000bb60b56fd6572469
0000000000000000bc962f2cff6555c1
0000000000000000bdcba8e9d61dc43b
0000000000000000bf0122a60ffb9c86
0000000000000000c0369c63f9f2c923
0000000000000000c16c1620f7a3ce64
0000000000000000c2a18fdd08d6853b
0000000000000000c3d7099a28ab295d
0000000000000000c50c83579fe22e7d
0000000000000000c641fd14e994e8be
0000000000000000c77776d10c5ad574
0000000000000000c8acf08eec146c0e
0000000000000000c9e26a4ba85d2073
0000000000000000cb17e4083e33c72c
0000000000000000cc4d5dc5f1f47af1
0000000000000000cd82d782ad5bb84c
0000000000000000ceb8513f30b3c20e
0000000000000000cfedcafc33406ff0
0000000000000000d12344b925e83468
0000000000000000d258be76e8f42803
0000000000000000d38e383318aa1c16
0000000000000000d4c3b1f05a3be44c
0000000000000000d5f92badeb638fa3
0000000000000000d72ea56a45fd88b1
0000000000000000d8641f27190b0f0a
0000000000000000d99998e46d39ea01
0000000000000000dacf12a12a8adc2c
0000000000000000dc048c5e6c5c4f10
0000000000000000dd3a061b07330a3e
0000000000000000de6f7fd8b7dcb48e
0000000000000000dfa4f995d00a2f93
0000000000000000e0da7352360742c4
0000000000000000e20fed0f322b5646
0000000000000000e34566cc8b8af903
0000000000000000e47ae089278e8e7c
0000000000000000e5b05a4607f0d14c
0000000000000000e6e5d4033a7766e2
0000000000000000e81b4dc003f24b5f
0000000000000000e950c77d93432df0
0000000000000000ea86413ae2d185f6
0000000000000000ebbbbaf7cad60cc5
0000000000000000ecf134b48500d1e3
0000000000000000ee26ae71cfdb1f3b
0000000000000000ef5c282ea4409c6e
0000000000000000f091a1eb416809d0
0000000000000000f1c71ba8d382f1cc
0000000000000000f2fc9565c7f6cf06
0000000000000000f4320f22d3884035
0000000000000000f56788dfdbbfa49b
0000000000000000f69d029c2a71dc04
0000000000000000f7d27c59ff6e164e
0000000000000000f907f6162451f7cb
0000000000000000fa3d6fd3211a632e
0000000000000000fb72e9901ad257da
0000000000000000fca8634d1dfaf9fa
0000000000000000fddddd0aa56e3604
0000000000000000ff1356c78d28d3ab
00000000000000000048d0845faa8b30
0000000000000000017e4a41d42be8be
000000000000000002b3c3fee59f0b22
000000000000000003e93dbb97ec9d37
0000000000000000051eb7783335acef
00000000000000000654313561b3e51b
00000000000000000789aaf276a0c2d3
000000000000000008bf24af2adbfa24
000000000000000009f49e6c3c2ba07d
00000000000000000b2a1829ed8d22d2
00000000000000000c5f91e681c67562
00000000000000000d950ba3db66c4f4
00000000000000000eca85603fe3b2f7
00000000000000000fffff1d1a42c3b1
0000000000000000113578da6063e7fc
0000000000000000126af2970e581eb3
000000000000000013a06c5438555072
000000000000000014d5e611564b4de1
0000000000000000160b5fce35eb08cd
00000000000000001740d98b165f5380
0000000000000000187653487dbdc5de
000000000000000019abcd053eafd810
00000000000000001ae146c2698c805b
00000000000000001c16c07f61be774e
00000000000000001d4c3a3c99aecbab
00000000000000001e81b3f9072b3422
00000000000000001fb72db6564a3667
000000000000000020eca773755a55a4
000000000000000022222130e08609c6
000000000000000023579aed0625e3d8
0000000000000000248d14aad4ee7b84
000000000000000025c28e670170124a
000000000000000026f80824285b96ff
0000000000000000282d81e1ed695460
00000000000000002962fb9e5f458d16
00000000000000002a98755b725df1a8
00000000000000002bcdef189d6e66b8
00000000000000002d0368d5257181aa
00000000000000002e38e29223502f58
00000000000000002f6e5c4fb0881974
000000000000000030a3d60cb4113f8f
000000000000000031d94fc958fd67dd
0000000000000000330ec98601bfd219
000000000000000034444343bd7b2a44
00000000000000003579bd0094661031
000000000000000036af36bd39c624a3
000000000000000037e4b07a51ab9ef4
0000000000000000391a2a37bc9bd31e
00000000000000003a4fa3f4dc43712f
00000000000000003b851db12c67ac66
00000000000000003cba976ea364a67e
00000000000000003df0112bbaeb688c
00000000000000003f258ae87bb90575
0000000000000000405b04a511046054
000000000000000041907e6229422329
000000000000000042c5f81f06098139
000000000000000043fb71dc20503852
00000000000000004530eb990ef33964
000000000000000046666556546bc04a
0000000000000000479bdf1396f53954
000000000000000048d158d05387b3b7
00000000000000004a06d28da9db40da
00000000000000004b3c4c4a3be21e89
00000000000000004c71c607ea0bd76c
00000000000000004da73fc4910115a9
00000000000000004edcb981db94cd8f
00000000000000005012333eca092c72
00000000000000005147acfb8243d631
0000000000000000527d26b88ea94a0a
000000000000000053b2a075ba23541d
000000000000000054e81a326ae5dfea
0000000000000000561d93ef09e0e16d
000000000000000057530dac3a9e872d
000000000000000058888769dba75225
000000000000000059be0126c3f75949
00000000000000005af37ae3f8b1be20
00000000000000005c28f4a09ac35f21
00000000000000005d5e6e5d11d69187
00000000000000005e93e81a4892e3fe
00000000000000005fc961d72f605379
000000000000000060fedb94a7c30e55
0000000000000000623455519d16aebd
00000000000000006369cf0e3eee7df1
0000000000000000649f48cbaace7037
000000000000000065d4c28883b38b17
0000000000000000670a3c45cb34c216
0000000000000000683fb602b2f08373
000000000000000069752fbf94e2014a
00000000000000006aaaa97c43a67a7d
00000000000000006be023392826afef
00000000000000006d159cf6bf034537
00000000000000006e4b16b3e10ed78a
00000000000000006f8090705568cd0b
000000000000000070b60a2def282d11
000000000000000071eb83ea2791a3ea
00000000000000007320fda7c44d6291
0000000000000000745677642343d9a9
0000000000000000758bf12168e873f6
000000000000000076c16ade6dad0cf4
000000000000000077f6e49ba034df66
0000000000000000792c5e58c0df4636
00000000000000007a61d8151b19d07d
00000000000000007b9751d28d63a2b1
00000000000000007ccccb8f21a25a6e
00000000000000007e02454ccb777b75
00000000000000007f37bf098af6436d
0000000000000000806d38c6766aba2d
000000000000000081a2b283cd2ad637
000000000000000082d82c40c5965dd5
0000000000000000840da5fdec4d701a
000000000000000085431fba5c26d377
00000000000000008678997777999c64
000000000000000087ae1334846c3f89
000000000000000088e38cf1d9a900e6
00000000000000008a1906ae8f67bce5
00000000000000008b4e806b1484547e
00000000000000008c83fa28a218270b
00000000000000008db973e5aaada972
00000000000000008eeeeda2423314d1
00000000000000009024675fc5d8707f
00000000000000009159e11c03a7082b
0000000000000000928f5ad950707859
000000000000000093c4d496452c2ea6
000000000000000094fa4e5316272ada
0000000000000000962fc810a00def40
0000000000000000976541cdcfccb8ef
0000000000000000989abb8aa4669e7f
000000000000000099d035476aadec37
00000000000000009b05af049a7a5eef
00000000000000009c3b28c1639cfbe3
00000000000000009d70a27e9ed232bf
00000000000000009ea61c3b2ac046ca
00000000000000009fdb95f84cfb24d5
0000000000000000a1110fb53ae3b55c
0000000000000000a2468972744f672d
0000000000000000a37c032fd209ebf6
0000000000000000a4b17cecf719799f
0000000000000000a5e6f6a93ef8b618
0000000000000000a71c7066a03fac47
0000000000000000a851ea23693292ed
0000000000000000a98763e09f4fe84c
0000000000000000aabcdd9d3739a391
0000000000000000abf2575a8d29be7d
0000000000000000ad27d117df287702
0000000000000000ae5d4ad476d022da
0000000000000000af92c4916e0f93cd
0000000000000000b0c83e4e46b1677d
0000000000000000b1fdb80b4858ea0b
0000000000000000b33331c8b2d26339
0000000000000000b468ab851366f976
0000000000000000b59e254249868c77
0000000000000000b6d39eff62a0d2f2
0000000000000000b80918bca3934036
0000000000000000b93e9279f4150454
0000000000000000ba740c36f9e33bdc
0000000000000000bba985f3a0c6f399
0000000000000000bcdeffb00decf6d6
0000000000000000be14796d57a0d4bf
0000000000000000bf49f32a8768714f
0000000000000000c07f6ce78e1ecb1a
0000000000000000c1b4e6a4446af4f3
0000000000000000c2ea6061504862ae
0000000000000000c41fda1e1f3fa78e
0000000000000000c55553db448b297a
0000000000000000c68acd98f0da5c2e
0000000000000000c7c047554d9e38c0
0000000000000000c8f5c11206530c54
0000000000000000ca2b3acfcb5aadd4
0000000000000000cb60b48c0559d18c
0000000000000000cc962e49f25251c9
0000000000000000cdcba8060ab16e40
0000000000000000cf0121c3662a12c2
0000000000000000d0369b8027219865
0000000000000000d16c153ded14d4ca
0000000000000000d2a18efae04e9736
0000000000000000d3d708b7abb40c85
0000000000000000d50c827408690bcb
0000000000000000d641fc31909c6fe8
0000000000000000d77775eeb0b0c7dd
0000000000000000d8acefab188a973b
0000000000000000d9e2696849b76df8
0000000000000000db17e3256386326a
0000000000000000dc4d5ce20d9efb87
0000000000000000dd82d69ff977010a
0000000000000000deb8505c3e31876a
0000000000000000dfedca194ea3cf83
0000000000000000e12343d61331530e
0000000000000000e258bd939bcdc6ee
0000000000000000e38e375057459b4e
0000000000000000e4c3b10da8457958
0000000000000000e5f92acabdb5621e
0000000000000000e72ea487efc69b34
0000000000000000e8641e442a0c8e37
0000000000000000e99998012ad9388a
0000000000000000eacf11be98390a4b
0000000000000000ec048b7bb5abc3cf
0000000000000000ed3a0538c613cd02
0000000000000000ee6f7ef5ea4816d4
0000000000000000efa4f8b21f4d71a0
0000000000000000f0da726f6aeaa429
0000000000000000f20fec2c3bf816f4
0000000000000000f34565e97bb20b0b
0000000000000000f47adfa6d0e09cd5
0000000000000000f5b059633b568573
0000000000000000f6e5d32055726fc4
0000000000000000f81b4cdd557a9bf8
0000000000000000f950c69a7c30ffa3
0000000000000000fa864057508747d2
0000000000000000fbbbba14374f03dc
0000000000000000fcf133d11848ab38
0000000000000000fe26ad8e2e48ec37
0000000000000000ff5c274b3897e5eb
00000000000000000091a1089fa63daa
000000000000000001c71ac5abd8740d
000000000000000002fc9482962856ce
000000000000000004320e3fae5baff6
0000000000000000056787fcd5f0fbaa
0000000000000000069d01b93669a90e
000000000000000007d27b76f7cecd49
00000000000000000907f533576c0c20
00000000000000000a3d6ef08f06e4f1
00000000000000000b72e8ada204b460
00000000000000000ca8626a157c4ed1
00000000000000000ddddc27e5cd3226
00000000000000000f1355e49a238611
00000000000000001048cfa1457a0ac2
0000000000000000117e495e8c658602
000000000000000012b3c31be3022ee0
000000000000000013e93cd8efda85a5
0000000000000000151eb695354fd86e
0000000000000000165430520d9490e3
00000000000000001789aa0facbca8da
000000000000000018bf23cc51ab7597
000000000000000019f49d89ee1b62e1
00000000000000001b2a1746d6cb6c96
00000000000000001c5f9103b299cd29
00000000000000001d950ac0f7150817
00000000000000001eca847d4fab99a5
00000000000000001ffffe3a3ed13d65
0000000000000000213577f78de4e2ec
0000000000000000226af1b43deed868
000000000000000023a06b7111125306
000000000000000024d5e52e76fd3413
0000000000000000260b5eeb5b5c1efc
00000000000000002740d8a8a2fddc9c
0000000000000000287652656e1d518d
000000000000000029abcc2254d6db0a
00000000000000002ae145df1f7497a0
00000000000000002c16bf9c83ea3331
00000000000000002d4c395968d0c223
00000000000000002e81b316f7675b0f
00000000000000002fb72cd3bf2ff331
000000000000000030eca690d00d1b6e
00000000000000003222204d4e4df6cb
000000000000000033579a0a25941a58
0000000000000000348d13c78e870edb
000000000000000035c28d84c3c82931
000000000000000036f80741ca423e54
0000000000000000382d80fef1b20ea4
00000000000000003962fabb838d5e8b
00000000000000003a987478df8a360f
00000000000000003bcdee35dcec0ba1
00000000000000003d0367f273acc5d9
00000000000000003e38e1afde2df3f3
00000000000000003f6e5b6c4aaa1b93
000000000000000040a3d529ae91f299
000000000000000041d94ee61de1271a
0000000000000000430ec8a361c0d994
0000000000000000444442603aeab0b4
00000000000000004579bc1dee1135cf
000000000000000046af35da23c58e97
000000000000000047e4af97ef9e8cdf
0000000000000000491a2954f42792ec
00000000000000004a4fa311dcca12ea
00000000000000004b851cce19d2c2ce
00000000000000004cba968bd4680956
00000000000000004df01048f28487dd
00000000000000004f258a0575a7ceb0
0000000000000000505b03c2d678c025
000000000000000051907d7fa43da453
000000000000000052c5f73cfe82c830
000000000000000053fb70f959142ee4
00000000000000005530eab6605927e3
000000000000000056666473d51f99d5
0000000000000000579bde309d11024c
000000000000000058d157ed5ac14f36
00000000000000005a06d1aa50bff01e
00000000000000005b3c4b67c0546985
00000000000000005c71c5243e18455e
00000000000000005da73ee1a0aa42f3
00000000000000005edcb89eb1011ee8
00000000000000006012325b7fed1745
00000000000000006147ac184b0d57e0
0000000000000000627d25d5cc14887e
000000000000000063b29f92abdb3c82
000000000000000064e8194fe41c0e40
0000000000000000661d930c20a691d0
000000000000000067530cc99885f22a
000000000000000068888686f94bbdb6
000000000000000069be0043c963eb8b
00000000000000006af37a00f4faafbd
00000000000000006c28f3bd3363b33a
00000000000000006d5e6d7a7aabc77d
00000000000000006e93e737256743a1
00000000000000006fc960f45e4f126e
000000000000000070fedab1e7b6d214
00000000000000007234546e04375734
00000000000000007369ce2b65bbdbe3
0000000000000000749f47e84f523917
000000000000000075d4c1a54b2eebbe
0000000000000000770a3b620ec9aeda
0000000000000000783fb51fd49b6e89
000000000000000079752edc1f7db6be
00000000000000007aaaa89924e85656
00000000000000007be02256049caed6
00000000000000007d159c133d96c3f2
00000000000000007e4b15d0f396e349
00000000000000007f808f8d9046e0f5
000000000000000080b6094a80b67ee0
000000000000000081eb830773c01786
00000000000000008320fcc484e318f3
0000000000000000845676811ea1dc8c
0000000000000000858bf03ed463be93
000000000000000086c169fb7f4fa9db
000000000000000087f6e3b80a7a2c41
0000000000000000892c5d757b769c94
00000000000000008a61d7322e242028
00000000000000008b9750ef54e58017
00000000000000008ccccaac5f5a7c99
00000000000000008e0244691967e6af
00000000000000008f37be2600d0b4b1
0000000000000000906d37e3197141ab
000000000000000091a2b1a0e269e486
000000000000000092d82b5dc401fd0d
0000000000000000940da51ac2e704b2
000000000000000095431ed75d0b400a
0000000000000000967898949316f24c
000000000000000097ae12510047d105
000000000000000098e38c0e25261fa3
00000000000000009a1905cb783b7dc9
00000000000000009b4e7f88ae1b64c6
00000000000000009c83f94537730276
00000000000000009db973025694ac95
00000000000000009eeeecbff258a58c
0000000000000000a024667ceaad3666
0000000000000000a159e0394c17734a
0000000000000000a28f59f65b292cde
0000000000000000a3c4d3b3b1f0756c
0000000000000000a4fa4d7048dddf06
0000000000000000a62fc72d8af6bca7
0000000000000000a76540ea8921eb0a
0000000000000000a89abaa711a802e1
0000000000000000a9d0346459df2dfc
0000000000000000ab05ae217c1a1fea
0000000000000000ac3b27de622cbf30
0000000000000000ad70a19b87e833f6
0000000000000000aea61b58275b72d8
0000000000000000afdb95155bf3ed8f
0000000000000000b1110ed2e70c1697
0000000000000000b246888f82202fb3
0000000000000000b37c024c03aa76e5
0000000000000000b4b17c092b8204bb
0000000000000000b5e6f5c6246ba69e
0000000000000000b71c6f832facc82a
0000000000000000b851e940ee937b93
0000000000000000b98762fd684393ae
0000000000000000babcdcbad039bc5a
0000000000000000bbf2567767d859dd
0000000000000000bd27d0340c389881
0000000000000000be5d49f1fdd8f0fa
0000000000000000bf92c3ae1aa4b526
0000000000000000c0c83d6bd81b65e3
0000000000000000c1fdb728e05cf117
0000000000000000c33330e5bbf2f53d
0000000000000000c468aaa21a3ef067
0000000000000000c59e245f10715e4b
0000000000000000c6d39e1c736d25e4
0000000000000000c80917d9b602cb47
0000000000000000c93e919615b890f5
0000000000000000ca740b536a7ebdc3
0000000000000000cba98510c48b72e3
0000000000000000ccdefecdbffbeb4f
0000000000000000ce14788a597a4986
0000000000000000cf49f247a986d925
0000000000000000d07f6c04dfbf9df8
0000000000000000d1b4e5c1e88c5faa
0000000000000000d2ea5f7e0abac447
0000000000000000d41fd93bc919251e
0000000000000000d55552f84f2d8c98
0000000000000000d68accb5b08edf8f
0000000000000000d7c04672d4b77efb
0000000000000000d8f5c02f4cf30a9d
0000000000000000da2b39ecc1e54ee9
0000000000000000db60b3a9d5ea738f
0000000000000000dc962d668b5ac05f
0000000000000000ddcba723a34260e2
0000000000000000df0120e0cfb52059
0000000000000000e0369a9d8ffa1edf
0000000000000000e16c145a3d5e035a
0000000000000000e2a18e17688af91e
0000000000000000e3d707d4a8969987
0000000000000000e50c81914690102f
0000000000000000e641fb4e88a6c096
0000000000000000e777750b17891b5a
0000000000000000e8aceec8d4adb6f3
0000000000000000e9e26885ff106633
0000000000000000eb17e24266e0b31f
0000000000000000ec4d5bff325311e5
0000000000000000ed82d5bceb973eae
0000000000000000eeb84f79fae9967b
0000000000000000efedc936706eaaa0
0000000000000000f12342f303cfab1b
0000000000000000f258bcb05d61cfeb
0000000000000000f38e366d412a9d9e
0000000000000000f4c3b02ad1659346
0000000000000000f5f929e7065351a5
0000000000000000f72ea3a480acabe0
0000000000000000f8641d61f00b10de
0000000000000000f999971e564b6860
0000000000000000facf10dbb906d5b4
0000000000000000fc048a98b7f0ea11
0000000000000000fd3a04555c67ce1e
0000000000000000fe6f7e12ba275813
0000000000000000ffa4f7cfc002467c
000000000000000000da718c3e3a2899
0000000000000000020feb49dc0a4c21
0000000000000000034565063de0b0b7
0000000000000000047adec3a4bd3582
000000000000000005b058809ffde651
000000000000000006e5d23d37d7a1cf
0000000000000000081b4bfa04c7dda5
00000000000000000950c5b75a7b72f6
00000000000000000a863f7465223c7b
00000000000000000bbbb9313bfb9aba
00000000000000000cf132ee13b9488e
00000000000000000e26acabed766b7b
00000000000000000f5c26684afde414
00000000000000001091a02535463084
000000000000000011c719e247d3b717
000000000000000012fc939f8ae6a922
000000000000000014320d5cbd0233a7
00000000000000001567871975662b45
0000000000000000169d00d657853ed5
000000000000000017d27a93aff082a2
00000000000000001907f450c94d1dd1
00000000000000001a3d6e0dff366213
00000000000000001b72e7ca8841d3ff
00000000000000001ca86187a7d1ca7c
00000000000000001ddddb44bafa6628
00000000000000001f135501de54dd84
00000000000000002048cebea5c1886e
0000000000000000217e487beb7c978f
000000000000000022b3c238f2a34b9f
000000000000000023e93bf5e1e248ec
0000000000000000251eb5b29b7c0bd3
000000000000000026542f6fc2d2d956
00000000000000002789a92c602e8299
000000000000000028bf22e977975d39
000000000000000029f49ca6ee4ff044
00000000000000002b2a1663bd71bc2a
00000000000000002c5f90207908b943
00000000000000002d9509dd6f88000e
00000000000000002eca839a44ad5992
00000000000000002ffffd570b45cba0
0000000000000000313577143b1102fe
0000000000000000326af0d177900496
000000000000000033a06a8ea62dfada
000000000000000034d5e44b58fd1e92
0000000000000000360b5e084824193f
00000000000000003740d7c5d296d534
000000000000000038765182477d9ea6
000000000000000039abcb3f9b723494
00000000000000003ae144fc803defb0
00000000000000003c16beb9511af312
00000000000000003d4c387661b2127e
00000000000000003e81b233438247ff
00000000000000003fb72bf0b0f4ad93
000000000000000040eca5adbcc1c5ea
000000000000000042221f6a181954e2
0000000000000000435799279bbea6d8
0000000000000000448d12e4af9493c7
000000000000000045c28ca1fa359644
000000000000000046f8065e34dc987c
0000000000000000482d801b643db0ee
00000000000000004962f9d8bf05a6a2
00000000000000004a9873951e1ca98a
00000000000000004bcded5210635487
00000000000000004d03670f78a892de
00000000000000004e38e0cc9656c687
00000000000000004f6e5a891d101c89
000000000000000050a3d44696cd6f6f
000000000000000051d94e0357d7ae53
0000000000000000530ec7c0fbbabc63
00000000000000005444417daa5e6496
00000000000000005579bb3a6f0decbf
000000000000000056af34f750d57dcd
000000000000000057e4aeb4d080f887
0000000000000000591a2871a28d65fa
00000000000000005a4fa22e94d9eea9
00000000000000005b851bebfd2929a9
00000000000000005cba95a8d8f76bb3
00000000000000005df00f65c8492fcb
00000000000000005f258922d3d70d7c
0000000000000000605b02df0e22d1cc
000000000000000061907c9c6dbafc82
000000000000000062c5f659ea48685e
000000000000000063fb7016c0832570
00000000000000006530e9d382714975
000000000000000066666390ccd3aaaf
0000000000000000679bdd4d04efb505
000000000000000068d1570ac0bf15fb
00000000000000006a06d0c70844e41e
00000000000000006b3c4a84afe13152
00000000000000006c71c4418e6e5aee
00000000000000006da73dfe2e48fed2
00000000000000006edcb7bbc3ce729a
000000000000000070123178b901cd14
00000000000000007147ab35b74353d9
0000000000000000727d24f24c178528
000000000000000073b29eafee4e54f4
000000000000000074e8186c121be857
0000000000000000761d922928e9046f
000000000000000077530be66e63d144
0000000000000000788885a3a674181d
000000000000000079bdff6090ef3612
00000000000000007af3791d32d8a737
00000000000000007c28f2da64cf08f2
00000000000000007d5e6c97037598f8
00000000000000007e93e6547a85af36
00000000000000007fc96011a0c30e4d
000000000000000080fed9cea618d9a2
00000000000000008234538b7c240479
00000000000000008369cd4887752dfb
0000000000000000849f47053f3c13df
000000000000000085d4c0c2f90a9af7
0000000000000000870a3a7fad986c7a
0000000000000000883fb43cb36ea510
000000000000000089752df9fc14b821
00000000000000008aaaa7b6be27ef2c
00000000000000008be02173341bc164
00000000000000008d159b3052f1a44f
00000000000000008e4b14ed4da6b93e
00000000000000008f808eaaf5a88203
000000000000000090b60867cf37f124
000000000000000091eb8224a1a72409
00000000000000009320fbe188520ac6
00000000000000009456759e7588b1b6
0000000000000000958bef5b7af28060
000000000000000096c169188e4da11d
000000000000000097f6e2d5eaa1cb5f
0000000000000000992c5c92995bdc51
00000000000000009a61d64f45858964
00000000000000009b97500c4b76804e
00000000000000009cccc9c928f66844
00000000000000009e024386c8bc3d26
00000000000000009f37bd43f2171901
0000000000000000a06d37005ddb5957
0000000000000000a1a2b0bd9b2e2872
0000000000000000a2d82a7a09daf73e
0000000000000000a40da437e73f6454
0000000000000000a5431df42384aed3
0000000000000000a67897b15cde1333
0000000000000000a7ae116e71dee922
0000000000000000a8e38b2bd611ef77
0000000000000000aa1904e840e74850
0000000000000000ab4e7ea52bfdefdc
0000000000000000ac83f862a661a906
0000000000000000adb9721fc10149f7
0000000000000000aeeeebdc618b839c
0000000000000000b0246599bcfb6972
0000000000000000b159df565d47f4a6
0000000000000000b28f591337b8c8c9
0000000000000000b3c4d2d0ee42bc6e
0000000000000000b4fa4c8daf6c2e35
0000000000000000b62fc64a4e40d3e4
0000000000000000b76540077e495ac7
0000000000000000b89ab9c4851733d2
0000000000000000b9d0338195d996bf
0000000000000000bb05ad3e14194c9d
0000000000000000bc3b26fbe24ceac2
0000000000000000bd70a0b83eb929a8
0000000000000000bea61a75a39d6061
0000000000000000bfdb9432c0c77a99
0000000000000000c1110def5fb1b60e
0000000000000000c24687acf32c13a6
0000000000000000c37c01696a04722d
0000000000000000c4b17b2685a58048
0000000000000000c5e6f4e3731159f3
0000000000000000c71c6ea00fdb7b07
0000000000000000c851e85d0d28f9d8
0000000000000000c987621ad913b5da
0000000000000000cabcdbd7fd5dc24b
0000000000000000cbf25594336a5611
0000000000000000cd27cf51b441c3a8
0000000000000000ce5d490eaf6f1731
0000000000000000cf92c2cbad69ff73
0000000000000000d0c83c881b031ce2
0000000000000000d1fdb645446a3d27
0000000000000000d333300299432260
0000000000000000d468a9bf374892ed
0000000000000000d59e237c63bf4a3b
0000000000000000d6d39d396923d4fc
0000000000000000d80916f6b3862279
0000000000000000d93e90b3e1e7f2f6
0000000000000000da740a70b6edb447
0000000000000000dba9842d14c8ebd9
0000000000000000dcdefdea95723e15
0000000000000000de1477a754f58c5f
0000000000000000df49f1642a28e254
0000000000000000e07f6b215978f055
0000000000000000e1b4e4de85682f3d
0000000000000000e2ea5e9b8f4efa4b
0000000000000000e41fd8584052addc
0000000000000000e5555215907f3859
0000000000000000e68acbd29b972300
0000000000000000e7c0458ff9195063
0000000000000000e8f5bf4c04f24a1a
0000000000000000ea2b39094f441487
0000000000000000eb60b2c6e6a581b6
0000000000000000ec962c83777d0c5f
0000000000000000edcba6403cdc22f7
0000000000000000ef011ffd8bde96dc
0000000000000000f03699baa6d9f3ce
0000000000000000f16c1377da1a92e3
0000000000000000f2a18d34fd22f70c
0000000000000000f3d706f13e6767bc
0000000000000000f50c80aeaf9e407c
0000000000000000f641fa6be20fed7f
0000000000000000f777742840ffb521
0000000000000000f8acede5329c0815
0000000000000000f9e267a2e9ccd50a
0000000000000000fb17e15f078321f4
0000000000000000fc4d5b1ca6b45f09
0000000000000000fd82d4d93a2c1043
0000000000000000feb84e9643d357e7
0000000000000000ffedc85367d457b5
00000000000000000123421092a538d0
00000000000000000258bbcd466e5470
0000000000000000038e358a5bd096e3
000000000000000004c3af47e02b3b3a
000000000000000005f9290460cbcd5a
0000000000000000072ea2c1ea633db7
000000000000000008641c7e508584a9
00000000000000000999963bc6707c75
00000000000000000acf0ff8080eb2d0
00000000000000000c0489b5bd819523
00000000000000000d3a03725ba99148
00000000000000000e6f7d2f9fd56f47
00000000000000000fa4f6ec9c6dfd8f
000000000000000010da70a9ce530a3a
0000000000000000120fea666d8e0cae
000000000000000013456423288fd298
0000000000000000147adde032536b53
000000000000000015b0579d8bdad928
000000000000000016e5d15a7549bd56
0000000000000000181b4b1767d0f976
00000000000000001950c4d4cad3f3f5
00000000000000001a863e91ded10866
00000000000000001bbbb84ed1183af5
00000000000000001cf1320bc69828cd
00000000000000001e26abc8aca6c80f
00000000000000001f5c2585aab1e964
000000000000000020919f4206801d10
000000000000000021c718ff944b6299
000000000000000022fc92bca6d6bf62
000000000000000024320c7928535ccc
000000000000000025678636f54c3659
0000000000000000269cfff3225a9c34
000000000000000027d279b05d237455
00000000000000002907f36da7431649
00000000000000002a3d6d2a3bd6568c
00000000000000002b72e6e71dbc03d4
00000000000000002ca860a4f17c82e7
00000000000000002dddda6109d61f4c
00000000000000002f13541ed487c2d1
00000000000000003048cddb46b4b637
0000000000000000317e47984e19186c
000000000000000032b3c155e1f6d1ce
000000000000000033e93b12832470b5
0000000000000000351eb4cfac495a38
000000000000000036542e8cee5e32d3
00000000000000003789a84958ff9567
000000000000000038bf22067cbc6d9f
000000000000000039f49bc3901e41b0
00000000000000003b2a15807911fe51
00000000000000003c5f8f3df4cdba53
00000000000000003d9508fa9eae6fd6
00000000000000003eca82b70a3e5f74
00000000000000003ffffc74524d55da
000000000000000041357631c4d0ddf0
0000000000000000426aefeee89a9678
000000000000000043a069ab9673f839
000000000000000044d5e3689018d69d
0000000000000000460b5d253d7b174d
00000000000000004740d6e2cb7df398
00000000000000004876509f28bfe751
000000000000000049abca5c9a90911b
00000000000000004ae1441968a19c4f
00000000000000004c16bdd62066a7ee
00000000000000004d4c37938f6eb6cd
00000000000000004e81b1508cb141b2
00000000000000004fb72b0d5cccbc33
000000000000000050eca4ca2c010cea
000000000000000052221e87f8a9f51d
000000000000000053579844f647d519
0000000000000000548d120102f70bc7
000000000000000055c28bbecd1b5718
000000000000000056f8057bfcab679b
0000000000000000582d7f38ad55e00a
00000000000000005962f8f5df060508
00000000000000005a9872b2ae3fa820
00000000000000005bcdec6f9ddc4533
00000000000000005d03662c3cc432bb
00000000000000005e38dfe9617b48c2
00000000000000005f6e59a635db6a87
000000000000000060a3d363857244e7
000000000000000061d94d2022af70f3
0000000000000000630ec6dd94aba4b8
00000000000000006444409a132abf6f
00000000000000006579ba57a179901e
000000000000000066af341441418905
000000000000000067e4add1057bc232
0000000000000000691a278ea4a0572b
00000000000000006a4fa14bf68f6533
00000000000000006b851b085b2037de
00000000000000006cba94c5bb998404
00000000000000006df00e8221a44112
00000000000000006f25883fd6860c40
0000000000000000705b01fc5d9db99f
000000000000000071907bb9ba0b0eeb
000000000000000072c5f576fb341d93
000000000000000073fb6f333c6aef46
00000000000000007530e8f0c31da81b
0000000000000000766662ad4ff5a968
0000000000000000779bdc6a28225d2d
000000000000000078d156274ed30a74
00000000000000007a06cfe425ffc2be
00000000000000007b3c49a1c4d72ec1
00000000000000007c71c35e3321f5bb
00000000000000007da73d1b99719e98
00000000000000007edcb6d884612cc0
000000000000000080123095f1cbf7a9
00000000000000008147aa521af9da9d
0000000000000000827d240ffb81cc6b
000000000000000083b29dccead9947e
000000000000000084e8178920e01884
0000000000000000861d91463462e398
000000000000000087530b03714e5a10
0000000000000000888884c0e42d63e3
000000000000000089bdfe7d46456172
00000000000000008af3783a669063f7
00000000000000008c28f1f7285a7139
00000000000000008d5e6bb45d0f634a
00000000000000008e93e571051d314e
00000000000000008fc95f2e62f2b327
000000000000000090fed8eb73c0fec9
0000000000000000923452a8ffcd154e
00000000000000009369cc6548d4e551
0000000000000000949f462271270fcc
000000000000000095d4bfdfcc24bcd9
0000000000000000970a399c95e6b3d7
0000000000000000983fb35984c08a32
000000000000000099752d16dc33b391
00000000000000009aaaa6d34dd68fb6
00000000000000009be020907b99cb3b
00000000000000009d159a4d6fca103d
00000000000000009e4b140a694d0c02
00000000000000009f808dc72be16909
0000000000000000a0b60784c57cdac0
0000000000000000a1eb8141891e7de6
0000000000000000a320fafeed5a59ab
0000000000000000a45674bbf0c3883f
0000000000000000a58bee7832bf0018
0000000000000000a6c1683548a46969
0000000000000000a7f6e1f2b399a3b3
0000000000000000a92c5bafdaea725b
0000000000000000aa61d56caca8dbe8
0000000000000000ab974f29853cd768
0000000000000000acccc8e6181479b9
0000000000000000ae0242a3bb59eb1a
0000000000000000af37bc60dcc4bf28
0000000000000000b06d361d23589b11
0000000000000000b1a2afda8f207b06
0000000000000000b2d8299749157baa
0000000000000000b40da354af53cacd
0000000000000000b5431d1169d2c7e5
0000000000000000b67896ce6f60200b
0000000000000000b7ae108b14015c95
0000000000000000b8e38a48b6a4dacb
0000000000000000ba190405379ba076
0000000000000000bb4e7dc20dbc2294
0000000000000000bc83f77f1e1c8058
0000000000000000bdb9713c9d9b4429
0000000000000000beeeeaf9b6060073
0000000000000000c02464b66b3613d9
0000000000000000c159de73e69436d1
0000000000000000c28f583028925758
0000000000000000c3c4d1ede5f61425
0000000000000000c4fa4baa9c6301c3
0000000000000000c62fc567586c9e18
0000000000000000c7653f24be3bc1d1
0000000000000000c89ab8e132130212
0000000000000000c9d0329efc49e452
0000000000000000cb05ac5bd397d03c
0000000000000000cc3b26186feef92a
0000000000000000cd709fd5ec158827
0000000000000000cea61992e96495ca
0000000000000000cfdb934f94e803d8
0000000000000000d1110d0c00deaade
0000000000000000d24686c9e05189ca
0000000000000000d37c0086efbd674e
0000000000000000d4b17a437c424d17
