00000000000000000000000000000000
00000000000000020000000000000002
00000000000000060000000000000006
000000000000000b000000000000000b
00000001000000120000000100000012
000000020000001b000000010000001b
00000004000000250000000200000025
00000006000000310000000300000032
000000090000003f000000040000003f
0000000c0000004e000000060000004f
000000110000005e0000000900000060
00000016000000700000000b00000073
0000001d000000830000000f00000087
0000002400000098000000130000009d
0000002d000000ae00000017000000b5
00000037000000c40000001c000000cd
00000042000000dc00000022000000e8
0000004e000000f50000002900000103
0000005c0000010e0000003000000120
0000006b00000128000000380000013f
0000007b00000143000000410000015e
0000008d0000015e0000004b0000017f
000000a00000017a00000055000001a1
000000b50000019600000061000001c4
000000ca000001b20000006d000001e8
000000e1000001cf0000007a0000020d
000000f9000001eb0000008800000233
00000113000002080000009700000259
0000012e00000224000000a600000281
0000014a00000241000000b7000002a9
000001670000025d000000c8000002d3
0000018500000279000000db000002fc
000001a400000295000000ee00000327
000001c4000002b00000010200000352
000001e5000002cb000001160000037d
00000207000002e60000012c000003a9
000002290000030000000142000003d6
0000024c000003190000015900000402
0000027000000332000001710000042f
000002950000034b000001890000045d
000002b900000363000001a20000048b
000002df0000037b000001bc000004b8
0000030500000392000001d6000004e6
0000032b000003a8000001f100000515
00000351000003bf0000020c00000543
00000377000003d40000022700000571
0000039e000003ea00000243000005a0
000003c5000003ff00000260000005ce
000003ec000004140000027c000005fd
0000041300000428000002990000062b
000004390000043d000002b60000065a
0000046000000451000002d300000689
0000048700000465000002f0000006b7
000004ae000004790000030e000006e5
000004d50000048d0000032b00000714
000004fc000004a10000034800000742
00000523000004b50000036500000771
0000054a000004c9000003820000079f
00000570000004dd0000039e000007cd
00000597000004f2000003bb000007fc
000005be00000507000003d70000082a
000005e50000051c000003f200000858
0000060d000005320000040d00000887
000006340000054800000428000008b5
0000065c0000055e00000442000008e4
00000684000005750000045c00000913
000006ac0000058c0000047500000942
000006d5000005a40000048d00000971
000006ff000005bc000004a5000009a1
00000729000005d5000004bc000009d1
00000753000005ee000004d200000a01
0000077f00000608000004e800000a31
000007ab00000621000004fd00000a62
000007d70000063c0000051100000a94
00000805000006570000052400000ac5
00000834000006720000053600000af8
000008640000068d0000054700000b2b
00000894000006a80000055800000b5f
000008c6000006c40000056700000b93
000008f9000006e00000057600000bc9
0000092e000006fb0000058400000bff
00000963000007170000059100000c36
0000099a000007320000059d00000c6e
000009d20000074e000005a800000ca7
00000a0b00000769000005b200000ce1
00000a4600000783000005bc00000d1c
00000a820000079d000005c400000d58
00000abf000007b7000005cc00000d95
00000afd000007cf000005d300000dd3
00000b3d000007e7000005d900000e13
00000b7e000007ff000005df00000e54
00000bc100000815000005e300000e97
00000c040000082a000005e700000edb
00000c490000083e000005eb00000f20
00000c8f00000851000005ed00000f67
00000cd500000863000005f000000faf
00000d1d00000873000005f100000ff9
00000d6600000882000005f200001044
00000daf0000088f000005f300001091
00000df90000089b000005f3000010e0
00000e44000008a5000005f300001130
00000e8f000008ae000005f300001182
00000edb000008b5000005f2000011d5
00000f27000008ba000005f20000122b
00000f73000008bd000005f100001282
00000fc0000008bf000005f0000012da
0000100c000008bf000005ef00001335
00001059000008bd000005ed00001391
000010a5000008ba000005ec000013ee
000010f1000008b4000005ec0000144e
0000113d000008ad000005eb000014af
00001188000008a5000005ea00001512
000011d20000089a000005ea00001576
0000121c0000088e000005ea000015dc
0000126500000880000005ea00001644
000012ae00000871000005eb000016ad
000012f500000861000005ec00001718
0000133b0000084f000005ee00001784
000013810000083c000005f1000017f2
000013c500000827000005f300001861
0000140800000812000005f7000018d2
00001449000007fb000005fb00001944
0000148a000007e300000600000019b8
000014c9000007cb0000060500001a2d
00001507000007b10000060c00001aa3
00001543000007970000061300001b1a
0000157e0000077c0000061b00001b93
000015b7000007610000062300001c0c
000015f0000007460000062d00001c87
000016260000072a0000063700001d03
0000165c0000070d0000064300001d7f
00001690000006f10000064f00001dfd
000016c2000006d50000065c00001e7b
000016f4000006b80000066900001efb
000017240000069c0000067800001f7b
000017530000067f0000068800001ffb
0000178000000663000006980000207d
000017ad00000648000006a9000020ff
000017d90000062c000006bc00002181
0000180300000611000006ce00002204
0000182d000005f6000006e200002288
00001855000005dc000006f70000230c
0000187d000005c20000070c00002390
000018a5000005a80000072200002414
000018cb000005900000073900002499
000018f100000577000007500000251e
000019160000055f00000768000025a3
0000193b000005480000078100002629
00001960000005310000079a000026ae
000019840000051a000007b300002734
000019a800000504000007ce000027b9
000019cb000004ef000007e80000283f
000019ef000004d900000803000028c5
00001a12000004c40000081e0000294a
00001a35000004b00000083a000029d0
00001a580000049b0000085600002a55
00001a7b000004870000087200002adb
00001a9d000004730000088e00002b60
00001ac00000045f000008aa00002be5
00001ae30000044b000008c600002c6a
00001b0600000438000008e200002cef
00001b2800000424000008fe00002d74
00001b4b000004100000091a00002df9
00001b6d000003fc0000093600002e7e
00001b90000003e70000095100002f03
00001bb2000003d30000096c00002f87
00001bd5000003be000009870000300c
00001bf7000003a9000009a200003091
00001c1800000393000009bc00003115
00001c3a0000037d000009d50000319a
00001c5b00000367000009ee0000321f
00001c7c0000035000000a07000032a3
00001c9d0000033900000a1f00003328
00001cbc0000032100000a36000033ad
00001cdc0000030900000a4d00003433
00001cfb000002f000000a62000034b8
00001d19000002d700000a780000353e
00001d36000002be00000a8c000035c4
00001d52000002a400000a9f0000364a
00001d6e0000028a00000ab2000036d1
00001d880000026f00000ac400003759
00001da20000025400000ad5000037e1
00001dbb0000023900000ae500003869
00001dd20000021e00000af5000038f2
00001de80000020200000b030000397c
00001dfd000001e600000b1100003a06
00001e11000001cb00000b1d00003a91
00001e24000001af00000b2900003b1d
00001e350000019400000b3400003baa
00001e450000017900000b3e00003c38
00001e530000015e00000b4700003cc7
00001e600000014400000b4f00003d56
00001e6c0000012a00000b5700003de7
00001e760000011000000b5d00003e79
00001e7f000000f800000b6300003f0c
00001e87000000e000000b6800003fa1
00001e8d000000c900000b6c00004036
00001e93000000b300000b70000040cd
00001e960000009e00000b7300004166
00001e990000008a00000b75000041ff
00001e9b0000007700000b770000429a
00001e9b0000006600000b7800004337
00001e9b0000005600000b78000043d5
00001e990000004700000b7800004474
00001e970000003a00000b7800004515
00001e940000002f00000b77000045b8
00001e900000002500000b760000465c
00001e8c0000001c00000b7400004701
00001e870000001600000b73000047a9
00001e820000001100000b7100004852
00001e7c0000000e00000b6f000048fc
00001e770000000c00000b6d000049a9
00001e710000000c00000b6b00004a56
00001e6b0000000f00000b6800004b06
00001e660000001200000b6600004bb7
00001e600000001800000b6400004c6a
00001e5b0000001f00000b6300004d1e
00001e570000002800000b6100004dd4
00001e530000003300000b6000004e8c
00001e4f0000003f00000b5f00004f45
00001e4c0000004d00000b5e00005000
00001e4b0000005d00000b5e000050bc
00001e4a0000006d00000b5e0000517a
00001e4a0000008000000b5f00005239
00001e4b0000009300000b60000052f9
00001e4d000000a800000b62000053bb
00001e50000000be00000b650000547f
00001e54000000d500000b6800005544
00001e5a000000ec00000b6c0000560a
00001e610000010500000b70000056d1
00001e690000011f00000b7600005799
00001e730000013900000b7c00005863
00001e7e0000015400000b830000592e
00001e8a0000016f00000b8b000059f9
00001e980000018b00000b9300005ac6
00001ea7000001a700000b9c00005b94
00001eb7000001c300000ba700005c62
00001ec8000001df00000bb200005d32
00001edb000001fc00000bbe00005e02
00001eef0000021900000bcb00005ed3
00001f050000023500000bd900005fa5
00001f1b0000025100000be700006077
00001f330000026d00000bf70000614a
00001f4b0000028900000c070000621d
00001f65000002a500000c18000062f1
00001f80000002c000000c2a000063c6
00001f9b000002db00000c3d0000649a
00001fb7000002f500000c510000656f
00001fd40000030f00000c6500006645
00001ff20000032800000c7a0000671a
000020100000034100000c90000067f0
0000202f0000035a00000ca6000068c6
0000204f0000037200000cbd0000699c
0000206e0000038900000cd500006a72
0000208e000003a000000ced00006b49
000020af000003b700000d0600006c1f
000020d0000003cd00000d1f00006cf5
000020f0000003e200000d3800006dcb
00002111000003f800000d5200006ea1
000021330000040c00000d6c00006f77
000021540000042100000d870000704d
000021750000043600000da200007123
000021960000044a00000dbd000071f8
000021b80000045e00000dd8000072ce
000021d90000047200000df3000073a3
000021fa0000048600000e0e00007478
0000221b0000049900000e290000754d
0000223c000004ad00000e4400007622
0000225e000004c100000e5f000076f7
0000227f000004d600000e79000077cc
000022a0000004ea00000e94000078a0
000022c1000004ff00000eae00007974
000022e30000051400000ec800007a49
000023040000052900000ee100007b1d
000023260000053e00000efa00007bf1
000023480000055500000f1300007cc5
0000236a0000056b00000f2b00007d99
0000238d0000058200000f4200007e6d
000023b00000059900000f5900007f41
000023d3000005b100000f6f00008015
000023f7000005c900000f84000080ea
0000241b000005e200000f99000081be
00002440000005fb00000fad00008293
000024660000061500000fc000008368
0000248d0000062f00000fd30000843e
000024b40000064900000fe400008513
000024dd0000066400000ff5000085ea
000025060000067f00001005000086c0
000025310000069a0000101400008797
0000255c000006b5000010220000886f
00002589000006d10000103000008947
000025b6000006ed0000103c00008a20
000025e5000007080000104700008afa
00002615000007240000105200008bd4
000026470000073f0000105c00008cb0
0000267a0000075a0000106500008d8c
000026ae000007750000106d00008e69
000026e30000078f0000107400008f47
0000271a000007a90000107a00009026
00002752000007c30000107f00009106
0000278b000007db00001084000091e7
000027c5000007f300001088000092c9
000028010000080a0000108b000093ad
0000283e000008200000108e00009492
0000287d000008350000108f00009578
000028bc00000848000010910000965f
000028fc0000085b0000109100009748
0000293e0000086c0000109100009832
000029800000087c000010910000991d
000029c30000088b0000109000009a0a
00002a07000008970000108e00009af9
00002a4c000008a30000108c00009be9
00002a91000008ad0000108a00009cda
00002ad7000008b50000108800009dcd
00002b1e000008bb0000108500009ec2
00002b64000008c00000108200009fb8
00002bab000008c30000107f0000a0b0
00002bf2000008c40000107c0000a1a9
00002c39000008c4000010790000a2a4
00002c80000008c1000010750000a3a0
00002cc7000008bd000010720000a49e
00002d0d000008b70000106f0000a59e
00002d53000008b00000106d0000a69f
00002d98000008a70000106a0000a7a2
00002ddd0000089c000010680000a8a6
00002e220000088f000010660000a9ac
00002e6500000881000010640000aab3
00002ea700000872000010630000abbc
00002ee900000861000010620000acc6
00002f2a0000084f000010620000add1
00002f690000083b000010630000aede
00002fa800000826000010640000afec
00002fe500000810000010650000b0fc
00003021000007f9000010670000b20d
0000305b000007e10000106a0000b31f
00003094000007c80000106e0000b432
000030cc000007af000010720000b546
0000310300000795000010780000b65b
000031380000077a0000107e0000b772
0000316c0000075e000010840000b889
0000319e000007430000108c0000b9a2
000031cf00000726000010950000babb
000031fe0000070a0000109e0000bbd5
0000322d000006ee000010a80000bcf0
0000325a000006d1000010b30000be0b
00003285000006b5000010bf0000bf28
000032b000000698000010cc0000c045
000032d90000067c000010da0000c162
0000330100000660000010e90000c280
0000332800000644000010f80000c39e
0000334d00000628000011080000c4bd
000033720000060d000011190000c5dd
00003396000005f30000112b0000c6fc
000033b9000005d80000113e0000c81c
000033dc000005be000011510000c93c
000033fd000005a5000011650000ca5c
0000341e0000058c0000117a0000cb7d
0000343e00000574000011900000cc9d
0000345e0000055c000011a60000cdbd
0000347e00000545000011bc0000cede
0000349d0000052e000011d40000cffe
000034bb00000517000011eb0000d11f
000034d900000501000012040000d23f
000034f7000004ec0000121c0000d360
00003515000004d6000012350000d480
00003533000004c10000124e0000d5a0
00003551000004ad000012680000d6bf
0000356e00000498000012820000d7df
0000358b000004840000129c0000d8ff
000035a900000470000012b60000da1e
000035c60000045c000012d00000db3d
000035e300000448000012ea0000dc5c
0000360100000434000013040000dd7a
0000361e000004200000131e0000de98
0000363b0000040c000013380000dfb7
00003658000003f8000013510000e0d5
00003675000003e40000136b0000e1f2
00003692000003cf000013840000e310
000036af000003ba0000139d0000e42d
000036cc000003a5000013b50000e54b
000036e80000038f000013cd0000e668
0000370400000379000013e40000e785
0000372000000362000013fb0000e8a2
0000373b0000034b000014120000e9bf
0000375600000334000014270000eadc
000037710000031c0000143c0000ebf9
0000378a00000304000014510000ed16
000037a4000002eb000014640000ee34
000037bc000002d2000014770000ef51
000037d4000002b80000148a0000f06f
000037eb0000029e0000149b0000f18d
0000380100000284000014ab0000f2ab
0000381600000269000014bb0000f3ca
0000382a0000024e000014ca0000f4e9
0000383d00000233000014d80000f608
0000384e00000217000014e50000f728
0000385f000001fb000014f10000f849
0000386e000001e0000014fd0000f96a
0000387d000001c4000015070000fa8c
00003889000001a9000015100000fbae
000038950000018d000015190000fcd2
0000389f00000172000015210000fdf6
000038a800000157000015280000ff1b
000038af0000013d0000152e00010040
000038b5000001230000153300010167
000038ba0000010a000015370001028f
000038bd000000f10000153b000103b8
000038bf000000da0000153e000104e2
000038c0000000c3000015400001060d
000038c0000000ad000015410001073a
000038be000000980000154200010867
000038bb000000840000154200010996
000038b7000000720000154200010ac6
000038b2000000610000154100010bf8
000038ac000000510000153f00010d2a
000038a5000000430000153d00010e5f
0000389d000000360000153a00010f94
000038940000002b00001538000110cb
0000388b000000210000153400011204
0000388100000019000015310001133e
00003877000000130000152d00011479
0000386d0000000e00001529000115b7
000038620000000b00001525000116f5
000038570000000a0000152100011835
0000384c0000000b0000151d00011977
000038410000000e0000151900011aba
00003836000000120000151500011bfe
0000382b000000180000151100011d45
000038210000001f0000150d00011e8c
00003817000000290000150a00011fd5
0000380e000000340000150600012120
0000380600000040000015040001226c
000037fe0000004f00001501000123b9
000037f70000005e000014ff00012508
000037f10000006f000014fd00012659
000037ec00000082000014fc000127aa
000037e800000095000014fc000128fd
000037e5000000aa000014fc00012a51
000037e3000000c0000014fd00012ba7
000037e2000000d7000014fe00012cfd
000037e3000000ef0000150000012e55
000037e5000001080000150300012fae
000037e8000001220000150600013108
000037ed0000013c0000150b00013263
000037f30000015700001510000133bf
000037fa00000172000015160001351c
000038030000018e0000151c00013679
0000380d000001aa00001524000137d8
00003818000001c70000152d00013937
00003825000001e30000153600013a97
00003833000002000000154000013bf8
000038420000021c0000154b00013d59
00003852000002380000155700013ebb
0000386400000255000015640001401e
00003876000002710000157200014181
0000388a0000028c00001581000142e4
0000389f000002a80000159000014447
000038b4000002c3000015a0000145ab
000038cb000002dd000015b100014710
000038e2000002f7000015c300014874
000038fa00000311000015d6000149d9
000039120000032a000015e900014b3d
0000392c00000343000015fd00014ca2
000039450000035b0000161100014e07
00003960000003730000162700014f6b
0000397a0000038a0000163c000150d0
00003995000003a10000165300015235
000039b0000003b80000166900015399
000039cc000003cd00001681000154fe
000039e8000003e30000169800015662
00003a04000003f8000016b0000157c6
00003a1f0000040d000016c90001592a
00003a3c00000421000016e100015a8d
00003a5800000436000016fa00015bf1
00003a740000044a0000171300015d54
00003a900000045e0000172c00015eb7
00003aac000004720000174500016019
00003ac8000004850000175f0001617b
00003ae40000049900001778000162dd
00003b00000004ad000017910001643f
00003b1c000004c1000017aa000165a1
00003b38000004d5000017c200016702
00003b54000004ea000017db00016863
00003b70000004fe000017f3000169c4
00003b8c000005130000180b00016b24
00003ba9000005290000182200016c84
00003bc50000053e0000183900016de5
00003be2000005540000184f00016f45
00003bff0000056b00001865000170a5
00003c1d000005820000187a00017205
00003c3a000005990000188f00017364
00003c59000005b1000018a3000174c4
00003c78000005c9000018b700017624
00003c97000005e2000018c900017784
00003cb7000005fb000018db000178e4
00003cd800000615000018ec00017a44
00003cfa0000062f000018fd00017ba5
00003d1c000006490000190c00017d06
00003d40000006640000191b00017e66
00003d640000067f0000192800017fc8
00003d8a0000069a000019350001812a
00003db0000006b6000019410001828c
00003dd8000006d10000194d000183ef
00003e01000006ed0000195700018552
00003e2b0000070800001960000186b6
00003e5600000724000019690001881a
00003e830000073f000019700001897f
00003eb10000075a0000197700018ae5
00003ee0000007750000197d00018c4c
00003f100000078f0000198200018db4
00003f42000007a90000198600018f1d
00003f75000007c20000198900019086
00003faa000007da0000198c000191f1
00003fe0000007f20000198e0001935c
00004017000008080000198f000194c9
0000404f0000081e0000198f00019637
00004088000008320000198f000197a6
000040c3000008460000198e00019916
000040fe000008580000198c00019a88
0000413b000008690000198a00019bfb
00004178000008780000198800019d6f
000041b7000008860000198500019ee4
000041f600000893000019810001a05b
000042350000089e0000197d0001a1d3
00004276000008a7000019790001a34d
000042b7000008af000019750001a4c8
000042f8000008b5000019700001a644
0000433a000008b90000196b0001a7c2
0000437b000008bc000019660001a942
000043bd000008bd000019610001aac2
000043ff000008bc0000195c0001ac45
00004441000008b9000019570001adc9
00004482000008b4000019520001af4e
000044c4000008ae0000194d0001b0d5
00004504000008a6000019490001b25d
000045450000089c000019440001b3e6
0000458400000891000019400001b571
000045c3000008840000193c0001b6fe
0000460100000876000019390001b88b
0000463f00000866000019360001ba1a
0000467b00000854000019340001bbab
000046b600000842000019320001bd3c
000046f10000082e000019300001becf
0000472a000008190000192f0001c064
00004761000008020000192f0001c1f9
00004798000007eb000019300001c38f
000047cd000007d3000019310001c527
00004801000007ba000019330001c6c0
00004833000007a0000019360001c859
0000486500000785000019390001c9f4
000048940000076a0000193d0001cb8f
000048c30000074f000019430001cd2c
000048f000000733000019490001cec9
0000491b000007170000194f0001d067
00004945000006fa000019570001d205
0000496e000006de000019600001d3a5
00004996000006c1000019690001d545
000049bc000006a5000019730001d6e5
000049e1000006880000197f0001d886
00004a050000066c0000198b0001da28
00004a2800000650000019980001dbc9
00004a4900000634000019a50001dd6c
00004a6a00000619000019b40001df0e
00004a8a000005fd000019c30001e0b1
00004aa8000005e3000019d30001e254
00004ac6000005c8000019e40001e3f7
00004ae3000005af000019f60001e59a
00004b000000059500001a080001e73d
00004b1b0000057d00001a1c0001e8e0
00004b370000056400001a2f0001ea83
00004b510000054c00001a440001ec26
00004b6c0000053500001a590001edc9
00004b850000051e00001a6e0001ef6c
00004b9f0000050800001a840001f10f
00004bb8000004f200001a9a0001f2b1
00004bd1000004dc00001ab10001f454
00004bea000004c700001ac80001f5f6
00004c03000004b200001ae00001f797
00004c1b0000049e00001af80001f939
00004c340000048900001b100001fada
00004c4c0000047500001b280001fc7b
00004c640000046100001b400001fe1c
00004c7d0000044d00001b580001ffbc
00004c950000043900001b700002015c
00004cad0000042500001b89000202fb
00004cc60000041100001ba10002049a
00004cde000003fd00001bb900020639
00004cf6000003e900001bd0000207d8
00004d0e000003d400001be800020976
00004d26000003bf00001bff00020b14
00004d3e000003aa00001c1600020cb2
00004d560000039500001c2c00020e50
00004d6d0000037f00001c4200020fed
00004d840000036900001c580002118a
00004d9b0000035200001c6c00021327
00004db10000033b00001c81000214c4
00004dc70000032300001c9500021661
00004ddc0000030b00001ca8000217fe
00004df1000002f300001cba0002199a
00004e05000002da00001ccc00021b37
00004e18000002c000001cdc00021cd4
00004e2b000002a700001ced00021e71
00004e3d0000028c00001cfc0002200e
00004e4d0000027200001d0a000221ab
00004e5d0000025700001d1800022349
00004e6c0000023c00001d25000224e7
00004e7a0000022000001d3100022685
00004e860000020500001d3c00022823
00004e92000001e900001d46000229c3
00004e9c000001cd00001d4f00022b62
00004ea5000001b200001d5700022d02
00004eac0000019600001d5f00022ea3
00004eb30000017b00001d6600023044
00004eb80000016000001d6b000231e7
00004ebb0000014500001d700002338a
00004ebd0000012b00001d740002352d
00004ebe0000011100001d77000236d2
00004ebe000000f800001d7a00023877
00004ebc000000df00001d7b00023a1e
00004eb9000000c800001d7c00023bc5
00004eb4000000b100001d7c00023d6e
00004eaf0000009b00001d7c00023f17
00004ea80000008700001d7a000240c2
00004e9f0000007300001d780002426e
00004e960000006100001d760002441b
00004e8c0000005000001d73000245c9
00004e810000004100001d6f00024779
00004e750000003300001d6b0002492a
00004e680000002600001d6700024adc
00004e5a0000001b00001d6200024c90
00004e4c0000001200001d5d00024e45
00004e3d0000000a00001d5800024ffb
00004e2e0000000500001d52000251b3
00004e1f0000000000001d4c0002536c
00004e0ffffffffe00001d4600025526
00004dfffffffffd00001d40000256e2
00004deffffffffe00001d3a0002589f
00004ddf0000000100001d3500025a5e
00004dd00000000600001d2f00025c1e
00004dc00000000c00001d2900025de0
00004db10000001400001d2400025fa3
00004da30000001e00001d1e00026167
00004d950000002900001d190002632d
00004d880000003600001d15000264f3
00004d7b0000004400001d10000266bc
00004d700000005400001d0d00026885
00004d650000006600001d0900026a50
00004d5b0000007800001d0700026c1c
00004d530000008c00001d0400026de9
00004d4b000000a100001d0300026fb8
00004d45000000b800001d0200027187
00004d40000000cf00001d0200027358
00004d3c000000e700001d020002752a
00004d390000010000001d03000276fc
00004d380000011a00001d05000278d0
00004d380000013400001d0800027aa5
00004d3a0000014f00001d0b00027c7a
00004d3c0000016b00001d1000027e50
00004d410000018600001d1500028027
00004d46000001a200001d1b000281ff
00004d4d000001bf00001d22000283d7
00004d55000001db00001d29000285b0
00004d5e000001f800001d3200028789
00004d690000021400001d3c00028963
00004d750000023000001d4600028b3d
00004d820000024c00001d5100028d18
00004d900000026800001d5d00028ef3
00004d9f0000028400001d6a000290cf
00004daf0000029f00001d78000292aa
00004dc0000002ba00001d8700029486
00004dd2000002d500001d9600029662
00004de4000002ef00001da60002983e
00004df80000030800001db700029a1a
00004e0c0000032100001dc900029bf6
00004e200000033a00001ddb00029dd2
00004e350000035200001dee00029fae
00004e4b0000036900001e020002a18a
00004e610000038000001e160002a365
00004e770000039700001e2a0002a541
00004e8e000003ad00001e400002a71c
00004ea4000003c300001e550002a8f7
00004ebb000003d800001e6b0002aad2
00004ed2000003ed00001e820002acac
00004eea0000040200001e980002ae86
00004f010000041700001eaf0002b060
00004f180000042b00001ec60002b239
00004f2f0000043f00001edd0002b412
00004f470000045300001ef50002b5eb
00004f5e0000046600001f0c0002b7c3
00004f750000047a00001f230002b99b
00004f8d0000048e00001f3b0002bb73
00004fa4000004a200001f520002bd4a
00004fbb000004b600001f690002bf21
00004fd2000004ca00001f800002c0f7
00004fea000004de00001f960002c2cd
00005001000004f300001fad0002c4a3
000050190000050800001fc30002c678
000050300000051d00001fd80002c84e
000050480000053300001fed0002ca22
0000506000000549000020020002cbf7
0000507900000560000020160002cdcc
0000509200000577000020290002cfa0
000050ab0000058e0000203c0002d174
000050c4000005a60000204e0002d348
000050df000005be0000205f0002d51c
000050fa000005d7000020700002d6f0
00005115000005f1000020800002d8c4
000051320000060a0000208f0002da98
0000514f000006240000209d0002dc6c
0000516d0000063f000020ab0002de40
0000518c00000659000020b80002e015
000051ac00000674000020c30002e1ea
000051cd00000690000020ce0002e3bf
000051ef000006ab000020d80002e594
00005212000006c7000020e20002e76a
00005236000006e2000020ea0002e941
0000525c000006fe000020f10002eb17
0000528300000719000020f80002ecef
000052ab00000734000020fd0002eec7
000052d50000074f000021020002f0a0
000053000000076a000021060002f279
0000532c00000784000021090002f453
000053590000079d0000210b0002f62e
00005388000007b60000210d0002f80a
000053b8000007ce0000210d0002f9e7
000053e9000007e50000210d0002fbc5
0000541c000007fc0000210c0002fda4
00005450000008110000210b0002ff84
00005485000008250000210900030164
000054bb000008380000210600030346
000054f20000084a000021020003052a
0000552a0000085b000020fe0003070e
000055630000086a000020fa000308f4
0000559d00000878000020f500030ada
000055d800000884000020f000030cc3
000056130000088e000020ea00030eac
0000564f00000897000020e400031097
0000568b0000089e000020de00031283
000056c8000008a4000020d700031470
00005705000008a8000020d10003165f
00005742000008aa000020ca0003184f
0000577f000008aa000020c300031a40
000057bc000008a9000020bc00031c33
000057f9000008a5000020b600031e27
00005836000008a0000020af0003201d
000058730000089a000020a800032214
000058af00000891000020a20003240c
000058ea000008870000209c00032605
000059250000087b0000209600032800
0000595f0000086e00002091000329fc
000059990000085f0000208c00032bfa
000059d10000084f0000208700032df8
00005a080000083d0000208300032ff8
00005a3f0000082a00002080000331f9
00005a74000008160000207d000333fb
00005aa8000008000000207a000335fe
00005adb000007ea0000207800033803
00005b0d000007d20000207700033a08
00005b3d000007ba0000207700033c0e
00005b6c000007a10000207700033e15
00005b9900000787000020790003401e
00005bc60000076c0000207b00034226
00005bf0000007510000207d00034430
00005c1a00000735000020810003463b
00005c42000007190000208500034846
00005c69000006fd0000208b00034a52
00005c8e000006e00000209100034c5e
00005cb2000006c30000209800034e6b
00005cd4000006a7000020a000035079
00005cf60000068a000020a900035287
00005d160000066e000020b200035495
00005d3500000651000020bd000356a4
00005d5300000635000020c8000358b3
00005d700000061a000020d400035ac2
00005d8b000005fe000020e100035cd1
00005da6000005e3000020ef00035ee1
00005dc0000005c9000020fe000360f0
00005dd9000005ae0000210d00036300
00005df2000005950000211d00036510
00005e090000057b0000212e0003671f
00005e2000000563000021400003692e
00005e370000054a0000215200036b3e
00005e4d000005330000216500036d4d
00005e620000051b0000217800036f5c
00005e78000005050000218c0003716a
00005e8c000004ee000021a000037379
00005ea1000004d8000021b500037587
00005eb6000004c3000021ca00037795
00005eca000004ae000021e0000379a2
00005ede00000499000021f600037baf
00005ef2000004840000220c00037dbc
00005f06000004700000222200037fc8
00005f1a0000045c00002239000381d4
00005f2d000004480000224f000383df
00005f410000043400002266000385ea
00005f55000004200000227c000387f5
00005f690000040b00002293000389ff
00005f7c000003f7000022a900038c08
00005f90000003e3000022bf00038e12
00005fa4000003cf000022d50003901a
00005fb7000003ba000022eb00039223
00005fcb000003a5000023000003942b
00005fde000003900000231500039633
00005ff10000037a0000232a0003983a
00006004000003640000233e00039a41
000060160000034e0000235200039c48
00006028000003370000236500039e4f
0000603a00000320000023770003a055
0000604b00000308000023890003a25b
0000605c000002f00000239a0003a461
0000606c000002d7000023ab0003a667
0000607b000002be000023bb0003a86d
0000608a000002a5000023ca0003aa73
000060980000028b000023d80003ac79
000060a500000270000023e50003ae7f
000060b100000256000023f20003b085
000060bc0000023b000023fe0003b28b
000060c60000021f000024080003b491
000060cf00000204000024120003b698
000060d7000001e80000241c0003b89f
000060dd000001cd000024240003baa6
000060e3000001b10000242b0003bcae
000060e700000195000024320003beb6
000060ea0000017a000024370003c0bf
000060eb0000015e0000243c0003c2c9
000060eb00000143000024400003c4d3
000060ea00000128000024430003c6dd
000060e80000010e000024450003c8e9
000060e4000000f5000024460003caf5
000060de000000dc000024470003cd02
000060d8000000c3000024460003cf10
000060d0000000ac000024450003d11f
000060c600000095000024440003d32e
000060bc00000080000024410003d53f
000060b00000006c0000243e0003d751
000060a3000000580000243a0003d964
0000609600000046000024360003db78
0000608700000036000024310003dd8d
00006077000000270000242c0003dfa3
0000606600000019000024260003e1bb
000060550000000d000024200003e3d4
0000604200000002000024190003e5ee
00006030fffffff9000024130003e809
0000601cfffffff20000240c0003ea25
00006009ffffffec000024040003ec43
00005ff4ffffffe9000023fd0003ee62
00005fe0ffffffe6000023f50003f083
00005fccffffffe6000023ee0003f2a4
00005fb8ffffffe8000023e60003f4c7
00005fa3ffffffeb000023de0003f6ec
00005f8ffffffff0000023d70003f911
00005f7cfffffff6000023d00003fb38
00005f68ffffffff000023c80003fd61
00005f5500000009000023c20003ff8a
00005f4300000015000023bb000401b5
00005f3200000022000023b5000403e1
00005f2100000031000023af0004060e
00005f1100000041000023aa0004083d
00005f0200000052000023a500040a6c
00005ef500000065000023a100040c9d
00005ee80000007a0000239d00040ecf
00005edc0000008f0000239a00041101
00005ed2000000a50000239700041335
00005ec8000000bd000023960004156a
00005ec1000000d500002394000417a0
00005eba000000ee00002394000419d6
00005eb5000001080000239500041c0e
00005eb1000001230000239600041e46
00005eae0000013e000023980004207f
00005ead000001590000239b000422b9
00005ead000001750000239f000424f3
00005eae00000191000023a30004272e
00005eb1000001ad000023a90004296a
00005eb5000001ca000023af00042ba6
00005eba000001e6000023b600042de2
00005ec100000202000023be0004301f
00005ec90000021f000023c70004325c
00005ed10000023b000023d100043499
00005edb00000256000023dc000436d7
00005ee600000272000023e700043915
00005ef20000028d000023f400043b53
00005eff000002a80000240100043d91
00005f0d000002c20000240f00043fcf
00005f1b000002dc0000241d0004420d
00005f2a000002f50000242d0004444b
00005f3a0000030e0000243d00044689
00005f4a000003270000244e000448c6
00005f5b0000033f0000245f00044b04
00005f6c000003560000247100044d41
00005f7e0000036d0000248400044f7e
00005f900000038400002497000451bb
00005fa20000039a000024ab000453f7
00005fb5000003af000024bf00045633
00005fc7000003c4000024d30004586f
00005fda000003d9000024e800045aaa
00005fed000003ee000024fd00045ce5
00006000000004020000251200045f1f
00006013000004160000252800046159
000060260000042a0000253d00046393
000060390000043e00002553000465cc
0000604c000004520000256900046804
0000605f000004660000257f00046a3c
00006072000004790000259400046c74
000060850000048d000025aa00046eab
00006097000004a1000025bf000470e2
000060aa000004b5000025d400047318
000060bd000004ca000025e90004754e
000060d1000004de000025fe00047783
000060e4000004f300002612000479b8
000060f7000005090000262600047bec
0000610b0000051f0000263900047e21
0000611f000005350000264c00048054
000061330000054b0000265e00048288
000061480000056200002670000484bb
0000615d0000057a00002681000486ee
00006172000005920000269100048921
00006188000005aa000026a100048b54
0000619f000005c3000026b000048d87
000061b6000005dd000026be00048fb9
000061cf000005f6000026cb000491ec
000061e800000610000026d80004941f
000062020000062b000026e300049651
0000621d00000646000026ee00049884
0000623800000661000026f800049ab7
000062550000067c0000270100049cea
00006273000006970000270a00049f1e
00006293000006b3000027110004a152
000062b3000006ce000027170004a386
000062d5000006ea0000271d0004a5bb
000062f800000705000027220004a7f0
0000631c00000720000027260004aa25
000063420000073b000027280004ac5c
00006368000007550000272b0004ae93
000063910000076f0000272c0004b0ca
000063ba000007880000272c0004b303
000063e5000007a10000272c0004b53c
00006411000007b90000272b0004b776
0000643f000007d0000027290004b9b0
0000646d000007e6000027260004bbec
0000649d000007fb000027230004be29
000064ce0000080f0000271f0004c067
00006500000008220000271a0004c2a5
0000653300000833000027150004c4e5
0000656700000843000027100004c726
0000659c00000852000027090004c968
000065d20000085f000027030004cbab
000066090000086b000026fc0004cdef
0000664000000875000026f50004d035
000066770000087e000026ed0004d27c
000066b000000885000026e50004d4c4
000066e80000088a000026dd0004d70d
000067210000088d000026d50004d958
0000675a0000088f000026cc0004dba3
000067930000088e000026c40004ddf0
000067cc0000088d000026bb0004e03f
0000680500000889000026b30004e28e
0000683d00000883000026ab0004e4df
000068750000087c000026a30004e731
000068ad000008730000269b0004e985
000068e400000869000026930004ebd9
0000691b0000085d0000268c0004ee2f
000069500000084f000026850004f086
00006985000008400000267f0004f2de
000069b90000082f000026790004f537
000069ec0000081d000026730004f792
00006a1e0000080a0000266e0004f9ed
00006a4f000007f50000266a0004fc49
00006a7f000007df000026660004fea7
00006aad000007c80000266300050105
00006ada000007b10000266000050365
00006b06000007980000265f000505c5
00006b300000077e0000265e00050826
00006b59000007640000265d00050a88
00006b81000007490000265e00050cea
00006ba70000072e0000265f00050f4e
00006bcc0000071200002661000511b2
00006bf0000006f60000266500051416
00006c12000006da000026680005167b
00006c33000006bd0000266d000518e1
00006c52000006a00000267300051b47
00006c70000006840000267a00051dad
00006c8d000006670000268100052014
00006ca90000064b000026890005227b
00006cc40000062e00002692000524e2
00006cdd000006120000269c00052749
00006cf5000005f7000026a7000529b1
00006d0d000005db000026b300052c19
00006d23000005c0000026bf00052e80
00006d39000005a6000026cd000530e8
00006d4e0000058b000026db0005334f
00006d6200000572000026ea000535b7
00006d7500000559000026f90005381e
00006d88000005400000270900053a85
00006d9a000005280000271a00053cec
00006dac000005100000272b00053f52
00006dbd000004f90000273d000541b9
00006dce000004e2000027500005441e
00006ddf000004cc0000276300054684
00006def000004b600002776000548e9
00006dff000004a10000278a00054b4e
00006e0f0000048c0000279e00054db2
00006e1f00000477000027b200055016
00006e2f00000462000027c700055279
00006e3f0000044e000027db000554dc
00006e4f0000043a000027f00005573e
00006e5e0000042500002805000559a0
00006e6e000004110000281a00055c01
00006e7e000003fd0000282f00055e62
00006e8d000003e900002844000560c2
00006e9d000003d50000285900056322
00006eac000003c10000286e00056581
00006ebc000003ac00002882000567df
00006ecb000003980000289600056a3e
00006edb00000383000028aa00056c9b
00006eea0000036d000028bd00056ef9
00006ef800000357000028d000057156
00006f0700000341000028e3000573b2
00006f150000032b000028f50005760e
00006f2300000314000029060005786a
00006f31000002fc0000291700057ac5
00006f3e000002e50000292700057d21
00006f4a000002cc0000293600057f7c
00006f56000002b400002945000581d6
00006f610000029a0000295300058431
00006f6c00000281000029610005868c
00006f76000002690000296e000588e8
00006f81000002530000297b00058b45
00006f8b0000023f0000298900058da3
00006f960000022c0000299600059003
00006fa20000021b000029a400059263
00006fae0000020c000029b2000594c5
00006fba000001fe000029c100059728
00006fc7000001f2000029cf0005998c
00006fd5000001e7000029de00059bf1
00006fe3000001dd000029ed00059e57
00006ff3000001d5000029fd0005a0bd
00007003000001ce00002a0d0005a325
00007014000001c800002a1e0005a58d
00007026000001c200002a2f0005a7f6
00007038000001be00002a410005aa60
0000704c000001ba00002a530005acca
00007060000001b700002a650005af34
00007076000001b400002a780005b19f
0000708b000001b200002a8c0005b409
000070a2000001b000002a9f0005b674
000070b9000001ae00002ab30005b8df
000070d1000001ad00002ac80005bb4a
000070e9000001ac00002add0005bdb5
00007101000001aa00002af10005c01f
0000711a000001a900002b060005c28a
00007132000001a800002b1c0005c4f3
0000714b000001a700002b310005c75c
00007164000001a500002b460005c9c5
0000717c000001a400002b5b0005cc2d
00007195000001a300002b6f0005ce94
000071ac000001a200002b840005d0fb
000071c4000001a100002b980005d361
000071db000001a000002bab0005d5c5
000071f1000001a000002bbe0005d829
00007206000001a000002bd10005da8c
0000721b000001a000002be20005dcee
0000722f000001a100002bf30005df4f
00007242000001a200002c030005e1af
00007254000001a400002c110005e40f
00007265000001a700002c1f0005e66d
00007275000001ab00002c2b0005e8ca
00007285000001af00002c370005eb26
00007293000001b500002c400005ed81
000072a1000001bd00002c490005efdb
000072ae000001c500002c500005f234
000072ba000001cf00002c550005f48c
000072c6000001da00002c590005f6e4
000072d1000001e700002c5b0005f93a
000072db000001f500002c5c0005fb90
000072e50000020600002c5a0005fde5
000072ef0000021700002c570006003a
000072f80000022b00002c530006028e
000073020000024000002c4c000604e1
0000730b0000025700002c4400060734
000073150000027000002c3a00060986
0000731e0000028b00002c2e00060bd8
00007328000002a700002c2100060e29
00007333000002c500002c120006107a
0000733e000002e400002c01000612cb
000073490000030500002bee0006151c
000073550000032800002bda0006176d
000073620000034b00002bc5000619bd
0000736f0000037000002bae00061c0d
0000737e0000039700002b9600061e5d
0000738d000003be00002b7c000620ad
0000739d000003e600002b61000622fd
000073ae0000040f00002b450006254d
000073bf0000043900002b280006279d
000073d20000046400002b0a000629ed
000073e50000048f00002aeb00062c3d
000073fa000004bb00002acb00062e8d
0000740e000004e700002aaa000630dc
000074240000051300002a890006332c
0000743a0000054000002a680006357b
000074510000056c00002a46000637ca
000074680000059900002a2300063a19
0000747f000005c600002a0100063c68
00007497000005f3000029de00063eb6
000074ae0000061f000029bb00064104
000074c60000064c0000299800064351
000074de00000679000029750006459e
000074f5000006a600002952000647ea
0000750c000006d20000293000064a36
00007523000006ff0000290e00064c80
000075390000072c000028ec00064eca
0000754f00000759000028ca00065113
0000756400000786000028a90006535a
00007579000007b400002888000655a1
0000758c000007e200002868000657e6
0000759f000008100000284800065a2a
000075b10000083f0000282800065c6c
000075c20000086f0000280900065ead
000075d20000089f000027eb000660ec
000075e1000008d1000027cd0006632a
000075f000000903000027b000066566
000075fd0000093700002793000667a0
0000760a0000096b00002776000669d8
00007616000009a10000275a00066c0e
00007621000009d80000273f00066e42
0000762b00000a110000272300067073
0000763500000a4b00002708000672a3
0000763f00000a87000026ed000674d1
0000764800000ac5000026d3000676fc
0000765000000b04000026b800067925
0000765900000b440000269e00067b4c
0000766100000b870000268400067d71
0000766a00000bcb0000266a00067f93
0000767200000c110000264f000681b3
0000767b00000c5900002635000683d1
0000768400000ca20000261b000685ed
0000768d00000ced0000260000068806
0000769700000d3a000025e500068a1d
000076a200000d87000025ca00068c33
000076ad00000dd7000025ae00068e46
000076b800000e280000259200069057
000076c500000e790000257600069266
000076d200000ecd0000255900069473
000076e100000f210000253c0006967f
000076f000000f760000251f00069888
0000770000000fcc0000250100069a90
0000771000001022000024e200069c97
0000772200001079000024c300069e9c
00007734000010d1000024a40006a0a0
0000774800001129000024840006a2a2
0000775b00001182000024640006a4a3
00007770000011db000024430006a6a3
0000778500001234000024220006a8a3
0000779b0000128d000024010006aaa1
000077b1000012e6000023df0006ac9e
000077c70000133f000023be0006ae9b
000077de000013980000239c0006b097
000077f5000013f10000237a0006b292
0000780b0000144a000023580006b48d
00007822000014a3000023360006b687
00007838000014fc000023150006b881
0000784f00001555000022f30006ba7b
00007864000015ae000022d20006bc75
0000787a00001607000022b10006be6e
0000788e00001660000022910006c067
000078a2000016b9000022710006c260
000078b600001713000022520006c459
000078c80000176d000022340006c652
000078da000017c7000022170006c84c
000078eb00001822000021fa0006ca45
000078fb0000187e000021df0006cc3e
0000790a000018da000021c50006ce37
0000791800001937000021ac0006d030
0000792500001995000021940006d229
00007932000019f50000217e0006d422
0000793d00001a55000021690006d61b
0000794800001ab7000021550006d814
0000795200001b1a000021430006da0c
0000795c00001b7e000021330006dc05
0000796500001be4000021240006ddfd
0000796d00001c4b000021170006dff6
0000797500001cb40000210c0006e1ed
0000797d00001d1f000021020006e3e5
0000798400001d8b000020fa0006e5dc
0000798c00001dfa000020f40006e7d3
0000799300001e69000020f00006e9c9
0000799b00001edb000020ee0006ebbf
000079a200001f4e000020ed0006edb4
000079aa00001fc2000020ee0006efa9
000079b300002039000020f10006f19d
000079bc000020b0000020f50006f390
000079c50000212a000020fb0006f582
000079cf000021a4000021020006f774
000079da000022200000210b0006f965
000079e60000229d000021160006fb55
000079f20000231b000021220006fd44
00007a000000239b0000212f0006ff32
00007a0e0000241b0000213d0007011f
00007a1d0000249c0000214d0007030b
00007a2d0000251d0000215d000704f6
00007a3d0000259f0000216f000706e0
00007a4f0000262200002182000708ca
00007a61000026a50000219500070ab2
00007a7400002728000021a900070c9a
00007a88000027ac000021bd00070e80
00007a9c00002830000021d200071066
00007ab1000028b3000021e80007124b
00007ac600002937000021fe00071430
00007adb000029bb0000221400071613
00007af100002a3f0000222a000717f6
00007b0600002ac200002240000719d9
00007b1c00002b460000225700071bbb
00007b3200002bc90000226d00071d9c
00007b4700002c4d0000228300071f7e
00007b5c00002cd0000022990007215f
00007b7100002d53000022af00072340
00007b8500002dd7000022c400072520
00007b9900002e5a000022d900072701
00007bac00002ede000022ee000728e2
00007bbe00002f620000230200072ac3
00007bd000002fe60000231600072ca5
00007be10000306b0000232900072e87
00007bf1000030f00000233c00073069
00007c00000031760000234e0007324c
00007c0e000031fc000023600007342f
00007c1b000032840000237100073613
00007c270000330c00002382000737f9
00007c330000339500002392000739de
00007c3d00003420000023a200073bc5
00007c47000034ab000023b200073dad
00007c5000003538000023c100073f96
00007c59000035c7000023cf00074180
00007c6000003657000023de0007436c
00007c68000036e8000023ec00074558
00007c6f0000377b000023fa00074746
00007c76000038100000240800074935
00007c7c000038a60000241600074b25
00007c830000393e0000242400074d17
00007c89000039d70000243100074f09
00007c9000003a720000243f000750fd
00007c9600003b0f0000244d000752f3
00007c9d00003bae0000245b000754ea
00007ca500003c4d00002469000756e1
00007cad00003cef00002478000758da
00007cb500003d920000248700075ad5
00007cbf00003e360000249600075cd0
00007cc900003edb000024a500075ecc
00007cd300003f82000024b5000760c9
00007cdf00004029000024c6000762c8
00007ceb000040d2000024d6000764c7
00007cf90000417b000024e7000766c6
00007d0700004226000024f9000768c7
00007d16000042d10000250b00076ac8
00007d250000437c0000251e00076cc9
00007d36000044280000253100076ecb
00007d47000044d400002544000770cd
00007d590000458100002558000772d0
00007d6c0000462d0000256c000774d2
00007d7f000046da00002581000776d5
00007d930000478700002596000778d8
00007da700004834000025ab00077ada
00007dbc000048e0000025c000077cdc
00007dd00000498d000025d600077ede
00007de500004a3a000025eb000780e0
00007dfa00004ae600002601000782e1
00007e0f00004b9200002616000784e1
00007e2300004c3f0000262c000786e1
00007e3700004ceb00002641000788e0
00007e4b00004d970000265600078ade
00007e5f00004e430000266a00078cdc
00007e7100004eef0000267e00078ed9
00007e8300004f9b00002691000790d5
00007e9500005048000026a4000792d0
00007ea5000050f5000026b5000794ca
00007eb5000051a2000026c6000796c3
00007ec400005250000026d6000798bc
00007ed2000052fe000026e500079ab3
00007edf000053ad000026f300079ca9
00007eeb0000545d000026ff00079e9f
00007ef60000550e0000270b0007a093
00007f01000055c0000027150007a287
00007f0a000056730000271d0007a479
00007f1300005727000027240007a66b
00007f1b000057dc0000272a0007a85c
00007f23000058930000272d0007aa4c
00007f2a0000594b000027300007ac3b
00007f3000005a05000027300007ae2a
00007f3600005ac00000272f0007b018
00007f3c00005b7d0000272c0007b205
00007f4200005c3b000027270007b3f2
00007f4700005cfb000027210007b5de
00007f4d00005dbd000027190007b7ca
00007f5200005e800000270f0007b9b5
00007f5800005f45000027030007bba0
00007f5e0000600b000026f60007bd8b
00007f65000060d3000026e60007bf75
00007f6c0000619d000026d60007c160
00007f7400006267000026c30007c34a
00007f7c00006333000026af0007c534
00007f85000064010000269a0007c71d
00007f8f000064cf000026830007c907
00007f9a0000659f0000266b0007caf1
00007fa50000666f000026510007ccdb
00007fb100006740000026370007cec4
00007fbf000068120000261b0007d0ae
00007fcd000068e5000025fe0007d298
00007fdc000069b8000025e00007d481
00007feb00006a8b000025c10007d66b
00007ffc00006b5f000025a20007d855
0000800d00006c33000025810007da3e
0000801f00006d07000025610007dc28
0000803100006ddb0000253f0007de11
0000804400006eb00000251d0007dffa
0000805700006f84000024fb0007e1e3
0000806b00007058000024d90007e3cc
0000807f0000712c000024b70007e5b5
0000809300007200000024940007e79d
000080a6000072d3000024720007e984
000080ba000073a70000244f0007eb6b
000080ce0000747a0000242d0007ed52
000080e10000754d0000240b0007ef37
000080f400007621000023e90007f11c
00008106000076f4000023c80007f300
00008118000077c7000023a70007f4e3
000081290000789a000023860007f6c5
000081390000796e000023660007f8a6
0000814900007a42000023460007fa86
0000815800007b16000023270007fc64
0000816600007beb000023080007fe41
0000817300007cc0000022e90008001c
0000817f00007d96000022cc000801f6
0000818a00007e6d000022ae000803ce
0000819400007f4400002291000805a4
0000819e0000801d0000227500080779
000081a6000080f7000022590008094c
000081ae000081d20000223e00080b1c
000081b5000082ae0000222200080ceb
000081bc0000838b0000220700080eb8
000081c20000846a000021ed00081082
000081c70000854b000021d30008124a
000081cd0000862c000021b900081411
000081d1000087100000219f000815d5
000081d6000087f50000218500081796
000081db000088db0000216b00081956
000081df000089c40000215100081b13
000081e400008aad0000213700081cce
000081e900008b990000211d00081e87
000081ee00008c86000021030008203e
000081f400008d74000020e9000821f3
000081fa00008e64000020ce000823a5
0000820100008f55000020b400082556
00008209000090470000209800082704
000082110000913b0000207d000828b1
0000821a0000922f0000206100082a5c
00008224000093250000204400082c04
0000822e0000941b0000202800082dab
0000823a000095130000200a00082f51
000082460000960b00001fed000830f5
000082530000970300001fcf00083297
00008261000097fc00001fb000083438
00008270000098f600001f91000835d8
00008280000099ef00001f7100083776
0000829000009ae900001f5200083913
000082a100009be300001f3100083ab0
000082b300009cdd00001f1100083c4b
000082c500009dd700001ef000083de5
000082d700009ed100001ecf00083f7f
000082ea00009fcb00001ead00084118
000082fd0000a0c500001e8c000842b0
000083100000a1be00001e6a00084448
000083230000a2b800001e49000845e0
000083350000a3b100001e2800084777
000083480000a4aa00001e060008490e
0000835a0000a5a300001de500084aa4
0000836c0000a69b00001dc500084c3b
0000837e0000a79400001da500084dd1
0000838e0000a88d00001d8500084f67
0000839f0000a98600001d66000850fd
000083ae0000aa7f00001d4700085293
000083bd0000ab7800001d2a00085429
000083cb0000ac7100001d0d000855c0
000083d70000ad6c00001cf100085756
000083e40000ae6600001cd7000858ec
000083ef0000af6100001cbd00085a82
000083f90000b05d00001ca500085c19
000084020000b15a00001c8e00085daf
0000840b0000b25800001c7800085f46
000084130000b35700001c64000860dc
0000841a0000b45700001c5100086272
000084200000b55900001c4000086409
000084250000b65b00001c310008659f
0000842b0000b75f00001c2300086735
0000842f0000b86500001c17000868cb
000084330000b96c00001c0c00086a60
000084370000ba7400001c0300086bf6
0000843b0000bb7e00001bfc00086d8a
0000843f0000bc8a00001bf700086f1f
000084420000bd9700001bf4000870b3
000084460000bea500001bf200087247
0000844a0000bfb600001bf2000873da
0000844f0000c0c700001bf40008756c
000084540000c1da00001bf8000876fe
000084590000c2ef00001bfd0008788f
0000845f0000c40500001c0400087a20
000084660000c51c00001c0c00087baf
0000846d0000c63400001c1600087d3e
000084750000c74d00001c2100087ecc
0000847e0000c86800001c2e00088059
000084880000c98300001c3b000881e5
000084930000ca9f00001c4b00088371
0000849e0000cbbb00001c5b000884fb
000084ab0000ccd800001c6c00088684
000084b80000cdf600001c7e0008880d
000084c60000cf1300001c9100088995
000084d50000d03100001ca500088b1c
000084e40000d15000001cba00088ca2
000084f40000d26e00001ccf00088e27
000085050000d38c00001ce400088fab
000085160000d4ab00001cfa0008912f
000085280000d5c900001d11000892b2
000085390000d6e700001d2700089435
0000854c0000d80500001d3e000895b7
0000855e0000d92200001d5500089738
000085700000da4000001d6c000898b9
000085820000db5d00001d8200089a3a
000085930000dc7a00001d9900089bba
000085a50000dd9700001daf00089d3a
000085b60000deb300001dc500089eba
000085c60000dfd000001ddb0008a03a
000085d60000e0ed00001df00008a1ba
000085e60000e20900001e050008a33b
000085f40000e32600001e1a0008a4bb
000086020000e44300001e2e0008a63c
0000860f0000e56100001e410008a7be
0000861b0000e67e00001e540008a940
000086260000e79d00001e670008aac2
000086300000e8bc00001e790008ac46
0000863a0000e9dc00001e8b0008adca
000086420000eafc00001e9c0008af4f
0000864a0000ec1e00001eac0008b0d5
000086500000ed4000001ebd0008b25c
000086560000ee6400001ecd0008b3e4
0000865c0000ef8900001edc0008b56d
000086610000f0af00001eeb0008b6f7
000086650000f1d700001efa0008b883
000086680000f30000001f090008ba0f
0000866c0000f42a00001f170008bb9d
0000866f0000f55600001f250008bd2d
000086720000f68400001f340008bebe
000086750000f7b300001f420008c050
000086770000f8e300001f500008c1e3
0000867a0000fa1500001f5e0008c378
0000867e0000fb4900001f6d0008c50e
000086810000fc7e00001f7b0008c6a5
000086850000fdb400001f8a0008c83e
0000868a0000feec00001f990008c9d7
0000868f0001002500001fa80008cb72
000086950001015f00001fb80008cd0e
0000869b0001029a00001fc80008ceac
000086a3000103d700001fd80008d04a
000086ab0001051400001fe90008d1e9
000086b40001065200001ffa0008d389
000086be000107910000200c0008d529
000086c9000108d10000201e0008d6cb
000086d400010a11000020310008d86d
000086e100010b51000020440008da0f
000086ee00010c92000020580008dbb2
000086fc00010dd30000206c0008dd56
0000870a00010f14000020800008def9
0000871a00011055000020950008e09d
0000872a00011196000020aa0008e240
0000873a000112d7000020bf0008e3e4
0000874b00011417000020d50008e588
0000875c00011558000020eb0008e72b
0000876d00011698000021010008e8ce
0000877e000117d9000021170008ea71
0000878f000119190000212d0008ec13
000087a100011a58000021420008edb5
000087b100011b98000021580008ef56
000087c200011cd70000216d0008f0f7
000087d200011e16000021830008f297
000087e200011f55000021970008f436
000087f100012094000021ab0008f5d4
000087ff000121d3000021bf0008f771
0000880d00012312000021d20008f90e
0000881a00012452000021e40008faaa
0000882600012592000021f50008fc45
00008831000126d2000022050008fddf
0000883b00012812000022140008ff78
00008844000129540000222200090110
0000884d00012a960000222f000902a7
0000885400012bd80000223a0009043d
0000885b00012d1c00002244000905d2
0000886100012e610000224d00090767
0000886600012fa700002254000908fb
0000886b000130ee0000225900090a8e
0000886f000132360000225d00090c20
000088720001337f0000225f00090db1
00008875000134ca0000226000090f42
00008877000136170000225f000910d2
00008879000137650000225c00091262
0000887c000138b400002257000913f1
0000887e00013a050000225100091580
0000888000013b57000022490009170e
0000888200013cab0000223f0009189c
0000888400013e010000223300091a29
0000888700013f570000222600091bb7
0000888a000140b00000221600091d44
0000888e000142090000220600091ed1
0000889200014364000021f30009205e
00008897000144c0000021e0000921eb
0000889d0001461d000021ca00092377
000088a40001477b000021b300092504
000088ab000148d90000219b00092691
000088b300014a39000021820009281e
000088bc00014b9900002167000929aa
000088c600014cfa0000214c00092b37
000088d100014e5c0000212f00092cc4
000088dd00014fbe0000211100092e51
000088e900015120000020f300092fde
000088f600015282000020d40009316b
00008904000153e4000020b4000932f8
00008913000155460000209300093485
00008922000156a90000207200093611
000089310001580b000020510009379e
000089410001596d0000202f0009392b
0000895200015acf0000200d00093ab7
0000896200015c3000001feb00093c43
0000897200015d9100001fc900093dce
0000898300015ef200001fa700093f5a
000089930001605300001f85000940e4
000089a3000161b300001f630009426e
000089b30001631400001f42000943f8
000089c20001647400001f2000094580
000089d1000165d400001eff00094708
000089df0001673400001edf0009488f
000089ed0001689400001ebf00094a14
000089f9000169f400001e9f00094b99
00008a0500016b5400001e8000094d1d
00008a1100016cb400001e6100094e9f
00008a1b00016e1500001e430009501f
00008a2400016f7700001e250009519f
00008a2d000170d900001e080009531c
00008a340001723b00001deb00095498
00008a3b0001739f00001dcf00095613
00008a410001750300001db30009578b
00008a460001766800001d9700095902
00008a4a000177cf00001d7c00095a76
00008a4e0001793600001d6200095be9
00008a5100017a9f00001d4700095d5a
00008a5300017c0900001d2d00095ec8
00008a5500017d7500001d1300096035
00008a5700017ee200001cfa0009619f
00008a580001805000001ce000096308
00008a5a000181c000001cc70009646e
00008a5b0001833100001cad000965d2
00008a5c000184a400001c9400096733
00008a5d0001861800001c7b00096893
00008a5f0001878e00001c61000969f0
00008a610001890500001c4700096b4c
00008a6400018a7e00001c2d00096ca5
00008a6700018bf700001c1300096dfc
00008a6a00018d7200001bf900096f51
00008a6e00018eee00001bde000970a4
00008a730001906b00001bc3000971f6
00008a79000191e900001ba700097345
00008a800001936800001b8b00097493
00008a87000194e800001b6f000975df
00008a900001966800001b5200097729
00008a99000197e900001b3400097872
00008aa30001996b00001b16000979ba
00008aae00019aec00001af800097b00
00008ab900019c6e00001ad900097c45
00008ac600019df000001aba00097d89
00008ad300019f7200001a9b00097ecb
00008ae10001a0f400001a7b0009800d
00008aef0001a27700001a5b0009814e
00008afe0001a3f800001a3a0009828e
00008b0d0001a57a00001a19000983cd
00008b1c0001a6fb000019f80009850c
00008b2c0001a87d000019d70009864a
00008b3c0001a9fd000019b600098788
00008b4b0001ab7e00001995000988c5
00008b5b0001acfe0000197400098a02
00008b6a0001ae7e0000195400098b3f
00008b790001affe0000193300098c7c
00008b870001b17d0000191300098db8
00008b950001b2fd000018f300098ef5
00008ba30001b47c000018d400099031
00008baf0001b5fb000018b60009916e
00008bbb0001b77b00001898000992aa
00008bc60001b8fa0000187b000993e7
00008bd10001ba7a0000185f00099523
00008bda0001bbfa0000184400099660
00008be30001bd7b0000182a0009979d
00008bea0001befc00001811000998da
00008bf10001c07e000017fa00099a17
00008bf70001c201000017e300099b54
00008bfc0001c385000017ce00099c91
00008c000001c509000017bb00099dce
00008c040001c68f000017a900099f0b
00008c060001c815000017990009a048
00008c090001c99d0000178a0009a185
00008c0a0001cb270000177d0009a2c2
00008c0b0001ccb1000017720009a3ff
00008c0c0001ce3d000017680009a53b
00008c0d0001cfcb000017600009a678
00008c0d0001d1590000175a0009a7b4
00008c0e0001d2ea000017560009a8ef
00008c0e0001d47b000017530009aa2a
00008c0f0001d60f000017520009ab65
00008c100001d7a3000017530009ac9f
00008c110001d939000017560009add9
00008c130001dad00000175a0009af12
00008c150001dc69000017600009b04a
00008c180001de02000017680009b182
00008c1b0001df9d000017710009b2b9
00008c200001e1390000177c0009b3ef
00008c250001e2d6000017880009b524
00008c2b0001e473000017950009b659
00008c310001e612000017a30009b78c
00008c390001e7b0000017b30009b8bf
00008c410001e950000017c40009b9f1
00008c4b0001eaf0000017d60009bb22
00008c550001ec90000017e90009bc52
00008c600001ee30000017fd0009bd82
00008c6b0001efd1000018110009beb0
00008c780001f171000018260009bfde
00008c850001f3120000183c0009c10b
00008c920001f4b2000018520009c237
00008ca00001f652000018690009c363
00008caf0001f7f20000187f0009c48e
00008cbd0001f992000018960009c5b8
00008ccc0001fb31000018ae0009c6e2
00008cdb0001fcd0000018c50009c80c
00008cea0001fe6e000018dc0009c935
00008cf90002000d000018f30009ca5e
00008d07000201ab0000190a0009cb87
00008d1500020349000019210009ccaf
00008d23000204e6000019370009cdd8
00008d30000206840000194d0009cf00
00008d3d00020821000019630009d029
00008d48000209be000019780009d152
00008d5400020b5c0000198d0009d27b
00008d5e00020cf9000019a10009d3a5
00008d6700020e97000019b50009d4cf
00008d7000021035000019c90009d5fa
00008d78000211d3000019db0009d726
00008d7e00021373000019ee0009d852
00008d840002151200001a000009d97f
00008d89000216b300001a110009daad
00008d8e0002185400001a220009dbdc
00008d91000219f600001a330009dd0d
00008d9400021b9a00001a430009de3e
00008d9600021d3e00001a530009df70
00008d9700021ee400001a620009e0a4
00008d980002208b00001a720009e1d9
00008d980002223300001a810009e310
00008d99000223dc00001a900009e447
00008d980002258700001a9e0009e580
00008d980002273400001aad0009e6bb
00008d98000228e200001abb0009e7f6
00008d9700022a9100001aca0009e933
00008d9700022c4200001ad90009ea72
00008d9700022df400001ae80009ebb2
00008d9800022fa700001af70009ecf3
00008d990002315c00001b060009ee35
00008d9a0002331100001b150009ef79
00008d9d000234c800001b250009f0be
00008d9f0002368100001b350009f204
00008da30002383a00001b460009f34b
00008da7000239f400001b570009f494
00008dac00023bae00001b680009f5dd
00008db200023d6a00001b7a0009f727
00008db900023f2600001b8c0009f871
00008dc1000240e200001b9f0009f9bd
00008dca0002429f00001bb20009fb09
00008dd30002445d00001bc60009fc56
00008ddd0002461a00001bda0009fda3
00008de8000247d700001bee0009fef0
00008df40002499500001c03000a003e
00008e0000024b5200001c19000a018c
00008e0d00024d0f00001c2e000a02da
00008e1a00024ecc00001c44000a0428
00008e280002508900001c5a000a0576
00008e360002524500001c70000a06c4
00008e440002540200001c87000a0811
00008e52000255bd00001c9d000a095e
00008e600002577900001cb4000a0aab
00008e6e0002593400001cca000a0bf7
00008e7c00025aee00001ce0000a0d43
00008e8900025ca900001cf6000a0e8e
00008e9600025e6300001d0b000a0fd8
00008ea30002601d00001d20000a1122
00008eae000261d700001d35000a126b
00008eb90002639100001d48000a13b3
00008ec40002654b00001d5b000a14fa
00008ecd0002670500001d6e000a1641
00008ed6000268bf00001d7f000a1786
00008ede00026a7a00001d8f000a18cb
00008ee500026c3500001d9f000a1a0f
00008eeb00026df000001dad000a1b52
00008ef000026fac00001db9000a1c94
00008ef40002716900001dc5000a1dd5
00008ef70002732700001dcf000a1f15
00008efa000274e500001dd8000a2055
00008efc000276a500001ddf000a2194
00008efd0002786600001de5000a22d2
00008efe00027a2800001de8000a240f
00008efe00027beb00001deb000a254c
00008efd00027db000001deb000a2688
00008efd00027f7500001dea000a27c4
00008efc0002813d00001de7000a28ff
00008efb0002830500001de3000a2a39
00008efa000284cf00001ddc000a2b73
00008ef90002869a00001dd4000a2cad
00008ef80002886700001dca000a2de7
00008ef700028a3500001dbe000a2f20
00008ef700028c0500001db1000a3059
00008ef700028dd500001da2000a3192
00008ef800028fa700001d91000a32cb
00008efa0002917a00001d7f000a3404
00008efc0002934e00001d6b000a353d
00008eff0002952300001d56000a3675
00008f02000296f900001d3f000a37ae
00008f07000298d000001d27000a38e7
00008f0c00029aa700001d0e000a3a20
00008f1200029c7f00001cf4000a3b59
00008f1900029e5700001cd8000a3c92
00008f210002a02f00001cbc000a3dcb
00008f2a0002a20800001c9e000a3f04
00008f340002a3e100001c80000a403d
00008f3e0002a5ba00001c61000a4177
00008f490002a79300001c41000a42b0
00008f540002a96c00001c21000a43e9
00008f610002ab4500001c00000a4523
00008f6d0002ad1d00001bdf000a465c
00008f7a0002aef600001bbe000a4795
00008f870002b0ce00001b9d000a48ce
00008f950002b2a500001b7b000a4a06
00008fa20002b47c00001b59000a4b3f
00008faf0002b65300001b38000a4c76
00008fbd0002b82900001b16000a4dae
00008fca0002b9ff00001af5000a4ee4
00008fd60002bbd500001ad4000a501a
00008fe20002bdaa00001ab3000a5150
00008fee0002bf8000001a93000a5284
00008ff90002c15500001a73000a53b8
000090030002c32a00001a53000a54ea
0000900d0002c4ff00001a34000a561c
000090150002c6d400001a15000a574c
0000901d0002c8a9000019f7000a587b
000090240002ca7f000019d9000a59a9
0000902b0002cc55000019bc000a5ad5
000090300002ce2c0000199f000a5bff
000090340002d00300001983000a5d28
000090380002d1db00001967000a5e50
0000903a0002d3b40000194c000a5f75
0000903c0002d58d00001931000a6099
0000903d0002d76800001916000a61ba
0000903e0002d944000018fc000a62da
0000903e0002db21000018e2000a63f8
0000903d0002dcff000018c9000a6514
0000903c0002dede000018af000a662e
0000903a0002e0bf00001896000a6745
000090390002e2a10000187d000a685b
000090370002e48400001864000a696e
000090350002e6690000184b000a6a7f
000090330002e84f00001832000a6b8e
000090320002ea3700001819000a6c9b
000090310002ec1f00001800000a6da6
000090300002ee09000017e7000a6eaf
0000902f0002eff5000017cd000a6fb6
0000902f0002f1e1000017b4000a70ba
000090300002f3cf00001799000a71bd
000090320002f5bd0000177f000a72be
000090340002f7ad00001764000a73bd
000090370002f99d00001749000a74bb
0000903b0002fb8e0000172d000a75b6
0000903f0002fd8000001711000a76b0
000090450002ff72000016f4000a77a9
0000904b00030165000016d7000a78a0
0000905300030358000016ba000a7995
0000905b0003054b0000169c000a7a8a
000090640003073e0000167d000a7b7d
0000906d000309320000165f000a7c6f
0000907800030b250000163f000a7d60
0000908200030d1800001620000a7e50
0000908e00030f0b00001600000a7f40
0000909a000310fd000015e0000a802e
000090a6000312f0000015bf000a811c
000090b3000314e20000159f000a820a
000090bf000316d30000157e000a82f7
000090cc000318c40000155e000a83e3
000090d900031ab50000153d000a84d0
000090e500031ca60000151d000a85bc
000090f100031e96000014fc000a86a7
000090fd00032085000014dc000a8793
0000910800032275000014bd000a887f
00009113000324640000149e000a896a
0000911e000326530000147f000a8a56
000091270003284200001461000a8b42
0000913000032a3100001444000a8c2d
0000913800032c1f00001428000a8d19
0000913f00032e0f0000140c000a8e05
0000914500032ffe000013f2000a8ef1
0000914b000331ee000013d9000a8fde
0000914f000333de000013c1000a90ca
00009153000335cf000013aa000a91b7
00009156000337c100001394000a92a3
00009158000339b300001380000a9390
0000915900033ba70000136d000a947d
0000915900033d9b0000135c000a956a
0000915900033f900000134d000a9657
00009158000341870000133f000a9743
000091570003437e00001333000a9830
000091550003457700001328000a991d
00009153000347720000131f000a9a09
000091500003496d00001318000a9af5
0000914e00034b6a00001313000a9be1
0000914b00034d6800001310000a9ccc
0000914900034f680000130e000a9db8
00009147000351690000130e000a9ea2
000091450003536b00001310000a9f8c
000091430003556e00001313000aa076
000091420003577300001318000aa15f
00009141000359790000131f000aa248
0000914200035b8000001327000aa32f
0000914200035d8700001331000aa416
0000914400035f900000133d000aa4fd
000091460003619a00001349000aa5e2
00009149000363a400001358000aa6c7
0000914e000365af00001367000aa7ab
00009152000367ba00001377000aa88e
00009158000369c600001389000aa971
0000915f00036bd20000139b000aaa52
0000916600036dde000013af000aab33
0000916f00036fea000013c3000aac13
00009178000371f6000013d8000aacf2
0000918100037403000013ee000aadd0
0000918c0003760f00001404000aaeae
000091960003781a0000141b000aaf8b
000091a200037a2600001432000ab068
000091ad00037c3100001449000ab143
000091b900037e3c00001461000ab21f
000091c50003804600001478000ab2fa
000091d10003825000001490000ab3d4
000091dd00038459000014a8000ab4ae
000091e900038662000014bf000ab588
000091f40003886b000014d6000ab662
000091ff00038a73000014ed000ab73c
0000920a00038c7b00001504000ab816
0000921400038e830000151b000ab8f0
0000921e0003908b00001531000ab9ca
000092270003929200001546000abaa5
0000922f000394990000155b000abb7f
00009236000396a100001570000abc5b
0000923c000398a900001584000abd37
0000924200039ab100001598000abe13
0000924600039cb9000015ab000abef1
0000924a00039ec2000015be000abfcf
0000924d0003a0cb000015d0000ac0ae
0000924f0003a2d5000015e2000ac18e
000092500003a4e0000015f3000ac26f
000092510003a6eb00001604000ac351
000092500003a8f800001615000ac435
0000924f0003ab0600001625000ac51a
0000924e0003ad1500001635000ac5ff
0000924c0003af2500001644000ac6e7
000092490003b13600001654000ac7cf
000092460003b34800001663000ac8ba
000092430003b55c00001672000ac9a5
000092400003b77100001681000aca92
0000923d0003b98700001690000acb80
0000923a0003bb9f0000169f000acc70
000092370003bdb8000016ae000acd61
000092350003bfd3000016be000ace53
000092320003c1ee000016cd000acf47
000092310003c40b000016dd000ad03c
0000922f0003c629000016ed000ad133
0000922f0003c847000016fd000ad22b
0000922f0003ca670000170e000ad323
000092300003cc880000171f000ad41d
000092320003cea900001730000ad518
000092340003d0cb00001742000ad614
000092380003d2ee00001755000ad711
0000923c0003d51100001767000ad80f
000092410003d7350000177b000ad90d
000092470003d9580000178e000ada0c
0000924e0003db7c000017a2000adb0c
000092560003dda0000017b7000adc0c
0000925e0003dfc4000017cc000add0d
000092670003e1e8000017e2000ade0d
000092710003e40b000017f7000adf0e
0000927b0003e62f0000180d000ae00f
000092860003e85200001824000ae111
000092900003ea740000183a000ae212
0000929c0003ec9700001851000ae312
000092a70003eeb800001868000ae413
000092b20003f0da0000187f000ae513
000092be0003f2fb00001896000ae613
000092c90003f51b000018ac000ae713
000092d40003f73b000018c3000ae811
000092de0003f95b000018d9000ae910
000092e80003fb7a000018ef000aea0d
000092f10003fd9900001904000aeb0a
000092fa0003ffb800001919000aec07
00009302000401d70000192d000aed02
0000930a000403f500001940000aedfd
000093100004061400001952000aeef7
000093160004083300001964000aeff0
0000931b00040a5200001974000af0e8
0000931f00040c7200001984000af1df
0000932200040e9200001992000af2d6
00009324000410b20000199f000af3cc
00009325000412d3000019ab000af4c0
00009326000414f5000019b5000af5b5
0000932600041718000019be000af6a8
000093250004193c000019c5000af79b
0000932300041b60000019ca000af88d
0000932100041d86000019ce000af97e
0000931e00041fad000019d1000afa6f
0000931b000421d5000019d1000afb5f
00009317000423ff000019d0000afc4e
000093140004262a000019cd000afd3e
0000931000042856000019c9000afe2c
0000930c00042a83000019c2000aff1b
0000930800042cb2000019ba000b0009
0000930500042ee1000019b0000b00f7
0000930100043113000019a4000b01e5
000092ff0004334500001997000b02d2
000092fc0004357800001988000b03c0
000092fa000437ad00001977000b04ad
000092f9000439e200001965000b059a
000092f900043c1900001952000b0688
000092f900043e500000193c000b0775
000092fa0004408800001926000b0863
000092fc000442c10000190e000b0950
000092ff000444fa000018f5000b0a3e
0000930300044734000018db000b0b2c
000093080004496e000018bf000b0c1a
0000930d00044ba8000018a3000b0d08
0000931300044de300001886000b0df6
0000931a0004501d00001868000b0ee4
000093220004525700001849000b0fd3
0000932a000454910000182a000b10c1
00009333000456cb0000180a000b11b0
0000933d00045905000017e9000b129e
0000934700045b3e000017c9000b138d
0000935100045d77000017a8000b147b
0000935c00045fb000001787000b1569
00009366000461e800001765000b1657
000093710004641f00001744000b1744
0000937c0004665600001723000b1831
000093860004688d00001702000b191e
0000939000046ac3000016e1000b1a0a
0000939a00046cf9000016c1000b1af5
000093a400046f2e000016a0000b1be0
000093ac0004716300001680000b1cca
000093b50004739800001661000b1db3
000093bc000475cd00001642000b1e9b
000093c30004780200001623000b1f82
000093c900047a3600001605000b2068
000093ce00047c6b000015e7000b214c
000093d200047ea0000015ca000b222f
000093d5000480d6000015ad000b2311
000093d70004830c00001591000b23f1
000093d90004854200001575000b24d0
000093da000487790000155a000b25ac
000093d9000489b10000153f000b2688
000093d800048bea00001525000b2761
000093d700048e230000150b000b2838
000093d40004905e000014f1000b290e
000093d100049299000014d8000b29e1
000093ce000494d6000014bf000b2ab3
000093ca00049714000014a6000b2b82
000093c6000499530000148d000b2c50
000093c200049b9400001475000b2d1b
000093bd00049dd50000145c000b2de4
000093b90004a01800001444000b2eac
000093b40004a25d0000142b000b2f71
000093b00004a4a200001413000b3034
000093ad0004a6e9000013fa000b30f5
000093a90004a931000013e1000b31b4
000093a60004ab7a000013c8000b3270
000093a40004adc4000013ae000b332b
000093a20004b00f00001394000b33e5
000093a10004b25b0000137a000b349c
000093a10004b4a800001360000b3551
000093a10004b6f500001345000b3605
000093a30004b94300001329000b36b7
000093a50004bb920000130d000b3768
000093a80004bde1000012f1000b3817
000093ac0004c030000012d4000b38c5
000093b10004c280000012b7000b3971
000093b70004c4cf0000129a000b3a1c
000093bd0004c71f0000127b000b3ac6
000093c40004c96e0000125d000b3b6f
000093cc0004cbbe0000123e000b3c17
000093d50004ce0d0000121f000b3cbe
000093de0004d05b000011ff000b3d65
000093e70004d2aa000011e0000b3e0b
000093f10004d4f8000011c0000b3eb0
000093fb0004d7450000119f000b3f55
000094050004d9920000117f000b3ff9
0000940f0004dbdf0000115f000b409d
000094190004de2b0000113f000b4140
000094230004e0760000111f000b41e4
0000942c0004e2c1000010ff000b4287
000094350004e50c000010e0000b432b
0000943e0004e756000010c1000b43ce
000094460004e9a0000010a2000b4471
0000944e0004ebea00001084000b4515
000094540004ee3400001067000b45b8
0000945b0004f07d0000104a000b465c
000094600004f2c70000102f000b4700
000094640004f51000001014000b47a4
000094680004f75a00000ffa000b4848
0000946a0004f9a400000fe1000b48ec
0000946c0004fbef00000fca000b4990
0000946d0004fe3a00000fb4000b4a35
0000946d0005008600000f9f000b4ada
0000946c000502d200000f8c000b4b7f
0000946a0005051f00000f7a000b4c24
000094680005076e00000f6a000b4cc9
00009465000509bd00000f5b000b4d6e
0000946100050c0d00000f4e000b4e13
0000945d00050e5e00000f42000b4eb8
00009459000510b100000f39000b4f5d
000094540005130500000f31000b5002
0000944f0005155a00000f2b000b50a6
0000944a000517b000000f26000b514a
0000944500051a0700000f24000b51ee
0000944000051c6000000f23000b5292
0000943b00051eba00000f24000b5335
000094370005211500000f26000b53d8
000094330005237100000f2a000b547a
0000942f000525cf00000f30000b551c
0000942c0005282d00000f38000b55bd
0000942a00052a8d00000f41000b565d
0000942900052ced00000f4c000b56fd
0000942800052f4e00000f58000b579c
00009428000531af00000f65000b583a
000094290005341200000f74000b58d8
0000942a0005367400000f84000b5975
0000942d000538d800000f95000b5a11
0000943000053b3b00000fa8000b5aac
0000943500053d9f00000fbb000b5b46
0000943a0005400200000fcf000b5be0
000094400005426600000fe4000b5c79
00009445000544ca00000ff9000b5d13
0000944b0005472e0000100d000b5dac
000094510005499200001022000b5e47
0000945800054bf700001037000b5ee1
0000945e00054e5c0000104d000b5f7d
00009465000550c100001062000b6019
0000946b0005532600001077000b60b5
000094730005558c0000108d000b6153
0000947a000557f3000010a3000b61f1
0000948300055a5a000010b9000b628f
0000948c00055cc1000010cf000b632f
0000949500055f28000010e6000b63cf
0000949f00056190000010fd000b6470
000094aa000563f800001114000b6511
000094b6000566600000112c000b65b4
000094c3000568c900001144000b6657
000094d100056b310000115d000b66fb
000094df00056d9a00001177000b67a0
000094ef0005700300001191000b6845
000095000005726c000011ac000b68eb
00009512000574d5000011c7000b6992
000095250005773e000011e3000b6a3a
00009539000579a600001200000b6ae2
0000954f00057c0e0000121e000b6b8b
0000956600057e760000123c000b6c34
0000957d000580de0000125c000b6cdf
00009597000583450000127c000b6d89
000095b1000585ab0000129c000b6e34
000095cc00058811000012be000b6ee0
000095e900058a76000012e1000b6f8c
0000960600058cda00001304000b7039
0000962500058f3e00001328000b70e6
00009645000591a00000134e000b7193
000096650005940200001374000b7241
00009687000596630000139a000b72ee
000096a9000598c2000013c2000b739c
000096cc00059b21000013ea000b744a
000096f000059d7f00001414000b74f9
0000971400059fdb0000143e000b75a7
000097390005a23700001468000b7655
0000975e0005a49100001494000b7703
000097840005a6eb000014bf000b77b1
000097aa0005a943000014ec000b785f
000097d10005ab9a00001519000b790d
000097f70005adf100001547000b79bb
0000981e0005b04600001575000b7a68
000098450005b29b000015a3000b7b16
0000986c0005b4ee000015d2000b7bc3
000098930005b74100001601000b7c70
000098bb0005b99300001630000b7d1c
000098e20005bbe40000165f000b7dc8
000099090005be350000168e000b7e74
000099300005c085000016be000b7f20
000099570005c2d5000016ed000b7fcb
0000997e0005c5240000171d000b8076
000099a50005c7730000174c000b8121
000099cc0005c9c10000177b000b81cb
000099f30005cc10000017a9000b8275
00009a1a0005ce5e000017d7000b831f
00009a420005d0ab00001805000b83c8
00009a690005d2f900001833000b8472
00009a910005d54700001860000b851b
00009ab80005d7940000188c000b85c4
00009ae00005d9e2000018b8000b866d
00009b090005dc30000018e3000b8716
00009b320005de7d0000190d000b87be
00009b5b0005e0cb00001937000b8867
00009b850005e31800001960000b8910
00009bb00005e56600001988000b89b8
00009bdb0005e7b4000019af000b8a61
00009c070005ea01000019d5000b8b0a
00009c340005ec4f000019fb000b8bb4
00009c620005ee9d00001a1f000b8c5d
00009c900005f0ea00001a43000b8d07
00009cc00005f33700001a66000b8db1
00009cf10005f58400001a88000b8e5b
00009d220005f7d100001aa9000b8f06
00009d550005fa1d00001ac9000b8fb1
00009d890005fc6900001ae8000b905d
00009dbe0005feb400001b06000b9109
00009df4000600ff00001b24000b91b6
00009e2c0006034a00001b40000b9264
00009e650006059300001b5c000b9312
00009e9e000607dc00001b77000b93c0
00009ed900060a2400001b91000b9470
00009f1500060c6b00001bab000b9520
00009f5300060eb100001bc4000b95d0
00009f91000610f600001bdc000b9682
00009fd00006133a00001bf3000b9734
0000a0100006157c00001c0a000b97e7
0000a051000617be00001c20000b989b
0000a093000619fe00001c36000b994f
0000a0d600061c3d00001c4b000b9a05
0000a11900061e7a00001c60000b9abb
0000a15e000620b700001c74000b9b71
0000a1a2000622f100001c88000b9c29
0000a1e80006252b00001c9c000b9ce1
0000a22e0006276300001cb0000b9d9a
0000a2740006299900001cc3000b9e53
0000a2ba00062bcf00001cd6000b9f0d
0000a30100062e0200001ce8000b9fc8
0000a3480006303500001cfb000ba083
0000a38f0006326600001d0e000ba13f
0000a3d60006349600001d20000ba1fb
0000a41d000636c400001d32000ba2b8
0000a464000638f200001d45000ba375
0000a4ac00063b1e00001d57000ba433
0000a4f300063d4900001d69000ba4f1
0000a53900063f7300001d7c000ba5af
0000a5800006419b00001d8e000ba66d
0000a5c7000643c300001da1000ba72c
0000a60d000645ea00001db3000ba7eb
0000a6530006481000001dc6000ba8aa
0000a69900064a3500001dd8000ba969
0000a6df00064c5900001deb000baa27
0000a72400064e7c00001dfe000baae6
0000a7690006509f00001e11000baba5
0000a7ae000652c100001e24000bac64
0000a7f3000654e300001e37000bad23
0000a8380006570300001e4a000bade1
0000a87c0006592400001e5d000bae9f
0000a8c000065b4300001e70000baf5d
0000a90500065d6200001e83000bb01b
0000a94900065f8100001e96000bb0d8
0000a98d0006619f00001ea9000bb195
0000a9d1000663bd00001ebc000bb252
0000aa15000665da00001ecf000bb30e
0000aa59000667f700001ee2000bb3ca
0000aa9e00066a1300001ef4000bb486
0000aae200066c2f00001f07000bb541
0000ab2600066e4a00001f1a000bb5fb
0000ab6b0006706500001f2c000bb6b5
0000abb00006728000001f3e000bb76f
0000abf40006749a00001f50000bb828
0000ac39000676b300001f62000bb8e1
0000ac7f000678cc00001f74000bb999
0000acc400067ae400001f85000bba50
0000ad0a00067cfc00001f97000bbb08
0000ad4f00067f1300001fa8000bbbbe
0000ad950006812a00001fb9000bbc75
0000addb0006834000001fc9000bbd2b
0000ae210006855500001fda000bbde0
0000ae680006876a00001fea000bbe95
0000aeae0006897e00001ffa000bbf49
0000aef500068b9200002009000bbffd
0000af3c00068da500002019000bc0b1
0000af8300068fb700002028000bc164
0000afca000691c800002037000bc217
0000b011000693d900002046000bc2ca
0000b058000695ea00002054000bc37c
0000b09f000697f900002063000bc42d
0000b0e600069a0800002071000bc4df
0000b12d00069c170000207f000bc590
0000b17400069e250000208d000bc640
0000b1bb0006a0320000209b000bc6f1
0000b2020006a23f000020a8000bc7a1
0000b2490006a44b000020b6000bc850
0000b2900006a656000020c4000bc900
0000b2d60006a861000020d1000bc9af
0000b31d0006aa6c000020df000bca5e
0000b3640006ac76000020ed000bcb0c
0000b3aa0006ae80000020fa000bcbba
0000b3f10006b08900002108000bcc68
0000b4380006b29200002116000bcd15
0000b47e0006b49b00002124000bcdc2
0000b4c50006b6a300002132000bce6f
0000b50b0006b8ab00002140000bcf1b
0000b5520006bab20000214e000bcfc7
0000b5980006bcba0000215c000bd073
0000b5df0006bec00000216b000bd11e
0000b6250006c0c70000217a000bd1c9
0000b66c0006c2cd00002189000bd274
0000b6b30006c4d300002198000bd31e
0000b6fa0006c6d9000021a7000bd3c8
0000b7410006c8de000021b7000bd471
0000b7880006cae3000021c7000bd51a
0000b7cf0006cce7000021d7000bd5c2
0000b8170006ceec000021e7000bd66a
0000b85f0006d0ef000021f7000bd712
0000b8a60006d2f300002208000bd7b9
0000b8ee0006d4f600002219000bd85f
0000b9370006d6f90000222a000bd905
0000b97f0006d8fb0000223b000bd9ab
0000b9c80006dafc0000224c000bda50
0000ba100006dcfe0000225e000bdaf5
0000ba590006deff0000226f000bdb99
0000baa20006e0ff00002281000bdc3d
0000baec0006e2ff00002293000bdce0
0000bb350006e4fe000022a5000bdd83
0000bb7e0006e6fd000022b7000bde26
0000bbc70006e8fb000022c9000bdec8
0000bc110006eaf9000022db000bdf6a
0000bc5a0006ecf6000022ed000be00b
0000bca30006eef3000022ff000be0ac
0000bced0006f0f000002311000be14d
0000bd360006f2eb00002323000be1ed
0000bd7f0006f4e700002335000be28d
0000bdc80006f6e200002347000be32d
0000be110006f8dd00002359000be3cd
0000be590006fad70000236b000be46c
0000bea20006fcd10000237c000be50c
0000beea0006fecb0000238e000be5ab
0000bf32000700c4000023a0000be64b
0000bf79000702bd000023b1000be6ea
0000bfc1000704b7000023c2000be789
0000c008000706b0000023d4000be829
0000c04f000708a9000023e5000be8c9
0000c09600070aa2000023f6000be968
0000c0dd00070c9b00002407000bea09
0000c12300070e9400002418000beaa9
0000c16a0007108d00002429000beb4a
0000c1b0000712870000243a000bebeb
0000c1f6000714810000244a000bec8c
0000c23d0007167b0000245b000bed2e
0000c283000718750000246c000bedd0
0000c2c900071a700000247d000bee73
0000c31000071c6b0000248e000bef17
0000c35600071e660000249f000befbb
0000c39d00072062000024b1000bf060
0000c3e50007225f000024c2000bf105
0000c42d0007245b000024d4000bf1ab
0000c47500072659000024e6000bf252
0000c4be00072856000024f9000bf2f9
0000c50700072a540000250b000bf3a1
0000c55100072c520000251e000bf44a
0000c59c00072e5100002532000bf4f4
0000c5e80007305000002546000bf59e
0000c6350007324f0000255a000bf649
0000c6820007344e0000256f000bf6f5
0000c6d00007364e00002585000bf7a2
0000c7200007384e0000259b000bf84f
0000c77000073a4d000025b2000bf8fd
0000c7c200073c4d000025ca000bf9ac
0000c81500073e4c000025e2000bfa5b
0000c8690007404c000025fb000bfb0b
0000c8be0007424b00002615000bfbbc
0000c9140007444a0000262f000bfc6d
0000c96b000746480000264b000bfd1f
0000c9c40007484600002667000bfdd2
0000ca1d00074a4300002684000bfe85
0000ca7800074c40000026a2000bff38
0000cad300074e3c000026c0000bffec
0000cb3000075038000026e0000c00a0
0000cb8e0007523200002701000c0155
0000cbed0007542c00002722000c020a
0000cc4c0007562500002744000c02bf
0000ccac0007581d00002767000c0374
0000cd0d00075a140000278b000c0429
0000cd6f00075c0a000027af000c04df
0000cdd200075dff000027d5000c0595
0000ce3500075ff3000027fb000c064a
0000ce98000761e600002822000c0700
0000cefc000763d800002849000c07b5
0000cf60000765c800002871000c086b
0000cfc5000767b80000289a000c0920
0000d02a000769a7000028c3000c09d6
0000d08f00076b95000028ec000c0a8b
0000d0f400076d8300002917000c0b3f
0000d15900076f6f00002941000c0bf4
0000d1be0007715a0000296c000c0ca8
0000d2230007734500002997000c0d5c
0000d2880007752f000029c2000c0e10
0000d2ed00077718000029ed000c0ec3
0000d3520007790100002a19000c0f76
0000d3b700077aea00002a44000c1029
0000d41c00077cd100002a70000c10dc
0000d48100077eb900002a9b000c118e
0000d4e6000780a000002ac6000c123f
0000d54a0007828700002af1000c12f1
0000d5af0007846e00002b1b000c13a2
0000d6140007865400002b46000c1453
0000d6780007883a00002b6f000c1504
0000d6dd00078a2100002b99000c15b4
0000d74200078c0700002bc1000c1664
0000d7a800078ded00002bea000c1714
0000d80d00078fd400002c11000c17c4
0000d873000791ba00002c38000c1874
0000d8d9000793a100002c5e000c1924
0000d9400007958700002c84000c19d4
0000d9a70007976e00002ca9000c1a83
0000da0f0007995400002ccc000c1b33
0000da7700079b3b00002cef000c1be3
0000dae000079d2200002d12000c1c93
0000db4a00079f0800002d33000c1d43
0000dbb50007a0ef00002d53000c1df4
0000dc210007a2d600002d73000c1ea4
0000dc8d0007a4bc00002d92000c1f55
0000dcfb0007a6a200002daf000c2007
0000dd6a0007a88800002dcc000c20b9
0000ddd90007aa6e00002de8000c216b
0000de4a0007ac5300002e03000c221e
0000debc0007ae3800002e1d000c22d1
0000df2f0007b01c00002e37000c2385
0000dfa40007b20000002e4f000c2439
0000e0190007b3e300002e67000c24ee
0000e08f0007b5c500002e7d000c25a4
0000e1070007b7a700002e94000c265a
0000e17f0007b98700002ea9000c2711
0000e1f90007bb6700002ebe000c27c9
0000e2740007bd4500002ed2000c2881
0000e2ef0007bf2300002ee5000c293a
0000e36c0007c0ff00002ef8000c29f4
0000e3e90007c2da00002f0a000c2aaf
0000e4670007c4b400002f1c000c2b6a
0000e4e60007c68d00002f2d000c2c26
0000e5660007c86400002f3e000c2ce3
0000e5e60007ca3a00002f4e000c2da0
0000e6660007cc0f00002f5e000c2e5f
0000e6e80007cde200002f6e000c2f1e
0000e7690007cfb400002f7d000c2fdd
0000e7eb0007d18500002f8c000c309d
0000e86d0007d35400002f9b000c315e
0000e8f00007d52200002faa000c3220
0000e9720007d6ef00002fb9000c32e1
0000e9f50007d8ba00002fc7000c33a4
0000ea770007da8400002fd6000c3467
0000eafa0007dc4d00002fe4000c352a
0000eb7c0007de1400002ff3000c35ee
0000ebff0007dfdb00003001000c36b2
0000ec810007e1a000003010000c3776
0000ed030007e3650000301e000c383b
0000ed850007e5280000302d000c3900
0000ee060007e6ea0000303b000c39c5
0000ee870007e8ac0000304a000c3a8a
0000ef080007ea6d00003059000c3b4f
0000ef890007ec2c00003067000c3c15
0000f00a0007edec00003076000c3cda
0000f08a0007efaa00003085000c3d9f
0000f10a0007f16800003094000c3e64
0000f18a0007f325000030a3000c3f29
0000f2090007f4e1000030b2000c3fee
0000f2880007f69d000030c1000c40b3
0000f3070007f859000030d0000c4177
0000f3860007fa13000030e0000c423c
0000f4050007fbce000030ef000c42ff
0000f4840007fd88000030fe000c43c3
0000f5020007ff410000310d000c4486
0000f581000800fb0000311c000c4549
0000f5ff000802b30000312b000c460b
0000f67e0008046c0000313a000c46cd
0000f6fc0008062300003149000c478f
0000f77b000807db00003158000c4850
0000f7f90008099200003166000c4910
0000f87800080b4900003175000c49d0
0000f8f700080cff00003183000c4a90
0000f97600080eb400003191000c4b4f
0000f9f50008106a0000319f000c4c0e
0000fa740008121e000031ad000c4ccc
0000faf3000813d3000031bb000c4d89
0000fb7300081586000031c8000c4e47
0000fbf20008173a000031d5000c4f03
0000fc72000818ec000031e2000c4fbf
0000fcf200081a9e000031ef000c507b
0000fd7200081c50000031fb000c5136
0000fdf200081e0100003208000c51f1
0000fe7200081fb100003214000c52ab
0000fef2000821610000321f000c5365
0000ff72000823100000322b000c541f
0000fff3000824bf00003236000c54d8
000100730008266d00003241000c5590
000100f30008281a0000324c000c5649
00010174000829c700003257000c5701
000101f400082b7300003261000c57b8
0001027400082d1e0000326c000c586f
000102f400082ec900003276000c5926
000103750008307400003280000c59dc
000103f50008321e0000328a000c5a92
00010475000833c700003294000c5b48
000104f4000835700000329e000c5bfe
0001057400083719000032a8000c5cb3
000105f4000838c1000032b1000c5d67
0001067300083a68000032bb000c5e1c
000106f300083c10000032c5000c5ed0
0001077200083db6000032cf000c5f83
000107f100083f5d000032d9000c6037
0001087100084103000032e3000c60ea
000108f0000842a9000032ed000c619c
0001096f0008444e000032f7000c624f
000109ee000845f300003301000c6301
00010a6d000847980000330c000c63b2
00010aec0008493d00003316000c6463
00010b6a00084ae100003321000c6514
00010be900084c850000332c000c65c5
00010c6800084e2900003337000c6675
00010ce800084fcc00003343000c6724
00010d670008516f0000334e000c67d3
00010de6000853120000335a000c6882
00010e65000854b500003366000c6930
00010ee50008565700003372000c69de
00010f64000857f90000337f000c6a8b
00010fe40008599b0000338c000c6b38
0001106400085b3c00003398000c6be5
000110e400085cdd000033a5000c6c91
0001116400085e7e000033b3000c6d3c
000111e40008601e000033c0000c6de7
00011264000861be000033ce000c6e91
000112e50008635d000033db000c6f3b
00011366000864fc000033e9000c6fe5
000113e60008669a000033f7000c708e
000114670008683800003405000c7137
000114e8000869d600003413000c71df
0001156800086b7300003422000c7286
000115e900086d1000003430000c732e
0001166a00086eac0000343e000c73d5
000116eb000870480000344d000c747b
0001176b000871e30000345b000c7521
000117ec0008737e00003469000c75c7
0001186c0008751800003477000c766d
000118ec000876b200003486000c7712
0001196c0008784c00003494000c77b7
000119ec000879e5000034a2000c785c
00011a6b00087b7e000034b0000c7901
00011aeb00087d17000034be000c79a6
00011b6a00087eb0000034cc000c7a4a
00011be900088048000034da000c7aef
00011c67000881e1000034e7000c7b93
00011ce500088379000034f5000c7c38
00011d630008851100003502000c7cdc
00011de1000886a900003510000c7d81
00011e5e000888410000351d000c7e26
00011edc000889da0000352a000c7ecc
00011f5900088b7200003537000c7f71
00011fd600088d0b00003545000c8017
0001205200088ea400003552000c80bd
000120cf0008903d0000355f000c8164
0001214c000891d70000356c000c820b
000121c80008937100003579000c82b2
000122450008950b00003586000c835a
000122c2000896a600003594000c8403
0001233f00089841000035a1000c84ac
000123bc000899dd000035af000c8556
0001243a00089b79000035bd000c8600
000124b800089d15000035cb000c86ab
0001253600089eb2000035d9000c8757
000125b50008a050000035e8000c8803
000126350008a1ee000035f7000c88b0
000126b50008a38c00003606000c895e
000127360008a52b00003616000c8a0d
000127b70008a6ca00003627000c8abc
0001283a0008a86900003638000c8b6d
000128bd0008aa0900003649000c8c1d
000129420008aba80000365b000c8ccf
000129c70008ad480000366e000c8d81
00012a4d0008aee800003681000c8e34
00012ad50008b08800003695000c8ee8
00012b5d0008b228000036aa000c8f9c
00012be70008b3c8000036bf000c9051
00012c720008b567000036d5000c9107
00012cfd0008b706000036ec000c91bd
00012d8a0008b8a500003704000c9274
00012e180008ba430000371d000c932b
00012ea70008bbe100003737000c93e3
00012f370008bd7f00003751000c949b
00012fc80008bf1b0000376c000c9554
0001305a0008c0b700003788000c960c
000130ed0008c252000037a5000c96c6
000131810008c3ed000037c3000c977f
000132160008c586000037e2000c9839
000132ab0008c71f00003801000c98f3
000133410008c8b600003822000c99ad
000133d80008ca4d00003843000c9a67
0001346f0008cbe300003864000c9b21
000135070008cd7800003887000c9bdb
000135a00008cf0c000038aa000c9c96
000136380008d09f000038ce000c9d50
000136d10008d230000038f3000c9e0a
0001376a0008d3c100003918000c9ec3
000138040008d5510000393d000c9f7d
0001389d0008d6e100003963000ca036
000139370008d86f0000398a000ca0f0
000139d00008d9fc000039b1000ca1a9
00013a6a0008db89000039d8000ca261
00013b030008dd15000039ff000ca319
00013b9d0008dea100003a27000ca3d1
00013c360008e02c00003a4f000ca489
00013ccf0008e1b600003a76000ca541
00013d680008e34000003a9e000ca5f8
00013e010008e4c900003ac6000ca6ae
00013e9a0008e65300003aed000ca765
00013f320008e7db00003b15000ca81b
00013fcb0008e96400003b3c000ca8d0
000140640008eaed00003b63000ca986
000140fc0008ec7500003b89000caa3b
000141950008edfd00003baf000caaf0
0001422d0008ef8600003bd5000caba4
000142c60008f10e00003bfa000cac59
0001435f0008f29700003c1e000cad0d
000143f80008f41f00003c42000cadc1
000144920008f5a800003c65000cae75
0001452c0008f73000003c88000caf29
000145c60008f8b900003ca9000cafdd
000146610008fa4200003cca000cb091
000146fc0008fbcb00003cea000cb145
000147980008fd5500003d09000cb1f9
000148350008fede00003d28000cb2ad
000148d20009006700003d45000cb361
00014970000901f000003d62000cb416
00014a100009037900003d7e000cb4cb
00014ab00009050200003d98000cb580
00014b510009068b00003db2000cb635
00014bf30009081400003dcb000cb6eb
00014c960009099c00003de3000cb7a2
00014d3a00090b2400003dfa000cb859
00014ddf00090cac00003e11000cb910
00014e8500090e3300003e26000cb9c8
00014f2c00090fb900003e3b000cba80
00014fd50009113f00003e4f000cbb39
0001507e000912c400003e62000cbbf3
000151290009144800003e74000cbcae
000151d4000915cc00003e86000cbd69
000152810009174e00003e96000cbe25
0001532e000918d000003ea7000cbee1
000153dc00091a5000003eb6000cbf9e
0001548c00091bd000003ec5000cc05c
0001553c00091d4e00003ed4000cc11b
000155ec00091ecb00003ee2000cc1da
0001569e0009204700003eef000cc29a
00015750000921c100003efc000cc35b
000158020009233b00003f09000cc41d
000158b6000924b300003f15000cc4df
000159690009262900003f21000cc5a2
00015a1d0009279f00003f2d000cc665
00015ad10009291300003f39000cc729
00015b8500092a8500003f44000cc7ee
00015c3a00092bf700003f4f000cc8b3
00015cee00092d6700003f5b000cc979
00015da300092ed600003f65000cca3f
00015e570009304300003f70000ccb06
00015f0c000931b000003f7b000ccbcd
00015fc00009331b00003f86000ccc95
000160740009348600003f91000ccd5c
00016128000935ef00003f9c000cce24
000161db0009375700003fa7000cceed
0001628f000938be00003fb2000ccfb5
0001634200093a2500003fbd000cd07e
000163f500093b8a00003fc8000cd147
000164a700093cef00003fd3000cd210
0001655900093e5300003fde000cd2d9
0001660b00093fb600003fe9000cd3a2
000166bd0009411900003ff5000cd46a
0001676e0009427b00004000000cd533
0001681f000943dd0000400c000cd5fc
000168d00009453e00004017000cd6c4
000169800009469e00004023000cd78c
00016a30000947fe0000402e000cd854
00016ae00009495d0000403a000cd91b
00016b9000094abd00004046000cd9e3
00016c4000094c1b00004051000cdaaa
00016cef00094d790000405d000cdb70
00016d9f00094ed700004068000cdc36
00016e4e0009503500004074000cdcfc
00016efe000951920000407f000cddc1
00016fad000952ef0000408b000cde86
0001705c0009544b00004096000cdf4a
0001710c000955a7000040a1000ce00e
000171bb00095703000040ac000ce0d1
0001726b0009585e000040b6000ce194
0001731a000959b9000040c1000ce257
000173ca00095b13000040cb000ce318
0001747900095c6d000040d6000ce3da
0001752900095dc7000040e0000ce49a
000175d900095f20000040e9000ce55b
0001768900096078000040f3000ce61b
00017739000961d0000040fc000ce6da
000177e90009632800004105000ce799
0001789a0009647f0000410e000ce857
0001794a000965d500004117000ce915
000179fa0009672b0000411f000ce9d3
00017aab0009688000004127000cea90
00017b5b000969d50000412f000ceb4c
00017c0b00096b2900004137000cec08
00017cbc00096c7d0000413f000cecc4
00017d6c00096dd000004146000ced7f
00017e1c00096f220000414d000cee3a
00017ecd0009707400004154000ceef5
00017f7d000971c60000415b000cefaf
0001802d0009731700004162000cf069
000180dd0009746700004168000cf122
0001818c000975b70000416f000cf1db
0001823c0009770700004175000cf294
000182ec000978560000417b000cf34c
0001839b000979a400004182000cf404
0001844a00097af300004188000cf4bc
000184f900097c400000418e000cf573
000185a800097d8e00004195000cf62a
0001865700097edb0000419b000cf6e1
0001870500098028000041a1000cf797
000187b400098174000041a8000cf84d
00018862000982c1000041ae000cf902
000189110009840d000041b5000cf9b8
000189bf00098558000041bc000cfa6c
00018a6d000986a4000041c3000cfb21
00018b1b000987ef000041ca000cfbd5
00018bc90009893a000041d2000cfc88
00018c7700098a85000041d9000cfd3c
00018d2500098bcf000041e1000cfdee
00018dd300098d19000041e9000cfea1
00018e8100098e63000041f1000cff53
00018f3000098fad000041fa000d0004
00018fde000990f700004202000d00b5
0001908c000992400000420b000d0166
0001913a0009938900004214000d0216
000191e9000994d20000421d000d02c5
000192970009961a00004227000d0374
000193460009976200004230000d0423
000193f5000998aa0000423a000d04d1
000194a4000999f200004244000d057f
0001955300099b390000424e000d062c
0001960200099c7f00004258000d06d8
000196b100099dc600004263000d0784
0001976000099f0b0000426d000d0830
0001980f0009a05100004278000d08db
000198be0009a19600004283000d0986
0001996d0009a2db0000428e000d0a30
00019a1c0009a41f00004298000d0ada
00019acb0009a563000042a3000d0b84
00019b7a0009a6a6000042ae000d0c2d
00019c280009a7e9000042b9000d0cd5
00019cd70009a92b000042c4000d0d7e
00019d850009aa6e000042cf000d0e26
00019e330009abb0000042da000d0ece
00019ee10009acf1000042e4000d0f75
00019f8f0009ae32000042ef000d101d
0001a03c0009af74000042f9000d10c4
0001a0e90009b0b400004304000d116b
0001a1960009b1f50000430e000d1212
0001a2420009b33600004319000d12b9
0001a2ef0009b47600004323000d1360
0001a39a0009b5b60000432d000d1407
0001a4460009b6f700004337000d14af
0001a4f10009b83700004341000d1556
0001a59c0009b9780000434b000d15fe
0001a6470009bab900004355000d16a5
0001a6f10009bbfa0000435e000d174d
0001a79b0009bd3b00004368000d17f6
0001a8450009be7d00004372000d189e
0001a8ef0009bfbf0000437b000d1947
0001a9990009c10100004385000d19f1
0001aa430009c2440000438f000d1a9b
0001aaed0009c38700004399000d1b45
0001ab970009c4cb000043a3000d1bf0
0001ac410009c60f000043ad000d1c9c
0001acec0009c753000043b7000d1d48
0001ad970009c899000043c2000d1df5
0001ae420009c9de000043cc000d1ea3
0001aeed0009cb24000043d7000d1f51
0001af990009cc6b000043e3000d2000
0001b0460009cdb2000043ef000d20b0
0001b0f30009cefa000043fb000d2160
0001b1a10009d04100004407000d2211
0001b24f0009d18a00004414000d22c3
0001b2ff0009d2d200004422000d2375
0001b3af0009d41b00004430000d2428
0001b4600009d5640000443f000d24dc
0001b5130009d6ae0000444e000d2591
0001b5c60009d7f70000445f000d2646
0001b67a0009d9400000446f000d26fc
0001b72f0009da8900004481000d27b3
0001b7e50009dbd300004493000d286a
0001b89d0009dd1c000044a6000d2922
0001b9550009de64000044ba000d29db
0001ba0f0009dfad000044cf000d2a94
0001bac90009e0f5000044e4000d2b4d
0001bb850009e23c000044fb000d2c07
0001bc410009e38300004512000d2cc1
0001bcfe0009e4c90000452a000d2d7c
0001bdbd0009e60f00004543000d2e37
0001be7c0009e7540000455d000d2ef3
0001bf3c0009e89800004577000d2fae
0001bffd0009e9db00004593000d306a
0001c0bf0009eb1e000045af000d3126
0001c1810009ec5f000045cc000d31e2
0001c2430009eda0000045ea000d329e
0001c3070009eee000004609000d335a
0001c3ca0009f01e00004628000d3416
0001c48f0009f15c00004648000d34d3
0001c5530009f29900004669000d358f
0001c6180009f3d50000468a000d364a
0001c6dc0009f510000046ac000d3706
0001c7a10009f64b000046ce000d37c2
0001c8660009f784000046f1000d387d
0001c92b0009f8bd00004714000d3938
0001c9f00009f9f500004738000d39f3
0001cab50009fb2c0000475c000d3aad
0001cb7a0009fc6200004780000d3b67
0001cc3f0009fd98000047a4000d3c21
0001cd030009fece000047c9000d3cda
0001cdc8000a0003000047ed000d3d93
0001ce8c000a013700004812000d3e4c
0001cf50000a026c00004836000d3f05
0001d014000a03a00000485a000d3fbd
0001d0d8000a04d30000487e000d4074
0001d19c000a0607000048a2000d412c
0001d25f000a073a000048c5000d41e3
0001d323000a086e000048e8000d429a
0001d3e6000a09a10000490b000d4350
0001d4aa000a0ad50000492d000d4407
0001d56d000a0c080000494e000d44bd
0001d631000a0d3c0000496f000d4572
0001d6f5000a0e7000004990000d4628
0001d7ba000a0fa4000049af000d46de
0001d87e000a10d8000049ce000d4793
0001d943000a120c000049ec000d4849
0001da09000a134100004a0a000d48ff
0001dacf000a147500004a26000d49b4
0001db96000a15aa00004a42000d4a6a
0001dc5d000a16df00004a5d000d4b20
0001dd25000a181400004a77000d4bd6
0001ddee000a194800004a90000d4c8c
0001deb8000a1a7d00004aa8000d4d42
0001df82000a1bb200004abf000d4df9
0001e04e000a1ce600004ad6000d4eb1
0001e11a000a1e1b00004aeb000d4f68
0001e1e8000a1f4f00004b00000d5020
0001e2b6000a208300004b13000d50d9
0001e386000a21b600004b26000d5192
0001e456000a22e900004b38000d524b
0001e528000a241b00004b49000d5305
0001e5fb000a254d00004b5a000d53c0
0001e6ce000a267e00004b69000d547b
0001e7a3000a27ae00004b78000d5537
0001e879000a28de00004b86000d55f4
0001e94f000a2a0c00004b94000d56b2
0001ea27000a2b3a00004ba0000d5770
0001eaff000a2c6600004bad000d582e
0001ebd8000a2d9200004bb8000d58ee
0001ecb2000a2ebc00004bc3000d59ae
0001ed8d000a2fe500004bce000d5a6f
0001ee68000a310d00004bd8000d5b31
0001ef44000a323400004be2000d5bf3
0001f020000a335a00004beb000d5cb6
0001f0fd000a347e00004bf4000d5d7a
0001f1da000a35a100004bfd000d5e3e
0001f2b7000a36c200004c05000d5f03
0001f394000a37e300004c0e000d5fc9
0001f472000a390200004c16000d608f
0001f550000a3a2000004c1e000d6155
0001f62e000a3b3d00004c25000d621d
0001f70b000a3c5800004c2d000d62e4
0001f7e9000a3d7300004c35000d63ac
0001f8c7000a3e8c00004c3c000d6475
0001f9a4000a3fa400004c44000d653e
0001fa81000a40bb00004c4b000d6607
0001fb5e000a41d100004c53000d66d0
0001fc3b000a42e600004c5b000d679a
0001fd17000a43fb00004c62000d6864
0001fdf3000a450e00004c6a000d692d
0001fece000a462100004c72000d69f7
0001ffaa000a473300004c7a000d6ac1
00020085000a484400004c82000d6b8b
0002015f000a495400004c8a000d6c55
00020239000a4a6400004c92000d6d1f
00020313000a4b7400004c9a000d6de9
000203ed000a4c8200004ca3000d6eb3
000204c6000a4d9100004cab000d6f7c
0002059f000a4e9f00004cb3000d7045
00020678000a4fac00004cbc000d710e
00020750000a50b900004cc4000d71d7
00020828000a51c600004ccc000d729f
00020900000a52d200004cd5000d7367
000209d8000a53de00004cdd000d742e
00020ab0000a54ea00004ce5000d74f5
00020b88000a55f500004cee000d75bc
00020c5f000a570000004cf6000d7682
00020d37000a580b00004cfe000d7748
00020e0f000a591500004d06000d780d
00020ee6000a5a1f00004d0e000d78d1
00020fbe000a5b2900004d15000d7996
00021095000a5c3200004d1d000d7a59
0002116d000a5d3b00004d24000d7b1c
00021244000a5e4400004d2b000d7bdf
0002131c000a5f4c00004d32000d7ca1
000213f4000a605300004d39000d7d63
000214cc000a615b00004d3f000d7e24
000215a3000a626100004d46000d7ee4
0002167b000a636800004d4c000d7fa5
00021753000a646d00004d52000d8064
0002182b000a657300004d57000d8123
00021903000a667800004d5c000d81e2
000219db000a677c00004d62000d82a0
00021ab3000a688000004d66000d835e
00021b8b000a698300004d6b000d841b
00021c63000a6a8600004d70000d84d8
00021d3b000a6b8800004d74000d8594
00021e13000a6c8a00004d78000d8650
00021eea000a6d8b00004d7c000d870c
00021fc2000a6e8c00004d80000d87c7
00022099000a6f8c00004d83000d8882
00022171000a708c00004d87000d893c
00022248000a718b00004d8a000d89f6
0002231f000a728a00004d8d000d8ab0
000223f6000a738800004d91000d8b69
000224cc000a748700004d94000d8c22
000225a3000a758400004d97000d8cdb
00022679000a768200004d9a000d8d93
0002274f000a777f00004d9d000d8e4b
00022825000a787b00004da0000d8f03
000228fa000a797800004da3000d8fba
000229d0000a7a7400004da7000d9071
00022aa5000a7b7000004daa000d9127
00022b7a000a7c6b00004dad000d91dd
00022c50000a7d6700004db1000d9293
00022d24000a7e6200004db5000d9348
00022df9000a7f5d00004db9000d93fd
00022ece000a805800004dbd000d94b2
00022fa3000a815200004dc1000d9566
00023077000a824d00004dc6000d9619
0002314c000a834700004dca000d96cd
00023221000a844100004dcf000d977f
000232f5000a853b00004dd4000d9832
000233ca000a863400004dd9000d98e4
0002349f000a872e00004ddf000d9995
00023573000a882700004de5000d9a46
00023648000a892000004dea000d9af6
0002371d000a8a1900004df1000d9ba6
000237f2000a8b1100004df7000d9c55
000238c7000a8c0900004dfd000d9d04
0002399c000a8d0100004e04000d9db3
00023a71000a8df800004e0b000d9e61
00023b46000a8ef000004e12000d9f0e
00023c1b000a8fe700004e19000d9fbb
00023cf0000a90dd00004e21000da067
00023dc5000a91d300004e28000da113
00023e9a000a92c900004e30000da1bf
00023f6f000a93be00004e37000da26a
00024044000a94b300004e3f000da314
00024119000a95a800004e46000da3be
000241ed000a969c00004e4e000da468
000242c2000a979000004e56000da511
00024396000a988400004e5e000da5ba
0002446a000a997700004e65000da663
0002453e000a9a6a00004e6d000da70b
00024612000a9b5c00004e75000da7b4
000246e6000a9c4f00004e7c000da85b
000247b9000a9d4100004e84000da903
0002488b000a9e3300004e8b000da9ab
0002495e000a9f2400004e93000daa52
00024a30000aa01600004e9a000daaf9
00024b02000aa10700004ea1000daba0
00024bd3000aa1f900004ea8000dac48
00024ca4000aa2ea00004eaf000dacef
00024d75000aa3dc00004eb6000dad96
00024e45000aa4ce00004ebd000dae3e
00024f16000aa5c000004ec4000daee6
00024fe5000aa6b200004eca000daf8e
000250b5000aa7a400004ed1000db036
00025184000aa89700004ed7000db0de
00025253000aa98a00004ede000db187
00025322000aaa7d00004ee5000db231
000253f1000aab7100004eeb000db2da
000254c0000aac6600004ef2000db385
0002558f000aad5a00004ef9000db42f
0002565e000aae5000004f00000db4db
0002572d000aaf4600004f07000db587
000257fc000ab03c00004f0e000db633
000258cc000ab13300004f15000db6e0
0002599c000ab22b00004f1d000db78e
00025a6c000ab32300004f25000db83c
00025b3d000ab41b00004f2e000db8eb
00025c0e000ab51400004f36000db99b
00025ce0000ab60e00004f40000dba4c
00025db3000ab70800004f49000dbafd
00025e86000ab80200004f53000dbbaf
00025f5a000ab8fd00004f5e000dbc62
0002602f000ab9f800004f69000dbd15
00026105000abaf300004f75000dbdc9
000261dc000abbee00004f82000dbe7e
000262b3000abcea00004f8f000dbf33
0002638c000abde500004f9d000dbfe9
00026466000abee100004fab000dc0a0
00026540000abfdc00004fbb000dc157
0002661c000ac0d800004fcb000dc20f
000266f9000ac1d300004fdc000dc2c8
000267d7000ac2cd00004fee000dc381
000268b6000ac3c800005000000dc43a
00026995000ac4c200005014000dc4f4
00026a76000ac5bb00005028000dc5ae
00026b58000ac6b40000503d000dc669
00026c3a000ac7ac00005053000dc724
00026d1d000ac8a30000506a000dc7df
00026e02000ac99a00005082000dc89b
00026ee6000aca900000509b000dc956
00026fcc000acb85000050b4000dca12
000270b2000acc79000050cf000dcace
00027198000acd6c000050ea000dcb8a
0002727f000ace5f00005105000dcc46
00027367000acf5000005122000dcd02
0002744f000ad0410000513f000dcdbe
00027537000ad1310000515d000dce79
0002761f000ad2200000517b000dcf35
00027707000ad30e0000519a000dcff0
000277f0000ad3fb000051ba000dd0ab
000278d8000ad4e7000051d9000dd166
000279c0000ad5d3000051fa000dd221
00027aa9000ad6be0000521a000dd2db
00027b91000ad7a80000523b000dd395
00027c79000ad8920000525c000dd44f
00027d61000ad97b0000527e000dd508
00027e49000ada640000529f000dd5c1
00027f30000adb4d000052c0000dd67a
00028018000adc35000052e2000dd732
000280ff000add1c00005303000dd7ea
000281e6000ade0400005324000dd8a2
000282cc000adeeb00005345000dd959
000283b3000adfd200005366000dda10
00028499000ae0ba00005386000ddac6
00028580000ae1a1000053a6000ddb7d
00028666000ae288000053c5000ddc33
0002874d000ae370000053e4000ddce8
00028833000ae45700005403000ddd9e
0002891a000ae53f00005421000dde53
00028a00000ae6260000543e000ddf09
00028ae7000ae70e0000545a000ddfbe
00028bcf000ae7f700005476000de073
00028cb7000ae8df00005491000de128
00028d9f000ae9c8000054ab000de1dd
00028e88000aeab0000054c4000de292
00028f71000aeb99000054dd000de347
0002905b000aec82000054f5000de3fc
00029146000aed6b0000550b000de4b2
00029231000aee5500005521000de568
0002931d000aef3e00005536000de61e
0002940a000af0270000554a000de6d4
000294f9000af1100000555d000de78b
000295e8000af1f900005570000de842
000296d7000af2e100005581000de8f9
000297c8000af3c900005592000de9b1
000298ba000af4b1000055a1000dea6a
000299ad000af599000055b0000deb23
00029aa1000af680000055be000debdc
00029b96000af766000055cb000dec97
00029c8c000af84c000055d8000ded52
00029d83000af930000055e3000dee0d
00029e7b000afa14000055ee000deec9
00029f73000afaf8000055f9000def86
0002a06d000afbda00005602000df044
0002a167000afcbb0000560b000df102
0002a262000afd9b00005614000df1c1
0002a35e000afe7a0000561c000df280
0002a45a000aff5800005623000df341
0002a557000b00350000562a000df402
0002a655000b011100005631000df4c4
0002a753000b01eb00005637000df586
0002a851000b02c40000563d000df649
0002a950000b039c00005643000df70d
0002aa4f000b047300005648000df7d1
0002ab4e000b05490000564e000df896
0002ac4d000b061d00005653000df95b
0002ad4c000b06f000005658000dfa21
0002ae4b000b07c20000565c000dfae8
0002af4a000b089300005661000dfbaf
0002b049000b096200005666000dfc76
0002b148000b0a310000566a000dfd3e
0002b246000b0afe0000566f000dfe06
0002b345000b0bcb00005674000dfece
0002b443000b0c9700005678000dff96
0002b540000b0d610000567d000e005f
0002b63d000b0e2b00005682000e0128
0002b73a000b0ef400005687000e01f1
0002b837000b0fbd0000568c000e02ba
0002b933000b108400005691000e0383
0002ba2f000b114b00005696000e044c
0002bb2a000b12120000569b000e0515
0002bc25000b12d7000056a0000e05de
0002bd20000b139d000056a5000e06a7
0002be1a000b1462000056ab000e076f
0002bf14000b1526000056b0000e0838
0002c00d000b15ea000056b5000e0900
0002c107000b16ae000056bb000e09c8
0002c200000b1771000056c0000e0a8f
0002c2f9000b1834000056c6000e0b56
0002c3f1000b18f6000056cb000e0c1d
0002c4ea000b19b9000056d1000e0ce3
0002c5e2000b1a7b000056d6000e0da9
0002c6da000b1b3d000056db000e0e6e
0002c7d2000b1bfe000056e1000e0f33
0002c8ca000b1cbf000056e6000e0ff8
0002c9c2000b1d80000056eb000e10bc
0002caba000b1e41000056f0000e117f
0002cbb2000b1f01000056f4000e1242
0002cca9000b1fc1000056f9000e1305
0002cda1000b2080000056fd000e13c6
0002ce99000b213f00005701000e1488
0002cf91000b21fe00005705000e1549
0002d089000b22bd00005709000e1609
0002d181000b237b0000570d000e16c9
0002d279000b243800005710000e1788
0002d370000b24f500005713000e1847
0002d468000b25b200005716000e1905
0002d560000b266e00005719000e19c3
0002d658000b272a0000571b000e1a80
0002d750000b27e60000571d000e1b3d
0002d848000b28a10000571f000e1bf9
0002d940000b295b00005721000e1cb5
0002da37000b2a1500005723000e1d71
0002db2f000b2ace00005724000e1e2c
0002dc26000b2b8700005725000e1ee7
0002dd1e000b2c4000005726000e1fa1
0002de15000b2cf800005727000e205b
0002df0c000b2daf00005727000e2114
0002e002000b2e6600005728000e21cd
0002e0f9000b2f1d00005729000e2286
0002e1ef000b2fd400005729000e233e
0002e2e6000b308a00005729000e23f6
0002e3dc000b313f00005729000e24ad
0002e4d1000b31f50000572a000e2565
0002e5c7000b32aa0000572a000e261b
0002e6bc000b335e0000572a000e26d2
0002e7b1000b34130000572a000e2788
0002e8a6000b34c70000572b000e283e
0002e99b000b357b0000572b000e28f3
0002ea8f000b362f0000572c000e29a8
0002eb84000b36e20000572c000e2a5c
0002ec78000b37950000572d000e2b11
0002ed6c000b38490000572e000e2bc4
0002ee60000b38fc0000572f000e2c78
0002ef53000b39af00005730000e2d2b
0002f047000b3a6100005732000e2ddd
0002f13b000b3b1400005734000e2e8f
0002f22e000b3bc600005735000e2f41
0002f322000b3c7800005737000e2ff2
0002f415000b3d2b0000573a000e30a3
0002f508000b3ddd0000573c000e3153
0002f5fc000b3e8e0000573f000e3203
0002f6ef000b3f4000005741000e32b3
0002f7e2000b3ff200005744000e3362
0002f8d5000b40a300005747000e3412
0002f9c7000b41550000574a000e34c1
0002faba000b42060000574c000e3570
0002fbac000b42b80000574f000e361f
0002fc9e000b436900005752000e36ce
0002fd90000b441a00005755000e377d
0002fe82000b44cb00005758000e382c
0002ff74000b457c0000575b000e38da
00030066000b462d0000575e000e3989
00030158000b46de00005761000e3a37
00030249000b478f00005764000e3ae6
0003033b000b483f00005767000e3b94
0003042d000b48f00000576b000e3c42
0003051e000b49a00000576e000e3cf0
00030610000b4a5000005772000e3d9e
00030701000b4b0000005775000e3e4b
000307f3000b4bb000005779000e3ef9
000308e4000b4c5f0000577d000e3fa6
000309d6000b4d0e00005781000e4053
00030ac7000b4dbe00005785000e4100
00030bb9000b4e6c0000578a000e41ad
00030cab000b4f1b0000578e000e425a
00030d9c000b4fc900005793000e4306
00030e8e000b507700005798000e43b3
00030f80000b51250000579d000e445f
00031071000b51d2000057a2000e450b
00031163000b527f000057a7000e45b7
00031255000b532c000057ad000e4662
00031347000b53d8000057b2000e470e
00031438000b5484000057b8000e47b9
0003152a000b5530000057be000e4864
0003161c000b55db000057c4000e490f
0003170e000b5686000057cb000e49b9
00031800000b5730000057d2000e4a64
000318f2000b57da000057d9000e4b0e
000319e4000b5884000057e0000e4bb8
00031ad5000b592d000057e7000e4c61
00031bc7000b59d5000057ef000e4d0b
00031cb9000b5a7d000057f6000e4db4
00031daa000b5b25000057fe000e4e5d
00031e9c000b5bcb00005807000e4f05
00031f8e000b5c720000580f000e4fae
0003207f000b5d1800005818000e5056
00032170000b5dbd00005821000e50fd
00032261000b5e620000582a000e51a5
00032352000b5f0700005833000e524c
00032443000b5faa0000583d000e52f2
00032534000b604e00005847000e5399
00032625000b60f000005851000e543f
00032715000b61920000585b000e54e5
00032805000b623400005866000e558a
000328f5000b62d500005871000e562f
000329e5000b63750000587c000e56d4
00032ad4000b641500005887000e5778
00032bc3000b64b500005893000e581c
00032cb2000b65530000589e000e58c0
00032da1000b65f2000058aa000e5963
00032e8f000b668f000058b7000e5a06
00032f7d000b672d000058c3000e5aa8
0003306a000b67c9000058d0000e5b4a
00033158000b6865000058dd000e5beb
00033245000b6901000058ea000e5c8c
00033331000b699c000058f7000e5d2d
0003341d000b6a3700005905000e5dcd
00033509000b6ad100005913000e5e6d
000335f4000b6b6b00005921000e5f0c
000336df000b6c040000592f000e5fab
000337ca000b6c9d0000593e000e604a
000338b4000b6d350000594c000e60e8
0003399d000b6dcd0000595b000e6185
00033a87000b6e650000596a000e6222
00033b6f000b6efc0000597a000e62be
00033c57000b6f9300005989000e635a
00033d3f000b702900005999000e63f6
00033e27000b70bf000059a8000e6491
00033f0d000b7155000059b8000e652b
00033ff4000b71ea000059c9000e65c5
000340da000b7280000059d9000e665f
000341bf000b7314000059e9000e66f8
000342a4000b73a9000059fa000e6790
00034389000b743d00005a0b000e6828
0003446d000b74d100005a1c000e68bf
00034550000b756500005a2d000e6956
00034633000b75f900005a3e000e69ec
00034716000b768c00005a4f000e6a81
000347f8000b772000005a61000e6b16
000348da000b77b300005a72000e6bab
000349bb000b784600005a84000e6c3f
00034a9c000b78d800005a96000e6cd2
00034b7d000b796b00005aa8000e6d65
00034c5d000b79fe00005ab9000e6df7
00034d3d000b7a9000005acb000e6e89
00034e1c000b7b2200005add000e6f1a
00034efb000b7bb400005af0000e6faa
00034fda000b7c4700005b02000e703a
000350b8000b7cd900005b14000e70ca
00035196000b7d6b00005b26000e7158
00035274000b7dfd00005b38000e71e6
00035351000b7e8e00005b4b000e7274
0003542e000b7f2000005b5d000e7301
0003550b000b7fb200005b6f000e738d
000355e8000b804400005b82000e7419
000356c4000b80d500005b94000e74a4
000357a0000b816700005ba6000e752f
0003587c000b81f900005bb9000e75b9
00035958000b828a00005bcb000e7642
00035a33000b831c00005bdd000e76cb
00035b0f000b83ad00005bef000e7753
00035bea000b843f00005c02000e77db
00035cc5000b84d000005c14000e7862
00035da0000b856100005c26000e78e8
00035e7b000b85f200005c38000e796e
00035f56000b868400005c4a000e79f4
00036030000b871500005c5b000e7a78
0003610b000b87a600005c6d000e7afc
000361e5000b883700005c7f000e7b80
000362c0000b88c700005c90000e7c03
0003639a000b895800005ca2000e7c85
00036475000b89e900005cb3000e7d07
0003654f000b8a7900005cc4000e7d89
0003662a000b8b0900005cd5000e7e09
00036704000b8b9a00005ce6000e7e8a
000367de000b8c2900005cf6000e7f09
000368b9000b8cb900005d07000e7f88
00036993000b8d4900005d17000e8007
00036a6e000b8dd800005d28000e8085
00036b48000b8e6700005d38000e8103
00036c23000b8ef600005d48000e8180
00036cfe000b8f8500005d57000e81fc
00036dd8000b901300005d67000e8278
00036eb3000b90a100005d76000e82f3
00036f8e000b912f00005d85000e836e
00037068000b91bc00005d94000e83e9
00037143000b924900005da3000e8463
0003721e000b92d600005db1000e84dc
000372f9000b936300005dc0000e8555
000373d4000b93ef00005dce000e85ce
000374af000b947a00005ddb000e8646
0003758a000b950600005de9000e86be
00037665000b959000005df6000e8735
00037740000b961b00005e03000e87ab
0003781a000b96a500005e10000e8822
000378f5000b972e00005e1d000e8897
000379d0000b97b700005e29000e890d
00037aab000b984000005e36000e8982
00037b86000b98c800005e41000e89f6
00037c61000b995000005e4d000e8a6b
00037d3b000b99d700005e58000e8ade
00037e16000b9a5d00005e64000e8b52
00037ef0000b9ae300005e6e000e8bc5
00037fcb000b9b6900005e79000e8c37
000380a5000b9bee00005e83000e8caa
0003817f000b9c7200005e8d000e8d1c
00038259000b9cf600005e97000e8d8d
00038333000b9d7a00005ea1000e8dfe
0003840c000b9dfd00005eaa000e8e6f
000384e6000b9e7f00005eb3000e8ee0
000385bf000b9f0100005ebc000e8f50
00038698000b9f8200005ec4000e8fc0
00038770000ba00300005ecc000e9030
00038849000ba08300005ed4000e909f
00038921000ba10300005edc000e910e
000389f9000ba18200005ee4000e917d
00038ad0000ba20100005eeb000e91eb
00038ba8000ba27f00005ef2000e9259
00038c7e000ba2fd00005ef8000e92c7
00038d55000ba37a00005eff000e9335
00038e2b000ba3f600005f05000e93a2
00038f01000ba47200005f0b000e9410
00038fd7000ba4ee00005f10000e947d
000390ac000ba56900005f16000e94e9
00039180000ba5e400005f1b000e9556
00039255000ba65f00005f20000e95c2
00039328000ba6d900005f25000e962f
000393fc000ba75200005f29000e969a
000394cf000ba7cb00005f2d000e9706
000395a1000ba84400005f31000e9772
00039674000ba8bc00005f35000e97dd
00039745000ba93400005f39000e9848
00039816000ba9ac00005f3c000e98b4
000398e7000baa2300005f3f000e991e
000399b7000baa9a00005f42000e9989
00039a87000bab1100005f45000e99f4
00039b57000bab8700005f48000e9a5e
00039c26000babfe00005f4a000e9ac9
00039cf4000bac7400005f4c000e9b33
00039dc2000bace900005f4e000e9b9d
00039e90000bad5f00005f50000e9c07
00039f5d000badd400005f52000e9c71
0003a029000bae4900005f54000e9cda
0003a0f6000baebe00005f55000e9d44
0003a1c1000baf3300005f56000e9dae
0003a28d000bafa700005f58000e9e17
0003a358000bb01c00005f59000e9e80
0003a422000bb09000005f5a000e9eea
0003a4ec000bb10400005f5a000e9f53
0003a5b6000bb17800005f5b000e9fbc
0003a680000bb1ec00005f5c000ea025
0003a749000bb26000005f5c000ea08e
0003a811000bb2d400005f5d000ea0f7
0003a8da000bb34800005f5d000ea15f
0003a9a2000bb3bc00005f5d000ea1c8
0003aa69000bb42f00005f5d000ea231
0003ab31000bb4a300005f5e000ea299
0003abf8000bb51700005f5e000ea302
0003acbf000bb58a00005f5e000ea36a
0003ad85000bb5fe00005f5e000ea3d2
0003ae4b000bb67100005f5e000ea43b
0003af12000bb6e500005f5e000ea4a3
0003afd7000bb75800005f5e000ea50b
0003b09d000bb7cb00005f5e000ea573
0003b163000bb83f00005f5e000ea5db
0003b228000bb8b200005f5e000ea643
0003b2ed000bb92600005f5e000ea6ab
0003b3b2000bb99900005f5e000ea713
0003b477000bba0c00005f5e000ea77b
0003b53c000bba7f00005f5e000ea7e2
0003b601000bbaf300005f5e000ea84a
0003b6c5000bbb6600005f5e000ea8b1
0003b78a000bbbd900005f5e000ea919
0003b84e000bbc4c00005f5f000ea980
0003b913000bbcbf00005f5f000ea9e8
0003b9d7000bbd3200005f60000eaa4f
0003ba9b000bbda400005f60000eaab6
0003bb60000bbe1700005f61000eab1d
0003bc24000bbe8a00005f62000eab84
0003bce9000bbefc00005f63000eabeb
0003bdad000bbf6e00005f64000eac52
0003be71000bbfe000005f65000eacb9
0003bf36000bc05200005f66000ead1f
0003bffa000bc0c400005f67000ead86
0003c0bf000bc13500005f69000eadec
0003c183000bc1a700005f6a000eae52
0003c248000bc21800005f6c000eaeb8
0003c30d000bc28900005f6e000eaf1e
0003c3d1000bc2f900005f70000eaf84
0003c496000bc36a00005f73000eafea
0003c55b000bc3da00005f75000eb050
0003c620000bc44900005f78000eb0b5
0003c6e5000bc4b900005f7b000eb11a
0003c7aa000bc52800005f7e000eb180
0003c86f000bc59700005f81000eb1e5
0003c934000bc60500005f85000eb249
0003c9f9000bc67300005f88000eb2ae
0003cabe000bc6e100005f8c000eb313
0003cb83000bc74e00005f90000eb377
0003cc48000bc7bb00005f94000eb3db
0003cd0d000bc82700005f99000eb43f
0003cdd2000bc89300005f9e000eb4a2
0003ce97000bc8ff00005fa3000eb506
0003cf5c000bc96a00005fa8000eb569
0003d021000bc9d400005fad000eb5cc
0003d0e6000bca3f00005fb3000eb62f
0003d1ab000bcaa800005fb9000eb691
0003d270000bcb1100005fbf000eb6f4
0003d335000bcb7a00005fc5000eb756
0003d3f9000bcbe200005fcc000eb7b7
0003d4be000bcc4a00005fd2000eb819
0003d582000bccb100005fd9000eb87a
0003d646000bcd1800005fe1000eb8db
0003d70a000bcd7e00005fe8000eb93c
0003d7ce000bcde300005ff0000eb99c
0003d892000bce4800005ff8000eb9fc
0003d955000bcead00006000000eba5c
0003da19000bcf1100006009000ebabb
0003dadc000bcf7400006011000ebb1a
0003db9e000bcfd70000601a000ebb79
0003dc61000bd03a00006023000ebbd7
0003dd23000bd09c0000602d000ebc35
0003dde5000bd0fd00006037000ebc93
0003dea6000bd15e00006040000ebcf0
0003df68000bd1bf0000604b000ebd4d
0003e029000bd21f00006055000ebdaa
0003e0e9000bd27f00006060000ebe06
0003e1aa000bd2de0000606a000ebe62
0003e269000bd33c00006075000ebebd
0003e329000bd39a00006081000ebf18
0003e3e8000bd3f80000608c000ebf73
0003e4a7000bd45600006098000ebfcd
0003e565000bd4b3000060a4000ec027
0003e623000bd50f000060b0000ec080
0003e6e0000bd56b000060bc000ec0d9
0003e79d000bd5c7000060c9000ec131
0003e85a000bd623000060d5000ec189
0003e916000bd67e000060e2000ec1e1
0003e9d2000bd6d8000060ef000ec238
0003ea8d000bd733000060fc000ec28e
0003eb48000bd78d0000610a000ec2e4
0003ec02000bd7e700006117000ec33a
0003ecbc000bd84100006125000ec38f
0003ed76000bd89a00006133000ec3e4
0003ee2f000bd8f300006141000ec438
0003eee7000bd94c0000614f000ec48c
0003efa0000bd9a50000615e000ec4df
0003f057000bd9fe0000616c000ec531
0003f10e000bda560000617b000ec584
0003f1c5000bdaae00006189000ec5d5
0003f27c000bdb0600006198000ec626
0003f332000bdb5e000061a7000ec677
0003f3e7000bdbb6000061b6000ec6c7
0003f49d000bdc0e000061c5000ec717
0003f551000bdc65000061d5000ec766
0003f606000bdcbd000061e4000ec7b4
0003f6ba000bdd15000061f3000ec802
0003f76e000bdd6c00006203000ec84f
0003f821000bddc300006212000ec89c
0003f8d4000bde1b00006222000ec8e9
0003f987000bde7200006232000ec934
0003fa39000bdec900006241000ec980
0003faeb000bdf2000006251000ec9ca
0003fb9d000bdf7800006261000eca14
0003fc4f000bdfcf00006270000eca5e
0003fd00000be02600006280000ecaa7
0003fdb1000be07d00006290000ecaf0
0003fe62000be0d4000062a0000ecb38
0003ff13000be12b000062af000ecb7f
0003ffc3000be182000062bf000ecbc6
00040074000be1da000062cf000ecc0c
00040124000be231000062df000ecc52
000401d4000be288000062ee000ecc97
00040284000be2df000062fe000eccdc
00040334000be3360000630d000ecd20
000403e3000be38d0000631d000ecd63
00040493000be3e40000632c000ecda7
00040543000be43b0000633b000ecde9
000405f2000be4920000634a000ece2b
000406a2000be4e90000635a000ece6c
00040751000be54000006369000ecead
00040800000be59700006377000eceee
000408b0000be5ed00006386000ecf2e
0004095f000be64400006395000ecf6d
00040a0e000be69a000063a3000ecfac
00040abe000be6f1000063b2000ecfea
00040b6d000be747000063c0000ed028
00040c1d000be79d000063ce000ed065
00040ccc000be7f3000063dc000ed0a2
00040d7c000be849000063ea000ed0de
00040e2b000be89e000063f8000ed11a
00040edb000be8f400006405000ed155
00040f8b000be94900006412000ed190
0004103b000be99e0000641f000ed1cb
000410ea000be9f30000642c000ed205
0004119a000bea4700006439000ed23e
0004124a000bea9b00006446000ed277
000412fa000beaef00006452000ed2af
000413aa000beb430000645e000ed2e7
0004145a000beb960000646a000ed31f
0004150b000bebe900006476000ed356
000415bb000bec3c00006481000ed38d
0004166b000bec8e0000648c000ed3c3
0004171b000bece000006497000ed3f9
000417cc000bed31000064a2000ed42f
0004187c000bed82000064ad000ed464
0004192c000bedd3000064b7000ed499
000419dc000bee23000064c1000ed4cd
00041a8d000bee73000064cb000ed501
00041b3d000beec3000064d4000ed534
00041bed000bef12000064de000ed568
00041c9e000bef60000064e7000ed59a
00041d4e000befae000064ef000ed5cd
00041dfe000beffc000064f8000ed5ff
00041eae000bf04900006500000ed631
00041f5e000bf09500006508000ed662
0004200d000bf0e200006510000ed693
000420bd000bf12d00006518000ed6c4
0004216d000bf1780000651f000ed6f5
0004221c000bf1c300006526000ed725
000422cb000bf20d0000652c000ed755
0004237a000bf25700006533000ed785
00042429000bf2a000006539000ed7b4
000424d8000bf2e80000653f000ed7e3
00042586000bf33000006545000ed812
00042634000bf3780000654a000ed841
000426e2000bf3bf0000654f000ed86f
00042790000bf40600006554000ed89d
0004283d000bf44c00006559000ed8cb
000428ea000bf4920000655d000ed8f9
00042997000bf4d700006561000ed926
00042a43000bf51c00006565000ed953
00042aef000bf56000006569000ed980
00042b9b000bf5a40000656c000ed9ad
00042c46000bf5e70000656f000ed9da
00042cf1000bf62a00006572000eda06
00042d9c000bf66d00006574000eda32
00042e46000bf6af00006577000eda5f
00042ef0000bf6f100006579000eda8b
00042f99000bf7320000657b000edab6
00043042000bf7730000657d000edae2
000430eb000bf7b40000657e000edb0e
00043193000bf7f40000657f000edb39
0004323a000bf83500006580000edb64
000432e2000bf87400006581000edb8f
00043389000bf8b400006582000edbba
0004342f000bf8f300006582000edbe5
000434d5000bf93200006583000edc10
0004357a000bf97100006583000edc3b
0004361f000bf9af00006583000edc66
000436c4000bf9ed00006582000edc90
00043768000bfa2b00006582000edcbb
0004380c000bfa6900006581000edce5
000438af000bfaa700006581000edd0f
00043952000bfae500006580000edd39
000439f5000bfb220000657f000edd64
00043a97000bfb5f0000657d000edd8e
00043b39000bfb9c0000657c000eddb8
00043bda000bfbda0000657b000edde2
00043c7b000bfc1600006579000ede0c
00043d1b000bfc5300006577000ede36
00043dbc000bfc9000006576000ede60
00043e5b000bfccd00006574000ede89
00043efb000bfd0a00006572000edeb3
00043f9a000bfd4600006570000ededd
00044039000bfd830000656e000edf07
000440d7000bfdc00000656b000edf30
00044175000bfdfc00006569000edf5a
00044213000bfe3900006567000edf84
000442b1000bfe7600006565000edfad
0004434e000bfeb200006562000edfd7
000443ec000bfeef00006560000ee000
00044489000bff2c0000655d000ee02a
00044525000bff680000655b000ee053
000445c2000bffa500006558000ee07d
0004465e000bffe100006556000ee0a6
000446fb000c001e00006553000ee0d0
00044797000c005b00006551000ee0f9
00044833000c00980000654f000ee123
000448cf000c00d40000654c000ee14c
0004496a000c01110000654a000ee175
00044a06000c014e00006547000ee19f
00044aa2000c018a00006545000ee1c8
00044b3d000c01c700006543000ee1f1
00044bd9000c020400006541000ee21a
00044c74000c02400000653f000ee243
00044d0f000c027d0000653d000ee26d
00044dab000c02b90000653b000ee296
00044e46000c02f600006539000ee2bf
00044ee2000c033200006537000ee2e8
00044f7d000c036e00006536000ee311
00045019000c03aa00006534000ee33a
000450b4000c03e600006533000ee363
00045150000c042200006531000ee38b
000451eb000c045e00006530000ee3b4
00045287000c049a0000652f000ee3dd
00045323000c04d50000652f000ee405
000453be000c05100000652e000ee42e
0004545a000c054b0000652d000ee456
000454f6000c05860000652d000ee47f
00045592000c05c10000652d000ee4a7
0004562e000c05fb0000652d000ee4cf
000456ca000c06350000652d000ee4f7
00045766000c066f0000652d000ee51f
00045803000c06a90000652e000ee547
0004589f000c06e20000652e000ee56f
0004593b000c071b0000652f000ee596
000459d8000c075400006530000ee5be
00045a74000c078c00006532000ee5e5
00045b11000c07c400006533000ee60c
00045bad000c07fc00006535000ee633
00045c4a000c083300006537000ee65a
00045ce6000c086a00006539000ee681
00045d83000c08a00000653b000ee6a7
00045e20000c08d60000653e000ee6ce
00045ebc000c090c00006541000ee6f4
00045f59000c094100006544000ee71a
00045ff5000c097500006547000ee740
00046092000c09aa0000654b000ee765
0004612e000c09dd0000654e000ee78b
000461ca000c0a1100006552000ee7b0
00046267000c0a4400006557000ee7d5
00046303000c0a760000655b000ee7f9
0004639f000c0aa800006560000ee81e
0004643b000c0ad900006565000ee842
000464d6000c0b0a0000656a000ee866
00046572000c0b3b0000656f000ee88a
0004660d000c0b6b00006575000ee8ad
000466a9000c0b9a0000657b000ee8d0
00046744000c0bc900006581000ee8f3
000467de000c0bf800006588000ee916
00046879000c0c260000658e000ee938
00046913000c0c5300006595000ee95a
000469ad000c0c800000659c000ee97c
00046a47000c0cad000065a4000ee99d
00046ae1000c0cd9000065ab000ee9be
00046b7a000c0d05000065b3000ee9df
00046c13000c0d30000065bb000ee9ff
00046cab000c0d5b000065c3000eea1f
00046d43000c0d85000065cc000eea3f
00046ddb000c0daf000065d5000eea5e
00046e73000c0dd9000065de000eea7d
00046f0a000c0e02000065e7000eea9c
00046fa0000c0e2b000065f0000eeaba
00047037000c0e53000065fa000eead8
000470cd000c0e7b00006604000eeaf5
00047162000c0ea30000660e000eeb12
000471f7000c0ecb00006618000eeb2f
0004728c000c0ef200006622000eeb4b
00047320000c0f180000662d000eeb67
000473b4000c0f3f00006637000eeb82
00047447000c0f6500006642000eeb9d
000474da000c0f8b0000664e000eebb7
0004756d000c0fb100006659000eebd1
000475ff000c0fd600006664000eebeb
00047691000c0ffc00006670000eec04
00047722000c10210000667c000eec1d
000477b3000c104600006688000eec35
00047843000c106b00006694000eec4d
000478d3000c108f000066a0000eec64
00047963000c10b4000066ac000eec7b
000479f2000c10d8000066b9000eec91
00047a81000c10fc000066c5000eeca7
00047b0f000c1120000066d2000eecbc
00047b9d000c1144000066df000eecd1
00047c2b000c1168000066eb000eece6
00047cb8000c118c000066f8000eecfa
00047d45000c11b000006705000eed0d
00047dd2000c11d400006712000eed20
00047e5e000c11f800006720000eed32
00047eea000c121c0000672d000eed44
00047f75000c123f0000673a000eed56
00048001000c126300006747000eed67
0004808c000c128700006755000eed77
00048116000c12ab00006762000eed87
000481a1000c12cf00006770000eed96
0004822b000c12f30000677d000eeda5
000482b5000c13160000678b000eedb4
0004833f000c133a00006798000eedc2
000483c9000c135e000067a5000eedcf
00048452000c1382000067b3000eeddc
000484db000c13a6000067c0000eede8
00048565000c13ca000067ce000eedf4
000485ee000c13ee000067db000eedff
00048677000c1412000067e8000eee0a
000486ff000c1436000067f6000eee14
00048788000c145a00006803000eee1e
00048811000c147e00006810000eee28
00048899000c14a20000681d000eee30
00048922000c14c60000682a000eee39
000489aa000c14ea00006837000eee41
00048a33000c150e00006844000eee48
00048abb000c153200006850000eee4f
00048b44000c15560000685d000eee55
00048bcc000c157a00006869000eee5b
00048c55000c159e00006876000eee60
00048cdd000c15c200006882000eee65
00048d66000c15e60000688e000eee6a
00048dee000c16090000689a000eee6e
00048e77000c162d000068a6000eee71
00048f00000c1650000068b1000eee74
00048f88000c1673000068bd000eee77
00049011000c1696000068c8000eee79
0004909a000c16b9000068d3000eee7b
00049123000c16dc000068de000eee7c
000491ac000c16fe000068e9000eee7d
00049235000c1721000068f4000eee7d
000492be000c1743000068fe000eee7d
00049348000c176500006908000eee7d
000493d1000c178600006912000eee7c
0004945b000c17a70000691c000eee7a
000494e4000c17c800006926000eee79
0004956e000c17e90000692f000eee77
000495f7000c180a00006938000eee74
00049681000c182a00006941000eee71
0004970b000c18490000694a000eee6e
00049795000c186900006952000eee6b
0004981e000c18880000695b000eee67
000498a8000c18a600006963000eee62
00049932000c18c50000696a000eee5e
000499bc000c18e300006972000eee59
00049a46000c190000006979000eee53
00049ad0000c191d00006980000eee4e
00049b5a000c193a00006987000eee48
00049be3000c19560000698d000eee41
00049c6d000c197200006994000eee3b
00049cf7000c198d0000699a000eee34
00049d80000c19a80000699f000eee2d
00049e0a000c19c2000069a5000eee25
00049e93000c19dc000069aa000eee1d
00049f1d000c19f5000069af000eee15
00049fa6000c1a0e000069b4000eee0d
0004a02f000c1a27000069b8000eee05
0004a0b7000c1a3f000069bc000eedfc
0004a140000c1a56000069c0000eedf3
0004a1c8000c1a6d000069c4000eedea
0004a251000c1a84000069c7000eede0
0004a2d9000c1a9a000069ca000eedd6
0004a360000c1ab0000069cd000eedcd
0004a3e8000c1ac5000069d0000eedc3
0004a46f000c1ada000069d2000eedb8
0004a4f6000c1aee000069d4000eedae
0004a57d000c1b02000069d6000eeda3
0004a603000c1b16000069d7000eed98
0004a689000c1b29000069d9000eed8d
0004a70f000c1b3c000069da000eed82
0004a794000c1b4e000069db000eed77
0004a819000c1b60000069db000eed6c
0004a89d000c1b71000069dc000eed60
0004a922000c1b82000069dc000eed55
0004a9a6000c1b93000069dc000eed49
0004aa29000c1ba4000069db000eed3d
0004aaac000c1bb4000069db000eed31
0004ab2f000c1bc4000069da000eed25
0004abb1000c1bd3000069d9000eed19
0004ac33000c1be2000069d8000eed0c
0004acb4000c1bf1000069d6000eed00
0004ad35000c1c00000069d5000eecf4
0004adb6000c1c0e000069d3000eece7
0004ae36000c1c1d000069d1000eecdb
0004aeb6000c1c2b000069cf000eecce
0004af35000c1c39000069cd000eecc1
0004afb4000c1c46000069ca000eecb5
0004b032000c1c54000069c7000eeca8
0004b0b0000c1c61000069c5000eec9b
0004b12e000c1c6e000069c2000eec8e
0004b1ab000c1c7c000069be000eec81
0004b228000c1c89000069bb000eec75
0004b2a5000c1c95000069b8000eec68
0004b321000c1ca2000069b4000eec5b
0004b39d000c1caf000069b1000eec4e
0004b418000c1cbc000069ad000eec41
0004b493000c1cc8000069a9000eec34
0004b50e000c1cd5000069a5000eec27
0004b588000c1ce2000069a1000eec1a
0004b602000c1cee0000699d000eec0d
0004b67c000c1cfb00006998000eec00
0004b6f5000c1d0800006994000eebf3
0004b76e000c1d1400006990000eebe6
0004b7e7000c1d210000698b000eebd9
0004b860000c1d2e00006987000eebcc
0004b8d8000c1d3a00006982000eebbf
0004b950000c1d470000697e000eebb2
0004b9c8000c1d5400006979000eeba6
0004ba40000c1d6100006975000eeb99
0004bab7000c1d6d00006970000eeb8c
0004bb2f000c1d7a0000696b000eeb7f
0004bba6000c1d8700006967000eeb72
0004bc1d000c1d9400006962000eeb65
0004bc94000c1da10000695d000eeb59
0004bd0b000c1dae00006959000eeb4c
0004bd81000c1dbb00006954000eeb3f
0004bdf8000c1dc900006950000eeb32
0004be6f000c1dd60000694b000eeb25
0004bee5000c1de300006947000eeb19
0004bf5c000c1df000006942000eeb0c
0004bfd2000c1dfd0000693e000eeaff
0004c049000c1e0a0000693a000eeaf2
0004c0bf000c1e1700006936000eeae6
0004c136000c1e2500006932000eead9
0004c1ac000c1e320000692e000eeacc
0004c223000c1e3f0000692a000eeabf
0004c299000c1e4c00006926000eeab3
0004c310000c1e5900006923000eeaa6
0004c386000c1e650000691f000eea99
0004c3fd000c1e720000691c000eea8c
0004c474000c1e7f00006919000eea7f
0004c4eb000c1e8b00006916000eea73
0004c562000c1e9800006913000eea66
0004c5d9000c1ea400006910000eea59
0004c650000c1eb00000690d000eea4c
0004c6c7000c1ebc0000690b000eea3f
0004c73f000c1ec700006908000eea31
0004c7b6000c1ed300006906000eea24
0004c82d000c1ede00006904000eea17
0004c8a5000c1ee900006903000eea0a
0004c91d000c1ef400006901000ee9fc
0004c994000c1efe00006900000ee9ef
0004ca0c000c1f08000068fe000ee9e1
0004ca84000c1f12000068fe000ee9d4
0004cafc000c1f1c000068fd000ee9c6
0004cb74000c1f25000068fc000ee9b8
0004cbec000c1f2e000068fc000ee9aa
0004cc64000c1f36000068fc000ee99c
0004ccdc000c1f3e000068fc000ee98e
0004cd54000c1f46000068fc000ee97f
0004cdcd000c1f4e000068fd000ee971
0004ce45000c1f55000068fd000ee962
0004cebd000c1f5b000068fe000ee954
0004cf35000c1f6100006900000ee945
0004cfad000c1f6700006901000ee935
0004d025000c1f6c00006903000ee926
0004d09d000c1f7100006905000ee917
0004d115000c1f7600006907000ee907
0004d18d000c1f7a00006909000ee8f7
0004d205000c1f7d0000690c000ee8e7
0004d27c000c1f810000690f000ee8d7
0004d2f4000c1f8300006912000ee8c6
0004d36b000c1f8500006916000ee8b6
0004d3e2000c1f8700006919000ee8a5
0004d459000c1f890000691d000ee893
0004d4d0000c1f8900006921000ee882
0004d547000c1f8a00006926000ee870
0004d5bd000c1f8a0000692a000ee85e
0004d633000c1f890000692f000ee84c
0004d6a9000c1f8800006934000ee83a
0004d71f000c1f870000693a000ee827
0004d794000c1f850000693f000ee814
0004d809000c1f8300006945000ee800
0004d87e000c1f800000694b000ee7ed
0004d8f2000c1f7d00006951000ee7d9
0004d967000c1f7a00006958000ee7c4
0004d9da000c1f760000695e000ee7b0
0004da4e000c1f7200006965000ee79b
0004dac1000c1f6e0000696c000ee785
0004db34000c1f6900006974000ee770
0004dba6000c1f640000697b000ee75a
0004dc18000c1f5e00006983000ee743
0004dc8a000c1f580000698b000ee72d
0004dcfb000c1f5200006993000ee715
0004dd6c000c1f4c0000699c000ee6fe
0004dddc000c1f45000069a4000ee6e6
0004de4c000c1f3e000069ad000ee6ce
0004debc000c1f37000069b6000ee6b5
0004df2b000c1f30000069bf000ee69c
0004df99000c1f28000069c8000ee683
0004e008000c1f20000069d2000ee669
0004e076000c1f18000069db000ee64f
0004e0e3000c1f10000069e5000ee634
0004e150000c1f08000069ef000ee619
0004e1bd000c1f00000069f9000ee5fd
0004e229000c1ef700006a03000ee5e1
0004e295000c1eee00006a0d000ee5c5
0004e301000c1ee600006a18000ee5a8
0004e36c000c1edd00006a22000ee58b
0004e3d7000c1ed400006a2d000ee56d
0004e441000c1ecb00006a38000ee54f
0004e4ab000c1ec200006a42000ee530
0004e515000c1eb900006a4d000ee511
0004e57e000c1eb100006a58000ee4f2
0004e5e7000c1ea800006a63000ee4d2
0004e650000c1e9f00006a6f000ee4b1
0004e6b9000c1e9600006a7a000ee490
0004e721000c1e8d00006a85000ee46f
0004e789000c1e8400006a90000ee44d
0004e7f0000c1e7b00006a9c000ee42b
0004e858000c1e7200006aa7000ee408
0004e8bf000c1e6900006ab2000ee3e5
0004e926000c1e6100006abe000ee3c1
0004e98d000c1e5800006ac9000ee39d
0004e9f3000c1e4f00006ad5000ee378
0004ea5a000c1e4700006ae0000ee353
0004eac0000c1e3e00006aec000ee32d
0004eb26000c1e3600006af7000ee307
0004eb8c000c1e2e00006b02000ee2e0
0004ebf2000c1e2500006b0e000ee2b9
0004ec57000c1e1d00006b19000ee292
0004ecbd000c1e1500006b24000ee26a
0004ed23000c1e0d00006b2f000ee241
0004ed88000c1e0400006b3a000ee218
0004edee000c1dfc00006b45000ee1ef
0004ee53000c1df400006b50000ee1c5
0004eeb9000c1dec00006b5b000ee19b
0004ef1e000c1de400006b66000ee170
0004ef84000c1ddc00006b71000ee145
0004efe9000c1dd400006b7b000ee119
0004f04f000c1dcc00006b86000ee0ed
0004f0b4000c1dc400006b90000ee0c1
0004f11a000c1dbb00006b9a000ee094
0004f17f000c1db300006ba4000ee066
0004f1e5000c1dab00006bae000ee038
0004f24b000c1da300006bb8000ee00a
0004f2b1000c1d9a00006bc1000edfdb
0004f317000c1d9100006bcb000edfac
0004f37d000c1d8900006bd4000edf7d
0004f3e3000c1d8000006bdd000edf4d
0004f449000c1d7700006be6000edf1c
0004f4b0000c1d6e00006bef000edeec
0004f516000c1d6400006bf8000edeba
0004f57d000c1d5b00006c00000ede89
0004f5e3000c1d5100006c08000ede57
0004f64a000c1d4700006c10000ede25
0004f6b1000c1d3d00006c18000eddf2
0004f718000c1d3200006c1f000eddbf
0004f77f000c1d2700006c27000edd8b
0004f7e6000c1d1c00006c2e000edd58
0004f84d000c1d1100006c35000edd24
0004f8b4000c1d0500006c3b000edcef
0004f91b000c1cf900006c42000edcba
0004f983000c1ced00006c48000edc85
0004f9ea000c1ce000006c4e000edc50
0004fa51000c1cd300006c54000edc1a
0004fab9000c1cc500006c59000edbe4
0004fb20000c1cb800006c5e000edbae
0004fb88000c1ca900006c63000edb77
0004fbef000c1c9b00006c68000edb40
0004fc56000c1c8c00006c6c000edb09
0004fcbe000c1c7c00006c71000edad2
0004fd25000c1c6d00006c75000eda9a
0004fd8c000c1c5c00006c78000eda62
0004fdf4000c1c4c00006c7c000eda2a
0004fe5b000c1c3a00006c7f000ed9f2
0004fec1000c1c2900006c82000ed9b9
0004ff28000c1c1700006c84000ed980
0004ff8f000c1c0400006c87000ed947
0004fff6000c1bf200006c89000ed90e
0005005c000c1bde00006c8b000ed8d4
000500c2000c1bca00006c8c000ed89b
00050128000c1bb600006c8e000ed861
0005018e000c1ba200006c8f000ed827
000501f3000c1b8d00006c90000ed7ed
00050259000c1b7700006c90000ed7b2
000502be000c1b6100006c90000ed778
00050322000c1b4b00006c91000ed73d
00050387000c1b3400006c90000ed702
000503eb000c1b1d00006c90000ed6c7
0005044f000c1b0600006c8f000ed68c
000504b3000c1aee00006c8e000ed651
00050516000c1ad500006c8d000ed616
00050579000c1abd00006c8c000ed5da
000505db000c1aa400006c8a000ed59f
0005063d000c1a8b00006c88000ed563
0005069f000c1a7100006c86000ed528
00050701000c1a5700006c84000ed4ec
00050762000c1a3d00006c81000ed4b0
000507c2000c1a2300006c7e000ed474
00050823000c1a0800006c7c000ed438
00050883000c19ed00006c78000ed3fc
000508e2000c19d200006c75000ed3c0
00050941000c19b600006c71000ed384
000509a0000c199b00006c6e000ed348
000509fe000c197f00006c6a000ed30c
00050a5c000c196300006c66000ed2d0
00050aba000c194700006c61000ed294
00050b17000c192a00006c5d000ed258
00050b74000c190e00006c58000ed21c
00050bd0000c18f100006c53000ed1df
00050c2c000c18d500006c4e000ed1a3
00050c87000c18b800006c49000ed167
00050ce2000c189b00006c44000ed12b
00050d3d000c187e00006c3f000ed0ef
00050d98000c186200006c39000ed0b3
00050df2000c184500006c34000ed077
00050e4b000c182800006c2e000ed03b
00050ea5000c180b00006c28000ecfff
00050efe000c17ee00006c22000ecfc3
00050f57000c17d100006c1c000ecf87
00050faf000c17b400006c16000ecf4b
00051007000c179700006c10000ecf0f
0005105f000c177a00006c0a000eced3
000510b7000c175d00006c03000ece97
0005110e000c174000006bfd000ece5b
00051165000c172400006bf7000ece20
000511bc000c170700006bf0000ecde4
00051213000c16ea00006bea000ecda8
0005126a000c16ce00006be3000ecd6d
000512c0000c16b200006bdd000ecd31
00051316000c169500006bd6000eccf6
0005136c000c167900006bd0000eccba
000513c2000c165d00006bc9000ecc7f
00051418000c164000006bc3000ecc44
0005146e000c162400006bbc000ecc08
000514c3000c160800006bb6000ecbcd
00051519000c15ec00006baf000ecb92
0005156e000c15d000006ba9000ecb57
000515c4000c15b500006ba2000ecb1c
00051619000c159900006b9c000ecae1
0005166e000c157d00006b96000ecaa6
000516c4000c156100006b90000eca6b
00051719000c154600006b8a000eca30
0005176f000c152a00006b84000ec9f5
000517c4000c150e00006b7e000ec9ba
0005181a000c14f200006b78000ec97f
0005186f000c14d700006b72000ec944
000518c5000c14bb00006b6d000ec909
0005191a000c149f00006b67000ec8cf
00051970000c148300006b62000ec894
000519c6000c146700006b5d000ec859
00051a1c000c144b00006b58000ec81e
00051a72000c142f00006b53000ec7e4
00051ac8000c141300006b4e000ec7a9
00051b1e000c13f600006b49000ec76e
00051b74000c13da00006b45000ec733
00051bcb000c13bd00006b41000ec6f9
00051c21000c13a000006b3c000ec6be
00051c78000c138300006b38000ec683
00051ccf000c136600006b35000ec648
00051d26000c134900006b31000ec60d
00051d7c000c132b00006b2e000ec5d2
00051dd4000c130d00006b2b000ec597
00051e2b000c12ef00006b28000ec55c
00051e82000c12d000006b25000ec521
00051ed9000c12b200006b22000ec4e6
00051f30000c129300006b20000ec4ab
00051f88000c127300006b1e000ec46f
00051fdf000c125400006b1c000ec434
00052037000c123400006b1a000ec3f8
0005208f000c121300006b19000ec3bd
000520e6000c11f200006b17000ec381
0005213e000c11d100006b16000ec345
00052195000c11b000006b15000ec309
000521ed000c118e00006b15000ec2cd
00052245000c116c00006b15000ec291
0005229c000c114900006b15000ec255
000522f4000c112600006b15000ec218
0005234b000c110300006b15000ec1db
000523a3000c10df00006b16000ec19f
000523fa000c10ba00006b17000ec162
00052451000c109600006b18000ec124
000524a8000c107100006b19000ec0e7
000524ff000c104b00006b1b000ec0aa
00052556000c102500006b1d000ec06c
000525ad000c0fff00006b1f000ec02e
00052603000c0fd800006b21000ebff0
00052659000c0fb100006b24000ebfb1
000526af000c0f8900006b27000ebf73
00052705000c0f6100006b2a000ebf34
0005275b000c0f3800006b2d000ebef5
000527b0000c0f0f00006b31000ebeb5
00052805000c0ee600006b34000ebe76
0005285a000c0ebc00006b38000ebe36
000528af000c0e9200006b3d000ebdf6
00052903000c0e6800006b41000ebdb5
00052957000c0e3d00006b46000ebd74
000529ab000c0e1200006b4b000ebd33
000529fe000c0de600006b50000ebcf2
00052a51000c0dbb00006b55000ebcb0
00052aa3000c0d8f00006b5b000ebc6f
00052af6000c0d6200006b61000ebc2c
00052b48000c0d3500006b67000ebbea
00052b99000c0d0800006b6d000ebba7
00052bea000c0cdb00006b73000ebb64
00052c3b000c0cae00006b7a000ebb20
00052c8b000c0c8000006b81000ebadc
00052cdb000c0c5200006b88000eba98
00052d2b000c0c2400006b8f000eba53
00052d7a000c0bf500006b96000eba0e
00052dc9000c0bc700006b9e000eb9c9
00052e17000c0b9800006ba5000eb983
00052e65000c0b6900006bad000eb93d
00052eb3000c0b3a00006bb5000eb8f6
00052f00000c0b0b00006bbd000eb8af
00052f4d000c0adc00006bc5000eb868
00052f99000c0aad00006bce000eb820
00052fe5000c0a7e00006bd6000eb7d8
00053031000c0a4e00006bdf000eb790
0005307c000c0a1f00006be8000eb747
000530c7000c09ef00006bf1000eb6fd
00053112000c09c000006bfa000eb6b3
0005315c000c099000006c03000eb669
000531a6000c096100006c0c000eb61f
000531f0000c093200006c15000eb5d4
0005323a000c090200006c1e000eb588
00053283000c08d300006c28000eb53c
000532cb000c08a300006c31000eb4f0
00053314000c087400006c3b000eb4a3
0005335c000c084500006c44000eb456
000533a4000c081600006c4e000eb408
000533ec000c07e700006c57000eb3ba
00053434000c07b800006c61000eb36c
0005347b000c078900006c6b000eb31d
000534c2000c075a00006c74000eb2ce
0005350a000c072b00006c7e000eb27e
00053550000c06fc00006c87000eb22d
00053597000c06ce00006c91000eb1dd
000535de000c069f00006c9b000eb18c
00053625000c067100006ca4000eb13a
0005366b000c064200006cae000eb0e8
000536b1000c061400006cb7000eb096
000536f8000c05e600006cc1000eb043
0005373e000c05b800006cca000eafef
00053784000c058a00006cd3000eaf9c
000537cb000c055c00006cdd000eaf48
00053811000c052e00006ce6000eaef3
00053857000c050000006cef000eae9e
0005389d000c04d200006cf8000eae49
000538e4000c04a400006d01000eadf3
0005392a000c047600006d09000ead9c
00053970000c044900006d12000ead46
000539b7000c041b00006d1b000eacef
000539fd000c03ed00006d23000eac97
00053a44000c03bf00006d2b000eac3f
00053a8a000c039100006d33000eabe7
00053ad1000c036300006d3b000eab8e
00053b18000c033500006d43000eab35
00053b5f000c030700006d4b000eaadc
00053ba6000c02d800006d52000eaa82
00053bed000c02aa00006d5a000eaa28
00053c35000c027c00006d61000ea9cd
00053c7c000c024d00006d68000ea972
00053cc3000c021e00006d6f000ea917
00053d0b000c01ef00006d75000ea8bb
00053d53000c01c000006d7c000ea85f
00053d9b000c019100006d82000ea803
00053de3000c016100006d88000ea7a6
00053e2b000c013100006d8d000ea749
00053e73000c010100006d93000ea6ec
00053ebb000c00d100006d98000ea68e
00053f04000c00a000006d9d000ea630
00053f4c000c006f00006da2000ea5d2
00053f94000c003e00006da7000ea573
00053fdd000c000d00006dab000ea514
00054026000bffdb00006daf000ea4b5
0005406e000bffa900006db3000ea456
000540b7000bff7600006db7000ea3f6
00054100000bff4300006dba000ea396
00054149000bff1000006dbe000ea336
00054191000bfedc00006dc1000ea2d5
000541da000bfea800006dc3000ea275
00054223000bfe7400006dc6000ea214
0005426b000bfe3f00006dc8000ea1b3
000542b4000bfe0a00006dca000ea151
000542fd000bfdd500006dcb000ea0f0
00054345000bfd9f00006dcd000ea08e
0005438e000bfd6800006dce000ea02c
000543d6000bfd3100006dcf000e9fca
0005441e000bfcfa00006dcf000e9f68
00054466000bfcc300006dd0000e9f05
000544ae000bfc8b00006dd0000e9ea2
000544f6000bfc5200006dd0000e9e40
0005453d000bfc1900006dcf000e9ddd
00054584000bfbe000006dcf000e9d79
000545cb000bfba600006dce000e9d16
00054612000bfb6c00006dcc000e9cb3
00054659000bfb3200006dcb000e9c4f
0005469f000bfaf700006dc9000e9bec
000546e5000bfabc00006dc7000e9b88
0005472b000bfa8000006dc5000e9b24
00054771000bfa4500006dc3000e9ac0
000547b6000bfa0800006dc0000e9a5c
000547fb000bf9cc00006dbd000e99f8
0005483f000bf98f00006dba000e9994
00054884000bf95200006db6000e9930
000548c8000bf91400006db3000e98cc
0005490b000bf8d600006daf000e9867
0005494f000bf89700006dab000e9801
00054992000bf85600006da7000e979b
000549d5000bf81600006da3000e9733
00054a18000bf7d400006d9f000e96cb
00054a5a000bf79200006d9b000e9662
00054a9d000bf74f00006d97000e95f9
00054adf000bf70d00006d93000e9590
00054b22000bf6cb00006d90000e9528
00054b65000bf68a00006d8c000e94c1
00054ba8000bf64a00006d89000e9459
00054beb000bf60900006d85000e93f3
00054c2e000bf5c900006d82000e938c
00054c71000bf58800006d7f000e9325
00054cb5000bf54800006d7c000e92be
00054cf8000bf50800006d79000e9258
00054d3b000bf4c800006d76000e91f1
00054d7f000bf48700006d73000e918b
00054dc3000bf44700006d71000e9125
00054e07000bf40700006d6e000e90bf
00054e4a000bf3c700006d6c000e9058
00054e8d000bf38600006d69000e8ff2
00054ed1000bf34500006d67000e8f8b
00054f14000bf30400006d64000e8f24
00054f58000bf2c300006d62000e8ebd
00054f9c000bf28300006d61000e8e57
00054fe1000bf24100006d60000e8df1
00055026000bf20000006d5f000e8d8c
0005506b000bf1bf00006d5e000e8d26
000550b0000bf17e00006d5d000e8cc0
000550f5000bf13c00006d5c000e8c5a
0005513a000bf0fa00006d5c000e8bf4
0005517f000bf0b800006d5c000e8b8e
000551c4000bf07600006d5c000e8b28
00055209000bf03300006d5c000e8ac1
0005524e000beff100006d5b000e8a5b
00055293000befae00006d5b000e89f4
000552d7000bef6b00006d5b000e898d
0005531c000bef2800006d5b000e8926
00055362000beee400006d5c000e88c0
000553a8000bee9f00006d5e000e885a
000553ee000bee5a00006d60000e87f3
00055434000bee1400006d63000e878d
0005547b000bedcd00006d66000e8727
000554c1000bed8700006d6a000e86c0
00055508000bed4000006d6d000e865a
0005554e000becf900006d71000e85f3
00055594000becb200006d74000e858c
000555da000bec6b00006d77000e8525
00055620000bec2300006d7a000e84bd
00055666000bebdb00006d7e000e8456
000556ab000beb9200006d83000e83ef
000556f1000beb4900006d87000e8387
00055737000beb0000006d8c000e831f
0005577c000beab500006d92000e82b7
000557c1000bea6a00006d98000e824f
00055806000bea1f00006d9e000e81e7
0005584b000be9d300006da4000e817e
00055890000be98900006daa000e8115
000558d6000be93f00006dae000e80ad
0005591b000be8f600006db1000e8044
00055961000be8ad00006db3000e7fdc
000559a6000be86500006db6000e7f73
000559ec000be81c00006db8000e7f0a
00055a31000be7d400006db9000e7ea2
00055a77000be78d00006dba000e7e39
00055abd000be74500006dbb000e7dd0
00055b03000be6fd00006dbb000e7d67
00055b49000be6b600006dbb000e7cfe
00055b8f000be66e00006dbc000e7c95
00055bd4000be62500006dbc000e7c2b
00055c19000be5dd00006dbd000e7bc2
00055c5e000be59400006dbe000e7b58
00055ca3000be54b00006dbf000e7aee
00055ce8000be50300006dbf000e7a84
00055d2d000be4ba00006dbf000e7a1a
00055d72000be47100006dc0000e79af
00055db5000be42700006dc1000e7944
00055df9000be3de00006dc2000e78d8
00055e3c000be39400006dc3000e786d
00055e80000be34a00006dc4000e7802
00055ec3000be30000006dc5000e7796
00055f07000be2b600006dc5000e772b
00055f4b000be26c00006dc6000e76c0
00055f90000be22100006dc5000e7655
00055fd5000be1d600006dc5000e75ea
0005601a000be18b00006dc4000e7580
00056061000be13f00006dc2000e7517
000560a7000be0f300006dc1000e74ad
000560ee000be0a600006dbf000e7444
00056135000be05900006dbc000e73dc
0005617c000be00c00006dba000e7372
000561c2000bdfbf00006db8000e7309
00056209000bdf7200006db6000e72a0
00056250000bdf2300006db3000e7237
00056298000bded500006db1000e71cf
000562df000bde8500006dae000e7167
00056327000bde3500006daa000e7100
0005636f000bdde400006da7000e7099
000563b7000bdd9300006da4000e7032
000563ff000bdd4300006da0000e6fca
00056446000bdcf300006d9d000e6f61
0005648c000bdca500006d9a000e6ef6
000564d3000bdc5600006d98000e6e8c
00056519000bdc0600006d95000e6e22
0005655f000bdbb600006d92000e6db9
000565a5000bdb6500006d8f000e6d50
000565ec000bdb1400006d8c000e6ce6
00056632000bdac400006d88000e6c7b
00056677000bda7400006d85000e6c10
000566bd000bda2400006d82000e6ba4
00056703000bd9d400006d7f000e6b39
00056748000bd98400006d7c000e6acc
0005678f000bd93600006d78000e6a5e
000567d5000bd8e800006d75000e69ef
0005681c000bd89b00006d71000e697e
00056862000bd84f00006d6d000e690d
000568a9000bd80300006d68000e689c
000568f0000bd7b600006d64000e682b
00056936000bd76800006d61000e67ba
0005697c000bd71b00006d5c000e6748
000569c3000bd6cf00006d58000e66d5
00056a0a000bd68200006d53000e6662
00056a51000bd63600006d4e000e65ee
00056a98000bd5e900006d4a000e657b
00056ade000bd59c00006d45000e6507
00056b23000bd54f00006d41000e6494
00056b68000bd50100006d3d000e6422
00056bad000bd4b300006d39000e63af
00056bf2000bd46500006d35000e633c
00056c36000bd41700006d31000e62c8
00056c7b000bd3c800006d2d000e6255
00056cbe000bd37a00006d2a000e61e2
00056d01000bd32b00006d27000e616f
00056d43000bd2dc00006d24000e60fd
00056d84000bd28e00006d22000e608a
00056dc6000bd23f00006d20000e6018
00056e07000bd1ef00006d1e000e5fa5
00056e48000bd1a000006d1c000e5f33
00056e89000bd15100006d19000e5ec0
00056ec9000bd10100006d17000e5e4d
00056f09000bd0b200006d16000e5dda
00056f49000bd06200006d14000e5d67
00056f88000bd01300006d13000e5cf4
00056fc9000bcfc200006d10000e5c80
0005700a000bcf7100006d0c000e5c0c
0005704c000bcf1f00006d08000e5b97
0005708d000bcecc00006d03000e5b21
000570cf000bce7900006cfe000e5aac
00057111000bce2500006cf8000e5a36
00057154000bcdd000006cf1000e59bf
00057197000bcd7b00006ce9000e5949
000571d9000bcd2600006ce3000e58d2
0005721b000bccd200006cdd000e585b
0005725d000bcc7e00006cd7000e57e5
0005729e000bcc2b00006cd2000e576e
000572df000bcbd700006ccd000e56f7
00057320000bcb8300006cc8000e5680
00057361000bcb2f00006cc3000e5609
000573a2000bcadb00006cbd000e5591
000573e3000bca8700006cb8000e551a
00057423000bca3200006cb3000e54a2
00057464000bc9de00006caf000e542a
000574a4000bc98b00006cab000e53b2
000574e4000bc93800006ca7000e5339
00057525000bc8e400006ca4000e52c1
00057564000bc88f00006c9f000e5249
000575a3000bc83a00006c99000e51d0
000575e3000bc7e500006c94000e5157
00057623000bc79000006c90000e50de
00057662000bc73b00006c8c000e5065
000576a2000bc6e700006c88000e4fec
000576e1000bc69200006c84000e4f72
00057720000bc63d00006c80000e4ef8
0005775f000bc5e800006c7c000e4e7e
0005779e000bc59300006c78000e4e04
000577dd000bc53d00006c74000e4d8a
0005781c000bc4e800006c70000e4d10
0005785c000bc49300006c6d000e4c94
0005789c000bc43e00006c6b000e4c19
000578dd000bc3e900006c6a000e4b9c
0005791d000bc39500006c68000e4b20
0005795e000bc34000006c66000e4aa3
0005799f000bc2eb00006c65000e4a26
000579df000bc29600006c63000e49a9
00057a1f000bc24000006c62000e492d
00057a5e000bc1eb00006c5f000e48b0
00057a9d000bc19500006c5d000e4833
00057adc000bc13f00006c5b000e47b6
00057b1b000bc0ea00006c59000e4739
00057b58000bc09400006c56000e46bd
00057b94000bc03e00006c52000e4642
00057bd0000bbfe900006c4e000e45c7
00057c0c000bbf9300006c4a000e454b
00057c48000bbf3d00006c47000e44ce
00057c85000bbee600006c43000e4452
00057cc1000bbe9000006c40000e43d5
00057cfd000bbe3900006c3d000e4358
00057d39000bbde200006c39000e42db
00057d74000bbd8c00006c35000e425e
00057daf000bbd3600006c31000e41e2
00057dea000bbcde00006c2e000e4165
00057e25000bbc8700006c2a000e40e7
00057e60000bbc3100006c27000e406b
00057e9a000bbbda00006c23000e3fee
00057ed4000bbb8400006c1f000e3f71
00057f0e000bbb2d00006c1b000e3ef4
00057f47000bbad600006c17000e3e77
00057f81000bba7e00006c13000e3df9
00057fbb000bba2600006c0f000e3d7b
00057ff5000bb9cd00006c0b000e3cfc
0005802e000bb97500006c08000e3c7d
00058068000bb91d00006c04000e3bff
000580a1000bb8c500006c00000e3b81
000580db000bb86f00006bfc000e3b05
00058114000bb81900006bf9000e3a88
0005814d000bb7c300006bf5000e3a0c
00058186000bb76d00006bf1000e3990
000581bf000bb71700006bed000e3913
000581f7000bb6c000006bea000e3895
0005822f000bb66700006be5000e3817
00058266000bb60f00006be1000e3797
0005829e000bb5b600006bdd000e3719
000582d6000bb55f00006bd9000e369b
0005830e000bb50700006bd6000e361d
00058347000bb4b000006bd3000e35a0
00058380000bb45a00006bd0000e3524
000583b9000bb40400006bcd000e34a7
000583f2000bb3ad00006bc9000e342a
0005842a000bb35500006bc6000e33ac
00058462000bb2fe00006bc3000e332f
0005849a000bb2a600006bbf000e32b1
000584d2000bb24f00006bbc000e3233
00058509000bb1f700006bb8000e31b4
0005853f000bb19e00006bb4000e3135
00058577000bb14600006bb1000e30b7
000585af000bb0ee00006bae000e3039
000585e7000bb09600006bab000e2fbb
0005861e000bb03e00006ba8000e2f3c
00058656000bafe500006ba5000e2ebe
0005868d000baf8c00006ba2000e2e3f
000586c5000baf3300006b9f000e2dc0
000586fd000baeda00006b9d000e2d42
00058735000bae8100006b9b000e2cc4
0005876d000bae2800006b99000e2c45
000587a5000badce00006b97000e2bc7
000587de000bad7400006b96000e2b49
00058816000bad1a00006b95000e2aca
0005884f000bacc000006b93000e2a4c
00058887000bac6500006b92000e29cd
000588bf000bac0b00006b90000e294e
000588f6000babb100006b8e000e28cf
0005892d000bab5700006b8b000e284f
00058963000baafd00006b89000e27cf
0005899a000baaa300006b86000e274f
000589d0000baa4900006b83000e26cf
00058a06000ba9ef00006b80000e264e
00058a3c000ba99500006b7c000e25ce
00058a71000ba93c00006b79000e254d
00058aa6000ba8e200006b75000e24cc
00058adc000ba88800006b72000e244b
00058b11000ba82e00006b6d000e23ca
00058b45000ba7d400006b69000e2348
00058b7a000ba77a00006b66000e22c7
00058baf000ba71f00006b62000e2245
00058be3000ba6c500006b5e000e21c3
00058c18000ba66b00006b59000e2141
00058c4c000ba61100006b55000e20bf
00058c80000ba5b600006b51000e203c
00058cb4000ba55c00006b4c000e1fba
00058ce8000ba50200006b47000e1f38
00058d1c000ba4a800006b42000e1eb5
00058d4f000ba44c00006b3e000e1e32
00058d82000ba3f100006b3b000e1daf
00058db5000ba39500006b37000e1d2b
00058de8000ba33900006b33000e1ca8
00058e1a000ba2dc00006b30000e1c24
00058e4b000ba27f00006b2e000e1ba0
00058e7c000ba22000006b2d000e1b1b
00058eac000ba1c100006b2d000e1a96
00058edc000ba16200006b2d000e1a10
00058f0b000ba10200006b2d000e198a
00058f3b000ba0a300006b2c000e1905
00058f6b000ba04300006b2c000e187f
00058f9a000b9fe300006b2b000e17f9
00058fca000b9f8400006b2a000e1774
00058ffb000b9f2400006b28000e16ef
0005902d000b9ec500006b25000e166a
0005905f000b9e6600006b22000e15e5
00059090000b9e0700006b1f000e1560
000590c2000b9da700006b1d000e14db
000590f4000b9d4800006b19000e1456
00059126000b9ce800006b15000e13d2
00059159000b9c8800006b11000e134e
0005918c000b9c2800006b0d000e12ca
000591be000b9bc800006b09000e1245
000591ef000b9b6800006b06000e11bf
00059221000b9b0800006b02000e113a
00059254000b9aa700006afd000e10b5
00059288000b9a4600006af8000e1032
000592be000b99e300006af2000e0fb1
000592f4000b998000006aeb000e0f30
0005932c000b991c00006ae3000e0eb0
00059364000b98b700006adb000e0e31
0005939d000b985100006ad2000e0db3
000593d6000b97ec00006aca000e0d34
0005940f000b978500006ac1000e0cb6
00059448000b971f00006ab8000e0c39
00059481000b96b700006aaf000e0bbb
000594bb000b964f00006aa6000e0b3f
000594f4000b95e700006a9d000e0ac2
0005952e000b957f00006a93000e0a45
00059567000b951700006a8a000e09c7
000595a0000b94af00006a81000e094a
000595d9000b944600006a78000e08cc
00059611000b93de00006a6f000e084e
0005964a000b937500006a65000e07d0
00059682000b930d00006a5c000e0752
000596bb000b92a500006a53000e06d3
000596f3000b923d00006a4a000e0654
0005972b000b91d400006a41000e05d5
00059763000b916b00006a38000e0556
0005979a000b910200006a2e000e04d6
000597d2000b909a00006a25000e0456
0005980a000b903200006a1c000e03d5
00059842000b8fca00006a12000e0354
0005987a000b8f6200006a09000e02d3
000598b1000b8efb000069ff000e0251
000598e9000b8e94000069f6000e01ce
00059922000b8e2d000069ec000e014a
0005995a000b8dc6000069e2000e00c7
00059991000b8d5f000069d8000e0044
000599c7000b8cf6000069cf000dffc2
000599fd000b8c8d000069c6000dff40
00059a33000b8c24000069bd000dfebe
00059a6a000b8bbc000069b3000dfe3b
00059aa2000b8b54000069a9000dfdb6
00059ad9000b8aec000069a0000dfd32
00059b0f000b8a8300006996000dfcaf
00059b45000b8a1a0000698c000dfc2b
00059b7c000b89b100006982000dfba6
00059bb3000b894900006978000dfb22
00059be9000b88e00000696f000dfa9d
00059c1e000b887600006966000dfa19
00059c52000b880d0000695d000df996
00059c87000b87a400006954000df911
00059cbd000b873a0000694a000df88c
00059cf2000b86d000006940000df807
00059d28000b866600006936000df782
00059d5e000b85fc0000692c000df6fc
00059d93000b859200006922000df676
00059dc8000b852800006918000df5f0
00059dfb000b84bf00006910000df56c
00059e2c000b84560000690a000df4e8
00059e5d000b83ed00006903000df464
00059e8d000b8385000068fe000df3e0
00059ebd000b831c000068f8000df35c
00059eed000b82b3000068f2000df2d8
00059f1d000b824a000068ec000df254
00059f4d000b81e1000068e6000df1cf
00059f7d000b8177000068e0000df14b
00059fad000b810e000068d9000df0c6
00059fdd000b80a4000068d3000df041
0005a00d000b8039000068cc000defbc
0005a03d000b7fcf000068c5000def36
0005a06c000b7f65000068be000deeb1
0005a09b000b7efc000068b9000dee2b
0005a0ca000b7e94000068b6000deda6
0005a0f8000b7e2d000068b3000ded21
0005a126000b7dc6000068b0000dec9b
0005a154000b7d5f000068ad000dec16
0005a181000b7cf8000068ab000deb90
0005a1af000b7c91000068a9000deb0a
0005a1dd000b7c2a000068a7000dea84
0005a20a000b7bc4000068a5000de9fe
0005a237000b7b5e000068a4000de978
0005a264000b7af7000068a3000de8f1
0005a291000b7a90000068a1000de86b
0005a2be000b7a290000689f000de7e4
0005a2eb000b79c30000689e000de75d
0005a318000b795b0000689c000de6d6
0005a344000b78f300006899000de64f
0005a36f000b788b00006897000de5c9
0005a39b000b782200006894000de542
0005a3c6000b77ba00006891000de4ba
0005a3f2000b77510000688e000de433
0005a41d000b76e80000688c000de3ac
0005a448000b767f00006889000de324
0005a473000b761600006886000de29c
0005a49f000b75ae00006884000de214
0005a4ca000b754500006882000de18c
0005a4f5000b74dc00006880000de103
0005a521000b74730000687e000de07a
0005a54c000b740a0000687c000ddff1
0005a579000b73a10000687b000ddf68
0005a5a5000b73380000687b000ddedd
0005a5d2000b72cf0000687a000dde53
0005a5ff000b72650000687a000dddc8
0005a62c000b71fc00006879000ddd3d
0005a658000b719300006879000ddcb2
0005a685000b712900006879000ddc27
0005a6b1000b70c000006879000ddb9c
0005a6dd000b705600006878000ddb11
0005a70a000b6fec00006878000dda84
0005a737000b6f8200006879000dd9f8
0005a765000b6f170000687a000dd96a
0005a793000b6eac0000687b000dd8dc
0005a7c2000b6e400000687c000dd84e
0005a7f0000b6dd40000687e000dd7be
0005a81f000b6d680000687f000dd72f
0005a84e000b6cfc00006881000dd69f
0005a87c000b6c9000006882000dd610
0005a8aa000b6c2400006884000dd581
0005a8d8000b6bb800006885000dd4f1
0005a906000b6b4b00006886000dd461
0005a933000b6ade00006888000dd3d1
0005a961000b6a710000688a000dd340
0005a990000b6a020000688b000dd2ae
0005a9be000b69940000688d000dd21c
0005a9ec000b69250000688f000dd189
0005aa1a000b68b500006891000dd0f6
0005aa48000b684600006893000dd063
0005aa76000b67d700006895000dcfd0
0005aaa4000b676900006897000dcf3f
0005aad1000b66fb00006899000dceae
0005aafe000b668e0000689b000dce1d
0005ab2c000b66220000689c000dcd8d
0005ab59000b65b40000689e000dccfb
0005ab85000b6545000068a0000dcc69
0005abb2000b64d6000068a1000dcbd6
0005abde000b6466000068a3000dcb43
0005ac0a000b63f7000068a4000dcab0
0005ac36000b6388000068a6000dca1c
0005ac62000b6317000068a7000dc988
0005ac8c000b62a6000068a8000dc8f2
0005acb7000b6234000068a9000dc85c
0005ace0000b61c1000068aa000dc7c5
0005ad09000b614d000068aa000dc72d
0005ad32000b60da000068aa000dc695
0005ad5c000b6067000068ab000dc5fd
0005ad85000b5ff3000068ab000dc566
0005adaf000b5f80000068ac000dc4cf
0005add9000b5f0d000068ad000dc438
0005ae03000b5e9b000068af000dc3a2
0005ae2d000b5e28000068b0000dc30b
0005ae57000b5db5000068b2000dc274
0005ae82000b5d42000068b3000dc1de
0005aeac000b5ccf000068b5000dc147
0005aed5000b5c5c000068b6000dc0b0
0005aefe000b5be8000068b6000dc018
0005af25000b5b75000068b6000dbf7f
0005af4c000b5b01000068b6000dbee6
0005af74000b5a8d000068b6000dbe4d
0005af9a000b5a19000068b6000dbdb4
0005afc1000b59a5000068b5000dbd1a
0005afe6000b5931000068b4000dbc7f
0005b00a000b58be000068b2000dbbe4
0005b02e000b584a000068b0000dbb49
0005b052000b57d6000068ae000dbaae
0005b076000b5762000068ab000dba12
0005b099000b56ef000068a8000db976
0005b0bc000b567b000068a5000db8da
0005b0df000b5607000068a3000db83e
0005b102000b5592000068a1000db7a2
0005b126000b551c000068a0000db706
0005b14b000b54a6000068a0000db66b
0005b170000b542f000068a1000db5d0
0005b196000b53b7000068a3000db535
0005b1bb000b533e000068a5000db49a
0005b1e1000b52c4000068a9000db3ff
0005b208000b5249000068ad000db365
0005b22f000b51cd000068b2000db2ca
0005b256000b5151000068b8000db22f
0005b27c000b50d4000068bf000db195
0005b2a3000b5056000068c6000db0fa
0005b2ca000b4fd8000068cd000db05f
0005b2f1000b4f59000068d5000dafc4
0005b317000b4eda000068dd000daf29
0005b33e000b4e5a000068e6000dae8e
0005b364000b4dda000068ee000dadf3
0005b38a000b4d5b000068f6000dad58
0005b3b1000b4cdd000068fd000dacbc
0005b3d7000b4c5d00006905000dac21
0005b3fc000b4bdd0000690e000dab85
0005b421000b4b5c00006917000daae9
0005b446000b4ada00006921000daa4c
0005b46b000b4a580000692b000da9b0
0005b48f000b49d500006936000da913
0005b4b2000b495200006942000da876
0005b4d5000b48ce0000694e000da7d8
0005b4f8000b48490000695a000da73a
0005b51a000b47c400006968000da69c
0005b53b000b473e00006975000da5fe
0005b55c000b46b900006983000da55f
0005b57e000b463300006990000da4c0
0005b59f000b45ae0000699e000da422
0005b5c1000b4528000069ab000da383
0005b5e1000b44a2000069b8000da2e4
0005b601000b441c000069c7000da244
0005b621000b4395000069d5000da1a5
0005b641000b430f000069e2000da105
0005b661000b4289000069f0000da065
0005b681000b4202000069ff000d9fc5
0005b69f000b417b00006a0d000d9f24
0005b6be000b40f400006a1c000d9e83
0005b6dc000b406d00006a2a000d9de3
0005b6fb000b3fe600006a38000d9d42
0005b719000b3f5f00006a47000d9ca0
0005b735000b3ed900006a57000d9bfe
0005b751000b3e5200006a67000d9b5b
0005b76c000b3dcb00006a77000d9ab7
0005b789000b3d4400006a86000d9a14
0005b7a5000b3cbd00006a95000d9972
0005b7c2000b3c3500006aa4000d98cf
0005b7de000b3bad00006ab3000d982d
0005b7fb000b3b2400006ac2000d978b
0005b818000b3a9c00006ad1000d96e9
0005b835000b3a1400006adf000d9647
0005b851000b398b00006aee000d95a4
0005b86d000b390300006afd000d9502
0005b88a000b387a00006b0b000d9460
0005b8a7000b37f000006b1a000d93be
0005b8c3000b376700006b28000d931c
0005b8df000b36dd00006b37000d9279
0005b8fb000b365500006b45000d91d6
0005b917000b35cc00006b54000d9132
0005b932000b354400006b62000d908e
0005b94e000b34bb00006b71000d8fe9
0005b969000b343200006b7f000d8f46
0005b984000b33a800006b8e000d8ea3
0005b99f000b331e00006b9c000d8dff
0005b9ba000b329500006bab000d8d5c
0005b9d5000b320c00006bb9000d8cb7
0005b9f0000b318300006bc8000d8c11
0005ba0b000b30fb00006bd6000d8b6b
0005ba26000b307300006be4000d8ac5
0005ba41000b2feb00006bf2000d8a1f
0005ba5c000b2f6300006c00000d8978
0005ba76000b2edb00006c0f000d88d2
0005ba90000b2e5100006c1d000d882c
0005baaa000b2dc800006c2c000d8787
0005bac3000b2d3e00006c3a000d86e1
0005badd000b2cb500006c48000d863b
0005baf7000b2c2c00006c56000d8594
0005bb11000b2ba300006c64000d84ed
0005bb2c000b2b1a00006c72000d8445
0005bb47000b2a9200006c7f000d839d
0005bb61000b2a0900006c8d000d82f4
0005bb7c000b298100006c9a000d824b
0005bb97000b28f900006ca7000d81a2
0005bbb3000b287100006cb3000d80f7
0005bbcf000b27e900006cbf000d804d
0005bbeb000b276000006ccc000d7fa2
0005bc07000b26d800006cd8000d7ef7
0005bc21000b265000006ce5000d7e4d
0005bc3b000b25c700006cf2000d7da3
0005bc55000b253f00006cff000d7cf9
0005bc6e000b24b600006d0d000d7c50
0005bc86000b242d00006d1c000d7ba7
0005bc9e000b23a400006d2a000d7afe
0005bcb6000b231b00006d38000d7a55
0005bccf000b229200006d45000d79ab
0005bce9000b220800006d52000d7900
0005bd03000b217e00006d5e000d7855
0005bd1d000b20f400006d69000d77a9
0005bd37000b206900006d75000d76fe
0005bd50000b1fe000006d82000d7653
0005bd68000b1f5700006d90000d75a8
0005bd7f000b1ece00006d9f000d74fe
0005bd95000b1e4600006daf000d7454
0005bdab000b1dbe00006dbe000d73aa
0005bdc0000b1d3600006dce000d7300
0005bdd6000b1cae00006dde000d7256
0005bdeb000b1c2600006def000d71ac
0005be00000b1b9e00006dff000d7102
0005be15000b1b1600006e0f000d7057
0005be2a000b1a8d00006e1f000d6fad
0005be3f000b1a0400006e2e000d6f02
0005be54000b197c00006e3e000d6e58
0005be69000b18f400006e4f000d6dad
0005be7d000b186d00006e60000d6d02
0005be91000b17e400006e70000d6c57
0005bea5000b175c00006e80000d6bac
0005beb9000b16d300006e90000d6b01
0005becd000b164800006e9f000d6a56
0005bee1000b15be00006ead000d69ab
0005bef5000b153300006ebb000d6900
0005bf08000b14a800006ec9000d6854
0005bf1c000b141d00006ed7000d67a9
0005bf2f000b139100006ee4000d66fd
0005bf41000b130400006ef1000d6652
0005bf53000b127600006efc000d65a7
0005bf65000b11e800006f07000d64fb
0005bf77000b115900006f12000d6450
0005bf89000b10cb00006f1d000d63a4
0005bf9a000b103d00006f28000d62f8
0005bfac000b0faf00006f33000d624d
0005bfbd000b0f2000006f3e000d61a1
0005bfce000b0e9200006f4a000d60f5
0005bfe1000b0e0400006f56000d6048
0005bff3000b0d7600006f63000d5f9b
0005c006000b0ce900006f70000d5eee
0005c01a000b0c5c00006f7d000d5e40
0005c02d000b0bcf00006f8b000d5d92
0005c041000b0b4100006f99000d5ce4
0005c055000b0ab400006fa8000d5c35
0005c069000b0a2700006fb7000d5b86
0005c07d000b099a00006fc5000d5ad7
0005c091000b090d00006fd4000d5a28
0005c0a4000b087f00006fe2000d5979
0005c0b6000b07f200006ff0000d58cb
0005c0c9000b076400006ffd000d581c
0005c0dd000b06d60000700c000d576c
0005c0f1000b06480000701b000d56bb
0005c106000b05ba0000702b000d560b
0005c11a000b052c0000703a000d555a
0005c12d000b049d00007048000d54aa
0005c141000b040f00007057000d53f9
0005c155000b038000007067000d5348
0005c16b000b02f100007077000d5295
0005c181000b026000007087000d51e1
0005c198000b01cf00007098000d512c
0005c1ae000b013f000070a9000d5078
0005c1c5000b00ae000070b9000d4fc3
0005c1db000b001c000070ca000d4f0e
0005c1f2000aff8a000070db000d4e58
0005c209000afef8000070ec000d4da1
0005c220000afe65000070fe000d4ceb
0005c238000afdd20000710f000d4c33
0005c24f000afd3d00007121000d4b7b
0005c267000afca900007132000d4ac2
0005c27e000afc1400007144000d4a08
0005c295000afb8000007155000d4950
0005c2ac000afaed00007167000d4899
0005c2c3000afa5a00007178000d47e2
0005c2d9000af9c900007189000d472c
0005c2f0000af9380000719a000d4677
0005c306000af8a7000071ab000d45c2
0005c31c000af815000071bd000d450c
0005c331000af782000071ce000d4454
0005c347000af6ef000071df000d439d
0005c35d000af65e000071f0000d42e7
0005c373000af5cd00007201000d4232
0005c38a000af53d00007213000d417e
0005c3a0000af4ad00007224000d40c9
0005c3b6000af41d00007236000d4015
0005c3cd000af38d00007247000d3f61
0005c3e3000af2fd00007259000d3ead
0005c3fa000af26e0000726b000d3dfa
0005c410000af1df0000727c000d3d47
0005c427000af1500000728f000d3c94
0005c43e000af0c1000072a1000d3be1
0005c455000af032000072b2000d3b2d
0005c46b000aefa3000072c4000d3a7a
0005c482000aef14000072d7000d39c7
0005c49a000aee85000072e9000d3915
0005c4b1000aedf6000072fc000d3862
0005c4c8000aed670000730e000d37af
0005c4df000aecd800007321000d36fd
0005c4f7000aec4900007334000d364b
0005c50e000aebba00007346000d3598
0005c526000aeb2b0000735a000d34e6
0005c53d000aea9c0000736c000d3433
0005c553000aea0c0000737e000d3380
0005c569000ae97d00007390000d32cd
0005c57f000ae8ee000073a3000d3219
0005c595000ae85e000073b5000d3166
0005c5ab000ae7cf000073c7000d30b2
0005c5c0000ae73f000073d8000d2ffe
0005c5d4000ae6b0000073e9000d2f49
0005c5e8000ae621000073f9000d2e95
0005c5fc000ae5910000740a000d2de0
0005c611000ae5010000741c000d2d2b
0005c626000ae4710000742e000d2c77
0005c63b000ae3e000007441000d2bc3
0005c650000ae35000007452000d2b0e
0005c664000ae2c000007463000d2a59
0005c677000ae23000007474000d29a4
0005c68b000ae1a100007485000d28ef
0005c69e000ae11000007496000d283a
0005c6b2000ae07f000074a8000d2785
0005c6c6000adfee000074b9000d26d0
0005c6da000adf5d000074cb000d261a
0005c6ee000adecc000074de000d2565
0005c701000ade3a000074ef000d24b0
0005c714000addaa00007500000d23fa
0005c728000add1a00007511000d2344
0005c73a000adc8a00007520000d228e
0005c74d000adbfc0000752e000d21d8
0005c75f000adb6e0000753c000d2122
0005c772000adae10000754a000d206c
0005c784000ada5300007557000d1fb6
0005c796000ad9c600007563000d1eff
0005c7a9000ad93900007570000d1e49
0005c7bb000ad8ac0000757c000d1d93
0005c7cd000ad81f00007589000d1cdc
0005c7de000ad79000007597000d1c25
0005c7ef000ad701000075a6000d1b6e
0005c800000ad672000075b4000d1ab7
0005c811000ad5e4000075c1000d1a00
0005c823000ad556000075ce000d1949
0005c835000ad4c8000075da000d1892
0005c846000ad43b000075e6000d17db
0005c858000ad3ad000075f2000d1724
0005c86b000ad320000075fd000d166e
0005c87e000ad29400007607000d15b8
0005c892000ad20800007610000d1502
0005c8a5000ad17c0000761a000d144c
0005c8b8000ad0ef00007624000d1395
0005c8c9000ad0610000762f000d12de
0005c8da000acfd40000763b000d1226
0005c8ea000acf4600007647000d116d
0005c8f9000aceb800007654000d10b5
0005c909000ace2a00007660000d0ffc
0005c919000acd9c0000766c000d0f44
0005c92a000acd0e00007677000d0e8c
0005c93b000acc8000007682000d0dd5
0005c94d000acbf10000768d000d0d1e
0005c95e000acb6300007697000d0c67
0005c970000acad5000076a1000d0baf
0005c981000aca46000076ac000d0af8
0005c992000ac9b8000076b6000d0a40
0005c9a3000ac929000076c1000d0989
0005c9b4000ac89b000076cb000d08d0
0005c9c3000ac80c000076d7000d0817
0005c9d2000ac77e000076e2000d075e
0005c9e1000ac6f0000076ed000d06a5
0005c9f1000ac661000076f8000d05ec
0005ca01000ac5d200007703000d0533
0005ca11000ac5430000770d000d047b
0005ca21000ac4b300007718000d03c3
0005ca31000ac42300007722000d030b
0005ca40000ac3940000772d000d0252
0005ca4f000ac30500007737000d0198
0005ca5e000ac27600007742000d00df
0005ca6d000ac1e60000774d000d0027
0005ca7d000ac15600007757000cff6d
0005ca8b000ac0c700007762000cfeb3
0005ca9a000ac0390000776d000cfdf8
0005caa8000abfac00007777000cfd3c
0005cab5000abf1e00007782000cfc80
0005cac3000abe8f0000778d000cfbc6
0005cad1000abe0000007798000cfb0a
0005cadf000abd72000077a2000cfa4e
0005caed000abce5000077ad000cf991
0005cafb000abc58000077b8000cf8d4
0005cb08000abbca000077c2000cf817
0005cb15000abb3b000077cd000cf75c
0005cb22000abaac000077d8000cf6a0
0005cb2e000aba1d000077e3000cf5e5
0005cb3b000ab98d000077ee000cf52a
0005cb47000ab8fd000077f9000cf46f
0005cb53000ab86d00007803000cf3b3
0005cb60000ab7de0000780e000cf2f7
0005cb6d000ab74f00007818000cf239
0005cb7b000ab6c100007822000cf17b
0005cb89000ab6330000782c000cf0bc
0005cb98000ab5a600007835000ceffc
0005cba7000ab5190000783e000cef3c
0005cbb6000ab48c00007846000cee7b
0005cbc5000ab4000000784f000cedba
0005cbd5000ab37300007857000cecf8
0005cbe4000ab2e600007860000cec37
0005cbf3000ab25900007868000ceb75
0005cc03000ab1cc00007870000ceab3
0005cc15000ab14000007877000ce9f0
0005cc26000ab0b30000787e000ce92c
0005cc38000ab02700007884000ce867
0005cc48000aaf9a0000788b000ce7a4
0005cc57000aaf0e00007894000ce6e1
0005cc65000aae810000789c000ce61f
0005cc74000aadf4000078a5000ce55d
0005cc83000aad67000078ad000ce49a
0005cc92000aacda000078b5000ce3d7
0005cca1000aac4c000078bc000ce314
0005ccb1000aabbe000078c3000ce250
0005ccc1000aab30000078c9000ce18b
0005ccd1000aaaa2000078d0000ce0c7
0005cce1000aaa14000078d6000ce003
0005ccf1000aa986000078dd000cdf3f
0005ccff000aa8f9000078e4000cde7b
0005cd0d000aa86c000078ed000cddb7
0005cd1a000aa7e0000078f7000cdcf4
0005cd26000aa75400007901000cdc31
0005cd32000aa6c80000790b000cdb6e
0005cd3f000aa63c00007915000cdaaa
0005cd4b000aa5b00000791f000cd9e7
0005cd57000aa5250000792a000cd924
0005cd62000aa49900007935000cd861
0005cd6d000aa40e0000793f000cd79d
0005cd79000aa3820000794a000cd6da
0005cd84000aa2f500007954000cd616
0005cd90000aa2690000795d000cd552
0005cd9b000aa1dc00007967000cd48f
0005cda6000aa14f00007971000cd3cb
0005cdb1000aa0c20000797b000cd307
0005cdbc000aa03600007985000cd243
0005cdc7000a9fa90000798f000cd17f
0005cdd2000a9f1d0000799a000cd0bb
0005cddc000a9e92000079a6000ccff6
0005cde7000a9e07000079b2000ccf32
0005cdf2000a9d7b000079bd000cce6d
0005cdfd000a9cf0000079c9000ccda9
0005ce07000a9c63000079d3000ccce4
0005ce10000a9bd6000079dd000ccc20
0005ce19000a9b48000079e6000ccb5c
0005ce21000a9ab9000079ee000cca98
0005ce2a000a9a2b000079f7000cc9d4
0005ce33000a999c00007a00000cc910
0005ce3b000a990e00007a09000cc84b
0005ce43000a987f00007a11000cc787
0005ce4a000a97ef00007a18000cc6c3
0005ce52000a976000007a20000cc5ff
0005ce5a000a96d100007a29000cc53b
0005ce61000a964200007a31000cc476
0005ce69000a95b200007a39000cc3b1
0005ce70000a952300007a41000cc2ed
0005ce77000a949300007a49000cc228
0005ce7f000a940400007a52000cc163
0005ce88000a937500007a5c000cc09d
0005ce93000a92e500007a66000cbfd5
0005ce9f000a925600007a72000cbf0d
0005ceab000a91c700007a7e000cbe44
0005ceb8000a913700007a8b000cbd7b
0005cec5000a90a800007a98000cbcb1
0005ced3000a901800007aa5000cbbe7
0005cee1000a8f8800007ab3000cbb1b
0005cef0000a8ef800007ac1000cba50
0005ceff000a8e6700007acf000cb984
0005cf0d000a8dd700007adc000cb8b9
0005cf1a000a8d4700007aea000cb7ee
0005cf28000a8cb700007af8000cb723
0005cf36000a8c2600007b05000cb657
0005cf44000a8b9500007b13000cb58b
0005cf53000a8b0400007b21000cb4bf
0005cf61000a8a7300007b2f000cb3f2
0005cf6f000a89e100007b3e000cb326
0005cf7d000a894f00007b4c000cb258
0005cf8c000a88bd00007b5a000cb18b
0005cf9a000a882a00007b68000cb0bd
0005cfa8000a879800007b76000caff0
0005cfb6000a870700007b84000caf23
0005cfc3000a867700007b92000cae57
0005cfd0000a85e500007ba0000cad8b
0005cfde000a855300007bae000cacbd
0005cfeb000a84bf00007bbc000cabee
0005cff9000a842a00007bca000cab1e
0005d006000a839600007bd8000caa4f
0005d014000a830200007be6000ca980
0005d021000a826f00007bf4000ca8b2
0005d02e000a81dd00007c02000ca7e5
0005d03c000a814c00007c11000ca718
0005d049000a80bc00007c1f000ca64d
0005d056000a802c00007c2d000ca582
0005d064000a7f9c00007c3b000ca4b7
0005d071000a7f0c00007c4a000ca3eb
0005d07e000a7e7b00007c58000ca31f
0005d08b000a7dea00007c66000ca253
0005d097000a7d5900007c74000ca187
0005d0a4000a7cc800007c82000ca0bb
0005d0b1000a7c3800007c90000c9ff0
0005d0bf000a7ba900007c9f000c9f26
0005d0cd000a7b1900007cae000c9e5c
0005d0da000a7a8900007cbd000c9d91
0005d0e7000a79f900007ccb000c9cc6
0005d0f3000a796900007cd9000c9bfa
0005d100000a78d800007ce8000c9b30
0005d10d000a784800007cf6000c9a65
0005d119000a77b800007d04000c9999
0005d125000a772700007d12000c98cd
0005d130000a769600007d20000c9801
0005d13a000a760500007d2d000c9734
0005d144000a757400007d3a000c9666
0005d14e000a74e200007d47000c9599
0005d159000a745100007d54000c94cd
0005d165000a73bf00007d63000c9401
0005d171000a732e00007d72000c9335
0005d17d000a729c00007d80000c9269
0005d18a000a720a00007d90000c919e
0005d197000a717800007d9f000c90d3
0005d1a4000a70e600007daf000c9008
0005d1b2000a705300007dc0000c8f3d
0005d1c0000a6fc100007dd0000c8e73
0005d1ce000a6f2e00007de1000c8da8
0005d1db000a6e9b00007df1000c8cdd
0005d1e8000a6e0900007e01000c8c12
0005d1f5000a6d7600007e11000c8b47
0005d202000a6ce300007e21000c8a7c
0005d20e000a6c5100007e30000c89b0
0005d21a000a6bc000007e3f000c88e4
0005d225000a6b2e00007e4c000c8818
0005d230000a6a9d00007e5a000c874c
0005d23a000a6a0c00007e68000c867f
0005d245000a697a00007e76000c85b3
0005d250000a68e900007e84000c84e7
0005d25a000a685700007e91000c841a
0005d264000a67c600007e9e000c834d
0005d26e000a673700007ea9000c8280
0005d278000a66a900007eb3000c81b3
0005d281000a661b00007ebd000c80e6
0005d28a000a658c00007ec7000c8019
0005d293000a64fd00007ed2000c7f4c
0005d29c000a646d00007ede000c7e7e
0005d2a5000a63db00007eea000c7db1
0005d2ad000a634900007ef8000c7ce3
0005d2b5000a62b600007f06000c7c15
0005d2bd000a622300007f14000c7b47
0005d2c5000a619100007f21000c7a7a
0005d2ce000a610000007f2d000c79ac
0005d2d8000a607000007f38000c78df
0005d2e0000a5fdf00007f43000c7811
0005d2e8000a5f4e00007f4f000c7744
0005d2f0000a5ebc00007f5c000c7676
0005d2f7000a5e2a00007f69000c75a7
0005d2fe000a5d9700007f76000c74d8
0005d305000a5d0400007f84000c740a
0005d30c000a5c7200007f90000c733c
0005d314000a5be000007f9c000c726e
0005d31c000a5b4e00007fa8000c71a0
0005d325000a5abc00007fb2000c70d3
0005d32f000a5a2b00007fbc000c7006
0005d339000a599a00007fc6000c6f39
0005d342000a590900007fd0000c6e6c
0005d34b000a587800007fda000c6d9e
0005d353000a57e600007fe5000c6cd0
0005d35c000a575500007fef000c6c02
0005d363000a56c300007ffa000c6b34
0005d36a000a563100008005000c6a66
0005d372000a559f00008010000c6997
0005d37a000a550d0000801a000c68ca
0005d382000a547b00008024000c67fc
0005d389000a53e90000802f000c672d
0005d38f000a53570000803a000c665e
0005d394000a52c600008046000c658d
0005d398000a523400008053000c64bc
0005d39d000a51a30000805f000c63ec
0005d3a3000a51100000806a000c631d
0005d3a9000a507e00008075000c624d
0005d3af000a4feb00008080000c617e
0005d3b4000a4f590000808c000c60ae
0005d3b8000a4ec700008097000c5fdd
0005d3bc000a4e36000080a3000c5f0c
0005d3c0000a4da4000080af000c5e3b
0005d3c4000a4d12000080bb000c5d6a
0005d3c8000a4c80000080c6000c5c99
0005d3cc000a4bed000080d2000c5bc9
0005d3d1000a4b5a000080dd000c5af8
0005d3d5000a4ac7000080e9000c5a28
0005d3d9000a4a34000080f4000c5957
0005d3dd000a49a1000080ff000c5887
0005d3e0000a490e0000810b000c57b6
0005d3e4000a487c00008116000c56e5
0005d3e7000a47e900008121000c5613
0005d3eb000a47550000812d000c5543
0005d3ee000a46c200008138000c5472
0005d3f1000a462e00008143000c53a2
0005d3f4000a459a0000814f000c52d2
0005d3f7000a45050000815a000c5202
0005d3f9000a446e00008166000c5134
0005d3fb000a43d700008171000c5066
0005d3fd000a433e0000817d000c4f9a
0005d3fe000a42a500008189000c4ece
0005d400000a420d00008195000c4e02
0005d401000a4174000081a1000c4d35
0005d401000a40da000081ad000c4c6a
0005d400000a403f000081ba000c4ba0
0005d400000a3fa3000081c6000c4ad7
0005d3ff000a3f08000081d3000c4a0d
0005d3ff000a3e6d000081df000c4942
0005d3fe000a3dd2000081eb000c4877
0005d3fd000a3d37000081f8000c47ac
0005d3fc000a3c9c00008204000c46e2
0005d3fc000a3c0100008210000c4617
0005d3fb000a3b660000821c000c454c
0005d3fa000a3acb00008228000c4480
0005d3fa000a3a2f00008234000c43b5
0005d3fa000a39940000823f000c42e9
0005d3fa000a38f90000824b000c421c
0005d3f9000a385e00008257000c4151
0005d3f8000a37c300008263000c4085
0005d3f6000a37280000826f000c3fba
0005d3f3000a368c0000827c000c3eef
0005d3ef000a35f10000828a000c3e25
0005d3ec000a355500008297000c3d5a
0005d3e9000a34ba000082a4000c3c90
0005d3e6000a341e000082b0000c3bc4
0005d3e4000a3382000082bc000c3af9
0005d3e1000a32e5000082c8000c3a2d
0005d3df000a324a000082d5000c3962
0005d3db000a31ae000082e2000c3897
0005d3d6000a3113000082f0000c37cc
0005d3d2000a3077000082fd000c3701
0005d3ce000a2fdb0000830a000c3636
0005d3ca000a2f3f00008317000c356a
0005d3c5000a2ea300008324000c349f
0005d3c1000a2e0700008331000c33d4
0005d3bd000a2d6b0000833e000c3308
0005d3b9000a2cce00008349000c323c
0005d3b6000a2c3000008354000c3170
0005d3b2000a2b910000835f000c30a4
0005d3af000a2af200008369000c2fd7
0005d3ac000a2a5200008371000c2f0a
0005d3a9000a29b20000837a000c2e3d
0005d3a6000a291100008382000c2d71
0005d3a3000a28700000838a000c2ca4
0005d39f000a27d000008393000c2bd7
0005d39c000a27310000839d000c2b09
0005d399000a2691000083a6000c2a3c
0005d395000a25f1000083b0000c296f
0005d391000a2551000083b9000c28a2
0005d38d000a24b1000083c1000c27d5
0005d389000a2410000083ca000c2708
0005d385000a236f000083d2000c263a
0005d381000a22ce000083db000c256d
0005d37d000a222e000083e4000c249f
0005d378000a218c000083ec000c23d2
0005d373000a20ea000083f3000c2305
0005d36d000a2047000083f9000c2238
0005d366000a1fa3000083fe000c216c
0005d35f000a1efe00008402000c209f
0005d358000a1e5a00008407000c1fd3
0005d351000a1db50000840c000c1f06
0005d34b000a1d1200008411000c1e39
0005d345000a1c6f00008418000c1d6b
0005d341000a1bcc00008420000c1c9c
0005d33b000a1b2800008429000c1bcf
0005d335000a1a8400008434000c1b02
0005d32e000a19de0000843f000c1a35
0005d326000a19370000844b000c196a
0005d31d000a189000008458000c189f
0005d313000a17e800008465000c17d5
0005d308000a173f00008474000c170b
0005d2fc000a169600008484000c1642
0005d2ef000a15ec00008495000c1579
0005d2e1000a1542000084a6000c14b0
0005d2d2000a1497000084b9000c13e8
0005d2c1000a13ec000084cc000c1320
0005d2b0000a1341000084e0000c1259
0005d29e000a1295000084f5000c1191
0005d28c000a11ea0000850a000c10ca
0005d278000a113e00008521000c1003
0005d264000a109200008537000c0f3c
0005d24f000a0fe60000854f000c0e76
0005d239000a0f3b00008567000c0daf
0005d223000a0e8f0000857f000c0ce8
0005d20c000a0de300008598000c0c21
0005d1f4000a0d38000085b1000c0b5b
0005d1dd000a0c8d000085cb000c0a94
0005d1c4000a0be1000085e5000c09cd
0005d1ac000a0b36000085ff000c0906
0005d193000a0a8b0000861a000c083f
0005d17a000a09e000008634000c0778
0005d161000a09350000864f000c06b1
0005d147000a088a0000866a000c05ea
0005d12e000a07de00008684000c0523
0005d115000a07330000869f000c045c
0005d0fb000a0688000086ba000c0395
0005d0e1000a05dd000086d4000c02cd
0005d0c8000a0531000086ee000c0206
0005d0af000a048500008708000c013f
0005d095000a03d900008722000c0078
0005d07c000a032c0000873b000bffb1
0005d062000a027f00008754000bfee9
0005d049000a01d20000876c000bfe22
0005d030000a012400008784000bfd5c
0005d017000a00750000879b000bfc95
0005cffd0009ffc6000087b2000bfbcf
0005cfe40009ff16000087c8000bfb08
0005cfcb0009fe65000087de000bfa43
0005cfb10009fdb4000087f3000bf97d
0005cf970009fd0100008807000bf8b8
0005cf7d0009fc4e0000881b000bf7f3
0005cf630009fb9a0000882e000bf72f
0005cf480009fae500008840000bf66b
0005cf2d0009fa2f00008851000bf5a8
0005cf110009f97900008862000bf4e6
0005cef50009f8c100008872000bf424
0005ced80009f80800008881000bf363
0005ceba0009f74e0000888f000bf2a3
0005ce9b0009f6940000889d000bf1e4
0005ce7c0009f5d8000088aa000bf125
0005ce5b0009f51c000088b6000bf068
0005ce3a0009f45e000088c1000befab
0005ce170009f3a0000088cc000beef0
0005cdf30009f2e1000088d5000bee35
0005cdce0009f222000088de000bed7c
0005cda80009f161000088e7000becc4
0005cd800009f0a0000088ee000bec0d
0005cd560009efdf000088f6000beb58
0005cd2b0009ef1d000088fc000beaa4
0005ccff0009ee5b00008902000be9f1
0005ccd10009ed9800008907000be93f
0005cca10009ecd50000890c000be88f
0005cc700009ec1300008911000be7e1
0005cc3d0009eb5000008915000be734
0005cc080009ea8d00008918000be688
0005cbd20009e9ca0000891b000be5df
0005cb990009e9080000891e000be536
0005cb600009e84600008921000be48f
0005cb240009e78500008924000be3ea
0005cae70009e6c400008926000be347
0005caa80009e60300008929000be2a5
0005ca670009e5440000892b000be205
0005ca250009e4860000892d000be167
0005c9e20009e3c80000892f000be0ca
0005c99d0009e30c00008932000be02f
0005c9570009e25000008935000bdf95
0005c90f0009e19600008938000bdefe
0005c8c60009e0dd0000893b000bde67
0005c87c0009e0260000893e000bddd3
0005c8310009df7000008942000bdd40
0005c7e50009debb00008946000bdcaf
0005c7980009de080000894b000bdc1f
0005c74b0009dd5600008950000bdb91
0005c6fc0009dca600008956000bdb05
0005c6ad0009dbf80000895d000bda7a
0005c65e0009db4b00008964000bd9f0
0005c60e0009daa00000896c000bd968
0005c5be0009d9f600008974000bd8e1
0005c56e0009d94e0000897d000bd85c
0005c51e0009d8a800008987000bd7d8
0005c4cd0009d80300008992000bd755
0005c47d0009d7600000899e000bd6d4
0005c42d0009d6be000089ab000bd653
0005c3de0009d61e000089b8000bd5d4
0005c38f0009d57f000089c7000bd556
0005c3400009d4e1000089d6000bd4d9
0005c2f20009d445000089e7000bd45d
0005c2a40009d3aa000089f8000bd3e2
0005c2570009d31100008a0a000bd368
0005c20b0009d27800008a1e000bd2ee
0005c1bf0009d1e000008a32000bd276
0005c1740009d14a00008a47000bd1fe
0005c12a0009d0b400008a5d000bd187
0005c0e10009d01f00008a75000bd110
0005c0990009cf8b00008a8d000bd09a
0005c0520009cef700008aa6000bd025
0005c00c0009ce6400008ac0000bcfb0
0005bfc60009cdd100008adb000bcf3b
0005bf810009cd3f00008af7000bcec7
0005bf3e0009ccad00008b14000bce54
0005befb0009cc1c00008b31000bcde0
0005beb90009cb8b00008b50000bcd6d
0005be770009caf900008b6f000bccfa
0005be370009ca6800008b8f000bcc87
0005bdf70009c9d700008baf000bcc14
0005bdb80009c94600008bd1000bcba1
0005bd7a0009c8b500008bf3000bcb2f
0005bd3c0009c82300008c15000bcabc
0005bcfe0009c79200008c38000bca49
0005bcc10009c70000008c5c000bc9d7
0005bc850009c66e00008c7f000bc964
0005bc490009c5dc00008ca4000bc8f1
0005bc0d0009c54a00008cc8000bc87e
0005bbd10009c4b800008ced000bc80b
0005bb960009c42500008d13000bc798
0005bb5a0009c39300008d38000bc725
0005bb1f0009c30000008d5d000bc6b2
0005bae40009c26d00008d83000bc63e
0005baa90009c1da00008da9000bc5cb
0005ba6e0009c14600008dce000bc557
0005ba320009c0b300008df4000bc4e3
0005b9f70009c02000008e19000bc46f
0005b9bb0009bf8d00008e3e000bc3fb
0005b9800009befa00008e63000bc387
0005b9440009be6700008e88000bc313
0005b9080009bdd500008ead000bc29f
0005b8cc0009bd4200008ed1000bc22b
0005b88f0009bcb000008ef4000bc1b7
0005b8530009bc1f00008f17000bc143
0005b8160009bb8d00008f3a000bc0cf
0005b7d90009bafd00008f5c000bc05c
0005b79c0009ba6d00008f7e000bbfe8
0005b75f0009b9dd00008f9f000bbf75
0005b7220009b94e00008fbf000bbf02
0005b6e50009b8c000008fdf000bbe8f
0005b6a80009b83200008ffe000bbe1c
0005b66b0009b7a60000901c000bbdaa
0005b62f0009b71a0000903a000bbd39
0005b5f30009b68e00009056000bbcc8
0005b5b70009b60400009072000bbc57
0005b57b0009b57b0000908e000bbbe7
0005b5400009b4f2000090a8000bbb78
0005b5050009b46a000090c2000bbb09
0005b4cc0009b3e3000090db000bba9b
0005b4920009b35d000090f3000bba2e
0005b45a0009b2d80000910a000bb9c2
0005b4220009b25400009121000bb956
0005b3ec0009b1d000009137000bb8ec
0005b3b60009b14d0000914c000bb882
0005b3820009b0cb00009160000bb81a
0005b34e0009b04900009174000bb7b3
0005b31c0009afc800009187000bb74d
0005b2eb0009af4800009199000bb6e8
0005b2bc0009aec8000091ab000bb684
0005b28e0009ae48000091bc000bb621
0005b2610009adc8000091cc000bb5c0
0005b2360009ad49000091dc000bb560
0005b20c0009acca000091ec000bb502
0005b1e40009ac4b000091fb000bb4a5
0005b1bd0009abcb00009209000bb44a
0005b1980009ab4c00009217000bb3f0
0005b1750009aacc00009225000bb397
0005b1530009aa4c00009232000bb340
0005b1330009a9cb00009240000bb2eb
0005b1140009a94a0000924d000bb297
0005b0f70009a8c80000925a000bb244
0005b0dc0009a84500009267000bb1f4
0005b0c10009a7c100009273000bb1a5
0005b0a90009a73c00009280000bb157
0005b0910009a6b70000928d000bb10b
0005b07b0009a6300000929a000bb0c1
0005b0660009a5a8000092a7000bb079
0005b0530009a51e000092b5000bb032
0005b0400009a493000092c2000bafec
0005b02f0009a407000092d0000bafa8
0005b01e0009a379000092df000baf66
0005b00e0009a2ea000092ed000baf26
0005afff0009a259000092fd000baee6
0005aff10009a1c60000930c000baea9
0005afe30009a1320000931d000bae6d
0005afd50009a09c0000932e000bae32
0005afc80009a0050000933f000badf9
0005afbb00099f6b00009351000badc1
0005afae00099ed000009364000bad8a
0005afa200099e3300009378000bad55
0005af9500099d950000938d000bad21
0005af8800099cf5000093a2000bacee
0005af7b00099c53000093b8000bacbd
0005af6d00099bb0000093cf000bac8c
0005af5f00099b0b000093e7000bac5d
0005af5100099a6400009400000bac2f
0005af42000999bc0000941a000bac01
0005af320009991300009435000babd5
0005af210009986900009451000baba9
0005af10000997bd0000946e000bab7f
0005aefe000997100000948b000bab55
0005aeeb00099662000094aa000bab2c
0005aed7000995b2000094ca000bab03
0005aec200099502000094ea000baadb
0005aead000994510000950c000baab4
0005ae960009939f0000952e000baa8d
0005ae7e000992ed00009552000baa67
0005ae650009923a00009576000baa41
0005ae4b000991860000959c000baa1b
0005ae30000990d2000095c2000ba9f6
0005ae140009901d000095e9000ba9d1
0005adf800098f6800009611000ba9ac
0005adda00098eb300009639000ba988
0005adbb00098dfd00009663000ba963
0005ad9c00098d480000968d000ba93f
0005ad7b00098c92000096b8000ba91b
0005ad5a00098bdc000096e3000ba8f7
0005ad3800098b2600009710000ba8d2
0005ad1600098a700000973c000ba8ae
0005acf2000989bb00009769000ba88a
0005acce0009890500009797000ba865
0005acaa0009884f000097c5000ba841
0005ac850009879a000097f4000ba81c
0005ac60000986e400009822000ba7f8
0005ac3a0009862f00009852000ba7d3
0005ac150009857a00009881000ba7ae
0005abee000984c5000098b0000ba788
0005abc800098410000098e0000ba763
0005aba20009835b00009910000ba73d
0005ab7b000982a60000993f000ba717
0005ab54000981f10000996f000ba6f2
0005ab2e0009813c0000999e000ba6cb
0005ab0700098086000099ce000ba6a5
0005aae000097fd1000099fd000ba67f
0005aab900097f1c00009a2c000ba658
0005aa9300097e6600009a5b000ba632
0005aa6c00097db000009a89000ba60b
0005aa4600097cf900009ab7000ba5e4
0005aa1f00097c4200009ae5000ba5be
0005a9f900097b8b00009b12000ba597
0005a9d300097ad300009b3e000ba570
0005a9ac00097a1a00009b6a000ba54a
0005a9860009796100009b96000ba523
0005a95f000978a800009bc1000ba4fd
0005a939000977ed00009beb000ba4d7
0005a9120009773200009c14000ba4b1
0005a8eb0009767600009c3d000ba48c
0005a8c4000975b900009c65000ba467
0005a89c000974fb00009c8d000ba442
0005a8750009743c00009cb3000ba41e
0005a84c0009737c00009cd9000ba3fa
0005a823000972bc00009cfe000ba3d6
0005a7fa000971fa00009d23000ba3b4
0005a7d00009713800009d46000ba392
0005a7a50009707400009d69000ba370
0005a77900096fb000009d8b000ba350
0005a74d00096eeb00009dac000ba330
0005a71f00096e2400009dcc000ba311
0005a6f000096d5e00009dec000ba2f3
0005a6c000096c9600009e0a000ba2d6
0005a68f00096bcd00009e29000ba2ba
0005a65d00096b0400009e46000ba29f
0005a62900096a3a00009e63000ba285
0005a5f40009697000009e7f000ba26c
0005a5be000968a500009e9a000ba254
0005a586000967d900009eb5000ba23e
0005a54c0009670e00009ecf000ba228
0005a5110009664200009ee8000ba215
0005a4d40009657600009f01000ba202
0005a495000964a900009f1a000ba1f1
0005a455000963dd00009f32000ba1e1
0005a4130009631100009f4a000ba1d3
0005a3d00009624500009f62000ba1c6
0005a38a0009617a00009f79000ba1bb
0005a343000960af00009f90000ba1b1
0005a2fb00095fe400009fa6000ba1a9
0005a2b000095f1b00009fbd000ba1a2
0005a26400095e5100009fd4000ba19d
0005a21700095d8900009fea000ba199
0005a1c800095cc20000a001000ba197
0005a17700095bfb0000a017000ba196
0005a12500095b360000a02e000ba197
0005a0d200095a720000a045000ba19a
0005a07e000959af0000a05c000ba19e
0005a028000958ed0000a073000ba1a4
00059fd10009582d0000a08b000ba1ab
00059f790009576e0000a0a3000ba1b4
00059f20000956b10000a0bb000ba1be
00059ec7000955f50000a0d4000ba1ca
00059e6c0009553b0000a0ed000ba1d7
00059e11000954820000a107000ba1e6
00059db6000953cb0000a122000ba1f6
00059d5a000953160000a13d000ba207
00059cfd000952620000a159000ba21a
00059ca1000951b00000a176000ba22e
00059c44000950ff0000a193000ba243
00059be7000950510000a1b1000ba259
00059b8b00094fa30000a1d0000ba271
00059b2e00094ef80000a1f0000ba28a
00059ad200094e4d0000a211000ba2a3
00059a7600094da50000a232000ba2be
00059a1a00094cfd0000a255000ba2da
000599bf00094c570000a278000ba2f7
0005996500094bb30000a29d000ba314
0005990b00094b0f0000a2c2000ba333
000598b200094a6d0000a2e8000ba352
00059859000949cc0000a310000ba372
000598020009492c0000a338000ba393
000597ab0009488d0000a361000ba3b4
00059755000947ee0000a38b000ba3d6
00059700000947510000a3b6000ba3f8
000596ab000946b40000a3e2000ba41b
00059658000946180000a410000ba43e
000596060009457d0000a43d000ba461
000595b4000944e10000a46c000ba485
00059563000944470000a49c000ba4a9
00059514000943ac0000a4cc000ba4cd
000594c5000943120000a4fe000ba4f2
00059477000942780000a530000ba516
00059429000941df0000a563000ba53b
000593dd000941450000a596000ba560
00059391000940ab0000a5cb000ba585
00059346000940120000a600000ba5a9
000592fb00093f780000a635000ba5ce
000592b100093ede0000a66b000ba5f2
0005926800093e440000a6a2000ba617
0005921f00093daa0000a6d9000ba63b
000591d600093d100000a710000ba65f
0005918e00093c750000a748000ba683
0005914600093bdb0000a780000ba6a7
000590ff00093b400000a7b9000ba6cb
000590b700093aa50000a7f1000ba6ee
0005907000093a0a0000a82a000ba711
000590290009396f0000a863000ba734
00058fe1000938d40000a89c000ba757
00058f9a000938380000a8d5000ba779
00058f530009379d0000a90d000ba79b
00058f0c000937010000a946000ba7be
00058ec4000936660000a97f000ba7df
00058e7d000935ca0000a9b7000ba801
00058e350009352f0000a9ef000ba823
00058ded000934940000aa27000ba844
00058da5000933fa0000aa5f000ba865
00058d5d0009335f0000aa96000ba886
00058d15000932c50000aacc000ba8a7
00058ccc0009322b0000ab03000ba8c8
00058c83000931920000ab38000ba8e9
00058c3b000930f90000ab6d000ba90b
00058bf2000930610000aba2000ba92c
00058ba900092fca0000abd6000ba94d
00058b6000092f330000ac09000ba96e
00058b1700092e9d0000ac3c000ba990
00058acf00092e070000ac6d000ba9b2
00058a8600092d730000ac9f000ba9d4
00058a3e00092cdf0000accf000ba9f7
000589f600092c4c0000acff000baa1a
000589ae00092bba0000ad2d000baa3d
0005896700092b290000ad5b000baa61
0005892000092a980000ad89000baa85
000588da00092a090000adb5000baaaa
000588950009297a0000ade1000baad0
00058850000928ed0000ae0c000baaf7
0005880c000928600000ae36000bab1e
000587c9000927d40000ae5f000bab46
00058787000927480000ae88000bab6e
00058746000926be0000aeaf000bab98
00058706000926340000aed6000babc3
000586c7000925aa0000aefd000babef
0005868a000925220000af22000bac1b
0005864d000924990000af47000bac49
00058613000924120000af6b000bac78
000585d90009238a0000af8f000baca8
000585a1000923030000afb2000bacda
0005856b0009227c0000afd4000bad0c
00058536000921f50000aff6000bad40
000585030009216e0000b018000bad75
000584d1000920e70000b039000badac
000584a1000920600000b05a000bade4
0005847200091fd80000b07a000bae1d
0005844500091f500000b09a000bae58
0005841a00091ec80000b0ba000bae94
000583f000091e3e0000b0d9000baed2
000583c800091db50000b0f9000baf11
000583a100091d2a0000b118000baf52
0005837c00091c9f0000b138000baf95
0005835800091c120000b157000bafd8
0005833500091b850000b176000bb01e
0005831400091af60000b196000bb064
000582f400091a660000b1b6000bb0ad
000582d5000919d50000b1d6000bb0f7
000582b8000919420000b1f6000bb142
0005829b000918ae0000b216000bb18f
0005827f000918180000b237000bb1dd
00058264000917810000b258000bb22d
0005824a000916e80000b27a000bb27e
000582300009164e0000b29c000bb2d0
00058217000915b20000b2bf000bb324
000581fe000915140000b2e3000bb37a
000581e6000914750000b307000bb3d0
000581ce000913d30000b32b000bb428
000581b6000913310000b351000bb481
0005819e0009128c0000b377000bb4db
00058185000911e60000b39e000bb537
0005816d0009113e0000b3c6000bb593
00058155000910950000b3ef000bb5f1
0005813c00090fea0000b418000bb64f
0005812200090f3d0000b442000bb6af
0005810900090e8f0000b46e000bb710
000580ee00090de00000b49a000bb771
000580d300090d2f0000b4c7000bb7d3
000580b700090c7d0000b4f5000bb836
0005809b00090bc90000b525000bb89a
0005807d00090b150000b555000bb8fe
0005805f00090a5f0000b586000bb963
00058040000909a90000b5b8000bb9c9
0005801f000908f10000b5eb000bba2f
00057ffe000908390000b61e000bba95
00057fdc000907800000b653000bbafc
00057fb9000906c60000b689000bbb63
00057f950009060c0000b6c0000bbbcb
00057f70000905510000b6f7000bbc33
00057f49000904950000b72f000bbc9b
00057f22000903d90000b769000bbd03
00057efa0009031d0000b7a3000bbd6b
00057ed1000902610000b7de000bbdd3
00057ea7000901a40000b819000bbe3c
00057e7c000900e80000b855000bbea4
00057e510009002b0000b892000bbf0d
00057e240008ff6e0000b8d0000bbf75
00057df70008feb10000b90e000bbfdd
00057dca0008fdf50000b94c000bc045
00057d9b0008fd380000b98c000bc0ad
00057d6c0008fc7c0000b9cb000bc114
00057d3d0008fbbf0000ba0b000bc17c
00057d0d0008fb030000ba4c000bc1e3
00057cdd0008fa460000ba8c000bc24a
00057cac0008f98a0000bacd000bc2b1
00057c7c0008f8ce0000bb0e000bc317
00057c4a0008f8120000bb4f000bc37d
00057c190008f7570000bb91000bc3e3
00057be80008f69b0000bbd2000bc449
00057bb60008f5df0000bc13000bc4ae
00057b850008f5230000bc55000bc513
00057b530008f4670000bc96000bc578
00057b220008f3ab0000bcd7000bc5dd
00057af00008f2ef0000bd18000bc641
00057abf0008f2330000bd58000bc6a5
00057a8d0008f1760000bd98000bc709
00057a5c0008f0ba0000bdd8000bc76d
00057a2b0008effc0000be18000bc7d0
000579fa0008ef3f0000be57000bc834
000579c80008ee810000be95000bc897
000579970008edc20000bed3000bc8fb
000579660008ed030000bf11000bc95e
000579350008ec430000bf4d000bc9c2
000579040008eb820000bf8a000bca25
000578d30008eac10000bfc5000bca89
000578a10008e9ff0000c000000bcaed
000578700008e93c0000c03a000bcb51
0005783e0008e8780000c073000bcbb5
0005780c0008e7b40000c0ac000bcc1a
000577d90008e6ee0000c0e4000bcc7e
000577a60008e6280000c11b000bcce4
000577720008e5610000c151000bcd4a
0005773e0008e4980000c187000bcdb0
000577090008e3cf0000c1bb000bce17
000576d30008e3050000c1ef000bce7e
0005769d0008e23a0000c222000bcee6
000576650008e16e0000c254000bcf4f
0005762d0008e0a20000c286000bcfb9
000575f40008dfd40000c2b6000bd023
000575b90008df060000c2e6000bd08e
0005757d0008de370000c315000bd0fa
000575400008dd670000c344000bd168
000575010008dc970000c372000bd1d6
000574c20008dbc60000c39f000bd245
000574800008daf40000c3cb000bd2b5
0005743d0008da230000c3f7000bd327
000573f90008d9510000c422000bd399
000573b30008d87e0000c44c000bd40d
0005736b0008d7ac0000c476000bd482
000573220008d6da0000c4a0000bd4f8
000572d70008d6070000c4c9000bd570
0005728a0008d5350000c4f2000bd5e9
0005723c0008d4630000c51b000bd663
000571eb0008d3920000c543000bd6df
0005719a0008d2c00000c56b000bd75c
000571460008d1f00000c592000bd7db
000570f10008d1200000c5ba000bd85b
0005709b0008d0510000c5e1000bd8dc
000570420008cf830000c609000bd95f
00056fe90008ceb50000c630000bd9e4
00056f8e0008cde90000c658000bda6a
00056f310008cd1e0000c67f000bdaf1
00056ed30008cc540000c6a7000bdb7a
00056e740008cb8b0000c6cf000bdc04
00056e140008cac40000c6f7000bdc90
00056db20008c9fe0000c720000bdd1d
00056d500008c93a0000c749000bddac
00056ced0008c8770000c772000bde3c
00056c890008c7b50000c79c000bdecd
00056c240008c6f60000c7c6000bdf60
00056bbf0008c6380000c7f1000bdff3
00056b590008c57b0000c81d000be089
00056af30008c4c00000c849000be11f
00056a8c0008c4070000c876000be1b7
00056a250008c34f0000c8a3000be250
000569be0008c2990000c8d2000be2ea
000569580008c1e50000c901000be385
000568f10008c1320000c931000be422
0005688a0008c0810000c961000be4bf
000568240008bfd10000c993000be55d
000567be0008bf230000c9c5000be5fc
000567580008be760000c9f9000be69c
000566f30008bdcb0000ca2d000be73d
0005668f0008bd210000ca62000be7df
0005662b0008bc780000ca98000be881
000565c80008bbd00000cad0000be924
000565660008bb290000cb08000be9c7
000565040008ba840000cb41000bea6c
000564a40008b9df0000cb7b000beb10
000564440008b93c0000cbb6000bebb5
000563e50008b8990000cbf1000bec5b
000563870008b7f60000cc2e000bed01
0005632a0008b7550000cc6c000beda7
000562ce0008b6b40000ccaa000bee4d
000562720008b6130000ccea000beef4
000562180008b5730000cd2a000bef9b
000561be0008b4d30000cd6b000bf041
000561660008b4330000cdad000bf0e8
0005610e0008b3940000cdf0000bf18f
000560b70008b2f50000ce33000bf236
000560610008b2550000ce78000bf2dd
0005600b0008b1b60000cebc000bf384
00055fb60008b1170000cf02000bf42a
00055f620008b0780000cf48000bf4d1
00055f0e0008afd80000cf8e000bf577
00055ebb0008af390000cfd5000bf61d
00055e690008ae990000d01d000bf6c3
00055e160008adfa0000d064000bf769
00055dc40008ad5a0000d0ad000bf80e
00055d730008acba0000d0f5000bf8b3
00055d210008ac190000d13e000bf957
00055cd00008ab790000d186000bf9fc
00055c7f0008aad90000d1cf000bfaa0
00055c2e0008aa380000d218000bfb44
00055bdd0008a9970000d262000bfbe7
00055b8c0008a8f60000d2ab000bfc8a
00055b3b0008a8560000d2f4000bfd2d
00055aea0008a7b50000d33c000bfdcf
00055a990008a7140000d385000bfe71
00055a480008a6740000d3cd000bff13
000559f60008a5d30000d416000bffb5
000559a50008a5330000d45d000c0056
000559530008a4930000d4a5000c00f8
000559010008a3f30000d4ec000c0199
000558af0008a3540000d532000c0239
0005585d0008a2b50000d579000c02da
0005580b0008a2170000d5be000c037b
000557b80008a1790000d603000c041c
000557660008a0dc0000d647000c04bc
000557140008a0400000d68b000c055d
000556c100089fa40000d6ce000c05fd
0005566f00089f090000d710000c069e
0005561d00089e6e0000d752000c073f
000555cb00089dd50000d793000c07e1
0005557900089d3c0000d7d3000c0882
0005552700089ca40000d812000c0924
000554d600089c0d0000d851000c09c6
0005548600089b770000d88e000c0a68
0005543500089ae20000d8cb000c0b0b
000553e600089a4e0000d907000c0baf
00055397000899ba0000d943000c0c53
00055349000899280000d97d000c0cf8
000552fc000898960000d9b7000c0d9d
000552b0000898050000d9f0000c0e43
00055264000897750000da28000c0eea
0005521a000896e60000da5f000c0f92
000551d1000896570000da95000c103b
00055189000895c90000dacb000c10e4
000551430008953b0000db00000c118e
000550fd000894ae0000db35000c123a
000550ba000894220000db69000c12e6
00055077000893950000db9c000c1394
00055036000893090000dbce000c1443
00054ff70008927d0000dc00000c14f3
00054fb9000891f20000dc32000c15a4
00054f7d000891660000dc63000c1656
00054f42000890da0000dc93000c170a
00054f090008904e0000dcc3000c17bf
00054ed100088fc10000dcf3000c1875
00054e9c00088f340000dd23000c192d
00054e6700088ea70000dd52000c19e6
00054e3500088e190000dd81000c1aa0
00054e0300088d8a0000ddb0000c1b5c
00054dd400088cfb0000dddf000c1c19
00054da600088c6a0000de0e000c1cd8
00054d7900088bd90000de3c000c1d98
00054d4d00088b460000de6b000c1e59
00054d2300088ab30000de9a000c1f1c
00054cfa00088a1e0000dec9000c1fe0
00054cd3000889880000def9000c20a6
00054cac000888f00000df28000c216d
00054c86000888570000df58000c2235
00054c62000887bc0000df89000c22ff
00054c3e000887200000dfb9000c23ca
00054c1a000886820000dfea000c2497
00054bf8000885e30000e01c000c2565
00054bd5000885420000e04e000c2634
00054bb40008849f0000e081000c2704
00054b92000883fb0000e0b5000c27d5
00054b71000883550000e0e9000c28a8
00054b50000882ad0000e11e000c297c
00054b2f000882040000e153000c2a51
00054b0e000881590000e18a000c2b27
00054aec000880ac0000e1c1000c2bfe
00054acb00087ffe0000e1f9000c2cd6
00054aa900087f4e0000e232000c2dae
00054a8600087e9c0000e26c000c2e88
00054a6300087dea0000e2a6000c2f63
00054a4000087d350000e2e2000c303e
00054a1b00087c800000e31f000c311a
000549f700087bc90000e35c000c31f7
000549d100087b110000e39a000c32d4
000549aa00087a580000e3da000c33b2
000549830008799e0000e41a000c3490
0005495a000878e30000e45b000c356f
00054931000878270000e49e000c364e
000549070008776a0000e4e1000c372d
000548db000876ac0000e525000c380d
000548af000875ee0000e56a000c38ed
000548820008752f0000e5af000c39ce
00054853000874700000e5f6000c3aae
00054824000873b00000e63e000c3b8e
000547f4000872f00000e686000c3c6f
000547c3000872300000e6cf000c3d50
000547910008716f0000e719000c3e30
0005475e000870ae0000e764000c3f11
0005472a00086fed0000e7af000c3ff1
000546f500086f2d0000e7fb000c40d1
000546c000086e6c0000e847000c41b1
0005468a00086dab0000e894000c4291
0005465300086cea0000e8e2000c4371
0005461c00086c290000e930000c4450
000545e400086b680000e97f000c452f
000545ac00086aa80000e9cd000c460e
00054573000869e70000ea1d000c46ec
0005453a000869270000ea6c000c47ca
00054501000868670000eabc000c48a8
000544c7000867a70000eb0c000c4985
0005448e000866e70000eb5c000c4a62
00054454000866270000ebac000c4b3f
00054419000865670000ebfc000c4c1b
000543df000864a80000ec4c000c4cf7
000543a5000863e80000ec9c000c4dd2
0005436b000863280000eceb000c4ead
00054331000862680000ed3b000c4f88
000542f7000861a80000ed8a000c5063
000542bd000860e70000edda000c513d
00054283000860270000ee28000c5217
0005424900085f660000ee77000c52f1
0005420f00085ea50000eec4000c53ca
000541d500085de30000ef12000c54a3
0005419b00085d210000ef5f000c557c
0005416200085c5e0000efab000c5655
0005412800085b9b0000eff7000c572e
000540ee00085ad70000f042000c5807
000540b500085a130000f08d000c58e0
0005407b0008594d0000f0d6000c59b9
00054041000858870000f120000c5a92
00054007000857c00000f168000c5b6b
00053fcc000856f90000f1b0000c5c44
00053f91000856300000f1f6000c5d1e
00053f56000855670000f23d000c5df7
00053f1b0008549c0000f282000c5ed2
00053ede000853d10000f2c6000c5fac
00053ea2000853050000f30a000c6087
00053e64000852380000f34d000c6162
00053e260008516a0000f38f000c623e
00053de70008509b0000f3d0000c631a
00053da700084fcb0000f410000c63f8
00053d6500084efb0000f450000c64d5
00053d2300084e290000f48e000c65b4
00053ce000084d570000f4cc000c6693
00053c9b00084c840000f50a000c6773
00053c5600084bb10000f546000c6854
00053c0f00084add0000f582000c6936
00053bc600084a080000f5bd000c6a19
00053b7c000849330000f5f7000c6afd
00053b300008485e0000f631000c6be2
00053ae3000847880000f66a000c6cc8
00053a94000846b20000f6a3000c6daf
00053a44000845dc0000f6db000c6e97
000539f2000845060000f713000c6f81
0005399e000844310000f74a000c706c
000539490008435b0000f781000c7158
000538f2000842860000f7b7000c7245
00053899000841b10000f7ed000c7334
0005383f000840dc0000f823000c7424
000537e3000840080000f859000c7515
0005378500083f350000f88f000c7608
0005372600083e630000f8c4000c76fc
000536c500083d920000f8fa000c77f1
0005366300083cc10000f92f000c78e8
000535ff00083bf20000f965000c79e0
0005359a00083b230000f99a000c7ad9
0005353400083a560000f9d0000c7bd4
000534cc0008398b0000fa06000c7cd0
00053464000838c00000fa3c000c7dce
000533fa000837f70000fa73000c7ecd
0005338f000837300000faaa000c7fcd
000533240008366a0000fae1000c80cf
000532b7000835a60000fb19000c81d2
0005324a000834e30000fb51000c82d6
000531dd000834220000fb8a000c83db
0005316f000833630000fbc4000c84e1
00053100000832a50000fbfe000c85e9
00053092000831e90000fc39000c86f2
000530230008312e0000fc74000c87fc
00052fb4000830760000fcb1000c8906
00052f4500082fbe0000fcee000c8a12
00052ed600082f090000fd2b000c8b1f
00052e6800082e550000fd6a000c8c2d
00052dfa00082da20000fdaa000c8d3c
00052d8c00082cf10000fdea000c8e4b
00052d1f00082c420000fe2b000c8f5b
00052cb200082b930000fe6e000c906c
00052c4500082ae60000feb1000c917e
00052bda00082a3b0000fef5000c9290
00052b6f000829900000ff3a000c93a3
00052b05000828e70000ff80000c94b6
00052a9c0008283e0000ffc7000c95ca
00052a33000827970001000e000c96de
000529cc000826f000010057000c97f2
000529650008264a000100a1000c9907
00052900000825a5000100ec000c9a1c
0005289b0008250100010137000c9b31
000528370008245d00010183000c9c46
000527d4000823b9000101d1000c9d5c
00052772000823160001021f000c9e71
00052711000822730001026d000c9f87
000526b1000821d1000102bd000ca09c
000526510008212f0001030d000ca1b2
000525f20008208c0001035f000ca2c7
0005259500081fea000103b0000ca3dc
0005253700081f4800010403000ca4f1
000524db00081ea600010456000ca606
0005247f00081e04000104a9000ca71a
0005242400081d62000104fd000ca82e
000523c900081cbf00010552000ca942
0005236f00081c1d000105a7000caa56
0005231500081b7a000105fc000cab69
000522bb00081ad700010651000cac7b
0005226200081a34000106a7000cad8e
0005220900081991000106fd000caea0
000521b0000818ee00010753000cafb1
000521570008184b000107aa000cb0c2
000520ff000817a700010800000cb1d3
000520a60008170400010856000cb2e4
0005204d00081660000108ad000cb3f3
00051ff5000815bd00010903000cb503
00051f9c0008151900010959000cb612
00051f4300081476000109af000cb721
00051eea000813d300010a04000cb82f
00051e910008133000010a5a000cb93d
00051e380008128d00010aaf000cba4b
00051ddf000811ea00010b03000cbb59
00051d850008114800010b57000cbc66
00051d2c000810a600010bab000cbd73
00051cd20008100500010bfe000cbe80
00051c7800080f6400010c51000cbf8c
00051c1e00080ec400010ca3000cc099
00051bc400080e2400010cf4000cc1a5
00051b6a00080d8500010d44000cc2b1
00051b1000080ce700010d94000cc3be
00051ab600080c4a00010de4000cc4ca
00051a5d00080bad00010e32000cc5d6
00051a0300080b1100010e80000cc6e3
000519aa00080a7600010ecd000cc7f0
00051951000809dc00010f19000cc8fd
000518f90008094300010f64000cca0a
000518a1000808aa00010faf000ccb18
000518490008081300010ff8000ccc26
000517f20008077c00011041000ccd34
0005179c000806e600011089000cce43
0005174700080652000110d0000ccf53
000516f3000805be00011117000cd063
0005169f0008052b0001115c000cd174
0005164d00080498000111a1000cd285
000515fc00080406000111e5000cd397
000515ab0008037600011228000cd4aa
0005155c000802e50001126b000cd5be
0005150f00080255000112ad000cd6d3
000514c3000801c6000112ee000cd7e8
00051478000801370001132e000cd8ff
0005142e000800a90001136e000cda16
000513e60008001a000113ad000cdb2f
000513a00007ff8c000113ec000cdc49
0005135b0007fefe0001142a000cdd64
000513180007fe7000011468000cde80
000512d60007fde2000114a5000cdf9d
000512960007fd53000114e2000ce0bc
000512580007fcc40001151e000ce1db
0005121b0007fc350001155a000ce2fc
000511e00007fba500011596000ce41f
000511a70007fb15000115d2000ce542
0005116f0007fa840001160d000ce667
000511380007f9f200011649000ce78d
000511030007f95f00011684000ce8b5
000510cf0007f8cb000116c0000ce9de
0005109d0007f836000116fb000ceb08
0005106c0007f7a000011737000cec33
0005103c0007f70900011773000ced60
0005100e0007f670000117af000cee8e
00050fe00007f5d6000117eb000cefbe
00050fb30007f53a00011828000cf0ee
00050f880007f49d00011864000cf220
00050f5d0007f3ff000118a2000cf354
00050f330007f35e000118e0000cf488
00050f090007f2bc0001191e000cf5be
00050ee00007f2190001195d000cf6f5
00050eb70007f1740001199c000cf82d
00050e8f0007f0cd000119dc000cf966
00050e660007f02500011a1d000cfaa0
00050e3e0007ef7a00011a5f000cfbdc
00050e160007eecf00011aa1000cfd18
00050dee0007ee2100011ae4000cfe55
00050dc50007ed7200011b28000cff93
00050d9d0007ecc100011b6c000d00d2
00050d730007ec0f00011bb2000d0212
00050d4a0007eb5c00011bf8000d0352
00050d200007eaa700011c40000d0494
00050cf50007e9f000011c88000d05d6
00050cca0007e93800011cd1000d0718
00050c9d0007e87f00011d1b000d085b
00050c710007e7c500011d66000d099f
00050c430007e70a00011db2000d0ae3
00050c140007e64e00011dfe000d0c28
00050be50007e59000011e4c000d0d6c
00050bb40007e4d200011e9b000d0eb2
00050b830007e41300011eea000d0ff7
00050b500007e35400011f3b000d113d
00050b1d0007e29400011f8c000d1282
00050ae80007e1d300011fdf000d13c8
00050ab30007e11200012032000d150e
00050a7c0007e05000012086000d1654
00050a450007df8e000120da000d179a
00050a0d0007decc00012130000d18e0
000509d40007de0900012186000d1a25
0005099a0007dd47000121dd000d1b6b
0005095f0007dc8400012234000d1cb0
000509230007dbc20001228d000d1df5
000508e70007daff000122e5000d1f3a
000508aa0007da3c0001233f000d207e
0005086d0007d97a00012398000d21c3
0005082e0007d8b7000123f3000d2306
000507f00007d7f50001244d000d244a
000507b10007d733000124a8000d258d
000507710007d67100012503000d26cf
000507310007d5af0001255f000d2811
000506f10007d4ed000125bb000d2953
000506b10007d42b00012617000d2a94
000506700007d36a00012673000d2bd5
0005062f0007d2a8000126cf000d2d16
000505ee0007d1e70001272b000d2e55
000505ae0007d12600012787000d2f95
0005056d0007d064000127e2000d30d4
0005052c0007cfa30001283e000d3212
000504eb0007cee10001289a000d3351
000504aa0007ce20000128f5000d348e
000504690007cd5e00012950000d35cc
000504290007cc9c000129aa000d3709
000503e80007cbd900012a04000d3846
000503a80007cb1600012a5e000d3982
000503680007ca5300012ab7000d3abe
000503270007c98f00012b10000d3bfa
000502e70007c8cb00012b68000d3d36
000502a70007c80600012bbf000d3e71
000502660007c74100012c16000d3fad
000502260007c67b00012c6c000d40e8
000501e60007c5b400012cc1000d4223
000501a50007c4ec00012d16000d435e
000501640007c42400012d6a000d449a
000501230007c35a00012dbd000d45d5
000500e20007c29000012e0f000d4711
000500a00007c1c500012e61000d484d
0005005e0007c0f900012eb2000d4989
0005001b0007c02c00012f02000d4ac5
0004ffd70007bf5f00012f51000d4c02
0004ff930007be9000012f9f000d4d3f
0004ff4e0007bdc000012fec000d4e7c
0004ff080007bcf000013039000d4fba
0004fec20007bc1f00013085000d50f9
0004fe7a0007bb4d000130d0000d5238
0004fe310007ba7a0001311a000d5378
0004fde70007b9a600013163000d54b9
0004fd9c0007b8d2000131ac000d55fa
0004fd4f0007b7fd000131f4000d573c
0004fd010007b7280001323b000d587f
0004fcb20007b65200013281000d59c3
0004fc610007b57c000132c7000d5b08
0004fc0f0007b4a50001330c000d5c4e
0004fbbb0007b3ce00013351000d5d95
0004fb650007b2f700013395000d5edc
0004fb0e0007b220000133d8000d6025
0004fab50007b1490001341b000d6170
0004fa5b0007b0720001345e000d62bb
0004f9ff0007af9b000134a0000d6407
0004f9a10007aec5000134e2000d6555
0004f9420007adef00013523000d66a4
0004f8e10007ad1900013565000d67f4
0004f87e0007ac45000135a6000d6945
0004f81a0007ab71000135e7000d6a98
0004f7b40007aa9d00013627000d6bec
0004f74c0007a9cb00013668000d6d41
0004f6e30007a8fa000136a9000d6e98
0004f6790007a82a000136ea000d6fef
0004f60e0007a75b0001372b000d7148
0004f5a10007a68d0001376c000d72a3
0004f5330007a5c0000137ad000d73ff
0004f4c40007a4f5000137ef000d755b
0004f4530007a42c00013831000d76ba
0004f3e20007a36400013873000d7819
0004f3700007a29d000138b6000d797a
0004f2fe0007a1d8000138f9000d7adb
0004f28a0007a1150001393d000d7c3e
0004f2170007a05400013981000d7da2
0004f1a200079f94000139c6000d7f08
0004f12e00079ed500013a0b000d806e
0004f0b900079e1900013a51000d81d5
0004f04400079d5e00013a98000d833d
0004efcf00079ca400013ae0000d84a7
0004ef5a00079bed00013b28000d8611
0004eee500079b3700013b71000d877c
0004ee7000079a8200013bbb000d88e8
0004edfc000799cf00013c06000d8a54
0004ed880007991d00013c52000d8bc1
0004ed150007986d00013c9e000d8d2f
0004eca2000797bf00013cec000d8e9e
0004ec300007971100013d3a000d900d
0004ebbf0007966500013d8a000d917d
0004eb4e000795ba00013dda000d92ed
0004eade0007951000013e2b000d945e
0004ea6f0007946700013e7d000d95ce
0004ea01000793bf00013ed0000d9740
0004e9930007931800013f24000d98b1
0004e9270007927100013f79000d9a23
0004e8bb000791cc00013fcf000d9b95
0004e8510007912600014025000d9d07
0004e7e7000790820001407d000d9e79
0004e77f00078fde000140d5000d9feb
0004e71700078f3a0001412e000da15c
0004e6b000078e9700014188000da2ce
0004e64a00078df4000141e3000da440
0004e5e500078d510001423e000da5b2
0004e58000078cae0001429a000da723
0004e51d00078c0b000142f7000da894
0004e4ba00078b6800014354000daa05
0004e45800078ac6000143b2000dab75
0004e3f600078a2300014411000dace6
0004e3950007898000014470000dae55
0004e334000788dd000144cf000dafc5
0004e2d40007883a0001452f000db134
0004e275000787970001458f000db2a2
0004e215000786f3000145ef000db410
0004e1b60007865000014650000db57e
0004e157000785ac000146b1000db6eb
0004e0f90007850800014712000db857
0004e09a0007846400014773000db9c4
0004e03c000783c0000147d4000dbb2f
0004dfdd0007831c00014835000dbc9a
0004df7f0007827800014896000dbe05
0004df20000781d4000148f7000dbf6f
0004dec20007813000014957000dc0d9
0004de630007808d000149b8000dc242
0004de0500077fe900014a18000dc3ab
0004dda600077f4600014a78000dc513
0004dd4700077ea200014ad7000dc67b
0004dce800077dff00014b36000dc7e3
0004dc8800077d5d00014b95000dc94a
0004dc2900077cbb00014bf3000dcab1
0004dbca00077c1900014c50000dcc18
0004db6a00077b7800014cad000dcd7e
0004db0a00077ad800014d09000dcee5
0004daab00077a3800014d65000dd04b
0004da4b0007799900014dc0000dd1b1
0004d9eb000778fa00014e1a000dd317
0004d98c0007785d00014e74000dd47c
0004d92d000777c000014ecd000dd5e2
0004d8ce0007772400014f25000dd748
0004d86f0007768900014f7c000dd8ae
0004d810000775ee00014fd2000dda15
0004d7b20007755500015028000ddb7b
0004d755000774bd0001507c000ddce2
0004d6f800077425000150d0000dde49
0004d69c0007738f00015123000ddfb0
0004d640000772f900015175000de118
0004d5e600077264000151c7000de280
0004d58c000771d000015217000de3e9
0004d5330007713d00015267000de553
0004d4db000770aa000152b6000de6bd
0004d4850007701900015304000de828
0004d42f00076f8800015352000de993
0004d3db00076ef70001539e000deaff
0004d38800076e67000153ea000dec6c
0004d33700076dd800015435000dedda
0004d2e700076d4900015480000def49
0004d29800076cba000154ca000df0b9
0004d24b00076c2c00015513000df229
0004d20000076b9e0001555c000df39b
0004d1b600076b0f000155a4000df50e
0004d16e00076a81000155ec000df682
0004d12700076a7a00015633000df87e
0004d0d800076afb00015676000dfb02
0004d08900076b7c000156b9000dfd85
0004d03a00076bfc000156fc000e0007
0004cfeb00076c7c0001573f000e0288
0004cf9d00076cfc00015782000e0509
0004cf4e00076d7c000157c5000e0789
0004ceff00076dfb00015808000e0a09
0004ceb000076e7a0001584b000e0c88
0004ce6100076ef90001588d000e0f06
0004ce1200076f78000158d0000e1183
0004cdc300076ff700015912000e1400
0004cd740007707500015955000e167c
0004cd25000770f300015997000e18f7
0004ccd600077171000159d9000e1b72
0004cc87000771ef00015a1c000e1dec
0004cc380007726c00015a5e000e2065
0004cbe9000772ea00015aa0000e22de
0004cb990007736700015ae2000e2556
0004cb4a000773e400015b24000e27cd
0004cafb0007746000015b66000e2a44
0004caac000774dd00015ba7000e2cba
0004ca5d0007755900015be9000e2f2f
0004ca0e000775d500015c2b000e31a3
0004c9be0007765100015c6c000e3417
0004c96f000776cc00015cae000e368a
0004c91f0007774800015cef000e38fd
0004c8d0000777c300015d31000e3b6f
0004c8810007783e00015d72000e3de0
0004c831000778b900015db3000e4050
0004c7e20007793300015df4000e42c0
0004c792000779ae00015e35000e452f
0004c74300077a2800015e76000e479d
0004c6f400077aa200015eb8000e4a0b
0004c6a400077b1b00015ef8000e4c78
0004c65400077b9500015f39000e4ee5
0004c60500077c0e00015f7a000e5150
0004c5b500077c8700015fbb000e53bb
0004c56500077d0000015ffb000e5626
0004c51600077d790001603c000e588f
0004c4c600077df10001607c000e5af8
0004c47700077e69000160bd000e5d61
0004c42700077ee1000160fd000e5fc8
0004c3d700077f590001613d000e622f
0004c38700077fd10001617e000e6495
0004c33800078048000161be000e66fb
0004c2e8000780bf000161fe000e6960
0004c298000781360001623e000e6bc4
0004c248000781ad0001627e000e6e28
0004c1f800078224000162be000e708b
0004c1a80007829a000162fd000e72ed
0004c159000783100001633d000e754f
0004c109000783860001637d000e77af
0004c0b9000783fc000163bd000e7a10
0004c06900078471000163fc000e7c6f
0004c019000784e70001643c000e7ece
0004bfc90007855c0001647b000e812c
0004bf79000785d1000164ba000e838a
0004bf2900078646000164f9000e85e7
0004bed9000786ba00016539000e8843
0004be890007872e00016578000e8a9e
0004be38000787a2000165b7000e8cf9
0004bde800078816000165f6000e8f53
0004bd980007888a00016635000e91ad
0004bd48000788fd00016674000e9406
0004bcf800078970000166b2000e965e
0004bca7000789e4000166f1000e98b6
0004bc5700078a5600016730000e9b0c
0004bc0700078ac90001676e000e9d63
0004bbb600078b3b000167ad000e9fb8
0004bb6600078bae000167eb000ea20d
0004bb1600078c200001682a000ea461
0004bac600078c9100016868000ea6b5
0004ba7500078d03000168a6000ea907
0004ba2500078d74000168e4000eab5a
0004b9d400078de600016923000eadab
0004b98400078e5700016961000eaffc
0004b93300078ec70001699f000eb24c
0004b8e300078f38000169dc000eb49c
0004b89200078fa800016a1a000eb6eb
0004b8420007901800016a58000eb939
0004b7f10007908800016a96000ebb86
0004b7a1000790f800016ad3000ebdd3
0004b7500007916800016b11000ec01f
0004b700000791d700016b4e000ec26b
0004b6af0007924600016b8c000ec4b6
0004b65e000792b500016bc9000ec700
0004b60d0007932400016c07000ec94a
0004b5bd0007939200016c44000ecb92
0004b56c0007940100016c81000ecddb
0004b51c0007946f00016cbe000ed022
0004b4cb000794dd00016cfb000ed269
0004b47a0007954a00016d38000ed4b0
0004b429000795b800016d75000ed6f5
0004b3d80007962500016db2000ed93a
0004b3870007969200016def000edb7e
0004b337000796ff00016e2b000eddc2
0004b2e60007976c00016e68000ee005
0004b295000797d800016ea4000ee247
0004b2440007984500016ee1000ee489
0004b1f3000798b100016f1d000ee6ca
0004b1a20007991d00016f5a000ee90a
0004b1510007998800016f96000eeb4a
0004b100000799f400016fd2000eed89
0004b0af00079a5f0001700e000eefc7
0004b05e00079aca0001704a000ef205
0004b00d00079b3500017086000ef442
0004afbc00079ba0000170c2000ef67f
0004af6b00079c0a000170fe000ef8ba
0004af1900079c750001713a000efaf5
0004aec800079cde00017176000efd30
0004ae7700079d48000171b2000eff6a
0004ae2600079db2000171ed000f01a3
0004add500079e1c00017229000f03db
0004ad8300079e8500017264000f0613
0004ad3200079eee000172a0000f084a
0004ace100079f56000172db000f0a81
0004ac9000079fbf00017316000f0cb7
0004ac3e0007a02800017352000f0eec
0004abed0007a0900001738d000f1120
0004ab9c0007a0f8000173c8000f1354
0004ab4a0007a16000017403000f1588
0004aaf90007a1c70001743e000f17ba
0004aaa80007a22f00017479000f19ec
0004aa560007a296000174b4000f1c1e
0004aa050007a2fd000174ee000f1e4e
0004a9b30007a36400017529000f207e
0004a9620007a3cb00017564000f22ae
0004a9100007a4310001759e000f24dc
0004a8bf0007a497000175d9000f270b
0004a86d0007a4fe00017613000f2938
0004a81c0007a5630001764e000f2b65
0004a7ca0007a5c900017688000f2d91
0004a7790007a62f000176c2000f2fbc
0004a7270007a694000176fc000f31e7
0004a6d50007a6f900017736000f3411
0004a6830007a75e00017771000f363b
0004a6320007a7c2000177ab000f3864
0004a5e00007a827000177e4000f3a8c
0004a58f0007a88b0001781e000f3cb4
0004a53d0007a8ef00017858000f3edb
0004a4eb0007a95300017892000f4101
0004a4990007a9b7000178cb000f4327
0004a4480007aa1a00017905000f454c
0004a3f60007aa7e0001793f000f4770
0004a3a40007aae100017978000f4994
0004a3520007ab44000179b1000f4bb7
0004a3000007aba6000179eb000f4dda
0004a2ae0007ac0900017a24000f4ffb
0004a25c0007ac6b00017a5d000f521d
0004a20a0007accd00017a96000f543d
0004a1b90007ad2f00017acf000f565d
0004a1660007ad9100017b09000f587c
0004a1150007adf200017b41000f5a9b
0004a0c20007ae5400017b7a000f5cb9
0004a0710007aeb500017bb3000f5ed6
0004a01e0007af1600017bec000f60f3
00049fcc0007af7600017c25000f630f
00049f7a0007afd700017c5d000f652b
00049f280007b03700017c96000f6745
00049ed60007b09700017cce000f6960
00049e840007b0f700017d07000f6b79
00049e320007b15700017d3f000f6d92
00049de00007b1b600017d77000f6faa
00049d8e0007b21600017db0000f71c2
00049d3b0007b27500017de8000f73d9
00049ce90007b2d400017e20000f75ef
00049c970007b33300017e58000f7805
00049c450007b39100017e90000f7a1a
00049bf20007b3f000017ec8000f7c2e
00049ba00007b44e00017f00000f7e42
00049b4e0007b4ac00017f37000f8055
00049afb0007b50a00017f6f000f8268
00049aa90007b56700017fa7000f847a
00049a570007b5c500017fde000f868b
00049a040007b62200018016000f889c
000499b20007b67f0001804d000f8aac
0004995f0007b6dc00018085000f8cbb
0004990d0007b738000180bc000f8eca
000498ba0007b795000180f3000f90d8
000498680007b7f10001812a000f92e5
000498150007b84d00018162000f94f2
000497c30007b8a900018199000f96fe
000497700007b905000181d0000f990a
0004971e0007b96000018207000f9b15
000496cb0007b9bb0001823d000f9d1f
000496790007ba1700018274000f9f29
000496260007ba71000182ab000fa132
000495d40007bacc000182e2000fa33b
000495810007bb2700018318000fa542
0004952e0007bb810001834f000fa74a
000494dc0007bbdb00018385000fa950
000494890007bc35000183bc000fab56
000494360007bc8f000183f2000fad5b
000493e40007bce800018428000faf60
000493910007bd420001845f000fb164
0004933e0007bd9b00018495000fb367
000492eb0007bdf4000184cb000fb56a
000492990007be4d00018501000fb76c
000492460007bea500018537000fb96e
000491f30007befe0001856d000fbb6f
000491a00007bf56000185a3000fbd6f
0004914d0007bfae000185d9000fbf6f
000490fa0007c0060001860e000fc16e
000490a70007c05d00018644000fc36c
000490540007c0b50001867a000fc56a
000490020007c10c000186af000fc767
00048faf0007c163000186e5000fc964
00048f5c0007c1ba0001871a000fcb60
00048f090007c2110001874f000fcd5b
00048eb60007c26700018785000fcf56
00048e630007c2be000187ba000fd150
00048e100007c313000187ef000fd349
00048dbd0007c36a00018824000fd542
00048d6a0007c3bf00018859000fd73a
00048d170007c4150001888e000fd932
00048cc30007c46a000188c3000fdb29
00048c700007c4bf000188f8000fdd1f
00048c1d0007c5140001892d000fdf15
00048bca0007c56900018961000fe10a
00048b770007c5bd00018996000fe2fe
00048b240007c612000189cb000fe4f2
00048ad10007c666000189ff000fe6e5
00048a7e0007c6ba00018a34000fe8d8
00048a2a0007c70e00018a68000feaca
000489d70007c76200018a9d000fecbb
000489840007c7b500018ad1000feeac
000489310007c80800018b05000ff09c
000488dd0007c85b00018b39000ff28c
0004888a0007c8ae00018b6d000ff47b
000488370007c90100018ba1000ff669
000487e30007c95400018bd5000ff857
000487900007c9a600018c09000ffa44
0004873d0007c9f800018c3d000ffc30
000486e90007ca4a00018c71000ffe1c
000486960007ca9c00018ca500100007
000486420007caed00018cd8001001f2
000485ef0007cb3f00018d0c001003dc
0004859b0007cb9000018d3f001005c5
000485480007cbe100018d73001007ae
000484f50007cc3200018da600100996
000484a10007cc8200018dd900100b7e
0004844e0007ccd300018e0d00100d65
000483fa0007cd2300018e4000100f4b
000483a70007cd7300018e7300101131
000483530007cdc300018ea600101316
000482ff0007ce1300018ed9001014fa
000482ac0007ce6200018f0c001016de
000482580007ceb200018f3f001018c1
000482050007cf0100018f7200101aa4
000481b10007cf5000018fa500101c86
0004815e0007cf9f00018fd700101e68
0004810a0007cfed0001900a00102048
000480b60007d03c0001903d00102229
000480620007d08a0001906f00102408
0004800f0007d0d8000190a2001025e7
00047fbb0007d126000190d4001027c6
00047f670007d17300019106001029a3
00047f140007d1c10001913900102b81
00047ec00007d20e0001916b00102d5d
00047e6c0007d25c0001919d00102f39
00047e180007d2a8000191cf00103114
00047dc40007d2f500019201001032ef
00047d710007d34200019233001034c9
00047d1d0007d38e00019265001036a3
00047cc90007d3da000192970010387c
00047c750007d427000192c900103a54
00047c210007d472000192fb00103c2c
00047bcd0007d4be0001932c00103e03
00047b7a0007d5090001935e00103fda
00047b260007d5550001938f001041b0
00047ad20007d5a0000193c100104385
00047a7e0007d5eb000193f20010455a
00047a2a0007d635000194240010472e
000479d60007d6800001945500104901
000479820007d6ca0001948600104ad4
0004792e0007d715000194b700104ca6
000478da0007d75e000194e800104e78
000478860007d7a80001951900105049
000478320007d7f20001954a0010521a
000477de0007d83c0001957b001053ea
0004778a0007d885000195ac001055b9
000477360007d8ce000195dd00105788
000476e10007d9170001960e00105956
0004768d0007d95f0001963f00105b23
000476390007d9a80001966f00105cf0
000475e50007d9f0000196a000105ebd
000475910007da39000196d000106088
0004753d0007da810001970100106253
000474e80007dac8000197310010641e
000474940007db1000019761001065e8
000474400007db5700019792001067b1
000473ec0007db9f000197c20010697a
000473970007dbe6000197f200106b42
000473430007dc2d0001982200106d09
000472ef0007dc740001985200106ed0
0004729b0007dcba0001988200107097
000472460007dd00000198b20010725c
000471f20007dd47000198e200107422
0004719e0007dd8d00019912001075e6
000471490007ddd200019941001077aa
000470f50007de18000199710010796d
000470a10007de5e000199a100107b30
0004704c0007dea3000199d000107cf2
00046ff80007dee800019a0000107eb4
00046fa30007df2d00019a2f00108075
00046f4f0007df7200019a5e00108235
00046efb0007dfb600019a8e001083f5
00046ea60007dffb00019abd001085b4
00046e520007e03f00019aec00108773
00046dfd0007e08300019b1b00108931
00046da90007e0c700019b4a00108aee
00046d540007e10a00019b7900108cab
00046d000007e14e00019ba800108e68
00046cab0007e19100019bd700109023
00046c560007e1d500019c06001091de
00046c020007e21700019c3400109399
00046bad0007e25a00019c6300109553
00046b590007e29d00019c920010970c
00046b040007e2df00019cc0001098c5
00046ab00007e32100019cef00109a7d
00046a5b0007e36400019d1d00109c34
00046a060007e3a500019d4c00109dec
000469b20007e3e700019d7a00109fa2
0004695d0007e42900019da80010a158
000469080007e46a00019dd60010a30d
000468b30007e4ab00019e050010a4c2
0004685f0007e4ec00019e330010a676
0004680a0007e52d00019e610010a829
000467b50007e56e00019e8f0010a9dc
000467600007e5ae00019ebd0010ab8e
0004670c0007e5ef00019eea0010ad40
000466b70007e62f00019f180010aef1
000466620007e66f00019f460010b0a1
0004660d0007e6ae00019f740010b251
000465b90007e6ee00019fa10010b401
000465640007e72d00019fcf0010b5b0
0004650f0007e76d00019ffc0010b75e
000464ba0007e7ac0001a02a0010b90b
000464650007e7eb0001a0570010bab8
000464100007e8290001a0840010bc65
000463bb0007e8680001a0b20010be11
000463660007e8a60001a0df0010bfbc
000463120007e8e50001a10c0010c167
000462bc0007e9230001a1390010c311
000462680007e9600001a1660010c4ba
000462130007e99e0001a1930010c663
000461be0007e9db0001a1c00010c80c
000461690007ea190001a1ed0010c9b3
000461140007ea560001a21a0010cb5b
000460bf0007ea930001a2460010cd01
0004606a0007ead00001a2730010cea7
000460150007eb0c0001a2a00010d04d
00045fc00007eb490001a2cc0010d1f2
00045f6a0007eb850001a2f90010d396
00045f160007ebc10001a3250010d53a
00045ec00007ebfd0001a3520010d6dd
00045e6b0007ec390001a37e0010d880
00045e160007ec740001a3aa0010da22
00045dc10007ecb00001a3d60010dbc3
00045d6c0007eceb0001a4020010dd64
00045d170007ed260001a42e0010df04
00045cc20007ed610001a45b0010e0a4
00045c6c0007ed9b0001a4860010e243
00045c170007edd60001a4b20010e3e2
00045bc20007ee100001a4de0010e580
00045b6d0007ee4b0001a50a0010e71d
00045b180007ee850001a5360010e8ba
00045ac20007eebf0001a5610010ea56
00045a6d0007eef80001a58d0010ebf2
00045a180007ef320001a5b90010ed8d
000459c30007ef6b0001a5e40010ef28
0004596d0007efa40001a6100010f0c2
000459180007efdd0001a63b0010f25b
000458c30007f0160001a6660010f3f4
0004586d0007f04e0001a6910010f58c
000458180007f0870001a6bd0010f724
000457c30007f0bf0001a6e80010f8bb
0004576e0007f0f80001a7130010fa52
000457180007f12f0001a73e0010fbe8
000456c30007f1670001a7690010fd7d
0004566d0007f19f0001a7940010ff12
000456180007f1d60001a7bf001100a6
000455c20007f20d0001a7e90011023a
0004556d0007f2450001a814001103cd
000455180007f27b0001a83f00110560
000454c20007f2b20001a869001106f1
0004546d0007f2e90001a89400110883
000454170007f31f0001a8be00110a14
000453c20007f3550001a8e900110ba4
0004536d0007f38c0001a91300110d34
000453170007f3c10001a93d00110ec3
000452c20007f3f70001a96800111052
0004526c0007f42d0001a992001111e0
000452170007f4620001a9bc0011136d
000451c10007f4970001a9e6001114fa
0004516b0007f4cc0001aa1000111686
000451160007f5010001aa3a00111812
000450c00007f5360001aa640011199d
0004506b0007f56b0001aa8e00111b28
000450150007f59f0001aab800111cb2
00044fbf0007f5d30001aae100111e3c
00044f6a0007f6070001ab0b00111fc5
00044f140007f63b0001ab350011214d
00044ebf0007f66f0001ab5e001122d5
00044e690007f6a20001ab880011245c
00044e140007f6d60001abb1001125e3
00044dbe0007f7090001abdb00112769
00044d680007f73c0001ac04001128ef
00044d120007f76f0001ac2d00112a74
00044cbd0007f7a10001ac5700112bf8
00044c670007f7d40001ac8000112d7c
00044c110007f8060001aca900112eff
00044bbc0007f8390001acd200113082
00044b660007f86b0001acfb00113204
00044b100007f89d0001ad2400113386
00044abb0007f8ce0001ad4d00113507
00044a650007f9000001ad7600113688
00044a0f0007f9310001ad9e00113808
000449b90007f9620001adc700113987
000449630007f9930001adf000113b06
0004490e0007f9c40001ae1800113c84
000448b80007f9f50001ae4100113e02
000448620007fa260001ae6900113f7f
0004480c0007fa560001ae92001140fc
000447b60007fa860001aeba00114278
000447610007fab60001aee3001143f3
0004470b0007fae60001af0b0011456e
000446b50007fb160001af33001146e9
0004465f0007fb450001af5b00114863
000446090007fb740001af83001149dc
000445b30007fba40001afab00114b55
0004455d0007fbd30001afd300114ccd
000445070007fc020001affb00114e45
000444b10007fc300001b02300114fbc
0004445c0007fc5f0001b04b00115132
000444060007fc8d0001b073001152a8
000443b00007fcbc0001b09a0011541e
0004435a0007fcea0001b0c200115592
000443040007fd180001b0ea00115707
000442ae0007fd450001b1110011587b
000442580007fd730001b139001159ee
000442020007fda00001b16000115b60
000441ac0007fdcd0001b18700115cd3
000441560007fdfa0001b1af00115e44
000441000007fe270001b1d600115fb5
000440aa0007fe540001b1fd00116126
000440540007fe810001b22400116296
00043ffe0007fead0001b24b00116405
00043fa80007fed90001b27200116574
00043f510007ff050001b299001166e2
00043efc0007ff310001b2c000116850
00043ea50007ff5d0001b2e7001169bd
00043e4f0007ff890001b30e00116b2a
00043df90007ffb40001b33400116c96
00043da30007ffdf0001b35b00116e01
00043d4d0008000a0001b38200116f6c
00043cf7000800350001b3a8001170d7
00043ca1000800600001b3cf00117241
00043c4b0008008b0001b3f5001173aa
00043bf4000800b50001b41c00117513
00043b9e000800df0001b4420011767b
00043b48000801090001b468001177e3
00043af2000801330001b48f0011794a
00043a9c0008015d0001b4b500117ab0
00043a46000801870001b4db00117c17
000439ef000801b00001b50100117d7c
00043999000801d90001b52700117ee1
00043943000802030001b54d00118046
000438ed0008022c0001b573001181a9
00043897000802550001b5990011830d
000438400008027d0001b5be00118470
000437ea000802a60001b5e4001185d2
00043794000802ce0001b60a00118734
0004373e000802f60001b62f00118895
000436e70008031e0001b655001189f5
00043691000803460001b67b00118b56
0004363b0008036e0001b6a000118cb5
000435e4000803950001b6c500118e14
0004358e000803bd0001b6eb00118f73
00043538000803e40001b710001190d1
000434e10008040b0001b7350011922e
0004348b000804320001b75a0011938b
00043435000804580001b780001194e7
000433df0008047f0001b7a500119643
00043388000804a50001b7ca0011979e
00043332000804cc0001b7ef001198f9
000432db000804f20001b81400119a53
00043285000805180001b83800119bad
0004322f0008053d0001b85d00119d06
000431d8000805630001b88200119e5f
00043182000805880001b8a700119fb7
0004312c000805ae0001b8cb0011a10e
000430d5000805d30001b8f00011a265
0004307f000805f80001b9140011a3bc
000430280008061d0001b9390011a511
00042fd2000806410001b95d0011a667
00042f7b000806660001b9820011a7bc
00042f250008068a0001b9a60011a910
00042ece000806ae0001b9ca0011aa64
00042e78000806d20001b9ee0011abb7
00042e21000806f60001ba120011ad0a
00042dcb0008071a0001ba360011ae5c
00042d740008073d0001ba5b0011afad
00042d1e000807610001ba7e0011b0ff
00042cc7000807840001baa20011b24f
00042c71000807a70001bac60011b39f
00042c1a000807ca0001baea0011b4ef
00042bc4000807ed0001bb0e0011b63e
00042b6d000808100001bb320011b78c
00042b17000808320001bb550011b8da
00042ac0000808540001bb790011ba27
00042a6a000808760001bb9c0011bb74
00042a13000808980001bbc00011bcc0
000429bd000808ba0001bbe30011be0c
00042966000808dc0001bc070011bf57
00042910000808fd0001bc2a0011c0a2
000428b90008091f0001bc4d0011c1ec
00042862000809400001bc710011c336
0004280c000809610001bc940011c47f
000427b5000809820001bcb70011c5c8
0004275e000809a30001bcda0011c710
00042708000809c30001bcfd0011c857
000426b1000809e40001bd200011c99e
0004265b00080a040001bd430011cae5
0004260400080a240001bd660011cc2b
000425ad00080a440001bd880011cd70
0004255700080a640001bdab0011ceb5
0004250000080a830001bdce0011cffa
000424a900080aa30001bdf00011d13d
0004245300080ac20001be130011d281
000423fc00080ae10001be360011d3c3
000423a500080b000001be580011d506
0004234f00080b1f0001be7a0011d648
000422f800080b3e0001be9d0011d789
000422a100080b5c0001bebf0011d8c9
0004224a00080b7b0001bee10011da0a
000421f400080b990001bf040011db49
0004219d00080bb70001bf260011dc88
0004214600080bd50001bf480011ddc7
000420ef00080bf30001bf6a0011df05
0004209900080c100001bf8c0011e043
0004204200080c2e0001bfae0011e180
00041feb00080c4b0001bfd00011e2bc
00041f9400080c680001bff20011e3f8
00041f3e00080c850001c0130011e534
00041ee700080ca20001c0350011e66f
00041e9000080cbf0001c0570011e7a9
00041e3900080cdb0001c0780011e8e3
00041de300080cf80001c09a0011ea1d
00041d8b00080d140001c0bc0011eb55
00041d3500080d300001c0dd0011ec8e
00041cde00080d4c0001c0fe0011edc6
00041c8700080d680001c1200011eefd
00041c3000080d830001c1410011f034
00041bda00080d9f0001c1620011f16a
00041b8200080dba0001c1840011f2a0
00041b2c00080dd50001c1a50011f3d5
00041ad500080df00001c1c60011f50a
00041a7e00080e0b0001c1e70011f63e
00041a2700080e260001c2080011f772
000419d000080e400001c2290011f8a5
0004197900080e5b0001c24a0011f9d8
0004192200080e750001c26b0011fb0a
000418cb00080e8f0001c28b0011fc3b
0004187500080ea90001c2ac0011fd6c
0004181e00080ec30001c2cd0011fe9d
000417c700080edc0001c2ed0011ffcd
0004177000080ef60001c30e001200fd
0004171900080f0f0001c32f0012022c
000416c200080f290001c34f0012035a
0004166b00080f410001c36f00120488
0004161400080f5b0001c390001205b6
000415bd00080f730001c3b0001206e3
0004156600080f8c0001c3d00012080f
0004150f00080fa40001c3f10012093b
000414b800080fbd0001c41100120a67
0004146100080fd40001c43100120b92
0004140a00080fed0001c45100120cbc
000413b3000810040001c47100120de6
0004135c0008101c0001c49100120f10
00041305000810330001c4b100121039
000412ae0008104b0001c4d100121161
00041257000810620001c4f100121289
00041200000810790001c510001213b0
000411a9000810900001c530001214d7
00041152000810a70001c550001215fe
000410fb000810bd0001c56f00121723
000410a4000810d40001c58f00121849
0004104d000810ea0001c5ae0012196e
00040ff6000811010001c5ce00121a92
00040f9f000811160001c5ed00121bb6
00040f480008112d0001c60d00121cd9
00040ef1000811420001c62c00121dfc
00040e9a000811580001c64b00121f1e
00040e420008116d0001c66a00122040
00040dec000811830001c68900122161
00040d94000811980001c6a800122282
00040d3d000811ad0001c6c8001223a2
00040ce6000811c10001c6e6001224c2
00040c8f000811d60001c705001225e2
00040c38000811eb0001c72400122700
00040be1000811ff0001c7430012281f
00040b8a000812130001c7620012293c
00040b33000812270001c78100122a5a
00040adb0008123b0001c79f00122b76
00040a840008124f0001c7be00122c93
00040a2d000812630001c7dc00122dae
000409d6000812760001c7fb00122eca
0004097f0008128a0001c81900122fe4
000409280008129d0001c838001230ff
000408d0000812b00001c85600123219
0004087a000812c30001c87500123332
00040822000812d60001c8930012344b
000407cb000812e80001c8b100123563
00040774000812fb0001c8cf0012367b
0004071d0008130d0001c8ed00123792
000406c50008131f0001c90b001238a9
0004066e000813310001c929001239bf
00040617000813430001c94700123ad5
000405c0000813550001c96500123bea
00040569000813670001c98300123cff
00040512000813780001c9a100123e13
000404ba000813890001c9bf00123f27
000404630008139a0001c9dc0012403a
0004040c000813ac0001c9fa0012414d
000403b5000813bc0001ca180012425f
0004035d000813cd0001ca3500124371
00040306000813de0001ca5300124482
000402af000813ee0001ca7000124593
00040258000813fe0001ca8e001246a3
000402000008140f0001caab001247b3
000401a90008141e0001cac8001248c2
000401520008142f0001cae5001249d1
000400fb0008143e0001cb0300124adf
000400a30008144e0001cb2000124bed
0004004c0008145d0001cb3d00124cfa
0003fff50008146d0001cb5a00124e07
0003ff9e0008147b0001cb7700124f13
0003ff460008148b0001cb940012501f
0003feef000814990001cbb10012512a
0003fe98000814a80001cbce00125235
0003fe40000814b70001cbea00125340
0003fde9000814c50001cc070012544a
0003fd92000814d30001cc2400125553
0003fd3b000814e20001cc410012565c
0003fce3000814ef0001cc5d00125764
0003fc8c000814fd0001cc7a0012586c
0003fc340008150b0001cc9600125973
0003fbdd000815190001ccb300125a7a
0003fb86000815260001cccf00125b81
0003fb2f000815330001cceb00125c87
0003fad7000815400001cd0800125d8c
0003fa800008154d0001cd2400125e91
0003fa280008155a0001cd4000125f95
0003f9d1000815670001cd5c00126099
0003f97a000815730001cd780012619d
0003f923000815800001cd94001262a0
0003f8cb0008158c0001cdb0001263a2
0003f874000815980001cdcc001264a4
0003f81c000815a40001cde8001265a6
0003f7c5000815b00001ce04001266a7
0003f76d000815bc0001ce20001267a8
0003f716000815c70001ce3c001268a8
0003f6bf000815d30001ce57001269a7
0003f668000815de0001ce7300126aa6
0003f610000815e90001ce8f00126ba5
0003f5b9000815f40001ceaa00126ca3
0003f561000815ff0001cec600126da1
0003f50a0008160a0001cee100126e9e
0003f4b2000816140001cefd00126f9a
0003f45b0008161f0001cf1800127097
0003f404000816290001cf3300127192
0003f3ac000816330001cf4f0012728e
0003f3550008163d0001cf6a00127388
0003f2fd000816470001cf8500127482
0003f2a6000816510001cfa00012757c
0003f24f0008165a0001cfbb00127675
0003f1f7000816640001cfd60012776e
0003f1a00008166d0001cff100127867
0003f148000816760001d00c0012795e
0003f0f10008167f0001d02700127a56
0003f099000816880001d04200127b4d
0003f042000816910001d05d00127c43
0003efea0008169a0001d07700127d39
0003ef93000816a20001d09200127e2e
0003ef3b000816aa0001d0ad00127f23
0003eee4000816b20001d0c700128018
0003ee8c000816bb0001d0e20012810c
0003ee35000816c20001d0fc001281ff
0003eddd000816ca0001d117001282f2
0003ed86000816d20001d131001283e5
0003ed2e000816d90001d14b001284d7
0003ecd7000816e00001d166001285c8
0003ec7f000816e80001d180001286b9
0003ec28000816ef0001d19a001287aa
0003ebd0000816f60001d1b40012889a
0003eb79000816fc0001d1ce0012898a
0003eb21000817030001d1e800128a79
0003eaca0008170a0001d20200128b68
0003ea72000817100001d21c00128c56
0003ea1b000817160001d23600128d44
0003e9c30008171d0001d25000128e31
0003e96c000817220001d26a00128f1e
0003e914000817280001d2830012900a
0003e8bd0008172e0001d29d001290f6
0003e865000817340001d2b7001291e2
0003e80e000817390001d2d0001292cc
0003e7b60008173e0001d2ea001293b7
0003e75e000817430001d303001294a1
0003e707000817480001d31d0012958a
0003e6af0008174d0001d33600129673
0003e658000817520001d3500012975c
0003e600000817560001d36900129844
0003e5a90008175b0001d3820012992c
0003e5510008175f0001d39c00129a13
0003e4fa000817630001d3b500129af9
0003e4a2000817670001d3ce00129be0
0003e44b0008176b0001d3e700129cc5
0003e3f30008176f0001d40000129dab
0003e39c000817730001d41900129e8f
0003e344000817760001d43200129f74
0003e2ec000817790001d44b0012a058
0003e2950008177d0001d4640012a13b
0003e23d000817800001d47c0012a21e
0003e1e5000817830001d4950012a300
0003e18e000817860001d4ae0012a3e2
0003e136000817880001d4c60012a4c4
0003e0df0008178b0001d4df0012a5a5
0003e0870008178d0001d4f80012a685
0003e0300008178f0001d5100012a765
0003dfd8000817920001d5280012a845
0003df80000817930001d5410012a924
0003df29000817960001d5590012aa03
0003ded1000817970001d5720012aae1
0003de7a000817990001d58a0012abbf
0003de220008179a0001d5a20012ac9c
0003ddca0008179c0001d5ba0012ad79
0003dd730008179d0001d5d20012ae55
0003dd1b0008179e0001d5ea0012af31
0003dcc40008179f0001d6020012b00c
0003dc6c000817a00001d61a0012b0e7
0003dc14000817a00001d6320012b1c2
0003dbbd000817a10001d64a0012b29c
0003db65000817a10001d6620012b375
0003db0d000817a10001d67a0012b44e
0003dab6000817a10001d6920012b527
0003da5e000817a20001d6a90012b5ff
0003da06000817a10001d6c10012b6d7
0003d9af000817a10001d6d80012b7ae
0003d957000817a10001d6f00012b885
0003d900000817a00001d7080012b95b
0003d8a80008179f0001d71f0012ba31
0003d8500008179f0001d7360012bb06
0003d7f90008179e0001d74e0012bbdb
0003d7a10008179d0001d7650012bcb0
0003d7490008179b0001d77c0012bd84
0003d6f20008179a0001d7940012be57
0003d69a000817980001d7ab0012bf2a
0003d643000817970001d7c20012bffd
0003d5eb000817950001d7d90012c0cf
0003d593000817930001d7f00012c1a1
0003d53b000817910001d8070012c272
0003d4e40008178f0001d81e0012c343
0003d48c0008178d0001d8350012c413
0003d4350008178a0001d84c0012c4e3
0003d3dd000817880001d8620012c5b3
0003d385000817850001d8790012c681
0003d32d000817820001d8900012c750
0003d2d60008177f0001d8a70012c81e
0003d27e0008177c0001d8bd0012c8ec
0003d227000817790001d8d40012c9b9
0003d1cf000817760001d8ea0012ca85
0003d177000817720001d9010012cb52
0003d1200008176f0001d9170012cc1d
0003d0c80008176b0001d92d0012cce9
0003d070000817670001d9440012cdb3
0003d019000817630001d95a0012ce7e
0003cfc10008175f0001d9700012cf48
0003cf690008175b0001d9860012d011
0003cf12000817570001d99d0012d0da
0003ceba000817520001d9b30012d1a3
0003ce620008174d0001d9c90012d26b
0003ce0b000817490001d9df0012d333
0003cdb3000817440001d9f50012d3fa
0003cd5b0008173f0001da0b0012d4c0
0003cd040008173a0001da200012d587
0003ccac000817340001da360012d64d
0003cc540008172f0001da4c0012d712
0003cbfd000817290001da620012d7d7
0003cba5000817240001da770012d89b
0003cb4d0008171e0001da8d0012d95f
0003caf6000817180001daa30012da23
0003ca9e000817120001dab80012dae6
0003ca460008170c0001dace0012dba9
0003c9ef000817050001dae30012dc6b
0003c997000816ff0001daf80012dd2d
0003c93f000816f80001db0e0012ddee
0003c8e8000816f20001db230012deaf
0003c890000816ea0001db380012df70
0003c838000816e40001db4e0012e02f
0003c7e0000816dc0001db630012e0ef
0003c789000816d50001db780012e1ae
0003c731000816ce0001db8d0012e26d
0003c6da000816c60001dba20012e32b
0003c682000816bf0001dbb70012e3e9
0003c62a000816b70001dbcc0012e4a6
0003c5d2000816af0001dbe10012e563
0003c57b000816a70001dbf60012e61f
0003c5230008169f0001dc0a0012e6db
0003c4cb000816970001dc1f0012e797
0003c4740008168e0001dc340012e852
0003c41c000816860001dc480012e90c
0003c3c40008167d0001dc5d0012e9c7
0003c36d000816740001dc720012ea80
0003c3150008166b0001dc860012eb3a
0003c2bd000816620001dc9b0012ebf2
0003c265000816590001dcaf0012ecab
0003c20e000816500001dcc30012ed63
0003c1b6000816470001dcd80012ee1a
0003c15f0008163d0001dcec0012eed1
0003c107000816330001dd000012ef88
0003c0af0008162a0001dd150012f03e
0003c057000816200001dd290012f0f4
0003c000000816160001dd3d0012f1a9
0003bfa80008160b0001dd510012f25e
0003bf51000816010001dd650012f312
0003bef9000815f70001dd790012f3c6
0003bea1000815ec0001dd8d0012f47a
0003be49000815e10001dda10012f52d
0003bdf2000815d70001ddb40012f5df
0003bd9a000815cc0001ddc80012f692
0003bd42000815c10001dddc0012f743
0003bceb000815b60001ddf00012f7f5
0003bc93000815aa0001de030012f8a5
0003bc3b0008159f0001de170012f956
0003bbe4000815930001de2b0012fa06
0003bb8c000815880001de3e0012fab5
0003bb340008157c0001de520012fb65
0003badd000815700001de650012fc13
0003ba85000815640001de780012fcc1
0003ba2d000815580001de8c0012fd6f
0003b9d60008154b0001de9f0012fe1d
0003b97e0008153f0001deb20012feca
0003b926000815320001dec50012ff76
0003b8cf000815260001ded900130022
0003b877000815180001deec001300ce
0003b81f0008150c0001deff00130179
0003b7c8000814fe0001df1200130223
0003b770000814f20001df25001302ce
0003b718000814e40001df3800130378
0003b6c1000814d70001df4b00130421
0003b669000814c90001df5e001304ca
0003b611000814bb0001df7000130573
0003b5b9000814ad0001df830013061b
0003b562000814a00001df96001306c2
0003b50a000814910001dfa90013076a
0003b4b3000814830001dfbb00130810
0003b45b000814750001dfce001308b7
0003b403000814670001dfe00013095d
0003b3ac000814580001dff300130a02
0003b354000814490001e00500130aa7
0003b2fc0008143b0001e01800130b4c
0003b2a50008142c0001e02a00130bf0
0003b24d0008141d0001e03c00130c94
0003b1f50008140d0001e04f00130d37
0003b19e000813fe0001e06100130dda
0003b146000813ef0001e07300130e7d
0003b0ee000813df0001e08500130f1f
0003b097000813d00001e09700130fc0
0003b03f000813c00001e0a900131062
0003afe8000813b00001e0bb00131102
0003af90000813a00001e0cd001311a3
0003af38000813900001e0df00131243
0003aee10008137f0001e0f1001312e2
0003ae890008136f0001e10300131381
0003ae310008135e0001e11500131420
0003adda0008134e0001e127001314be
0003ad820008133d0001e1380013155c
0003ad2b0008132c0001e14a001315f9
0003acd30008131b0001e15c00131696
0003ac7b0008130a0001e16d00131733
0003ac24000812f90001e17f001317cf
0003abcc000812e70001e1900013186a
0003ab74000812d60001e1a200131905
0003ab1d000812c40001e1b3001319a0
0003aac5000812b20001e1c400131a3b
0003aa6e000812a00001e1d600131ad5
0003aa160008128f0001e1e700131b6e
0003a9be0008127c0001e1f800131c07
0003a9670008126a0001e20900131ca0
0003a90f000812580001e21b00131d38
0003a8b7000812450001e22c00131dd0
0003a860000812330001e23d00131e67
0003a808000812200001e24e00131efe
0003a7b10008120d0001e25f00131f95
0003a759000811fa0001e2700013202b
0003a701000811e70001e281001320c0
0003a6aa000811d40001e29100132156
0003a652000811c10001e2a2001321eb
0003a5fb000811ad0001e2b30013227f
0003a5a30008119a0001e2c400132313
0003a54b000811860001e2d4001323a7
0003a4f4000811720001e2e50013243a
0003a49c0008115e0001e2f5001324cc
0003a4450008114a0001e3060013255f
0003a3ed000811360001e316001325f1
0003a395000811220001e32700132682
0003a33e0008110e0001e33700132713
0003a2e6000810f90001e348001327a4
0003a28f000810e40001e35800132834
0003a237000810cf0001e368001328c4
0003a1e0000810bb0001e37800132953
0003a188000810a60001e389001329e2
0003a131000810910001e39900132a71
0003a0d90008107b0001e3a900132aff
0003a081000810660001e3b900132b8d
0003a02a000810500001e3c900132c1a
00039fd20008103b0001e3d900132ca7
00039f7b000810250001e3e900132d33
00039f230008100f0001e3f900132dbf
00039ecb00080ff90001e40900132e4b
00039e7400080fe30001e41800132ed6
00039e1c00080fcd0001e42800132f61
00039dc500080fb70001e43800132feb
00039d6d00080fa10001e44800133075
00039d1600080f8a0001e457001330ff
00039cbe00080f730001e46700133188
00039c6700080f5d0001e47600133210
00039c0f00080f460001e48600133299
00039bb800080f2f0001e49500133321
00039b6000080f180001e4a5001333a8
00039b0900080f000001e4b40013342f
00039ab100080ee90001e4c3001334b6
00039a5a00080ed20001e4d30013353c
00039a0200080eba0001e4e2001335c2
000399ab00080ea20001e4f100133647
0003995300080e8b0001e500001336cc
000398fc00080e730001e50f00133751
000398a400080e5b0001e51f001337d5
0003984d00080e420001e52e00133859
000397f500080e2a0001e53d001338dc
0003979e00080e120001e54b0013395f
0003974600080df90001e55a001339e1
000396ef00080de10001e56900133a63
0003969700080dc80001e57800133ae5
0003964000080daf0001e58700133b66
000395e800080d960001e59600133be7
0003959100080d7d0001e5a400133c68
0003953900080d640001e5b300133ce8
000394e200080d4a0001e5c200133d67
0003948a00080d310001e5d000133de7
0003943300080d170001e5df00133e65
000393db00080cfe0001e5ed00133ee4
0003938400080ce40001e5fc00133f62
0003932c00080cca0001e60a00133fdf
000392d500080cb00001e6180013405d
0003927d00080c960001e627001340d9
0003922600080c7c0001e63500134156
000391ce00080c610001e643001341d2
0003917700080c470001e6510013424d
0003912000080c2c0001e65f001342c8
000390c800080c110001e66e00134343
0003907100080bf70001e67c001343bd
0003901900080bdc0001e68a00134437
00038fc200080bc10001e698001344b1
00038f6a00080ba50001e6a60013452a
00038f1300080b8a0001e6b3001345a3
00038ebb00080b6f0001e6c10013461b
00038e6400080b530001e6cf00134693
00038e0d00080b380001e6dd0013470a
00038db500080b1c0001e6eb00134782
00038d5e00080b000001e6f8001347f8
00038d0700080ae40001e7060013486f
00038caf00080ac80001e714001348e4
00038c5800080aac0001e7210013495a
00038c0000080a900001e72f001349cf
00038ba900080a730001e73c00134a44
00038b5100080a570001e74a00134ab8
00038afa00080a3a0001e75700134b2c
00038aa300080a1d0001e76400134b9f
00038a4b00080a000001e77200134c12
000389f4000809e30001e77f00134c85
0003899d000809c60001e78c00134cf7
00038945000809a90001e79a00134d69
000388ee0008098c0001e7a700134ddb
000388960008096f0001e7b400134e4c
0003883f000809510001e7c100134ebc
000387e8000809330001e7ce00134f2d
00038791000809150001e7db00134f9c
00038739000808f80001e7e80013500c
000386e2000808da0001e7f50013507b
0003868a000808bc0001e802001350ea
000386330008089d0001e80e00135158
000385dc0008087f0001e81b001351c6
00038584000808610001e82800135233
0003852d000808420001e835001352a0
000384d6000808230001e8410013530d
0003847e000808050001e84e00135379
00038427000807e60001e85b001353e5
000383d0000807c70001e86700135451
00038379000807a80001e874001354bc
00038321000807890001e88000135527
000382ca000807690001e88d00135591
000382730008074a0001e899001355fb
0003821b0008072a0001e8a500135664
000381c40008070b0001e8b2001356cd
0003816d000806eb0001e8be00135736
00038116000806cb0001e8ca0013579e
000380be000806ab0001e8d600135806
000380670008068b0001e8e30013586e
000380100008066b0001e8ef001358d5
00037fb90008064a0001e8fb0013593c
00037f610008062a0001e907001359a2
00037f0a0008060a0001e91300135a08
00037eb3000805e90001e91f00135a6e
00037e5c000805c80001e92b00135ad3
00037e04000805a70001e93600135b38
00037dad000805860001e94200135b9c
00037d56000805650001e94e00135c00
00037cff000805440001e95a00135c64
00037ca7000805230001e96600135cc7
00037c50000805010001e97100135d2a
00037bf9000804e00001e97d00135d8c
00037c19000804ff0001e9fd00135da9
00037cad000805650001eaf300135d83
00037d40000805cb0001ebea00135d5d
00037dd3000806310001ece000135d37
00037e66000806970001edd600135d11
00037ef9000806fd0001eecb00135ceb
00037f8c000807630001efc100135cc4
0003801e000807c90001f0b600135c9e
000380b1000808300001f1ab00135c78
00038144000808960001f2a100135c51
000381d7000808fd0001f39600135c2b
0003826a000809630001f48b00135c06
000382fd000809cb0001f58000135be0
0003839000080a320001f67500135bbb
0003842400080a990001f76a00135b96
000384b800080b010001f85f00135b71
0003854d00080b690001f95400135b4d
000385e200080bd20001fa4900135b29
0003867700080c3b0001fb3f00135b06
0003870d00080ca30001fc3500135ae3
000387a400080d0c0001fd2b00135ac0
0003883c00080d760001fe2100135a9f
000388d400080ddf0001ff1800135a7d
0003896d00080e480002001000135a5d
00038a0800080eb20002010700135a3c
00038aa300080f1b0002020000135a1d
00038b3f00080f85000202f9001359fe
00038bdc00080fee000203f2001359df
00038c7b00081057000204ed001359c1
00038d1a000810bf000205e8001359a4
00038dbb00081127000206e400135988
00038e5d0008118f000207e00013596b
00038f00000811f6000208de00135950
00038fa40008125c000209dd00135935
00039049000812c200020adc0013591a
000390f00008132700020bdd00135900
000391970008138b00020cdf001358e7
00039240000813ed00020de1001358cd
000392ea0008144f00020ee5001358b5
00039395000814b000020feb0013589c
000394410008150f000210f100135884
000394ee0008156d000211f90013586d
0003959c000815c90002130200135855
0003964a000816240002140d0013583e
000396fa0008167d0002151900135827
000397aa000816d40002162600135810
0003985a0008172a00021735001357fa
0003990c0008177e00021845001357e3
000399bd000817d000021957001357cc
00039a6f0008182100021a6a001357b6
00039b210008186f00021b7f0013579f
00039bd4000818bc00021c9500135788
00039c860008190600021dad00135771
00039d380008194f00021ec600135759
00039dea0008199600021fe100135741
00039e9c000819da000220fe00135729
00039f4d00081a1d0002221c00135711
00039ffe00081a5e0002233b001356f8
0003a0ae00081a9d0002245c001356de
0003a15d00081ada0002257f001356c4
0003a20c00081b15000226a2001356aa
0003a2ba00081b4f000227c80013568e
0003a36700081b87000228ef00135672
0003a41200081bbd00022a1700135655
0003a4bd00081bf200022b4000135638
0003a56700081c2500022c6b00135619
0003a60f00081c5700022d97001355fa
0003a6b600081c8700022ec5001355da
0003a75b00081cb600022ff3001355b9
0003a7ff00081ce40002312300135596
0003a8a200081d110002325400135573
0003a94300081d3d000233860013554f
0003a9e200081d68000234ba0013552a
0003aa8100081d93000235ee00135503
0003ab1d00081dbc00023723001354dc
0003abb800081de500023859001354b3
0003ac5200081e0d000239900013548a
0003acea00081e3500023ac70013545f
0003ad8000081e5d00023c0000135433
0003ae1500081e8400023d3900135405
0003aea900081eac00023e73001353d7
0003af3b00081ed300023fad001353a7
0003afcc00081ef9000240e800135377
0003b05b00081f200002422400135345
0003b0ea00081f480002435f00135312
0003b17700081f6f0002449c001352dd
0003b20300081f96000245d8001352a8
0003b28e00081fbe0002471500135272
0003b31800081fe5000248520013523a
0003b3a10008200e0002498f00135202
0003b4290008203600024acd001351c8
0003b4b00008205f00024c0a0013518d
0003b5370008208800024d4800135152
0003b5bd000820b100024e8500135116
0003b642000820da00024fc3001350d8
0003b6c700082104000251010013509a
0003b74b0008212f0002523e0013505b
0003b7cf000821590002537b0013501b
0003b85200082184000254b800134fdb
0003b8d5000821af000255f500134f9a
0003b958000821da0002573200134f58
0003b9da000822050002586f00134f16
0003ba5d00082230000259ab00134ed3
0003badf0008225b00025ae700134e8f
0003bb600008228700025c2300134e4c
0003bbe2000822b200025d5f00134e07
0003bc64000822dd00025e9a00134dc3
0003bce50008230800025fd500134d7e
0003bd66000823330002611000134d39
0003bde70008235d0002624b00134cf4
0003be68000823870002638500134caf
0003bee9000823b1000264bf00134c6a
0003bf6a000823da000265f900134c25
0003bfea000824030002673300134bdf
0003c06a0008242b0002686c00134b9a
0003c0e900082453000269a600134b55
0003c1680008247a00026adf00134b10
0003c1e7000824a100026c1800134acc
0003c265000824c700026d5100134a88
0003c2e3000824ec00026e8a00134a44
0003c3600008251100026fc300134a00
0003c3dc00082535000270fc001349bd
0003c45800082559000272350013497a
0003c4d20008257b0002736e00134937
0003c54c0008259e000274a8001348f6
0003c5c5000825bf000275e1001348b4
0003c63d000825e00002771b00134873
0003c6b4000826010002785500134833
0003c7290008262100027990001347f3
0003c79e0008264100027aca001347b4
0003c8110008266000027c0600134775
0003c8830008267f00027d4100134737
0003c8f40008269e00027e7e001346fa
0003c963000826bc00027fbb001346bd
0003c9d1000826db000280f800134681
0003ca3d000826f90002823600134646
0003caa800082718000283750013460b
0003cb1200082736000284b5001345d0
0003cb7a00082755000285f600134596
0003cbe000082774000287380013455d
0003cc45000827940002887a00134524
0003cca9000827b4000289be001344ec
0003cd0b000827d400028b02001344b4
0003cd6b000827f600028c480013447d
0003cdcb0008281800028d8f00134446
0003ce280008283b00028ed700134410
0003ce850008285f00029020001343da
0003cee0000828840002916a001343a4
0003cf3a000828aa000292b60013436f
0003cf93000828d1000294030013433a
0003cfeb000828f90002955100134305
0003d04200082923000296a1001342d0
0003d0980008294e000297f20013429b
0003d0ed0008297b0002994500134266
0003d142000829a900029a9900134232
0003d196000829d800029bee001341fd
0003d1e900082a0900029d45001341c8
0003d23c00082a3c00029e9d00134194
0003d28e00082a7000029ff70013415f
0003d2e100082aa60002a15300134129
0003d33300082ade0002a2af001340f4
0003d38500082b170002a40e001340be
0003d3d800082b510002a56d00134087
0003d42b00082b8d0002a6ce00134051
0003d47d00082bcb0002a83100134019
0003d4d100082c0a0002a99500133fe2
0003d52500082c4b0002aafb00133fa9
0003d57900082c8d0002ac6100133f70
0003d5ce00082cd00002adca00133f36
0003d62400082d140002af3300133efc
0003d67b00082d5a0002b09e00133ec1
0003d6d200082da10002b20a00133e85
0003d72b00082de90002b37800133e48
0003d78500082e320002b4e600133e0a
0003d7df00082e7c0002b65600133dcb
0003d83b00082ec60002b7c700133d8b
0003d89800082f120002b93900133d4b
0003d8f600082f5e0002baac00133d09
0003d95500082faa0002bc2000133cc6
0003d9b600082ff70002bd9500133c82
0003da18000830440002bf0b00133c3d
0003da7b000830920002c08100133bf7
0003dadf000830e00002c1f900133bb0
0003db440008312d0002c37100133b68
0003dbab0008317b0002c4ea00133b1e
0003dc13000831c90002c66400133ad4
0003dc7b000832160002c7de00133a88
0003dce5000832630002c95800133a3b
0003dd50000832b00002cad4001339ed
0003ddbc000832fd0002cc4f0013399e
0003de29000833490002cdcb0013394d
0003de97000833950002cf47001338fc
0003df06000833e00002d0c4001338a9
0003df750008342a0002d24100133856
0003dfe5000834740002d3be00133801
0003e056000834be0002d53b001337ab
0003e0c7000835060002d6b800133755
0003e1390008354e0002d835001336fd
0003e1ab000835960002d9b2001336a5
0003e21e000835dc0002db2f0013364b
0003e291000836220002dcad001335f1
0003e304000836680002de2a00133596
0003e377000836ad0002dfa60013353a
0003e3ea000836f10002e123001334dd
0003e45e000837340002e2a000133480
0003e4d1000837770002e41c00133422
0003e545000837ba0002e598001333c3
0003e5b8000837fc0002e71400133364
0003e62c0008383e0002e88f00133304
0003e69f0008387f0002ea0a001332a4
0003e712000838c00002eb8500133244
0003e785000839000002ed00001331e3
0003e7f8000839410002ee7a00133182
0003e86b000839810002eff400133120
0003e8de000839c10002f16d001330bf
0003e95000083a010002f2e70013305d
0003e9c300083a410002f46000132ffb
0003ea3500083a820002f5d800132f9a
0003eaa700083ac20002f75100132f38
0003eb1900083b020002f8c900132ed6
0003eb8c00083b420002fa4100132e75
0003ebfe00083b830002fbb800132e13
0003ec7000083bc40002fd3000132db2
0003ece300083c050002fea700132d51
0003ed5600083c470003001f00132cf1
0003edc900083c880003019600132c90
0003ee3c00083cca0003030d00132c30
0003eeb000083d0c0003048400132bd1
0003ef2400083d4f000305fb00132b72
0003ef9900083d920003077200132b13
0003f00e00083dd5000308ea00132ab5
0003f08400083e1800030a6100132a58
0003f0fb00083e5c00030bd9001329fb
0003f17200083ea000030d500013299e
0003f1ea00083ee400030ec900132942
0003f26400083f2700031041001328e7
0003f2de00083f6b000311ba0013288c
0003f35900083faf0003133300132832
0003f3d500083ff3000314ad001327d9
0003f452000840370003162800132780
0003f4d10008407a000317a300132728
0003f550000840be0003191e001326d1
0003f5d10008410000031a9b0013267a
0003f6530008414200031c1800132624
0003f6d60008418400031d96001325ce
0003f75b000841c500031f1500132579
0003f7e0000842050003209400132524
0003f8670008424500032215001324d0
0003f8ef00084283000323970013247d
0003f978000842c0000325190013242a
0003fa02000842fd0003269d001323d7
0003fa8d000843380003282200132385
0003fb1900084372000329a800132333
0003fba6000843aa00032b2f001322e2
0003fc34000843e100032cb800132291
0003fcc30008441600032e4200132240
0003fd530008444a00032fcd001321ef
0003fde30008447c000331590013219f
0003fe74000844ad000332e70013214f
0003ff06000844db00033476001320fe
0003ff970008450800033606001320ae
0004002900084533000337980013205e
000400bc0008455c0003392b0013200e
0004014e0008458400033ac000131fbd
000401e1000845a900033c5600131f6d
00040273000845cc00033dee00131f1c
00040305000845ee00033f8700131ecb
000403970008460d0003412100131e79
000404280008462b000342bd00131e28
000404b9000846470003445a00131dd5
0004054a00084661000345f900131d83
000405d9000846790003479800131d30
000406680008468f0003493a00131cdc
000406f6000846a400034adc00131c87
00040783000846b700034c8000131c32
0004080f000846c800034e2600131bdc
0004089a000846d800034fcc00131b86
00040923000846e60003517400131b2e
000409ab000846f30003531d00131ad6
00040a32000846ff000354c700131a7d
00040ab8000847090003567200131a23
00040b3c000847130003581e001319c8
00040bbf0008471b000359cb0013196c
00040c400008472200035b7a0013190f
00040cc00008472900035d29001318b1
00040d3e0008472f00035ed900131852
00040dbb000847340003608a001317f2
00040e36000847380003623b00131791
00040eb00008473c000363ee0013172f
00040f2800084740000365a1001316cb
00040f9f000847430003675500131667
00041014000847460003690900131601
000410880008474900036abe0013159a
000410fb0008474c00036c7300131532
0004116c0008474f00036e29001314c9
000411dc0008475200036fdf0013145f
0004124b0008475500037195001313f4
000412b8000847580003734c00131388
000413250008475c000375030013131a
000413900008475f000376ba001312ac
000413fa00084763000378710013123c
000414640008476700037a28001311cc
000414cd0008476c00037be00013115a
000415350008477100037d97001310e8
0004159c0008477600037f4e00131075
000416020008477b0003810500131001
0004166800084781000382bc00130f8b
000416ce000847870003847300130f16
000417330008478e0003862a00130e9f
0004179800084795000387e000130e28
000417fc0008479c0003899600130db0
00041860000847a300038b4c00130d37
000418c3000847aa00038d0200130cbe
00041927000847b200038eb700130c45
0004198a000847b90003906c00130bca
000419ed000847c10003922000130b50
00041a50000847c9000393d500130ad5
00041ab3000847d00003958900130a5a
00041b15000847d80003973c001309de
00041b78000847df000398ef00130963
00041bda000847e600039aa2001308e7
00041c3c000847ed00039c540013086b
00041c9e000847f400039e06001307ef
00041d00000847fa00039fb800130773
00041d61000848000003a169001306f7
00041dc2000848050003a31a0013067b
00041e230008480a0003a4cb001305ff
00041e840008480e0003a67c00130584
00041ee4000848120003a82c00130509
00041f44000848150003a9dc0013048e
00041fa3000848180003ab8c00130413
000420020008481a0003ad3c00130399
000420600008481b0003aeeb0013031f
000420be0008481c0003b09b001302a5
0004211a0008481c0003b24a0013022c
000421760008481c0003b3fa001301b4
000421d10008481a0003b5aa0013013c
0004222b000848190003b759001300c5
00042284000848170003b9090013004e
000422dc000848140003bab90012ffd7
00042333000848110003bc6a0012ff62
000423890008480e0003be1a0012feed
000423dd0008480a0003bfcb0012fe78
00042430000848060003c17d0012fe05
00042482000848010003c32f0012fd92
000424d2000847fd0003c4e10012fd1f
00042521000847f80003c6940012fcad
0004256f000847f40003c8480012fc3c
000425bb000847f00003c9fc0012fbcc
00042606000847eb0003cbb10012fb5c
0004264f000847e70003cd660012faed
00042697000847e40003cf1d0012fa7e
000426dd000847e10003d0d40012fa10
00042722000847de0003d28c0012f9a2
00042765000847dc0003d4460012f935
000427a7000847db0003d6000012f8c9
000427e7000847db0003d7bb0012f85d
00042826000847db0003d9770012f7f1
00042864000847dd0003db350012f786
000428a1000847df0003dcf40012f71b
000428dd000847e30003deb30012f6b1
00042917000847e80003e0740012f647
00042950000847ee0003e2370012f5dd
00042989000847f60003e3fa0012f573
000429c0000847ff0003e5bf0012f509
000429f7000848090003e7850012f4a0
00042a2d000848150003e94c0012f436
00042a63000848220003eb150012f3cc
00042a98000848310003ecdf0012f363
00042acd000848420003eeab0012f2f9
00042b01000848540003f0780012f28f
00042b35000848680003f2460012f225
00042b6a0008487e0003f4160012f1bb
00042b9e000848950003f5e70012f151
00042bd2000848ad0003f7b90012f0e6
00042c07000848c80003f98d0012f07a
00042c3c000848e30003fb620012f00e
00042c71000849010003fd380012efa2
00042ca70008491f0003ff100012ef35
00042cde0008493f000400e90012eec7
00042d1500084961000402c30012ee59
00042d4d000849840004049f0012edea
00042d86000849a80004067b0012ed7b
00042dc0000849cd000408590012ed0a
00042dfb000849f300040a380012ec99
00042e3700084a1a00040c180012ec27
00042e7400084a4200040df90012ebb4
00042eb200084a6b00040fdb0012eb40
00042ef200084a94000411be0012eacb
00042f3200084abe000413a20012ea55
00042f7400084ae9000415870012e9de
00042fb700084b140004176d0012e966
00042ffb00084b40000419540012e8ed
0004304100084b6b00041b3b0012e873
0004308800084b9700041d230012e7f8
000430cf00084bc300041f0b0012e77c
0004311900084bef000420f40012e6fe
0004316300084c1b000422de0012e680
000431ae00084c47000424c80012e600
000431fb00084c72000426b30012e580
0004324800084c9d0004289e0012e4fe
0004329700084cc800042a890012e47b
000432e700084cf200042c740012e3f7
0004333700084d1c00042e600012e372
0004338800084d460004304c0012e2ec
000433da00084d6e000432380012e265
0004342d00084d97000434240012e1dd
0004348000084dbe000436100012e154
000434d400084de5000437fc0012e0ca
0004352800084e0c000439e80012e03f
0004357d00084e3100043bd40012dfb3
000435d200084e5600043dbf0012df26
0004362800084e7b00043fab0012de99
0004367d00084e9f000441960012de0b
000436d300084ec2000443810012dd7c
0004372900084ee50004456c0012dcec
0004377f00084f07000447560012dc5c
000437d600084f28000449400012dbcb
0004382c00084f4900044b2a0012db39
0004388200084f6a00044d140012daa7
000438d800084f8a00044efd0012da15
0004392e00084faa000450e50012d982
0004398400084fca000452cd0012d8ef
000439d900084fe9000454b50012d85c
00043a2f000850090004569c0012d7c8
00043a8400085028000458830012d734
00043ada0008504700045a6a0012d6a1
00043b2f0008506600045c500012d60d
00043b840008508500045e360012d579
00043bd9000850a40004601b0012d4e5
00043c2e000850c3000462000012d451
00043c83000850e2000463e50012d3bd
00043cd800085102000465c90012d329
00043d2e00085121000467ad0012d296
00043d8300085141000469910012d203
00043dd80008516200046b740012d170
00043e2e0008518200046d570012d0dd
00043e84000851a300046f3a0012d04b
00043eda000851c40004711d0012cfb9
00043f31000851e6000473000012cf28
00043f8800085208000474e30012ce97
00043fe00008522a000476c50012ce07
000440390008524c000478a80012cd78
000440920008526f00047a8b0012cce9
000440ec0008529200047c6e0012cc5a
00044147000852b500047e510012cbcc
000441a2000852d8000480340012cb3f
000441ff000852fb000482180012cab2
0004425c0008531f000483fb0012ca26
000442bb00085342000485e00012c99b
0004431a00085365000487c40012c911
0004437b00085388000489a90012c887
000443dd000853ab00048b8f0012c7fd
00044440000853ce00048d750012c775
000444a4000853f000048f5c0012c6ed
0004450900085411000491430012c666
00044570000854320004932b0012c5df
000445d800085453000495140012c559
0004464100085472000496fe0012c4d4
000446ab00085491000498e80012c44f
00044717000854af00049ad40012c3ca
00044783000854cc00049cc00012c347
000447f1000854e700049eae0012c2c3
0004485f000855020004a09c0012c240
000448cf0008551b0004a28c0012c1be
00044940000855330004a47d0012c13c
000449b2000855490004a66e0012c0ba
00044a240008555e0004a8610012c039
00044a97000855710004aa560012bfb7
00044b0b000855830004ac4b0012bf36
00044b7f000855930004ae420012beb5
00044bf4000855a10004b0390012be35
00044c6a000855ad0004b2330012bdb4
00044cdf000855b70004b42d0012bd33
00044d55000855c00004b6290012bcb3
00044dcb000855c70004b8260012bc32
00044e41000855cc0004ba250012bbb1
00044eb7000855cf0004bc240012bb30
00044f2d000855d00004be250012baaf
00044fa2000855cf0004c0280012ba2d
00045017000855cc0004c22c0012b9ab
0004508b000855c70004c4310012b929
000450ff000855c10004c6370012b8a6
00045172000855b90004c83f0012b822
000451e4000855af0004ca470012b79e
00045256000855a30004cc520012b71a
000452c6000855960004ce5d0012b695
00045335000855870004d0690012b60f
000453a3000855770004d2770012b588
00045410000855650004d4860012b501
0004547c000855520004d6960012b479
000454e70008553e0004d8a60012b3f0
00045550000855280004dab80012b366
000455b7000855120004dccb0012b2db
0004561d000854fa0004dedf0012b24f
00045682000854e20004e0f30012b1c3
000456e5000854c80004e3090012b135
00045747000854ae0004e51f0012b0a6
000457a7000854940004e7360012b016
00045806000854790004e94e0012af86
000458630008545d0004eb660012aef4
000458bf000854410004ed7f0012ae61
00045919000854250004ef980012adcd
00045972000854090004f1b20012ad38
000459ca000853ec0004f3cc0012aca1
00045a20000853d00004f5e70012ac0a
00045a75000853b30004f8020012ab72
00045ac9000853970004fa1d0012aad8
00045b1b0008537a0004fc380012aa3e
00045b6c0008535e0004fe540012a9a2
00045bbd000853420005006f0012a906
00045c0c000853270005028b0012a868
00045c5a0008530c000504a70012a7ca
00045ca8000852f1000506c20012a72a
00045cf4000852d6000508de0012a68a
00045d40000852bc00050af90012a5e8
00045d8b000852a200050d150012a546
00045dd60008528800050f300012a4a3
00045e200008526f0005114b0012a3ff
00045e6900085256000513650012a35b
00045eb20008523e000515800012a2b5
00045efb000852250005179a0012a210
00045f440008520d000519b30012a169
00045f8c000851f600051bcc0012a0c2
00045fd3000851de00051de50012a01a
0004601b000851c700051ffe00129f72
00046062000851af0005221600129eca
000460aa000851980005242d00129e21
000460f1000851810005264400129d78
000461380008516a0005285b00129cce
0004617f0008515200052a7100129c25
000461c60008513b00052c8700129b7b
0004620c0008512300052e9c00129ad1
000462530008510b000530b100129a27
00046299000850f3000532c50012997d
000462df000850da000534d9001298d3
00046325000850c1000536ec00129829
0004636b000850a7000538ff00129780
000463b00008508d00053b12001296d6
000463f50008507300053d250012962d
0004643a0008505800053f3700129584
0004647e0008503c00054148001294db
000464c1000850200005435a00129433
00046505000850030005456b0012938b
0004654700084fe60005477c001292e4
0004658900084fc80005498d0012923d
000465ca00084faa00054b9e00129197
0004660a00084f8a00054dae001290f1
0004664a00084f6b00054fbf0012904c
0004668800084f4b000551d000128fa7
000466c500084f2a000553e100128f03
0004670200084f09000555f200128e60
0004673d00084ee70005580300128dbd
0004677700084ec500055a1400128d1b
000467b000084ea300055c2600128c79
000467e700084e8100055e3700128bd9
0004681e00084e5e0005604a00128b39
0004685200084e3b0005625c00128a99
0004688600084e1800056470001289fb
000468b800084df6000566830012895d
000468e800084dd300056897001288c0
0004691700084db100056aac00128823
0004694500084d8f00056cc200128787
0004697100084d6d00056ed8001286ec
0004699c00084d4c000570ef00128651
000469c500084d2b00057307001285b7
000469ed00084d0b000575200012851d
00046a1400084cec0005773a00128484
00046a3900084cce00057954001283ec
00046a5d00084cb100057b7000128353
00046a7f00084c9400057d8d001282bc
00046aa000084c7900057faa00128225
00046ac100084c5f000581c90012818e
00046ae000084c47000583e9001280f7
00046afe00084c2f0005860a00128061
00046b1b00084c190005882c00127fcb
00046b3800084c0500058a5000127f35
00046b5300084bf100058c7500127e9f
00046b6e00084be000058e9b00127e09
00046b8900084bd0000590c200127d73
00046ba300084bc2000592ea00127cde
00046bbd00084bb50005951400127c48
00046bd600084baa0005973f00127bb2
00046bf000084ba00005996b00127b1c
00046c0900084b9800059b9900127a85
00046c2200084b9200059dc8001279ef
00046c3c00084b8d00059ff800127958
00046c5600084b8a0005a229001278c0
00046c7000084b890005a45c00127829
00046c8b00084b890005a69000127790
00046ca600084b8a0005a8c5001276f8
00046cc200084b8d0005aafb0012765e
00046cdf00084b910005ad33001275c4
00046cfd00084b970005af6b00127529
00046d1b00084b9d0005b1a50012748e
00046d3b00084ba50005b3df001273f2
00046d5b00084bae0005b61b00127355
00046d7d00084bb80005b858001272b7
00046d9f00084bc30005ba9600127218
00046dc300084bce0005bcd400127179
00046de800084bdb0005bf14001270d8
00046e0e00084be80005c15400127037
00046e3600084bf50005c39500126f94
00046e5f00084c030005c5d700126ef1
00046e8900084c110005c81900126e4c
00046eb400084c1f0005ca5c00126da7
00046ee000084c2e0005cca000126d00
00046f0e00084c3d0005cee400126c59
00046f3d00084c4c0005d12900126bb0
00046f6d00084c5a0005d36e00126b06
00046f9e00084c690005d5b300126a5b
00046fd100084c770005d7f9001269af
0004700400084c850005da3f00126902
0004703800084c920005dc8500126854
0004706e00084c9f0005decb001267a5
000470a400084cac0005e112001266f5
000470db00084cb80005e35800126644
0004711300084cc40005e59f00126592
0004714b00084ccf0005e7e5001264df
0004718400084cda0005ea2c0012642b
000471be00084ce30005ec7200126377
000471f800084ced0005eeb8001262c1
0004723300084cf50005f0fe0012620a
0004726e00084cfd0005f34400126153
000472a900084d050005f5890012609b
000472e400084d0c0005f7ce00125fe2
0004732000084d120005fa1300125f29
0004735c00084d170005fc5700125e6e
0004739800084d1d0005fe9b00125db4
000473d400084d21000600de00125cf8
0004741000084d260006032100125c3d
0004744c00084d290006056400125b80
0004748800084d2d000607a600125ac4
000474c300084d30000609e800125a07
000474ff00084d3300060c290012594a
0004753b00084d3600060e690012588c
0004757600084d38000610a9001257cf
000475b200084d3b000612e900125711
000475ed00084d3d0006152800125653
0004762800084d3f0006176700125595
0004766300084d42000619a5001254d7
0004769e00084d4400061be200125419
000476d900084d4700061e1f0012535c
0004771400084d4a0006205c0012529e
0004774f00084d4d00062298001251e1
0004778b00084d50000624d400125124
000477c600084d540006271000125067
0004780200084d580006294b00124fab
0004783d00084d5c00062b8600124eef
0004787a00084d6100062dc000124e33
000478b600084d6500062ffb00124d78
000478f300084d6b0006323500124cbe
0004793100084d700006346f00124c04
0004796f00084d76000636a900124b4a
000479ae00084d7c000638e300124a92
000479ed00084d8300063b1d001249d9
00047a2e00084d8a00063d5700124922
00047a6f00084d9000063f910012486b
00047ab100084d97000641cb001247b5
00047af400084d9f00064405001246ff
00047b3800084da60006463f0012464a
00047b7d00084dad0006487a00124596
00047bc300084db400064ab5001244e3
00047c0a00084dbb00064cf100124430
00047c5300084dc200064f2d0012437e
00047c9c00084dc800065169001242cd
00047ce700084dce000653a60012421c
00047d3300084dd3000655e40012416c
00047d8100084dd800065822001240bd
00047dcf00084ddd00065a610012400e
00047e1f00084de000065ca000123f60
00047e7000084de300065ee100123eb3
00047ec200084de40006612200123e06
00047f1500084de50006636400123d5a
00047f6a00084de4000665a700123cae
00047fbf00084de3000667eb00123c03
0004801600084de000066a3000123b58
0004806d00084ddb00066c7600123aad
000480c500084dd600066ebd00123a03
0004811f00084dce0006710600123959
0004817800084dc50006734f001238b0
000481d300084dbb0006759900123807
0004822e00084daf000677e50012375e
0004828a00084da100067a32001236b5
000482e600084d9100067c800012360c
0004834200084d7f00067ecf00123563
0004839f00084d6c0006811f001234ba
000483fb00084d560006837100123411
0004845800084d3f000685c400123368
000484b400084d2600068818001232bf
0004851100084d0b00068a6d00123216
0004856d00084cee00068cc40012316c
000485c800084cd000068f1b001230c2
0004862300084caf0006917400123018
0004867e00084c8d000693cf00122f6d
000486d700084c690006962a00122ec2
0004873000084c430006988600122e16
0004878800084c1b00069ae400122d6a
000487df00084bf200069d4300122cbd
0004883500084bc800069fa300122c0f
0004888a00084b9c0006a20400122b61
000488dd00084b6f0006a46600122ab2
0004892f00084b400006a6c800122a02
0004898000084b100006a92c00122951
000489d000084adf0006ab91001228a0
00048a1e00084aad0006adf7001227ed
00048a6b00084a7a0006b05d0012273a
00048ab600084a460006b2c400122686
00048b0000084a110006b52c001225d0
00048b48000849dc0006b7950012251a
00048b8f000849a60006b9fe00122463
00048bd5000849700006bc68001223ab
00048c19000849390006bed2001222f1
00048c5b000849020006c13d00122237
00048c9c000848cb0006c3a80012217c
00048cdc000848930006c614001220bf
00048d1a0008485c0006c88000122002
00048d57000848240006caec00121f43
00048d93000847ed0006cd5900121e84
00048dcd000847b50006cfc500121dc3
00048e070008477e0006d23200121d02
00048e3f000847470006d49e00121c3f
00048e76000847110006d70b00121b7b
00048eac000846da0006d97800121ab7
00048ee1000846a40006dbe4001219f1
00048f160008466e0006de510012192b
00048f4a000846390006e0bd00121864
00048f7d000846040006e3290012179c
00048faf000845cf0006e595001216d3
00048fe10008459b0006e80100121609
00049012000845670006ea6c0012153e
00049042000845340006ecd700121473
00049073000845010006ef41001213a7
000490a3000844ce0006f1ab001212db
000490d20008449b0006f4150012120e
00049102000844690006f67e00121140
00049131000844370006f8e600121072
00049160000844050006fb4e00120fa4
0004918f000843d30006fdb600120ed5
000491bd000843a10007001d00120e06
000491ec0008436f0007028300120d37
0004921a0008433d000704e900120c67
000492480008430b0007074f00120b98
00049277000842d9000709b300120ac8
000492a5000842a700070c18001209f8
000492d30008427400070e7b00120928
0004930000084242000710df00120858
0004932e0008420e0007134100120788
0004935b000841db000715a3001206b9
00049389000841a700071805001205e9
000493b50008417200071a660012051a
000493e20008413e00071cc70012044b
0004940e0008410800071f280012037d
0004943a000840d200072188001202af
000494650008409c000723e7001201e1
00049490000840640007264700120114
000494ba0008402d000728a600120047
000494e300083ff400072b050011ff7a
0004950b00083fbc00072d630011feaf
0004953300083f8200072fc20011fde4
0004955a00083f48000732200011fd19
0004958000083f0e0007347f0011fc4f
000495a500083ed3000736dd0011fb86
000495c900083e970007393c0011fabe
000495eb00083e5c00073b9a0011f9f6
0004960d00083e2000073df90011f92f
0004962d00083de3000740580011f868
0004964c00083da7000742b70011f7a3
0004966a00083d6a000745160011f6de
0004968600083d2d000747760011f619
000496a100083cf1000749d60011f556
000496bb00083cb400074c370011f493
000496d300083c7800074e980011f3d1
000496ea00083c3b000750fa0011f310
000496ff00083bff0007535c0011f24f
0004971300083bc4000755bf0011f18f
0004972500083b89000758230011f0d0
0004973600083b4f00075a870011f011
0004974500083b1500075cec0011ef53
0004975300083add00075f520011ee95
0004976000083aa5000761b90011edd8
0004976c00083a6e000764210011ed1b
0004977600083a380007668a0011ec5f
0004977f00083a04000768f40011eba3
00049787000839d000076b5e0011eae8
0004978e0008399e00076dca0011ea2d
000497940008396e000770370011e972
000497990008393e000772a50011e8b8
0004979e00083910000775140011e7fd
000497a1000838e4000777840011e743
000497a4000838b9000779f60011e689
000497a70008389000077c690011e5cf
000497a90008386900077edc0011e515
000497ab00083843000781510011e45b
000497ad0008381e000783c70011e3a1
000497ae000837fc0007863f0011e2e7
000497b0000837db000788b70011e22c
000497b1000837bc00078b310011e171
000497b30008379e00078dac0011e0b6
000497b600083782000790280011dffb
000497b800083767000792a50011df3f
000497bb0008374e000795240011de83
000497bf00083737000797a30011ddc6
000497c40008372000079a240011dd08
000497c90008370c00079ca60011dc4a
000497cf000836f800079f280011db8c
000497d6000836e60007a1ac0011dacc
000497de000836d50007a4310011da0c
000497e7000836c50007a6b60011d94b
000497f2000836b60007a93d0011d88a
000497fd000836a70007abc40011d7c7
000498090008369a0007ae4c0011d704
000498170008368d0007b0d50011d640
00049826000836810007b35f0011d57a
00049836000836760007b5e90011d4b4
000498480008366a0007b8740011d3ed
0004985b000836600007bb000011d325
0004986f000836550007bd8c0011d25c
000498840008364b0007c0190011d192
0004989b000836400007c2a60011d0c7
000498b3000836360007c5330011cffa
000498cb0008362c0007c7c10011cf2d
000498e6000836210007ca4f0011ce5f
00049901000836160007ccdd0011cd90
0004991d0008360b0007cf6b0011ccbf
0004993a000836000007d1fa0011cbee
00049958000835f40007d4880011cb1c
00049977000835e80007d7170011ca48
00049997000835db0007d9a50011c974
000499b8000835ce0007dc340011c89f
000499d9000835c00007dec20011c7c9
000499fb000835b10007e1500011c6f2
00049a1e000835a20007e3de0011c61a
00049a41000835930007e66c0011c541
00049a64000835830007e8f90011c468
00049a88000835720007eb860011c38d
00049aac000835600007ee130011c2b3
00049ad00008354e0007f09f0011c1d7
00049af50008353c0007f32b0011c0fb
00049b1a000835290007f5b60011c01e
00049b3e000835150007f8410011bf40
00049b63000835010007facb0011be62
00049b88000834ed0007fd550011bd84
00049bad000834d80007ffde0011bca5
00049bd2000834c3000802660011bbc6
00049bf6000834ad000804ee0011bae7
00049c1b00083498000807760011ba07
00049c3f00083482000809fd0011b927
00049c640008346c00080c830011b847
00049c880008345600080f090011b767
00049cac000834400008118e0011b687
00049cd00008342a000814120011b5a7
00049cf500083414000816960011b4c7
00049d19000833fe0008191a0011b3e7
00049d3d000833e800081b9c0011b308
00049d61000833d300081e1f0011b228
00049d85000833be000820a10011b149
00049da9000833a9000823220011b06a
00049dce00083394000825a30011af8b
00049df300083380000828230011aead
00049e180008336c00082aa30011add0
00049e3d0008335900082d230011acf2
00049e630008334500082fa30011ac16
00049e8900083333000832220011ab39
00049eb000083320000834a10011aa5e
00049ed80008330e000837200011a983
00049f00000832fc0008399f0011a8a9
00049f29000832ea00083c1d0011a7cf
00049f52000832d900083e9c0011a6f6
00049f7d000832c80008411a0011a61e
00049fa8000832b7000843990011a546
00049fd5000832a6000846180011a46f
0004a00200083295000848970011a399
0004a0310008328400084b160011a2c4
0004a0610008327400084d950011a1ef
0004a09200083262000850150011a11b
0004a0c400083251000852950011a048
0004a0f7000832400008551500119f75
0004a12b0008322e0008579600119ea4
0004a1610008321b00085a1800119dd3
0004a1980008320800085c9a00119d02
0004a1d0000831f400085f1d00119c33
0004a20a000831e0000861a000119b64
0004a244000831ca0008642400119a95
0004a280000831b4000866a9001199c8
0004a2bd0008319c0008692e001198fb
0004a2fb0008318400086bb50011982e
0004a33b0008316a00086e3c00119762
0004a37b0008314f000870c400119696
0004a3bc000831330008734e001195cb
0004a3fe00083115000875d800119500
0004a441000830f60008786300119436
0004a485000830d500087aef0011936b
0004a4c9000830b200087d7d001192a1
0004a50e0008308e0008800b001191d8
0004a553000830680008829b0011910e
0004a599000830400008852b00119045
0004a5df00083017000887bd00118f7b
0004a62500082feb00088a5000118eb2
0004a66b00082fbe00088ce400118de9
0004a6b200082f8f00088f7900118d1f
0004a6f800082f5e0008920f00118c55
0004a73e00082f2b000894a700118b8b
0004a78300082ef60008974000118ac1
0004a7c800082ec0000899d9001189f7
0004a80d00082e8700089c740011892c
0004a85100082e4d00089f1000118861
0004a89400082e110008a1ae00118795
0004a8d600082dd40008a44c001186c9
0004a91800082d950008a6eb001185fd
0004a95800082d540008a98b0011852f
0004a99800082d120008ac2d00118461
0004a9d600082cce0008aecf00118393
0004aa1300082c890008b172001182c3
0004aa4f00082c430008b416001181f3
0004aa8a00082bfc0008b6bb00118122
0004aac300082bb30008b96100118051
0004aafb00082b6a0008bc0700117f7e
0004ab3100082b200008beaf00117eab
0004ab6600082ad50008c15700117dd6
0004ab9900082a890008c3ff00117d01
0004abcb00082a3c0008c6a800117c2b
0004abfc000829ef0008c95200117b54
0004ac2b000829a20008cbfc00117a7b
0004ac58000829540008cea7001179a2
0004ac84000829050008d152001178c8
0004acaf000828b70008d3fd001177ed
0004acd8000828690008d6a900117711
0004ad000008281a0008d95400117633
0004ad27000827cc0008dc0000117555
0004ad4d0008277d0008dead00117476
0004ad710008272f0008e15900117395
0004ad94000826e10008e405001172b4
0004adb6000826930008e6b1001171d2
0004add7000826460008e95d001170ef
0004adf7000825f90008ec090011700b
0004ae17000825ac0008eeb500116f26
0004ae350008255f0008f16000116e40
0004ae53000825130008f40c00116d59
0004ae70000824c80008f6b700116c72
0004ae8c0008247c0008f96100116b89
0004aea8000824320008fc0b00116aa0
0004aec3000823e70008feb5001169b7
0004aede0008239d0009015f001168cc
0004aef90008235300090408001167e1
0004af130008230a000906b0001166f6
0004af2d000822c1000909580011660a
0004af460008227800090bff0011651d
0004af600008222f00090ea600116430
0004af79000821e60009114c00116343
0004af920008219e000913f100116255
0004afab000821560009169600116167
0004afc40008210d0009193a00116079
0004afdd000820c500091bde00115f8b
0004aff50008207d00091e8100115e9c
0004b00e000820340009212300115dae
0004b02600081feb000923c500115cbf
0004b03f00081fa20009266600115bd1
0004b05700081f590009290700115ae2
0004b06f00081f0f00092ba7001159f4
0004b08700081ec500092e4600115906
0004b09e00081e7b000930e500115818
0004b0b500081e30000933830011572b
0004b0cc00081de4000936210011563d
0004b0e300081d98000938be00115551
0004b0f900081d4c00093b5b00115464
0004b10f00081cff00093df800115378
0004b12400081cb2000940940011528d
0004b13800081c630009432f001151a2
0004b14c00081c15000945cb001150b8
0004b15f00081bc60009486600114fce
0004b17100081b7600094b0100114ee5
0004b18200081b2600094d9c00114dfc
0004b19300081ad50009503600114d15
0004b1a200081a84000952d100114c2d
0004b1b000081a320009556c00114b47
0004b1bd000819e00009580600114a61
0004b1c90008198e00095aa10011497d
0004b1d40008193c00095d3c00114898
0004b1dd000818e900095fd7001147b5
0004b1e60008189600096272001146d2
0004b1ec000818440009650e001145f1
0004b1f2000817f1000967a900114510
0004b1f60008179e00096a460011442f
0004b1f80008174c00096ce200114350
0004b1f9000816fa00096f8000114271
0004b1f9000816a80009721d00114192
0004b1f700081657000974bc001140b5
0004b1f4000816070009775b00113fd8
0004b1f0000815b7000979fa00113efc
0004b1ea0008156800097c9b00113e20
0004b1e20008151900097f3c00113d45
0004b1da000814cc000981de00113c6b
0004b1d00008147f0009848000113b91
0004b1c5000814340009872400113ab8
0004b1b9000813ea000989c9001139df
0004b1ab000813a100098c6e00113906
0004b19d0008135a00098f150011382e
0004b18e00081314000991bc00113756
0004b17e000812cf000994650011367e
0004b16d0008128c0009970e001135a7
0004b15b0008124a000999b9001134cf
0004b1490008120a00099c65001133f8
0004b137000811cc00099f1200113321
0004b1240008118f0009a1c00011324a
0004b111000811540009a46f00113173
0004b0fe0008111b0009a71f0011309c
0004b0ea000810e30009a9d000112fc5
0004b0d7000810ad0009ac8300112eed
0004b0c4000810780009af3600112e15
0004b0b1000810460009b1eb00112d3d
0004b09f000810140009b4a100112c65
0004b08d00080fe50009b75700112b8c
0004b07b00080fb70009ba0f00112ab3
0004b06a00080f8a0009bcc8001129d9
0004b05a00080f5f0009bf82001128ff
0004b04b00080f350009c23d00112824
0004b03c00080f0d0009c4f900112749
0004b02f00080ee50009c7b60011266c
0004b02200080ebf0009ca7300112590
0004b01700080e9a0009cd32001124b2
0004b00d00080e760009cff1001123d4
0004b00400080e520009d2b1001122f4
0004affc00080e300009d57200112214
0004aff500080e0e0009d83300112134
0004afee00080dee0009daf400112055
0004afe800080dd00009ddb400111f77
0004afe100080db30009e07400111e9b
0004afdb00080d980009e33300111dc1
0004afd500080d7e0009e5f200111ce8
0004afcf00080d660009e8b000111c11
0004afca00080d500009eb6e00111b3c
0004afc600080d3b0009ee2c00111a68
0004afc300080d270009f0e900111995
0004afc000080d150009f3a7001118c5
0004afbe00080d040009f664001117f5
0004afbd00080cf50009f92100111728
0004afbd00080ce70009fbde0011165c
0004afbf00080cda0009fe9b00111591
0004afc100080ccd000a0158001114c8
0004afc500080cc2000a041500111400
0004afcb00080cb8000a06d20011133a
0004afd100080caf000a098f00111275
0004afd900080ca6000a0c4d001111b2
0004afe300080c9e000a0f0b001110ef
0004afee00080c97000a11c90011102f
0004affb00080c90000a148800110f6f
0004b00a00080c89000a174700110eb1
0004b01a00080c83000a1a0600110df4
0004b02b00080c7c000a1cc600110d38
0004b03f00080c76000a1f8700110c7d
0004b05400080c6f000a224800110bc4
0004b06b00080c69000a250a00110b0b
0004b08300080c62000a27cc00110a54
0004b09d00080c5b000a2a8f0011099d
0004b0b900080c53000a2d53001108e8
0004b0d600080c4b000a301700110833
0004b0f500080c42000a32dc00110780
0004b11500080c38000a35a2001106cd
0004b13700080c2d000a38690011061b
0004b15b00080c21000a3b3100110569
0004b17f00080c15000a3df9001104b9
0004b1a500080c07000a40c300110409
0004b1cd00080bf7000a438d00110359
0004b1f500080be7000a4658001102aa
0004b21f00080bd5000a4925001101fc
0004b24900080bc2000a4bf20011014e
0004b27500080bad000a4ec0001100a1
0004b2a200080b96000a518f0010fff4
0004b2cf00080b7e000a545f0010ff47
0004b2fd00080b65000a57310010fe9a
0004b32b00080b49000a5a030010fdee
0004b35b00080b2c000a5cd60010fd42
0004b38a00080b0d000a5fab0010fc96
0004b3ba00080aec000a62800010fbea
0004b3ea00080ac9000a65570010fb3e
0004b41a00080aa4000a682f0010fa91
0004b44a00080a7e000a6b070010f9e5
0004b47a00080a55000a6de10010f939
0004b4aa00080a2b000a70bc0010f88c
0004b4d9000809ff000a73980010f7df
0004b508000809d1000a76750010f732
0004b536000809a1000a79530010f685
0004b56400080970000a7c320010f5d7
0004b5910008093c000a7f130010f528
0004b5bd00080907000a81f40010f479
0004b5e9000808d1000a84d60010f3ca
0004b61300080898000a87b90010f31a
0004b63c0008085f000a8a9e0010f269
0004b66400080823000a8d830010f1b7
0004b68b000807e6000a90690010f105
0004b6b0000807a8000a93500010f052
0004b6d400080769000a96380010ef9e
0004b6f700080728000a99210010eee9
0004b718000806e7000a9c0b0010ee33
0004b737000806a4000a9ef50010ed7c
0004b75500080660000aa1e10010ecc4
0004b7710008061c000aa4cd0010ec0b
0004b78b000805d7000aa7ba0010eb50
0004b7a400080591000aaaa80010ea95
0004b7ba0008054a000aad960010e9d8
0004b7cf00080504000ab0850010e91b
0004b7e2000804bc000ab3750010e85b
0004b7f400080475000ab6650010e79b
0004b8030008042d000ab9560010e6d9
0004b810000803e6000abc470010e616
0004b81c0008039e000abf390010e551
0004b82600080357000ac22b0010e48b
0004b82e00080310000ac51e0010e3c3
0004b834000802ca000ac8110010e2fa
0004b83800080284000acb040010e22f
0004b83b0008023e000acdf80010e162
0004b83c000801f9000ad0ec0010e094
0004b83c000801b5000ad3e00010dfc4
0004b83a00080172000ad6d40010def3
0004b83600080130000ad9c80010de20
0004b831000800ef000adcbc0010dd4b
0004b82a000800ae000adfb00010dc74
0004b82300080070000ae2a50010db9c
0004b81a00080032000ae5990010dac2
0004b8100007fff6000ae88c0010d9e6
0004b8040007ffbb000aeb800010d908
0004b7f80007ff81000aee740010d828
0004b7eb0007ff49000af1670010d747
0004b7de0007ff13000af4590010d663
0004b7cf0007fede000af74c0010d57e
0004b7c00007feab000afa3e0010d497
0004b7b10007fe79000afd2f0010d3ae
0004b7a10007fe49000b00200010d2c4
0004b7910007fe1a000b03100010d1d7
0004b7810007fdee000b06000010d0e8
0004b7700007fdc3000b08ee0010cff8
0004b7600007fd99000b0bdd0010cf06
0004b7500007fd71000b0eca0010ce11
0004b7400007fd4b000b11b60010cd1b
0004b7310007fd27000b14a10010cc24
0004b7220007fd04000b178c0010cb2a
0004b7130007fce3000b1a750010ca2e
0004b7060007fcc3000b1d5e0010c931
0004b6f80007fca4000b20450010c832
0004b6ec0007fc87000b232b0010c731
0004b6e10007fc6c000b260f0010c62e
0004b6d70007fc51000b28f30010c529
0004b6ce0007fc38000b2bd50010c423
0004b6c60007fc20000b2eb60010c31b
0004b6bf0007fc09000b31950010c211
0004b6b90007fbf3000b34730010c106
0004b6b50007fbde000b374f0010bff9
0004b6b30007fbca000b3a2a0010beea
0004b6b10007fbb6000b3d030010bdda
0004b6b20007fba3000b3fdb0010bcc8
0004b6b40007fb91000b42b00010bbb4
0004b6b70007fb7f000b45840010ba9f
0004b6bc0007fb6d000b48570010b989
0004b6c30007fb5c000b4b270010b871
0004b6cc0007fb4b000b4df60010b758
0004b6d60007fb39000b50c20010b63d
0004b6e20007fb28000b538d0010b521
0004b6ef0007fb17000b56560010b404
0004b6fe0007fb05000b591d0010b2e5
0004b70f0007faf3000b5be20010b1c6
0004b7210007fae0000b5ea40010b0a5
0004b7360007facd000b61650010af83
0004b74b0007fab9000b64230010ae5f
0004b7620007faa4000b66e00010ad3b
0004b77b0007fa8e000b699a0010ac16
0004b7950007fa77000b6c520010aaf0
0004b7b10007fa60000b6f070010a9c9
0004b7cd0007fa47000b71bb0010a8a1
0004b7ec0007fa2d000b746c0010a778
0004b80b0007fa11000b771b0010a64e
0004b82b0007f9f4000b79c70010a524
0004b84d0007f9d6000b7c710010a3f9
0004b86f0007f9b6000b7f190010a2cd
0004b8920007f995000b81bf0010a1a1
0004b8b60007f972000b84620010a075
0004b8db0007f94d000b870200109f47
0004b9000007f927000b89a100109e1a
0004b9260007f8fe000b8c3d00109cec
0004b94c0007f8d4000b8ed600109bbe
0004b9730007f8a8000b916d00109a8f
0004b99a0007f87b000b940200109961
0004b9c00007f84b000b969400109832
0004b9e70007f81a000b992400109703
0004ba0e0007f7e6000b9bb1001095d4
0004ba340007f7b1000b9e3c001094a5
0004ba5a0007f77a000ba0c400109376
0004ba800007f742000ba34b00109247
0004baa50007f707000ba5ce00109118
0004bac90007f6cb000ba85000108fea
0004baed0007f68c000baace00108ebc
0004bb100007f64d000bad4b00108d8e
0004bb320007f60b000bafc500108c60
0004bb530007f5c8000bb23d00108b33
0004bb730007f583000bb4b200108a06
0004bb910007f53d000bb726001088da
0004bbaf0007f4f6000bb996001087af
0004bbcb0007f4ad000bbc0500108684
0004bbe50007f463000bbe7100108559
0004bbff0007f418000bc0dc00108430
0004bc160007f3cb000bc34300108307
0004bc2c0007f37e000bc5a9001081df
0004bc410007f330000bc80d001080b8
0004bc530007f2e1000bca6e00107f91
0004bc640007f291000bccce00107e6c
0004bc730007f240000bcf2b00107d48
0004bc810007f1ef000bd18600107c24
0004bc8c0007f19e000bd3e000107b02
0004bc960007f14c000bd637001079e1
0004bc9e0007f0fb000bd88d001078c1
0004bca40007f0a9000bdae0001077a2
0004bca80007f057000bdd3200107684
0004bcaa0007f005000bdf8200107568
0004bcab0007efb3000be1d00010744c
0004bca90007ef62000be41c00107332
0004bca60007ef11000be6670010721a
0004bca10007eec0000be8b000107103
0004bc9b0007ee70000beaf800106fed
0004bc930007ee21000bed3e00106ed9
0004bc890007edd3000bef8200106dc6
0004bc7d0007ed86000bf1c500106cb4
0004bc710007ed39000bf40700106ba4
0004bc620007ecee000bf64700106a96
0004bc530007eca3000bf88600106989
0004bc420007ec5a000bfac40010687e
0004bc300007ec13000bfd0000106774
0004bc1c0007ebcc000bff3c0010666c
0004bc080007eb87000c017600106565
0004bbf30007eb43000c03af00106460
0004bbdd0007eb01000c05e70010635d
0004bbc60007eac1000c081e0010625c
0004bbae0007ea82000c0a550010615c
0004bb960007ea44000c0c8a0010605d
0004bb7e0007ea09000c0ebf00105f61
0004bb650007e9cf000c10f300105e66
0004bb4c0007e996000c132600105d6c
0004bb330007e95f000c155800105c75
0004bb1a0007e92a000c178a00105b7f
0004bb000007e8f7000c19bc00105a8b
0004bae70007e8c5000c1bed00105998
0004bacf0007e895000c1e1d001058a7
0004bab60007e867000c204e001057b8
0004ba9e0007e83a000c227d001056ca
0004ba870007e80e000c24ad001055de
0004ba710007e7e4000c26dc001054f4
0004ba5b0007e7bc000c290b0010540b
0004ba460007e795000c2b3b00105324
0004ba320007e76f000c2d6a0010523e
0004ba1f0007e74b000c2f980010515a
0004ba0d0007e728000c31c700105078
0004b9fc0007e706000c33f700104f97
0004b9ed0007e6e5000c362600104eb7
0004b9de0007e6c5000c385500104dd9
0004b9d20007e6a6000c3a8500104cfd
0004b9c60007e688000c3cb400104c22
0004b9bc0007e66a000c3ee500104b48
0004b9b40007e64d000c411500104a70
0004b9ad0007e631000c434600104999
0004b9a80007e615000c4577001048c3
0004b9a50007e5f9000c47a9001047ef
0004b9a30007e5de000c49dc0010471b
0004b9a30007e5c3000c4c0e0010464a
0004b9a40007e5a7000c4e4200104579
0004b9a80007e58c000c5076001044a9
0004b9ac0007e571000c52ab001043db
0004b9b30007e555000c54e00010430d
0004b9bb0007e539000c571700104241
0004b9c50007e51c000c594e00104175
0004b9d10007e4ff000c5b86001040ab
0004b9de0007e4e0000c5dbe00103fe1
0004b9ec0007e4c2000c5ff800103f18
0004b9fc0007e4a2000c623200103e50
0004ba0e0007e481000c646e00103d89
0004ba210007e45f000c66aa00103cc3
0004ba350007e43d000c68e700103bfd
0004ba4b0007e418000c6b2600103b37
0004ba610007e3f3000c6d6500103a73
0004ba790007e3cc000c6fa5001039af
0004ba920007e3a4000c71e6001038eb
0004baac0007e37a000c742900103828
0004bac60007e34e000c766c00103765
0004bae20007e321000c78b1001036a2
0004bafe0007e2f2000c7af7001035e0
0004bb1b0007e2c2000c7d3d0010351e
0004bb380007e290000c7f850010345c
0004bb550007e25c000c81ce0010339a
0004bb730007e226000c8419001032d9
0004bb910007e1ee000c866400103217
0004bbaf0007e1b4000c88b000103155
0004bbce0007e179000c8afe00103093
0004bbec0007e13c000c8d4d00102fd2
0004bc090007e0fd000c8f9d00102f0f
0004bc270007e0bc000c91ee00102e4d
0004bc440007e079000c944000102d8a
0004bc600007e034000c969300102cc7
0004bc7c0007dfee000c98e700102c04
0004bc970007dfa6000c9b3d00102b40
0004bcb10007df5c000c9d9300102a7b
0004bcca0007df11000c9feb001029b6
0004bce30007dec4000ca244001028f1
0004bcfa0007de75000ca49e0010282a
0004bd100007de26000ca6f800102763
0004bd240007ddd4000ca9540010269c
0004bd380007dd82000cabb1001025d3
0004bd490007dd2e000cae0f0010250a
0004bd5a0007dcd9000cb06e0010243f
0004bd690007dc83000cb2cd00102374
0004bd760007dc2c000cb52e001022a8
0004bd820007dbd4000cb78f001021db
0004bd8c0007db7b000cb9f20010210c
0004bd940007db21000cbc550010203d
0004bd9a0007dac7000cbeb800101f6c
0004bd9f0007da6d000cc11d00101e9a
0004bda20007da12000cc38200101dc7
0004bda30007d9b6000cc5e800101cf3
0004bda20007d95b000cc84f00101c1d
0004bd9f0007d8ff000ccab600101b46
0004bd9a0007d8a4000ccd1e00101a6e
0004bd940007d848000ccf8700101994
0004bd8c0007d7ed000cd1ef001018b9
0004bd820007d792000cd459001017dc
0004bd760007d738000cd6c2001016fd
0004bd690007d6de000cd92c0010161e
0004bd5a0007d685000cdb970010153c
0004bd490007d62c000cde0200101459
0004bd360007d5d5000ce06c00101374
0004bd220007d57e000ce2d80010128e
0004bd0d0007d528000ce543001011a6
0004bcf60007d4d3000ce7ae001010bc
0004bcde0007d480000cea1900100fd1
0004bcc40007d42e000cec8500100ee3
0004bcaa0007d3dc000ceef000100df4
0004bc8e0007d38d000cf15b00100d04
0004bc710007d33e000cf3c600100c11
0004bc540007d2f2000cf63100100b1d
0004bc350007d2a6000cf89c00100a26
0004bc160007d25d000cfb060010092e
0004bbf60007d214000cfd7000100835
0004bbd50007d1ce000cffd900100739
0004bbb50007d189000d02420010063b
0004bb930007d146000d04ab0010053c
0004bb720007d104000d07130010043b
0004bb500007d0c4000d097a00100338
0004bb2f0007d086000d0be100100233
0004bb0d0007d049000d0e470010012c
0004baec0007d00f000d10ac00100023
0004bacb0007cfd5000d1310000fff19
0004baaa0007cf9e000d1574000ffe0d
0004ba8a0007cf68000d17d6000ffcff
0004ba6b0007cf33000d1a38000ffbef
0004ba4c0007cf00000d1c98000ffadd
0004ba2e0007cecf000d1ef8000ff9ca
0004ba110007ce9f000d2156000ff8b4
0004b9f50007ce70000d23b3000ff79d
0004b9da0007ce43000d260f000ff685
0004b9c00007ce16000d286a000ff56a
0004b9a70007cdeb000d2ac3000ff44e
0004b98f0007cdc1000d2d1b000ff330
0004b9790007cd98000d2f71000ff211
0004b9640007cd70000d31c6000ff0f0
0004b9510007cd49000d341a000fefcd
0004b93f0007cd22000d366c000feea9
0004b92e0007ccfc000d38bc000fed83
0004b9200007ccd7000d3b0b000fec5c
0004b9130007ccb2000d3d58000feb33
0004b9070007cc8d000d3fa3000fea09
0004b8fd0007cc68000d41ed000fe8dd
0004b8f50007cc44000d4434000fe7b0
0004b8ef0007cc20000d467a000fe682
0004b8ea0007cbfb000d48be000fe552
0004b8e70007cbd6000d4b00000fe421
0004b8e50007cbb2000d4d40000fe2ef
0004b8e60007cb8c000d4f7f000fe1bc
0004b8e80007cb66000d51bb000fe087
0004b8eb0007cb40000d53f5000fdf52
0004b8f00007cb19000d562d000fde1b
0004b8f70007caf1000d5863000fdce3
0004b8ff0007cac8000d5a97000fdbab
0004b9090007ca9e000d5cc8000fda71
0004b9140007ca73000d5ef8000fd937
0004b9200007ca47000d6125000fd7fb
0004b92e0007ca1a000d6350000fd6bf
0004b93c0007c9eb000d6579000fd583
0004b94c0007c9bb000d679f000fd445
0004b95d0007c989000d69c3000fd307
0004b96f0007c956000d6be5000fd1c9
0004b9820007c922000d6e05000fd089
0004b9950007c8eb000d7022000fcf4a
0004b9a90007c8b3000d723d000fce0a
0004b9be0007c87a000d7456000fccc9
0004b9d30007c83e000d766c000fcb88
0004b9e90007c801000d7880000fca47
0004b9ff0007c7c2000d7a92000fc906
0004ba150007c781000d7ca1000fc7c5
0004ba2b0007c73f000d7eae000fc683
0004ba410007c6fa000d80b9000fc542
0004ba570007c6b4000d82c1000fc400
0004ba6c0007c66b000d84c7000fc2be
0004ba820007c621000d86ca000fc17d
0004ba970007c5d6000d88cb000fc03b
0004baab0007c588000d8aca000fbefa
0004babf0007c539000d8cc6000fbdb9
0004bad20007c4e7000d8ec0000fbc79
0004bae40007c495000d90b8000fbb39
0004baf50007c440000d92ae000fb9f9
0004bb050007c3ea000d94a1000fb8b9
0004bb140007c393000d9692000fb77a
0004bb220007c33a000d9880000fb63c
0004bb2f0007c2e0000d9a6d000fb4fe
0004bb3a0007c284000d9c57000fb3c1
0004bb440007c227000d9e3f000fb285
0004bb4c0007c1c9000da025000fb149
0004bb530007c16a000da209000fb00e
0004bb580007c10a000da3eb000faed4
0004bb5b0007c0aa000da5ca000fad9b
0004bb5d0007c048000da7a8000fac63
0004bb5d0007bfe6000da983000fab2c
0004bb5c0007bf83000dab5d000fa9f6
0004bb580007bf20000dad35000fa8c0
0004bb530007bebc000daf0a000fa78c
0004bb4c0007be58000db0de000fa659
0004bb430007bdf4000db2b0000fa528
0004bb380007bd8f000db480000fa3f7
0004bb2c0007bd2b000db64f000fa2c8
0004bb1d0007bcc7000db81b000fa19a
0004bb0d0007bc63000db9e6000fa06d
0004bafb0007bc00000dbbaf000f9f42
0004bae70007bb9d000dbd77000f9e17
0004bad10007bb3b000dbf3d000f9cef
0004baba0007bad9000dc102000f9bc8
0004baa10007ba78000dc2c5000f9aa2
0004ba870007ba18000dc487000f997e
0004ba6b0007b9b8000dc647000f985b
0004ba4e0007b95a000dc806000f973a
0004ba2f0007b8fd000dc9c4000f961a
0004ba0f0007b8a1000dcb80000f94fc
0004b9ed0007b846000dcd3c000f93df
0004b9cb0007b7ed000dcef6000f92c5
0004b9a70007b794000dd0af000f91ab
0004b9830007b73e000dd267000f9094
0004b95d0007b6e9000dd41e000f8f7e
0004b9370007b695000dd5d4000f8e69
0004b9100007b643000dd789000f8d57
0004b8e80007b5f2000dd93e000f8c46
0004b8c00007b5a3000ddaf1000f8b37
0004b8970007b556000ddca4000f8a29
0004b86e0007b50b000dde56000f891d
0004b8450007b4c1000de008000f8813
0004b81c0007b479000de1b9000f870b
0004b7f20007b432000de36a000f8604
0004b7c90007b3ed000de51a000f84ff
0004b7a00007b3aa000de6c9000f83fb
0004b7780007b369000de879000f82fa
0004b74f0007b329000dea28000f81fa
0004b7280007b2eb000debd7000f80fb
0004b7010007b2ae000ded85000f7fff
0004b6da0007b273000def33000f7f04
0004b6b50007b239000df0e2000f7e0a
0004b6900007b201000df290000f7d12
0004b66c0007b1ca000df43e000f7c1c
0004b64a0007b194000df5ed000f7b28
0004b6280007b15f000df79b000f7a35
0004b6080007b12c000df94a000f7943
0004b5e90007b0fa000dfaf9000f7853
0004b5cb0007b0c9000dfca8000f7765
0004b5af0007b098000dfe57000f7678
0004b5940007b069000e0007000f758c
0004b57b0007b03a000e01b7000f74a2
0004b5630007b00b000e0367000f73b9
0004b54d0007afde000e0518000f72d2
0004b5380007afb0000e06c9000f71ec
0004b5250007af83000e087b000f7107
0004b5140007af57000e0a2e000f7024
0004b5050007af2a000e0be1000f6f41
0004b4f70007aefd000e0d95000f6e60
0004b4eb0007aed1000e0f4a000f6d80
0004b4e00007aea4000e10ff000f6ca1
0004b4d80007ae76000e12b5000f6bc4
0004b4d00007ae49000e146c000f6ae7
0004b4cb0007ae1b000e1624000f6a0b
0004b4c70007adec000e17dd000f6931
0004b4c50007adbc000e1996000f6857
0004b4c40007ad8c000e1b51000f677e
0004b4c50007ad5b000e1d0c000f66a6
0004b4c70007ad29000e1ec9000f65ce
0004b4cb0007acf5000e2086000f64f8
0004b4d00007acc1000e2245000f6422
0004b4d60007ac8b000e2404000f634c
0004b4de0007ac54000e25c5000f6278
0004b4e60007ac1c000e2786000f61a3
0004b4f00007abe2000e2949000f60d0
0004b4fa0007aba7000e2b0d000f5ffc
0004b5050007ab6a000e2cd2000f5f2a
0004b5120007ab2b000e2e99000f5e57
0004b51e0007aaeb000e3060000f5d85
0004b52c0007aaa9000e3229000f5cb3
0004b5390007aa65000e33f2000f5be1
0004b5480007aa20000e35bd000f5b0f
0004b5560007a9d8000e378a000f5a3d
0004b5650007a98f000e3957000f596c
0004b5730007a944000e3b26000f589a
0004b5820007a8f7000e3cf5000f57c8
0004b5910007a8a9000e3ec6000f56f7
0004b59f0007a858000e4098000f5624
0004b5ad0007a806000e426c000f5552
0004b5ba0007a7b2000e4440000f5480
0004b5c70007a75c000e4616000f53ad
0004b5d30007a704000e47ed000f52d9
0004b5df0007a6ab000e49c5000f5206
0004b5ea0007a650000e4b9e000f5131
0004b5f30007a5f3000e4d79000f505c
0004b5fc0007a595000e4f54000f4f87
0004b6030007a536000e5131000f4eb1
0004b60a0007a4d5000e530f000f4dda
0004b60f0007a472000e54ed000f4d03
0004b6130007a40f000e56cd000f4c2b
0004b6150007a3aa000e58ae000f4b51
0004b6160007a344000e5a90000f4a77
0004b6150007a2dd000e5c73000f499d
0004b6130007a275000e5e56000f48c1
0004b60f0007a20c000e603b000f47e4
0004b6090007a1a2000e6221000f4706
0004b6020007a138000e6407000f4627
0004b5f80007a0cd000e65ef000f4546
0004b5ee0007a062000e67d7000f4465
0004b5e100079ff6000e69c0000f4382
0004b5d200079f8a000e6ba9000f429e
0004b5c200079f1e000e6d93000f41b9
0004b5af00079eb2000e6f7e000f40d3
0004b59b00079e46000e716a000f3feb
0004b58500079dda000e7356000f3f01
0004b56e00079d6f000e7543000f3e16
0004b55400079d03000e7730000f3d2a
0004b53900079c99000e791e000f3c3c
0004b51c00079c2e000e7b0c000f3b4d
0004b4fe00079bc5000e7cfa000f3a5c
0004b4de00079b5c000e7ee9000f396a
0004b4bf00079af2000e80d6000f3879
0004b4a200079a87000e82c2000f378a
0004b48600079a1b000e84ad000f369c
0004b46b000799ae000e8696000f35af
0004b45100079940000e887e000f34c4
0004b439000798d0000e8a65000f33db
0004b4220007985f000e8c4a000f32f3
0004b40b000797ec000e8e2f000f320d
0004b3f600079778000e9012000f3128
0004b3e100079702000e91f4000f3045
0004b3cd0007968b000e93d6000f2f64
0004b3b900079611000e95b6000f2e84
0004b3a600079597000e9796000f2da6
0004b3940007951a000e9974000f2cca
0004b3810007949c000e9b53000f2bef
0004b36f0007941b000e9d30000f2b16
0004b35d0007939a000e9f0d000f2a3f
0004b34b00079316000ea0e9000f2969
0004b33900079290000ea2c4000f2895
0004b32600079209000ea49f000f27c3
0004b31400079180000ea67a000f26f2
0004b300000790f5000ea854000f2623
0004b2ed00079068000eaa2e000f2555
0004b2d800078fda000eac07000f248a
0004b2c300078f4a000eade1000f23bf
0004b2ad00078eb9000eafba000f22f7
0004b29600078e26000eb193000f2230
0004b27f00078d91000eb36c000f216b
0004b26600078cfb000eb544000f20a7
0004b24b00078c63000eb71d000f1fe5
0004b23000078bcb000eb8f6000f1f24
0004b21300078b31000ebacf000f1e65
0004b1f500078a95000ebca9000f1da7
0004b1d5000789f9000ebe82000f1ceb
0004b1b40007895c000ec05c000f1c30
0004b191000788be000ec236000f1b77
0004b16d0007881f000ec410000f1abf
0004b1470007877f000ec5eb000f1a08
0004b11f000786df000ec7c6000f1953
0004b0f60007863e000ec9a2000f189f
0004b0cb0007859d000ecb7e000f17ec
0004b09e000784fb000ecd5b000f173b
0004b06f0007845a000ecf38000f168a
0004b03e000783b8000ed116000f15db
0004b00c00078316000ed2f4000f152d
0004afd700078274000ed4d4000f1480
0004afa1000781d3000ed6b4000f13d4
0004af6900078132000ed895000f1329
0004af3000078091000eda76000f127f
0004aef400077ff1000edc59000f11d6
0004aeb700077f51000ede3c000f112e
0004ae7900077eb2000ee020000f1087
0004ae3900077e14000ee205000f0fe0
0004adf700077d77000ee3eb000f0f3b
0004adb400077cdb000ee5d3000f0e96
0004ad6f00077c3f000ee7bb000f0df1
0004ad2900077ba5000ee9a4000f0d4d
0004ace100077b0d000eeb8e000f0caa
0004ac9900077a75000eed79000f0c07
0004ac4f000779df000eef65000f0b65
0004ac040007794a000ef153000f0ac3
0004abb9000778b7000ef341000f0a21
0004ab6c00077825000ef531000f0980
0004ab1f00077795000ef721000f08df
0004aad100077707000ef913000f083e
0004aa820007767a000efb06000f079d
0004aa33000775ef000efcfa000f06fd
0004a9e400077565000efeef000f065c
0004a994000774de000f00e6000f05bb
0004a94400077458000f02dd000f051b
0004a8f5000773d4000f04d6000f047a
0004a8a500077351000f06d0000f03d9
0004a855000772d0000f08cb000f0338
0004a80600077251000f0ac7000f0296
0004a7b7000771d4000f0cc5000f01f5
0004a76800077158000f0ec3000f0152
0004a71a000770de000f10c3000f00b0
0004a6cc00077066000f12c3000f000d
0004a68000076fef000f14c5000eff69
0004a63400076f79000f16c8000efec5
0004a5e900076f05000f18cc000efe20
0004a59f00076e93000f1ad1000efd7b
0004a55700076e21000f1cd8000efcd5
0004a50f00076db1000f1edf000efc2e
0004a4c900076d43000f20e7000efb86
0004a48400076cd5000f22f0000efadd
0004a44000076c68000f24fa000efa34
0004a3fe00076bfc000f2705000ef989
0004a3bd00076b91000f2911000ef8de
0004a37e00076b27000f2b1e000ef831
0004a34100076abe000f2d2c000ef783
0004a30500076a54000f2f3a000ef6d4
0004a2cb000769ec000f3149000ef624
0004a29200076984000f335a000ef573
0004a25b0007691c000f356a000ef4c0
0004a226000768b4000f377c000ef40d
0004a1f30007684c000f398e000ef357
0004a1c1000767e4000f3ba1000ef2a1
0004a1910007677c000f3db4000ef1e9
0004a16300076714000f3fc8000ef130
0004a136000766ab000f41dc000ef075
0004a10b00076642000f43f1000eefb8
0004a0e2000765d8000f4606000eeefa
0004a0ba0007656e000f481c000eee3b
0004a09400076503000f4a32000eed7a
0004a07000076496000f4c48000eecb7
0004a04d00076429000f4e5e000eebf3
0004a02b000763bb000f5075000eeb2d
0004a00b0007634c000f528c000eea65
00049fec000762dc000f54a2000ee99c
00049fce0007626a000f56b9000ee8d0
00049fb1000761f7000f58d0000ee803
00049f9500076182000f5ae7000ee735
00049f7a0007610c000f5cfe000ee664
00049f6000076095000f5f14000ee592
00049f470007601c000f612b000ee4be
00049f2f00075fa1000f6341000ee3e8
00049f1700075f24000f6557000ee310
00049f0000075ea6000f676c000ee237
00049ee900075e26000f6981000ee15b
00049ed200075da5000f6b96000ee07e
00049ebb00075d21000f6daa000edf9f
00049ea500075c9c000f6fbd000edebe
00049e8f00075c15000f71d0000edddb
00049e7800075b8c000f73e3000edcf6
00049e6100075b01000f75f4000edc10
00049e4a00075a75000f7805000edb27
00049e32000759e7000f7a15000eda3d
00049e1a00075957000f7c24000ed951
00049e01000758c6000f7e32000ed863
00049de800075832000f803f000ed773
00049dcd0007579e000f824b000ed682
00049db200075707000f8456000ed58f
00049d950007566f000f8660000ed499
00049d78000755d6000f8869000ed3a3
00049d590007553c000f8a70000ed2aa
00049d39000754a0000f8c76000ed1b0
00049d1800075403000f8e7b000ed0b4
00049cf500075364000f907f000ecfb6
00049cd1000752c5000f9281000eceb7
00049cac00075225000f9481000ecdb6
00049c8400075183000f9680000eccb4
00049c5c000750e1000f987e000ecbb0
00049c310007503f000f9a7a000ecaaa
00049c0500074f9b000f9c74000ec9a3
00049bd700074ef8000f9e6d000ec89b
00049ba700074e53000fa064000ec791
00049b7500074daf000fa259000ec685
00049b4200074d0a000fa44c000ec579
00049b0d00074c65000fa63e000ec46b
00049ad600074bc1000fa82d000ec35b
00049a9d00074b1c000faa1b000ec24b
00049a6300074a78000fac07000ec139
00049a26000749d4000fadf1000ec026
000499e800074930000fafd9000ebf12
000499a90007488d000fb1be000ebdfc
00049967000747ea000fb3a2000ebce6
0004992400074749000fb584000ebbcf
000498df000746a8000fb763000ebab7
0004989900074608000fb941000eb99e
0004985100074569000fbb1c000eb884
00049808000744cb000fbcf5000eb769
000497be0007442e000fbecc000eb64d
0004977200074393000fc0a0000eb531
00049725000742f9000fc273000eb414
000496d700074260000fc443000eb2f6
00049688000741c8000fc610000eb1d8
0004963800074133000fc7dc000eb0ba
000495e70007409e000fc9a5000eaf9a
000495960007400b000fcb6c000eae7b
0004954400073f7a000fcd31000ead5b
000494f100073eeb000fcef3000eac3b
0004949d00073e5d000fd0b3000eab1a
0004944a00073dd1000fd270000ea9fa
000493f600073d47000fd42c000ea8d9
000493a200073cbe000fd5e4000ea7b8
0004934e00073c38000fd79b000ea697
000492fa00073bb2000fd94f000ea576
000492a600073b2f000fdb01000ea455
0004925300073aae000fdcb1000ea334
000491ff00073a2e000fde5e000ea213
000491ad000739af000fe009000ea0f3
0004915b00073933000fe1b1000e9fd3
00049109000738b8000fe358000e9eb3
000490b80007383e000fe4fc000e9d93
00049069000737c6000fe69d000e9c74
0004901a00073750000fe83d000e9b55
00048fcc000736db000fe9da000e9a37
00048f7f00073667000feb75000e991a
00048f34000735f4000fed0e000e97fd
00048ee900073583000feea4000e96e1
00048ea000073512000ff039000e95c5
00048e59000734a3000ff1cb000e94aa
00048e1300073435000ff35c000e9390
00048dce000733c7000ff4ea000e9277
00048d8b0007335a000ff676000e915f
00048d4a000732ee000ff800000e9047
00048d0a00073282000ff988000e8f31
00048ccc00073217000ffb0e000e8e1c
00048c90000731ac000ffc93000e8d07
00048c5500073142000ffe15000e8bf4
00048c1c000730d7000fff95000e8ae2
00048be50007306d00100114000e89d1
00048baf0007300200100291000e88c2
00048b7b00072f980010040c000e87b3
00048b4900072f2d00100586000e86a6
00048b1900072ec1001006fe000e859a
00048aea00072e5500100874000e8490
00048abd00072de9001009e8000e8387
00048a9200072d7c00100b5c000e827f
00048a6800072d0e00100ccd000e8179
00048a3f00072c9f00100e3d000e8074
00048a1800072c2f00100fac000e7f71
000489f300072bbf0010111a000e7e6f
000489cf00072b4d00101286000e7d6f
000489ac00072ad9001013f1000e7c70
0004898a00072a650010155b000e7b73
00048969000729ef001016c3000e7a78
0004894a000729780010182b000e797e
0004892b000728ff00101991000e7886
0004890d0007288500101af7000e778f
000488f00007280900101c5b000e769a
000488d40007278c00101dbf000e75a7
000488b80007270c00101f21000e74b5
0004889d0007268c00102083000e73c5
0004888200072609001021e5000e72d7
000488670007258500102345000e71ea
0004884d000724fe001024a5000e7100
000488320007247600102605000e7016
00048818000723ed00102763000e6f2f
000487fd00072361001028c2000e6e49
000487e3000722d400102a20000e6d65
000487c70007224500102b7d000e6c83
000487ac000721b400102cda000e6ba2
000487900007212100102e37000e6ac3
000487730007208d00102f94000e69e5
0004875500071ff7001030f1000e690a
0004873700071f600010324d000e682f
0004871700071ec7001033aa000e6757
000486f700071e2d00103506000e6680
000486d600071d9100103663000e65ab
000486b300071cf4001037bf000e64d7
0004868f00071c550010391c000e6405
0004866a00071bb500103a79000e6334
0004864300071b1500103bd6000e6265
0004861b00071a7300103d33000e6197
000485f1000719d000103e91000e60cb
000485c60007192c00103fef000e6000
00048599000718880010414e000e5f37
0004856a000717e3001042ad000e5e6f
0004853a0007173d0010440c000e5da8
00048508000716970010456c000e5ce3
000484d4000715f0001046cd000e5c1f
0004849e000715490010482e000e5b5c
00048467000714a200104990000e5a9b
0004842e000713fb00104af3000e59da
000483f30007135400104c56000e591b
000483b6000712ad00104dba000e585d
000483770007120600104f1f000e57a0
000483370007116000105085000e56e4
000482f5000710ba001051ec000e5629
000482b10007101500105353000e556e
0004826c00070f70001054bc000e54b5
0004822500070ecc00105625000e53fd
000481dc00070e2900105790000e5345
0004819200070d87001058fb000e528e
0004814600070ce600105a68000e51d8
000480f900070c4600105bd5000e5122
000480ab00070ba700105d44000e506d
0004805b00070b0900105eb4000e4fb9
0004800a00070a6d00106025000e4f05
00047fb9000709d200106197000e4e52
00047f66000709380010630a000e4d9f
00047f12000708a00010647e000e4cec
00047ebd0007080a001065f4000e4c3a
00047e68000707750010676b000e4b88
00047e12000706e2001068e3000e4ad6
00047dbb0007065100106a5c000e4a24
00047d64000705c100106bd6000e4973
00047d0d0007053300106d52000e48c1
00047cb5000704a700106ecf000e4810
00047c5d0007041c0010704d000e475e
00047c0500070393001071cc000e46ac
00047bae0007030c0010734c000e45fa
00047b5600070287001074ce000e4548
00047aff0007020300107651000e4496
00047aa800070181001077d5000e43e4
00047a52000701010010795a000e4331
000479fc0007008200107ae1000e427d
000479a70007000500107c69000e41c9
000479530006ff8a00107df2000e4115
000478ff0006ff1000107f7c000e4060
000478ad0006fe9700108107000e3faa
0004785c0006fe2000108293000e3ef4
0004780b0006fdaa00108420000e3e3d
000477bc0006fd36001085af000e3d85
0004776f0006fcc20010873e000e3ccd
000477220006fc50001088cf000e3c14
000476d70006fbdf00108a61000e3b59
0004768e0006fb6e00108bf3000e3a9e
000476460006faff00108d87000e39e2
000475ff0006fa9000108f1b000e3924
000475ba0006fa22001090b1000e3866
000475770006f9b400109247000e37a7
000475350006f947001093de000e36e6
000474f60006f8da00109576000e3624
000474b80006f86d0010970f000e3561
0004747b0006f801001098a8000e349d
000474410006f79400109a42000e33d7
000474080006f72700109bdd000e3310
000473d00006f6bb00109d78000e3247
0004739b0006f64e00109f15000e317d
000473670006f5e00010a0b1000e30b2
000473350006f5720010a24e000e2fe5
000473050006f5030010a3ec000e2f17
000472d60006f4940010a58a000e2e47
000472a80006f4240010a728000e2d75
0004727d0006f3b30010a8c7000e2ca2
000472520006f3410010aa66000e2bcd
000472290006f2ce0010ac05000e2af7
000472020006f25a0010ada4000e2a1f
000471db0006f1e50010af44000e2945
000471b60006f16e0010b0e4000e286a
000471920006f0f60010b283000e278c
0004716f0006f07d0010b423000e26ad
0004714d0006f0020010b5c3000e25cd
0004712c0006ef860010b762000e24ea
0004710b0006ef080010b902000e2406
000470eb0006ee880010baa1000e2320
000470cc0006ee070010bc40000e2238
000470ae0006ed840010bdde000e214e
0004708f0006ecff0010bf7d000e2062
000470710006ec780010c11a000e1f75
000470530006ebf00010c2b8000e1e86
000470350006eb660010c455000e1d95
000470170006eada0010c5f1000e1ca2
00046ff90006ea4c0010c78d000e1bad
00046fdb0006e9bd0010c928000e1ab7
00046fbc0006e92c0010cac2000e19be
00046f9d0006e8990010cc5b000e18c4
00046f7d0006e8040010cdf4000e17c8
00046f5d0006e76e0010cf8c000e16ca
00046f3c0006e6d60010d123000e15cb
00046f1a0006e63c0010d2b9000e14c9
00046ef70006e5a10010d44e000e13c6
00046ed30006e5050010d5e1000e12c2
00046eae0006e4670010d774000e11bb
00046e870006e3c80010d906000e10b3
00046e600006e3270010da96000e0fa9
00046e370006e2860010dc25000e0e9d
00046e0d0006e1e30010ddb2000e0d90
00046de10006e13f0010df3f000e0c81
00046db30006e09a0010e0ca000e0b71
00046d850006dff40010e253000e0a5f
00046d540006df4e0010e3db000e094b
00046d220006dea70010e561000e0836
00046cee0006ddff0010e6e6000e0720
00046cb80006dd570010e869000e0608
00046c810006dcaf0010e9eb000e04ee
00046c480006dc060010eb6b000e03d4
00046c0d0006db5d0010ece9000e02b8
00046bd00006dab40010ee65000e019a
00046b910006da0b0010efdf000e007c
00046b510006d9630010f158000dff5c
00046b0f0006d8ba0010f2cf000dfe3b
00046acb0006d8120010f443000dfd19
00046a850006d76a0010f5b6000dfbf5
00046a3e0006d6c30010f727000dfad1
000469f50006d61d0010f896000df9ac
000469aa0006d5770010fa03000df885
0004695e0006d4d30010fb6d000df75e
000469100006d42f0010fcd6000df636
000468c10006d38c0010fe3d000df50d
000468700006d2ea0010ffa1000df3e3
0004681f0006d24a00110103000df2b9
000467cb0006d1ab00110264000df18e
000467770006d10d001103c1000df062
000467220006d0700011051d000def36
000466cb0006cfd500110677000dee09
000466740006cf3c001107ce000decdb
0004661c0006cea400110923000debae
000465c30006ce0e00110a76000dea7f
0004656a0006cd7900110bc6000de951
000465100006cce600110d14000de822
000464b60006cc5500110e60000de6f3
0004645b0006cbc500110faa000de5c4
000464000006cb37001110f1000de495
000463a50006caab00111237000de365
0004634a0006ca2100111379000de236
000462ef0006c999001114ba000de107
000462940006c912001115f8000ddfd7
0004623a0006c88d00111734000ddea8
000461e00006c8090011186e000ddd79
000461860006c788001119a5000ddc4b
0004612d0006c70800111adb000ddb1c
000460d50006c68900111c0e000dd9ee
0004607d0006c60c00111d3e000dd8c1
000460270006c59100111e6d000dd794
00045fd10006c51700111f99000dd667
00045f7d0006c49e001120c4000dd53b
00045f290006c427001121ec000dd40f
00045ed70006c3b100112312000dd2e4
00045e870006c33c00112436000dd1ba
00045e370006c2c800112557000dd091
00045de90006c25500112677000dcf68
00045d9c0006c1e300112795000dce40
00045d510006c172001128b0000dcd1a
00045d080006c102001129ca000dcbf4
00045cc00006c09200112ae2000dcacf
00045c7a0006c02300112bf7000dc9ab
00045c350006bfb400112d0b000dc888
00045bf20006bf4600112e1d000dc766
00045bb10006bed800112f2e000dc645
00045b720006be690011303c000dc525
00045b340006bdfb00113149000dc407
00045af80006bd8d00113254000dc2ea
00045abe0006bd1f0011335d000dc1ce
00045a860006bcb000113465000dc0b4
00045a4f0006bc410011356b000dbf9b
00045a1a0006bbd200113670000dbe83
000459e60006bb6100113773000dbd6c
000459b50006baf100113874000dbc57
000459840006ba7f00113975000dbb44
000459560006ba0c00113a73000dba32
000459280006b99900113b71000db922
000458fc0006b92400113c6d000db813
000458d20006b8af00113d68000db705
000458a80006b83800113e62000db5f9
000458800006b7bf00113f5b000db4ef
000458590006b74600114053000db3e7
000458330006b6cb00114149000db2e0
0004580e0006b64e0011423f000db1db
000457ea0006b5d000114334000db0d7
000457c60006b55000114428000dafd5
000457a30006b4cf0011451b000daed5
000457810006b44c0011460d000dadd6
0004575f0006b3c7001146ff000dacd9
0004573e0006b341001147ef000dabde
0004571d0006b2b9001148e0000daae5
000456fc0006b22f001149cf000da9ed
000456db0006b1a300114abf000da8f7
000456ba0006b11600114bad000da803
000456980006b08600114c9c000da710
000456770006aff500114d8a000da61f
000456550006af6200114e78000da530
000456330006aece00114f65000da443
000456100006ae3800115052000da357
000455ed0006ada000115140000da26d
000455c80006ad060011522d000da185
000455a30006ac6b0011531a000da09e
0004557d0006abcf00115407000d9fb9
000455560006ab31001154f4000d9ed5
0004552e0006aa91001155e1000d9df4
000455040006a9f0001156cf000d9d13
000454d90006a94e001157bc000d9c35
000454ad0006a8ab001158aa000d9b57
000454800006a80700115998000d9a7c
000454510006a76200115a87000d99a2
000454200006a6bb00115b76000d98c9
000453ee0006a61400115c65000d97f2
000453ba0006a56d00115d55000d971c
000453850006a4c400115e45000d9648
0004534e0006a41b00115f36000d9575
000453150006a37200116028000d94a3
000452da0006a2c80011611a000d93d3
0004529e0006a21e0011620d000d9303
000452600006a17300116301000d9235
000452200006a0c9001163f5000d9169
000451de0006a01f001164ea000d909d
0004519a00069f75001165e1000d8fd3
0004515500069ecb001166d8000d8f09
0004510e00069e22001167cf000d8e41
000450c500069d79001168c8000d8d79
0004507b00069cd1001169c2000d8cb3
0004502e00069c2a00116abd000d8bed
00044fe100069b8300116bb9000d8b29
00044f9100069add00116cb6000d8a65
00044f4100069a3800116db4000d89a2
00044eee0006999400116eb3000d88df
00044e9b000698f100116fb3000d881e
00044e4600069850001170b4000d875c
00044def000697af001171b7000d869c
00044d9800069710001172bb000d85dc
00044d4000069673001173c0000d851c
00044ce6000695d7001174c6000d845d
00044c8c0006953c001175cd000d839f
00044c31000694a3001176d6000d82e0
00044bd50006940c001177e0000d8222
00044b7900069377001178eb000d8164
00044b1c000692e3001179f7000d80a6
00044abe0006925000117b05000d7fe9
00044a61000691c000117c14000d7f2b
00044a030006913100117d24000d7e6d
000449a5000690a400117e36000d7db0
000449470006901900117f49000d7cf2
000448e900068f8f0011805d000d7c34
0004488c00068f0700118172000d7b76
0004482e00068e8100118289000d7ab8
000447d200068dfd001183a1000d79f9
0004477500068d7a001184ba000d793a
0004471a00068cf9001185d4000d787b
000446bf00068c7a001186f0000d77bb
0004466400068bfc0011880d000d76fb
0004460b00068b800011892b000d763a
000445b300068b0500118a4a000d7578
0004455c00068a8b00118b6b000d74b6
0004450600068a1300118c8c000d73f3
000444b10006899c00118daf000d7330
0004445d0006892600118ed3000d726b
0004440b000688b100118ff8000d71a6
000443ba0006883d0011911e000d70e0
0004436b000687b700119245000d7005
00044316000686a800119368000d6ea2
000442a90006846000119480000d6c05
0004420a000680790011957d000d67c6
0004412400067b0100119657000d61f1
000440000006747000119711000d5afe
00043ec700066d86001197c0000d53b0
00043dcd000667300011988e000d4d00
00043d33000661ba0011998d000d473e
00043cf100065cf000119ab9000d4239
00043ce70006588f00119c01000d3da6
00043ce90006544300119d4f000d392b
00043d6b0006508c00119ee0000d3569
00043ec200064dd10011a0e3000d32dc
0004402e00064b410011a2f0000d307d
00044121000648400011a4b9000d2d86
000441d90006450c0011a663000d2a48
0004427b000641ca0011a7ff000d26f4
0004432300063e890011a99e000d23a3
0004435200063b120011aaf5000d1fe4
000442d8000637440011abe9000d1b83
000442f1000633a30011ad38000d179e
0004447f0006307f0011af6b000d14f8
0004478f00062dc60011b292000d1391
00044bc100062b4f0011b672000d1314
00045049000628ec0011ba88000d12dc
000454d5000626880011bea0000d12a6
000459e3000624230011c316000d12cc
00045f7e000621be0011c7ee000d1357
0004655d00061f530011ccf9000d1410
00046b9900061cd90011d24b000d1506
0004716200061a850011d73a000d15b7
000475ca000618940011db06000d158a
00047912000617000011dddc000d14aa
00047bc2000615a60011e02c000d136f
00047e5d0006144f0011e26c000d1228
0004816d000612b40011e522000d1124
00048525000610ad0011e887000d1080
0004894b00060e5d0011ec60000d101b
00048d4a00060c350011f004000d0fa0
0004908700060ac60011f2b2000d0ebd
000492cf00060a530011f419000d0d56
0004946d00060a9e0011f493000d0b95
000495f600060af80011f4f5000d09c8
000497f100060a990011f628000d0837
00049a28000609ef0011f7b6000d06c5
00049c0200060a060011f871000d0524
00049d9900060a9e0011f8a0000d0361
00049f2000060b6d0011f894000d0196
0004a09400060c660011f85c000cffc2
0004a22700060cbe0011f8c7000cfdfe
0004a3ce00060cfb0011f94e000cfc44
0004a55700060e4c0011f8bf000cfa7b
0004a6ce000610bf0011f70e000cf8aa
0004a83d000613b20011f4db000cf6d5
0004a9a4000616650011f2e9000cf4fc
0004aafa000618920011f17c000cf31b
0004ac2c00061a0b0011f0c7000cf128
0004ad1700061a700011f12b000cef11
0004adac000619ba0011f2b3000cecd0
0004ae13000618770011f4ce000cea77
0004ae700006171c0011f701000ce81a
0004aea60006157f0011f97d000ce5a9
0004ae5b000613150011fce3000ce2f5
0004ad6700060fae00120169000cdfe8
0004abd800060b7f001206e0000cdc8b
0004aa160006070600120cac000cd912
0004a8dd00060310001211c8000cd5e5
0004a7cc0005ff52001216a3000cd2cd
0004a5fb0005fafe00121c58000ccf49
0004a34a0005f60a00122302000ccb49
0004a04b0005f0dc00122a02000cc71d
00049d750005ebc4001230d8000cc30a
00049a520005e692001237f1000cbec7
0004967d0005e11700123fa7000cba1a
000491ae0005db5000124830000cb4d1
00048b570005d524001251f8000cae90
000483c30005ceaf00125cbd000ca786
00047bb40005c825001267e1000ca02b
0004732c0005c1970012735b000c987d
000469a80005bb0700127f87000c901e
00045ee60005b48300128c8f000c86da
000453190005ae1700129a4b000c7cd1
000446d50005a7b90012a856000c726e
00043b1b0005a1340012b608000c687f
0004300700059a8b0012c34f000c5f14
00042500000593e10012d08d000c55b3
00041aaa00058ce30012dd61000c4cf9
00041132000585850012e9ae000c450a
0004081c00057df20012f5c1000c3d7c
0003ff570005762f001301a4000c3640
0003f62300056ecf00130dc2000c2e7e
0003ec5e000567db00131a30000c261d
0003e31f0005605e00132655000c1e6d
0003dad8000557e4001331f1000c1808
0003d2fa00054f0200133d53000c122c
0003caba000546b4001348e7000c0ba8
0003c20300053f0f001354b8000c0460
0003b907000537ed001360ab000bfc8b
0003af770005320700136ce8000bf361
0003a54b00052d7d00137973000be8c6
00039ac5000529f10013862a000bdd22
0003900600052718001392fc000bd0c7
00038559000523be00139fc4000bc4f0
00037ade00051f790013ac70000bba09
0003707100051ada0013b914000baf80
000366090005160b0013c5b4000ba52a
00035bad000511af0013d24c000b9a62
0003515d00050e280013dedd000b8ec7
0003472500050b4a0013eb5f000b8286
00033d17000509390013f7cb000b7577
0003333b000507ef0014041d000b679e
00032972000506f300141062000b5979
00031f87000505a500141cb7000b4bae
000315c300050488001428f7000b3dac
00030ca7000504a1001434de000b2e58
000303f40005057d0014408e000b1e2f
0002fb6d0005069200144c24000b0dc6
0002f35e0005083900145779000afcae
0002eb6c00050a11001462be000aeb63
0002e2da00050b4b00146e58000adaeb
0002d94b00050ba200147a7c000acbad
0002cf0600050b5d00148701000abd4c
0002c4f500050b2f00149367000aaebf
0002bbe000050b9800149f3a000a9f37
0002b3e500050c9b0014aa68000a8e9e
0002acd700050e0c0014b508000a7d2c
0002a61800050fa60014bf79000a6b71
00029ecb000511160014ca40000a5a31
000297020005125e0014d553000a495e
00028efc0005139a0014e08d000a38bf
0002868f000514c90014ec0a000a2871
00027d40000515ec0014f820000a18cb
0002731c00051702001504c9000a09c5
0002693f0005180c001511390009fa94
0002605a000518fd00151cee0009eabf
00025852000519cd001527fa0009da5d
0002503600051aae0015331a0009ca07
0002478200051bb600153eb40009ba16
00023eaa00051cc700154a6b0009aa40
0002353500051e26001556b500099ac9
00022a8e0005201a0015641f00098c0a
00021f4a0005225d0015721c00097dab
00021403000524a10015801c00096f53
00020903000526ad00158dc8000960d6
0001fe4a0005288400159b2400095235
0001f33800052abc0015a8f9000943c7
0001e7b400052d630015b75e0009359b
0001dc6500052fc20015c56e00092757
0001d18d000531850015d2c2000918d7
0001c7250005329d0015df5100090a21
0001bd18000533240015eb380008fb3f
0001b31f000533900015f7000008ec56
0001a92c000533e8001602b00008dd6d
00019f490005341f00160e3b0008ce7f
000195580005349800161a070008bf9d
00018b5100053575001626370008b0c8
0001813c000536aa001632bd0008a1fe
000177210005382700163f8a0008933b
00016d04000539b400164c640008847c
000162eb00053b4600165940000875be
000158d400053ce50016662900086703
00014eb400053e51001672da00085850
0001449e00053fc100167f8e0008499b
00013abb000541e200168cf600083ad0
000130fd0005448600169ae300082bf6
000127460005473c0016a8df00081d1c
00011dca00054a5d0016b74e00080e27
0001148c00054dfd0016c6440007ff15
00010b3f000551890016d5200007f00f
000102190005553a0016e4290007e0f8
0000f9470005595a0016f3b20007d1b8
0000f04100055d49001702f80007c297
0000e6b1000560aa001711820007b3c5
0000dcd3000563bd00171fa30007a521
0000d2ea000566c400172db100079686
0000c89a0005698900173b510007882a
0000bda700056be50017484200077a2e
0000b24700056e04001754c400076c75
0000a65d00056fe5001760c400075f12
000099930005716f00176bf80007523b
00008bab0005729c0017763600074619
00007c8f0005737800177f7400073abd
00006c620005741b001787d500073016
00005c04000574ab001790080007258f
00004c6c00057547001798c700071a83
00003d50000575ec0017a1de00070f28
00002dc30005769c0017aaa400070425
00001e0f000577460017b3490006f93e
00000ef4000577d60017bc4e0006ede5
fffffffb000578670017c5670006e278
fffff0920005791a0017ce370006d76e
ffffe0aa000579fa0017d6b50006ccd5
ffffd0eb00057abf0017df460006c216
ffffc21400057b100017e85c0006b67d
ffffb40d00057af10017f1e70006aa1e
ffffa6ea00057a380017fbef00069ccf
ffff9af2000578a50018069c00068e3a
ffff8ffa00057641001811d300067e7e
ffff85890005736a00181d5000066e24
ffff7b2000057091001828cf00065dc9
ffff70ea00056d740018346400064d1f
ffff6734000569ac0018403a00063baf
ffff5dea0005654400184c440006298a
ffff54ce0005609c001858630006171c
ffff4b9e00055c2300186475000604e4
ffff4250000557f7001870730005f2ff
ffff38e10005543400187c5d0005e18b
ffff2f4c000550f6001888310005d0a2
ffff259d00054e30001893f50005c037
ffff1bea00054b6600189fb20005afcb
ffff124d000547830018ab7700059e47
ffff08c8000542b40018b74500058bda
fffeff4900053e080018c31300057992
fffef5c40005394a0018ceda0005673a
fffeec20000533bb0018da8e00055411
fffee25e00052d6d0018e62f0005402a
fffed8c3000527800018f1e100052cab
fffecfa4000523020018fdcf00051aad
fffec71400051ffb00190a0100050a3c
fffebef700051df50019166b0004fae0
fffeb72000051c78001922f60004ec1c
fffeaf0800051aa500192f5a0004dcf3
fffea637000517c700193b5a0004cc96
fffe9d17000514710019472e0004bbb3
fffe944f000511770019532e0004ab46
fffe8c2900050f1a00195f8200049bac
fffe84be00050d6300196c3900048cf6
fffe7de800050c240019793f00047ef0
fffe77d000050b63001986ae000471b4
fffe72b900050b3e001994ac00046580
fffe6e6b00050b880019a31b00045a13
fffe6af700050c300019b20a00044f6f
fffe68d200050d570019c1c0000445f2
fffe681300050ef20019d25100043da8
fffe68d3000510ed0019e3d000043697
fffe6a5e0005131c0019f5cd0004302d
fffe6b7f00051542001a077e00042976
fffe6ca00005175b001a192f000422bb
fffe6efb00051972001a2bbb00041cdf
fffe728700051b82001a3f1f000417db
fffe765400051d91001a52ac00041305
fffe79df00051fac001a660300040e05
fffe7d19000521d9001a7914000408d2
fffe805000052400001a8c230004039f
fffe83c700052611001a9f660003fe93
fffe879c000527f6001ab2fc0003f9c1
fffe8c7c0005294d001ac7920003f58b
fffe923000052a36001adcef0003f1d3
fffe97be00052b3f001af21c0003ee08
fffe9d4f00052c38001b07530003ea3e
fffea2fc00052d24001b1c9e0003e685
fffea81300052ea5001b31220003e27d
fffeacba0005308d001b45180003de39
fffeb1a20005321d001b59720003da18
fffeb6a30005339c001b6de00003d606
fffebb1e000535f3001b81560003d1af
fffebf1c00053913001b93e40003cd19
fffec33900053bd8001ba6cc0003c894
fffec79c00053e0a001bba4f0003c433
fffecbe600054096001bcd710003bfc7
fffed00c00054381001be02c0003bb4a
fffed42c00054693001bf2b90003b6cb
fffed82f00054a82001c04650003b23f
fffedc1900054ee0001c159c0003ada6
fffee0040005526d001c279e0003a911
fffee3f100055527001c3a700003a47c
fffee7d500055772001c4dad00039fe5
fffeebad00055961001c614100039b48
fffeef7200055af8001c752b000396a3
fffef30b00055bf9001c89ab000391ea
fffef69200055ca7001c9e7a00038d28
fffefa2800055d80001cb3180003886f
fffefdc800055e6f001cc799000383bc
ffff017600055f79001cdbf900037f12
ffff051a0005607a001cf05f00037a63
ffff0900000561c7001d0464000375d8
ffff0d9e000563fb001d174b000371b1
ffff12e0000566ed001d294300036de2
ffff18f000056aa4001d3a3000036a84
ffff204e00056f7d001d4986000367df
ffff29090005756a001d5746000365fd
ffff323900057bba001d64770003645d
ffff3adb000581b8001d72320003626c
ffff42ce00058757001d809200036016
ffff4a6a00058cca001d8f4100035d8e
ffff525000059252001d9dae00035b36
ffff5ada0005980e001dab8c00035944
ffff641700059df5001db8d4000357c5
ffff6e190005a402001dc57d000356c8
ffff78110005aa17001dd224000355c2
ffff81290005b01e001ddf6b00035424
ffff89ec0005b619001decee0003524e
ffff939e0005bbfd001df9cb0003512b
ffff9e3a0005c1d1001e0604000350b5
ffffa9110005c799001e12120003506d
ffffb4d20005cd1e001e1d89000350e9
ffffc21a0005d230001e2808000352ad
ffffd0930005d6d6001e31c800035579
ffffe0380005daf5001e3ad00003595b
fffff0b30005deb1001e435500035e03
000000f10005e299001e4bf90003626a
000010de0005e6a9001e54c800036684
0000212c0005ea68001e5d5d00036b11
0000319f0005ee11001e65da00036fc3
000041b00005f215001e6e87000373fc
0000517b0005f65b001e7757000377db
0000613f0005faa2001e802800037bb7
0000711c0005fec1001e88e700037fbf
000080bd0006034c001e91c30003834f
00008fa600060920001e9af900038572
00009e1700060fc6001ea469000386ab
0000acb6000615d9001eadbf0003887b
0000bb9e00061b2a001eb6ec00038b16
0000caa400061ffc001ec00700038e32
0000d9ce0006241e001ec90c000391fe
0000e909000627d8001ed20400039633
0000f84c00062aca001edaf500039b2f
0001079d00062d0a001ee3dc0003a0dc
000116f100062f92001eecbd0003a63f
00012634000631ee001ef5a40003abcd
0001355a00063385001efe950003b220
0001448600063514001f07810003b878
00015404000637c3001f103f0003bda4
000163b700063b48001f18de0003c1f6
0001731e00063e2b001f21a20003c6f2
000181f600063fe1001f2aaa0003cd31
00019054000640b3001f33ee0003d468
00019e55000640f0001f3d5f0003dc47
0001abb300064055001f47220003e523
0001b89400063f10001f51230003eec4
0001c56c00063dc2001f5b260003f86f
0001d21c00063c54001f653b00040245
0001dee600063af4001f6f3c00040bff
0001ec7500063a28001f78cd000414d9
0001fad1000639f0001f81e600041ccf
00020935000639ca001f8af8000424b0
000216c80006393d001f948100042d55
0002234600063835001f9eab000436f4
00022f4a000636f5001fa91a00044101
00023b61000635bc001fb37a00044afb
0002477800063484001fbdd6000454f0
0002538e0006334c001fc82f00045ee2
00025f6a00063211001fd2ab000468fb
00026b8a000630d0001fdcf2000472e4
000278b600062f90001fe67700047c0a
0002872800062e3c001fef090004844d
0002969b00062cd2001ff6db00048bdf
0002a61c00062b6d001ffea000049362
0002b59800062a010020066200049ae6
0002c5280006289500200e110004a259
0002d49e0006272f002015d20004a9da
0002e422000625c100201d810004b150
0002f385000624660020254d0004b8d4
0003028a0006234200202d740004c08c
000310d80006229c0020365b0004c8a8
00031ee60006221200203f780004d0e7
00032dea000620a9002047620004d89b
00033e2600061e1600204dbb0004dfa3
00034f4a00061a8a002052d40004e62b
000360cf00061693002057630004ec7c
0003722c000612d500205c310004f2df
0003839100060ef2002060d80004f93b
0003957900060a190020646d0004ff51
0003a7b80006049b0020674a00050536
0003b9d30005ff8000206a8d00050b2b
0003cbbb0005fae000206e4e00051138
0003dd830005f6bb0020728b00051751
0003ef1e0005f3530020778700051d7f
000400ad0005efd500207c6c000523af
000412480005ec1000208108000529d6
000423e30005e967002086bd00052ffb
000435760005e7e700208d9900053621
000446f00005e5fb0020940600053c51
000458420005e2fe0020995f00054292
000469650005df2700209dd7000548e8
00047a5d0005dab20020a1ad00054f50
00048b2b0005d5cb0020a509000555cb
00049bbb0005d0550020a7cb00055c63
0004ac3e0005cab80020aa65000562fe
0004bcee0005c5730020ad5e0005697f
0004cdb80005c0620020b08e00056ff0
0004de850005bb5c0020b3c90005765c
0004ef000005b6010020b69600057cf1
0004fec30005afe00020b867000583e7
00050e0d0005a9430020b99900058b1a
00051d700005a2ba0020bae60005923c
00052d5f00059c990020bccf0005990d
00053df1000596ee0020bf6c00059f7f
00054f23000591a40020c2ac0005a591
0005616800058ce40020c6f30005aafe
00057495000588970020cc160005afe0
0005878f000584430020d1130005b4df
0005997100057f9f0020d52a0005ba89
0005aa2b00057ab00020d84f0005c0ec
0005ba65000575a50020db0f0005c79d
0005ca5b000570950020dd9d0005ce7a
0005d97d00056b7e0020df940005d5e6
0005e7a0000566650020e0d70005de01
0005f5ae000561420020e2080005e625
0006041c00055c190020e37c0005edfe
00061296000556ef0020e4f90005f5ca
000621aa000551970020e6d70005fd12
000631ac00054bfb0020e94b00060391
000641e6000546520020ebe3000609df
000651b2000540dc0020ee3c0006108f
0006616100053b6b0020f08200061751
000671e4000535740020f34200061d34
0006837600052eca0020f69d000621f4
000695b90005279b0020fa5c000625ec
0006a835000520420020fe3c000629a0
0006ba420005195d002101e100062de5
0006cb73000513680021051000063357
0006dbb700050e94002107c200063a25
0006eb5100050a9d00210a1b000641f8
0006fab3000506f300210c5600064a23
000709c8000503df00210e6c000652ee
0007184c000501fa0021103700065cfd
000726360005018b002111b400066897
00073391000502bb002112e9000675df
0007408500050545002113eb0006848a
00074d44000508ac002114d300069415
000759e800050cb0002115ad0006a43b
0007667b0005116b002116800006b516
00077300000516670021174c0006c631
00077f7400051a79002118100006d65f
00078bc200051d03002118c20006e502
000797d400051e02002119560006f214
0007a3a400051dbe002119ca0006fddb
0007af5c00051d0500211a310007092a
0007bb2700051c8600211aa3000714b4
0007c72300051c8200211b2f000720be
0007d32f00051cb400211bc300072cfe
0007deb900051c1400211c140007384f
0007e9a900051a7400211c1600074280
0007f46c0005189100211c0100074c60
0007fece0005164500211bb8000755bc
000808c00005137700211b3500075e76
000812740005107200211a90000766e1
00081b8900050ced0021199400076e95
00082400000508ea0021184100077592
00082c72000504de002116ed00077c84
000835420005010a002115cf000783d5
00083e090004fd3d002114ac00078b24
0008468c0004f94d0021136100079231
00084f4c0004f5720021123d00079971
0008580c0004f1a0002111190007a0b6
000860140004eda600210f7e0007a767
000867440004e98400210d590007ad70
00086e640004e55700210b2c0007b368
000876640004e1340021099c0007ba01
00087ec30004dd1d0021084b0007c0e1
000886b30004d90e002106ab0007c776
00088ebd0004d4f4002105220007ce18
000897a40004d0af002104480007d54a
0008a1ed0004cc0f002104900007dd5c
0008ad0b0004c73d002105860007e5f4
0008b8360004c265002106880007ee94
0008c4280004bd28002108490007f7a9
0008d13e0004b75a00210b2000080169
0008de6e0004b18c00210e0a00080b39
0008eb370004abfd0021108b000814ce
0008f83a0004a6380021135500081e82
000905530004a06c0021163200082843
000911df00049b2d00211858000831b7
00091e260004962800211a2d00083b04
00092ac8000490a900211c9500084481
0009378b00048b0f00211f2100084e0f
000943c300048659002120ae00085755
00094f63000482ad002121140008604b
00095aab00047fae002120bd00086914
000965a300047d7c00211f8e000871b4
0009703700047c7300211d2a00087a1f
00097a8400047c4f002119da00088267
000984ca00047c1a0021169900088aaa
00098f2600047b3c00211403000892f8
0009998e000479dd002111ef00089b4b
0009a3f80004785900210fff0008a39f
0009ae650004771400210dd10008abf3
0009b8bd0004758000210bf30008b43c
0009c2e5000472c200210b410008bc6c
0009cce600046f3700210b5f0008c488
0009d6d600046b7000210bbb0008cc9b
0009e0b70004678500210c3d0008d4a6
0009ea9c000463a100210cb50008dcb3
0009f4a30004600600210cdf0008e4d0
0009fec300045ca000210cce0008ecf9
000a08f10004595300210ca10008f529
000a134d0004564500210c290008fd71
000a1d800004531800210bdd000905a2
000a273000044f5e00210c4300090d8d
000a311400044bc400210c7400091593
000a3baa000448c900210bc900091dfb
000a463c000445dc00210b1600092660
000a4fd80004425300210b6000092e37
000a589c00043e4300210c8700093593
000a61b700043a5400210d6100093d23
000a6b5f000436ad00210db300094506
000a745f000432d500210e8f00094c7f
000a7ca000042ebb0021100e00095383
000a84d000042a9c0021119900095a7d
000a8d2300042683002113070009618d
000a96500004227b002113d400096931
000a9fff00041e890021143a0009712a
000aa8a100041aa20021155900097862
000ab052000416bf0021171f00097eec
000ab876000412c500211899000985d3
000ac19c00040e9d0021196900098d81
000acb3000040a62002119ef00099585
000ad5030004060f00211a4d00099dc1
000adf860004017700211a3f0009a69a
000aeaaf0003fc98002119cc0009b009
000af64d0003f77c002119120009b9e8
000b02020003f259002118480009c3dc
000b0cff0003edbe002117e40009cd02
000b16e00003e9fa0021181c0009d4ea
000b1fd50003e700002118d50009dbb7
000b282d0003e499002119e20009e1be
000b305c0003e25600211b030009e794
000b38570003e05f00211c3e0009ed11
000b3fa30003df6300211dd30009f16b
000b46300003df9300211fca0009f46f
000b4c3d0003e0a5002122010009f677
000b52260003e1ed0021244a0009f841
000b581e0003e30e002126880009fa34
000b5e070003e469002128cd0009fbea
000b63d00003e63400212b210009fd2e
000b69810003e86e00212d7f0009fdff
000b6f1f0003eb2100212fe50009fe56
000b74b70003ed830021324d0009fefc
000b7a510003ee64002134b2000a0123
000b7fee0003ee3b00213713000a0452
000b85880003edff00213975000a0795
000b8b0c0003ed5a00213be0000a0b40
000b907c0003ec4800213e54000a0f5a
000b96040003eb7c002140b9000a1329
000b9bdb0003eb8d002142f6000a1610
000ba21e0003eca7002144f9000a17dc
000ba8ee0003eee2002146b3000a186f
000bb0550003f2330021481c000a17cc
000bb86f0003f69800214927000a15ee
000bc13f0003fbff002149d0000a12e0
000bca6c000401e200214a47000a0f3f
000bd3bc000407ec00214aaa000a0b6b
000bdd1b00040e0700214b03000a0781
000be628000413e400214b87000a03f1
000bee800004193b00214c70000a0128
000bf68e00041e5500214d800009feb5
000bfea70004237900214e880009fc33
000c06450004286700214fd70009fa21
000c0da100042d2c0021514b0009f850
000c15c000043230002152440009f5d8
000c1ea100043776002152c40009f2b8
000c278c00043cc20021533d0009ef8d
000c30ef00044216002153630009ec09
000c3b3200044788002152f10009e7da
000c459b00044d01002152660009e38b
000c501700045273002151ca0009df31
000c5b7a000457ce002150800009da3a
000c679a00045d1900214ea80009d4c1
000c73c00004626300214ccb0009cf43
000c7fb1000467bb00214b170009c9e5
000c8a8900046d7600214a560009c533
000c940d000473a700214ab80009c150
000c9d91000479c800214b100009bd6f
000ca83d00047f4400214a420009b8e1
000cb473000483d0002147e20009b370
000cc15e000487f1002144c90009ad97
000ccdf200048c56002142130009a7ed
000cdaa40004908d00213f290009a233
000ce7eb0004943300213b7f00099c28
000cf4ff000498230021382900099636
000d015a00049cf3002135e5000990a6
000d0d7c0004a1fd002133ea00098b35
000d19e10004a6930021316e000985a0
000d26960004aa8e00212e4900097fe1
000d337f0004ae1d00212aae00097a07
000d408f0004b1360021269900097419
000d4dce0004b3c0002121ee00096e13
000d5b290004b5d500211cce000967ff
000d68a20004b737002116f8000961db
000d76310004b8150021109e00095bab
000d83bf0004b8ce00210a200009557c
000d914d0004b97c0021039700094f4c
000d9ee00004ba820020fd6800094919
000dac830004bc3d0020f7ee000942de
000dba380004be8b0020f30b00093c9a
000dc7e40004c0da0020ee2700093659
000dd5560004c2770020e88d00093036
000de28e0004c3650020e23e00092a2f
000defce0004c45c0020dbfb00092424
000dfcdd0004c50e0020d56a00091e32
000e09940004c51d0020ce270009186d
000e167c0004c5690020c7300009128e
000e23980004c60f0020c09e00090c93
000e309f0004c69c0020b9f0000906a3
000e3dfc0004c77d0020b3b300090083
000e4bda0004c8e10020ae220008fa1e
000e59eb0004ca750020a8d30008f39c
000e682a0004cc2b0020a3ba0008ecff
000e76760004cdef00209eb50008e65b
000e84a90004cfa60020999a0008dfc4
000e93520004d18f002094ec0008d8e7
000ea24a0004d3a6002090900008d1db
000eb10f0004d5aa00208c0a0008caed
000ec02f0004d7c1002087ce0008c3c4
000ed05b0004da130020846b0008bbee
000ee2050004dca3002082300008b31d
000ef51c0004df5e0020810c0008a956
000f096d0004e227002080cd00089eb5
000f1e9a0004e4f40020812e00089379
000f334a0004e7d6002081400008889d
000f47350004eac8002080ce00087e52
000f5b1b0004edb60020805a00087407
000f6f400004f0920020801000086987
000f83f30004f33b0020801e00085e8c
000f99150004f5bd0020807400085330
000fae700004f820002080ec0008479c
000fc3950004faa80020814900083c40
000fd7d10004fdbe00208122000831d3
000feb650005013b0020809c00082811
000ffeef000504b70020801300081e55
0010123b0005087200207f69000814eb
001024da00050cd300207e6400080c5d
001036df000511db00207d0e000804a4
0010483b000517b900207b600007fdec
0010592100051e2a002079750007f7e7
00106a0c000524850020778e0007f1cc
00107b4000052a45002075cf0007eb0c
00108ce500052f050020744a0007e33c
00109eaf00053382002072db0007db22
0010b056000538530020715b0007d363
0010c21300053c9e00206fe70007cb1e
0010d3ef0005406a00206e850007c25a
0010e5c10005446300206d1f0007b9c5
0010f78f000547e400206bb80007b0bb
0011096500054ad600206a570007a723
00111b3900054de1002068f700079da7
00112d10000551220020679a00079463
00113edf0005545f0020663a00078b1e
0011506f000556be002064bb000780f7
001161c20005583300206320000775e2
0011731f000559b90020618b00076ae3
001184ba00055bd60020601700076089
001196de00055f0100205eeb00075757
0011a9b40005637100205e1e00074f90
0011bd0d000568b800205d95000748c0
0011d09200056e4600205d2500074243
0011e43c0005740000205ccb00073c00
0011f86b00057a4400205cba00073674
00120d590005813f00205d13000731de
0012227d0005887700205d8a00072d98
001236d500058f2400205d900007287c
00124aba0005957600205d58000722e0
00125f8b00059c4500205dab00071e2d
0012751b0005a38100205e6f00071a3d
00128a280005aa9000205ee5000715e0
00129e740005b15400205ee7000710de
0012b2090005b7e800205e7800070b48
0012c4450005be3300205d2c000704a5
0012d5010005c43a00205ae80006fcdb
0012e4a90005ca1f002057ed0006f445
0012f35d0005cffa0020544b0006eb03
001301170005d5d700204ff90006e114
00130e340005dbb900204b380006d6bc
00131afe0005e1a50020463a0006cc31
001327110005e7b8002040ac0006c134
001331f60005ee1900203a2a0006b57c
00133c560005f4960020333f0006a972
001347a70005faa700202d3300069dfb
0013542a000600310020284200069340
001360c1000605bc0020235d00068895
00136d3500060b4f00201e6000067dd8
00137a9a0006102a00201a73000673a5
00138956000613f80020180f00066a34
001398e100061714002016a400066139
0013a8d9000619bf002015cd0006587c
0013b97800061b9f002015ec0006501c
0013caa400061cd8002016da00064809
0013dbdf00061df8002017e500064002
0013ed6700061e820020199300063825
0013ff4f00061e6000201c010006307e
0014114c00061e0c00201ea4000628e4
0014234600061dbb002021430006214d
001434f600061e71002022d300061992
0014464f0006203f00202341000611af
001457b1000621800020243b000609d4
0014694100062158002026a000060212
00147ae40006208e002029a60005fa5e
00148c8a0006206c00202c040005f2ad
00149e2f0006211200202d980005eb00
0014afdf0006223500202eae0005e35b
0014c1bf0006246300202eb40005dbd1
0014d3d4000627a500202da00005d465
0014e5e900062b1100202c620005ccfc
0014f7ad00062db600202bf40005c56d
0015092700062fa100202c4a0005bdba
00151aa00006318900202ca00005b60c
00152c0c0006336800202d010005ae59
00153d04000634a700202e1b0005a66d
00154da00006356100202fce00059e53
00155e66000636480020314400059654
00156f98000637a40020322300058e92
0015810d00063947002032a5000586f7
0015924400063ac10020336600057f3c
0015a38300063c36002034220005778b
0015b4f400063dd60020349f00056ff8
0015c59400063f0d002035e0000567ef
0015d55f00063fd1002037ee00055f6d
0015e595000640b70020399f00055730
0015f71d0006421200203a2800054fc7
001609dd000643cc002039a900054923
00161d34000645ad002038ab000542e3
00163117000647a20020373e00053d03
001645c2000649aa00203539000537af
00165af300064bbc002032cf000532b9
00166fbd00064dd9002030a700052d79
001683a20006500500202f1800052797
0016977f0006522600202d8f000521b6
0016ac740006540700202b5000051cba
0016c2db0006558700202824000518f0
0016da21000656c600202469000515e4
0016f1c9000657db0020207100051334
001709d9000658be00201c38000510e9
0017225a00065960002017ba00050f12
00173bc200065968002012b700050e33
0017560b000658d800200d3200050e47
00177095000658150020078500050ea8
00178b87000656e70020019e00050f96
0017a741000654ea001ffb4900051191
0017c35e00065283001ff4bc00051416
0017df5000065053001fee430005165b
0017fb1600064e53001fe7df00051866
001816ba00064c8c001fe18b00051a32
001831f500064b8d001fdb6a00051b25
00184cd800064b31001fd57400051b67
001867ed00064a1d001fcf6200051c65
0018835900064806001fc92300051e73
00189eb40006464f001fc2ea0005201f
0018b9d4000645a3001fbccc000520be
0018d4d1000645e8001fb6be00052069
0018efb7000646cf001fb0ba00051f72
00190a8d0006470e001faabb00051f22
00192563000646ac001fa4bb00051f72
0019403600064673001f9eb900051f9a
00195af600064602001f98bf00051ffa
001975b80006458f001f92c20005205b
00199062000644fc001f8ccf000520df
0019aaa900064374001f870c00052265
0019c48c00064101001f817b000524e3
0019de2400063e00001f7c0d000527fc
0019f78d00063ab1001f76b600052b6a
001a113f000637c8001f713600052e5e
001a2ba9000635da001f6b5200053028
001a46a5000634a7001f651f0005310f
001a619c00063381001f5eed000531eb
001a7bee000631cd001f59130005338a
001a951400062f2b001f53dd0005367f
001aad8400062bf8001f4f0a00053a42
001ac6cc00062941001f49b600053d2a
001ae0ee00062719001f43e500053f2a
001afa8f000624bf001f3e5e00054198
001b132e000621fb001f3970000544e9
001b2b2c00061efc001f34e0000548c4
001b439b00061c12001f300400054c42
001b5d1300061967001f2a7c00054ee8
001b76f0000616d4001f24b200055138
001b906f0006143d001f1f24000553c7
001ba9f40006119d001f198c00055652
001bc3c200060f01001f13bf000558a3
001bdd2400060c74001f0e4100055b39
001bf611000609f1001f091600055e19
001c0ef50006076f001f03ee000560fc
001c2860000604bf001efe5000056388
001c43150006019d001ef79100056544
001c5edb0005fe16001eefe200056657
001c7af70005fa69001ee7df00056733
001c97850005f675001edf64000567c9
001cb44d0005f266001ed6b20005683a
001cd0670005eed6001ecebc00056908
001cec120005eb8c001ec73600056a12
001d07eb0005e814001ebf7200056aff
001d23e90005e473001eb77700056bd5
001d40560005e041001eaece00056c6d
001d5d3c0005db78001ea56c00056cc2
001d79ff0005d6e9001e9c4900056d25
001d96810005d2b3001e938d00056da7
001db3540005cdba001e8a0100056dfd
001dd0880005c7fe001e7fa000056e1e
001ded6e0005c328001e762d00056e62
001e09e20005bf8e001e6e0400056ede
001e26340005bc55001e664100056f68
001e42820005b905001e5e6600056ff1
001e5ece0005b5b1001e568800057077
001e7b100005b323001e4f6f00057100
001e97400005b117001e48da00057190
001eb3600005ae92001e41cb00057223
001ecf650005ab54001e3a03000572c1
001eeb5d0005a7c4001e31ea00057363
001f07560005a44f001e29eb00057402
001f231a0005a05e001e216c000574b8
001f3ea600059bcd001e184700057587
001f5a2d00059738001e0f1f00057656
001f75d0000592e4001e063e00057713
001f916500058e8c001dfd57000577d5
001facea00058a1c001df4580005789c
001fc8e300058641001dec0e00057922
001fe5b100058368001de50200057933
002003160005813b001dded0000578f0
0020204f00057ef9001dd879000578c3
00203d5500057c88001dd1e7000578ae
00205a9d00057a49001dcba200057870
00207777000577d8001dc4fd0005786f
002092fe000574b0001dbd1100057931
0020ada500057113001db45200057a70
0020c89600056d8e001dabd500057b7e
0020e45400056a53001da40f00057c0b
002100aa00056747001d9cce00057c36
00211d8900056458001d95fe00057c03
00213ad30005617f001d8f8800057b88
002157a600055ea6001d88c200057b5c
0021736200055bc3001d813800057bee
00218eaf000558d9001d796200057cc7
0021ab12000555cb001d724900057cca
0021c8990005529f001d6bfa00057bee
0021e67e00054f5f001d65eb00057ac4
0022056200054bce001d6080000578bd
00222583000547d9001d5bde000575a5
0022460c000543c0001d578000057231
0022664200053fd2001d52f600056f08
002285f000053c29001d4e2100056c5c
0022a514000538d5001d490100056a3b
0022c3480005362f001d435f0005691e
0022e106000533d1001d3d7d00056875
0022ff83000530b3001d3808000566ce
00231ef400052c9d001d331a000563e2
00233ed800052805001d2e6d00056051
00235eae00052382001d29be00055cd4
00237e6000051f21001d24ff00055982
00239e4d00051a4a001d2062000555ac
0023be6100051530001d1bdd0005518a
0023de31000510ab001d173900054e06
0023fdc100050cb4001d127800054b17
00241d43000508ca001d0db400054838
00243cd30005047d001d08fa000544f3
00245c760004ffbc001d044d00054138
00247c100004fb60001cff9f00053de2
00249b920004f83f001cfae900053bc7
0024bb030004f5cf001cf62e00053a5d
0024da680004f331001cf171000538c4
0024f9e30004f113001cecc2000537ad
0025197a0004efde001ce82400053781
002539290004ef29001ce397000537d8
002558fe0004ef03001cdf1f000538c2
002578fc0004ef62001cdac100053a38
002599140004f011001cd67400053c03
0025b9150004f0a9001cd21e00053db2
0025d8d60004f0df001ccdaa00053ef2
0025f8800004f0f4001cc92e00054010
002618300004f11c001cc4ba00054143
002637470004f0aa001cbff6000541b0
0026555c0004ef30001cbaab000540ca
0026732d0004ed6c001cb54100053f8b
002691a90004ec31001cb03900053f13
0026b0eb0004eb8e001caba400053f80
0026d0390004eb02001ca71800054006
0026ef450004ea51001ca26b00054050
00270f260004e9f9001c9e420005415d
002730070004ea17001c9ab60005435c
002750ba0004ea32001c97100005453e
002770bd0004ea1d001c92ff00054693
00278ffa0004e9e1001c8e7400054751
0027ae300004e980001c893e0005474a
0027cb1a0004e904001c832c00054652
0027e6f80004e879001c7c650005449c
002802120004e7f6001c751700054262
00281bed0004e794001c6cde00053f55
002834bf0004e74e001c63e400053b9a
00284d780004e708001c5ade000537d2
002866620004e6b4001c52050005342d
00287fdc0004e626001c49b1000530e3
002899d50004e56b001c41d000052deb
0028b3b30004e4bd001c39da00052ae6
0028cdbf0004e3ea001c321d000527ff
0028e8270004e2e0001c2ac200052551
002902930004e1d0001c2371000522a8
00291cdb0004e0dc001c1bfc00051ff0
002937160004dfe9001c148300051d33
002951c80004de6b001c0db800051ab9
00296d010004dc54001c07b10005188b
002987fb0004da9f001c013d0005163f
0029a21a0004da2b001bf95900051385
0029bb870004dace001bf03a00051071
0029d4d60004db88001be6ff00050d51
0029ee920004db2a001bdeee00050a6c
002a08a80004d9ef001bd7c9000507b7
002a22c00004d89f001bd0bb00050507
002a3ce90004d6d3001bca2c00050262
002a571b0004d507001bc39f0004ffc5
002a712e0004d40a001bbc430004fd1c
002a8b300004d306001bb4ef0004fa6d
002aa5310004d188001bae160004f7c1
002abf370004d049001ba6fe0004f51b
002ad9550004cfe7001b9f080004f283
002af3b40004d0ee001b95a60004f010
002b0e460004d30a001b8b2b0004edb9
002b28dc0004d551001b80850004eb67
002b436e0004d79a001b75de0004e917
002b5e1c0004da27001b6aee0004e6d8
002b78de0004dceb001b5fc40004e4a6
002b93460004df34001b552a0004e249
002bad930004e142001b4acc0004dfe2
002bc8a80004e44d001b3f3d0004dde8
002be45b0004e829001b32b40004dc44
002bffac0004ebb4001b269b0004da6e
002c1a740004eebe001b1b2e0004d852
002c35290004f1b8001b0fd50004d62e
002c4fec0004f4c0001b04680004d416
002c6adc0004f7e5001af8ca0004d21b
002c86250004fb3c001aecd10004d058
002ca1f00004fed1001ae05d0004cee6
002cbe7b000502b3001ad33a0004cdeb
002cdbe7000506e2001ac5530004cd7f
002cfa7c00050b5e001ab6770004cdd3
002d19e900051011001aa6e80004ceb3
002d38cf000514bc001a97b80004cf3c
002d56690005194a001a897c0004cee6
002d73a500051dc6001a7b870004ce59
002d91810005223b001a6d200004ce43
002db000000526a1001a5e490004ceaa
002dcf2100052aeb001a4f050004cf93
002deee500052f12001a3f560004d101
002e0f0e0005331c001a2f650004d2c7
002e2f090005373b001a1f8e0004d467
002e4f0800053b49001a0fb40004d616
002e6fb300053f000019ff740004d86c
002e906e000542b60019ef270004dad1
002eb0c3000546a40019df140004dcd5
002ed11a00054a870019ceff0004dee5
002ef18e00054e4e0019bed80004e11c
002f11db000552360019aec50004e328
002f31e90005565600199ed30004e4e9
002f520e00055a4800198ed40004e6dd
002f724000055e2f00197ecd0004e8e3
002f92480005624300196edb0004eab1
002fb2400005666700195ef00004ec6b
002fd1f400056b1100194f270004ed95
002ff13d000570a200193f950004edc7
003010280005771c001930300004ed03
00302ee800057df3001920e10004ebdb
00304da9000584ab001911910004ead2
00306c6c00058b240019023e0004ea08
00308b40000590750018f2e30004ea64
0030aa28000594460018e37c0004ec41
0030c912000597910018d4140004eea2
0030e7fa00059b010018c4ac0004f0de
003106d700059e6d0018b5480004f31c
003125ae0005a1c90018a5e70004f568
0031449b0005a5870018967a0004f74e
003163d50005aa41001886e40004f82e
003183610005aff4001877250004f806
0031a31c0005b6240018674c0004f75a
0031c3400005bd180018573d0004f5d2
0031e4070005c52b001846d70004f307
0032056b0005ce2f0018361f0004ef25
0032275c0005d7f40018251b0004ea5a
003249d20005e259001813cf0004e4c8
00326d330005eda8001802030004de00
0032918b0005f9e50017efaf0004d5f7
0032b6750006069e0017dd090004cd3c
0032dc3a000613ed0017c9e50004c391
003302d2000621cc0017b6480004b900
0033290200062f820017a2e90004aec5
00334db500063c8c0017906b0004a5e6
003370e4000648f600177ed400049e5e
0033939b0006552b00176d840004973f
0033b7460006619700175b9600048f58
0033dcaf00066e5b001748850004860d
003403ea00067b620017343e00047b58
00342c9f0006888c00171ef500046f87
003455da000695c0001709500004634e
00347e420006a3040016f444000457a1
0034a5550006b0610016e03100044cd7
0034cbac0006bdd20016ccaa00044287
0034f1fd0006cb3b0016b9230004383b
003518e50006d8700016a51700042d8c
003540410006e580001690aa00042292
003567240006f2c300167caa000417dd
00358d20000700700016697e00040dad
0035b1ea00070ec8001657820004042b
0035d59800071dc5001646a10003fb49
0035f8c300072d150016364a0003f2af
00361b6f00073cc9001626850003ea58
00363dbf00074cc1001617250003e231
00365fd200075cf3001608150003da28
0036818c00076d800015f97b0003d24d
0036a32000077e300015eb130003ca84
0036c4b500078ecc0015dc9b0003c2b7
0036e6b900079e820015cd2c0003baaf
003709620007acee0015bc590003b251
00372c2f0007bb0f0015ab390003a9dd
00374ed80007c97400159a650003a179
003771850007d7a10015895e00039911
003794480007e556001577e20003909c
0037b7060007f3230015668400038828
0037d9a6000801ec0015562700037fbf
0037fc2b000811440015465f00037763
00381ea5000820200015362100036f0a
0038411500082e920015257e000366b4
0038637a00083ce2001514bf00035e61
003885f600084ba10015047700035600
0038a88700085aec0014f4c200034d93
0038cb0b00086a290014e5030003452a
0038ed870008795b0014d54000033cc2
00390feb0008886f0014c56000033465
0039324e0008977e0014b58300032c06
0039549a0008a67d0014a596000323b2
0039767d0008b4ee0014950b00031b92
003998400008c32e0014844f00031380
0039ba780008d1f00014744000030b2c
0039dd570008e1630014651b0003027c
003a00970008f1380014567e0002f995
003a24120009013c0014482e0002f08b
003a474c00091121001439aa0002e7a4
