00000000000000450000000000000045
00000004000001570000000200000157
00000018000003790000000c0000037a
0000004d000006a700000027000006aa
000000b200000adb0000005900000ae3
000001550000100e000000ab00001022
000002470000163a0000012500001662
0000039500001d54000001ce00001d9e
0000054d00002555000002ac000025d1
0000077a00002e30000003c800002ef4
00000a29000037dc0000052600003902
00000d650000424a000006cf000043f4
0000113800004d70000008c700004fc4
000015aa0000593e00000b1400005c6a
00001ac3000065a700000dbc000069de
0000208a0000729d000010c400007818
00002705000080100000142f00008712
00002e3700008df200001801000096c2
0000362300009c3400001c400000a71f
00003ecd0000aac5000020ec0000b822
000048340000b9980000260a0000c9c0
000052580000c89d00002b9c0000dbf2
00005d380000d7c5000031a30000eeae
000068d10000e70200003820000101ea
0000751f0000f64600003f140001159e
0000821e0001058300004680000129c0
00008fc8000114ad00004e6400013e48
00009e17000123b8000056be0001532b
0000ad030001329700005f8e00016860
0000bc8400014142000068d100017ddf
0000cc9100014fad000072870001939e
0000dd2100015dd100007cac0001a995
0000ee2a00016ba50000873d0001bfbb
0000ffa100017922000092370001d608
0001117c0001864400009d960001ec73
000123b1000193040000a955000202f5
0001363300019f610000b57100021985
000148f80001ab560000c1e30002301d
00015bf40001b6e30000cea6000246b5
00016f1e0001c2070000dbb500025d47
0001826a0001ccc30000e90a000273cc
000195cf0001d7180000f69d00028a3e
0001a9410001e108000104690002a098
0001bcb90001ea98000112660002b6d5
0001d02c0001f3cb0001208c0002ccf0
0001e3930001fca500012ed60002e2e5
0001f6e70002052e00013d3a0002f8b0
00020a2100020d6a00014bb200030e4d
00021d3b0002156200015a35000323ba
0002303000021d1c000168bb000338f4
000242fc0002249f0001773d00034dfa
0002559c00022bf5000185b2000362ca
0002680e000233240001941200037763
00027a5100023a360001a25500038bc5
00028c64000241330001b07300039ff0
00029e48000248230001be650003b3e4
0002b00000024f0e0001cc210003c7a3
0002c18d000255fc0001d9a10003db2d
0002d2f300025cf30001e6dd0003ee86
0002e437000263fd0001f3cd000401ae
0002f55e00026b1e0002006a000414aa
0003066e0002725d00020cae0004277d
0003176e000279be0002189200043a29
00032865000281480002240f00044cb4
0003395b000288fc00022f1f00045f22
00034a58000290df000239bc00047177
00035b66000298f1000243e2000483ba
00036c8e0002a13500024d8b000495ee
00037dd80002a9a9000256b20004a81b
00038f4f0002b24e00025f530004ba46
0003a0fc0002bb220002676a0004cc76
0003b2e80002c42000026ef50004deb1
0003c51e0002cd46000275ef0004f0fe
0003d7a70002d68f00027c5700050364
0003ea8a0002dff50002822b000515ea
0003fdd10002e9700002876800052897
000411840002f2f900028c0e00053b72
000425aa0002fc880002901c00054e83
00043a4a0003061300029393000561d1
00044f6a00030f910002967200057563
0004650f000318f5000298bb00058942
00047b3c0003223500029a6e00059d73
000491f700032b4400029b8e0005b1ff
0004a9400003341700029c1d0005c6ec
0004c11a00033ca100029c1e0005dc42
0004d984000344d300029b930005f207
0004f27e00034ca200029a8100060841
00050c05000353ff000298ec00061ef7
0005261800035ade000296d800063630
000540b1000361300002944a00064df1
00055bcb000366ea000291470006663f
0005776000036bfe00028dd500067f20
0005936800037060000289fb00069898
0005afdc00037404000285bd0006b2ad
0005ccb0000376de000281240006cd63
0005e9dc000378e500027c360006e8bd
0006075300037a0e000276f9000704be
0006250900037a51000271760007216a
000642f2000379a400026bb400073ec2
000660ff00037801000265bb00075cca
00067f220003756300025f9300077b83
00069d4d000371c20002594300079aee
0006bb7100036d1d000252d50007bb0b
0006d97d0003676f00024c4f0007dbda
0006f762000360b8000245bb0007fd5d
00071510000358f700023f2100081f91
000732770003502c0002388900084275
00074f8600034659000231fb00086608
00076c2f00033b8300022b7f00088a48
0007886200032fac0002251e0008af31
0007a40f000322db00021edf0008d4c1
0007bf2800031517000218ca0008faf4
0007d99e00030666000212e6000921c6
0007f3640002f6d300020d3b00094933
00080c6d0002e665000207d000097136
000824ad0002d529000202ab000999c9
00083c190002c32a0001fdd40009c2e7
000852a60002b0730001f9510009ec89
0008684c00029d130001f526000a16aa
00087d01000289160001f15b000a4142
000890bf0002748b0001edf4000a6c4b
0008a38000025f800001eaf5000a97bd
0008b53f00024a030001e864000ac391
0008c5f8000234250001e644000aefbf
0008d5a800021df40001e499000b1c3e
0008e44f000207800001e366000b4907
0008f1eb0001f0d70001e2ad000b7611
0008fe7e0001da080001e270000ba353
00090a0a0001c3230001e2b2000bd0c6
000914920001ac350001e374000bfe60
00091e1b0001954d0001e4b5000c2c19
000926a900017e780001e677000c59e7
00092e43000167c20001e8b9000c87c2
000934f0000151370001eb7a000cb5a2
00093ab700013ae40001eeba000ce37d
00093fa2000124d10001f276000d114c
000943b900010f0a0001f6ac000d3f05
000947080000f9950001fb5a000d6ca0
000949970000e47c0002007c000d9a16
00094b720000cfc50002060f000dc75e
00094ca40000bb7400020c10000df471
00094d390000a79000021279000e2147
00094d3b0000941a00021946000e4dd9
00094cb70000811700022072000e7a21
00094bb700006e86000227f7000ea618
00094a4700005c6900022fcf000ed1b7
0009487300004abe000237f4000efcf9
000946440000398500024060000f27d8
000943c5000028b90002490c000f5250
0009410000001859000251f1000f7c5c
00093dfd0000086000025b07000fa5f7
00093ac6fffff8c800026447000fcf1e
00093761ffffe98b00026daa000ff7cf
000933d7ffffdaa50002772700102005
0009302dffffcc0c000280b7001047bf
00092c68ffffbdbb00028a5200106efa
0009288dffffafa9000293ef001095b6
0009249effffa1cf00029d870010bbf2
000920a0ffff94230002a7110010e1ad
00091c92ffff869f0002b086001106e7
00091876ffff79380002b9dc00112ba1
0009144affff6be80002c30d00114fdd
0009100fffff5ea60002cc110011739b
00090bc0ffff516a0002d4df001196dd
0009075bffff442d0002dd700011b9a7
000902dcffff36e80002e5bc0011dbfb
0008fe3effff29950002edbd0011fddc
0008f97bffff1c2d0002f56c00121f4f
0008f48dffff0eab0002fcc200124057
0008ef6cffff010b000303b8001260f9
0008ea11fffef34900030a480012813b
0008e474fffee5630003106e0012a121
0008de8dfffed757000316220012c0b1
0008d852fffec92300031b610012dff2
0008d1bafffebac8000320250012fee9
0008cabdfffeac470003246b00131d9d
0008c351fffe9da10003282f00133c16
0008bb6dfffe8eda00032b6d00135a59
0008b308fffe7ff500032e220013786f
0008aa19fffe70f80003304c0013965e
0008a098fffe61e9000331e90013b42e
0008967cfffe52cf000332f70013d1e7
00088bbffffe43b0000333760013ef91
00088058fffe34970003336500140d33
00087442fffe258c000332c300142ad5
00086778fffe169a000331920014487f
000859f5fffe07cb00032fd100146639
00084bb4fffdf92c00032d830014840a
00083cb4fffdeac800032aa90014a1fa
00082cf2fffddcab000327460014c011
00081c6dfffdcee30003235d0014de56
00080b25fffdc17c00031ef00014fcd0
0007f91dfffdb48400031a0300151b87
0007e656fffda8080003149b00153a80
0007d2d3fffd9c1500030ebc001559c2
0007be9bfffd90b90003086a00157954
0007a9b1fffd8601000301ac0015993c
0007941efffd7bf90002fa870015b97f
00077de9fffd72ad0002f3010015da23
0007671cfffd6a2a0002eb200015fb2c
00074fbffffd627b0002e2eb00161c9f
000737dffffd5ba90002da6800163e80
00071f87fffd55c00002d1a0001660d3
000706c3fffd50c60002c8990016839b
0006eda1fffd4cc60002bf5b0016a6db
0006d430fffd49c50002b5ee0016ca96
0006ba7dfffd47ca0002ac590016eecd
0006a098fffd46da0002a2a600171382
00068691fffd46f8000298db001738b6
00066c78fffd482700028f0100175e6a
0006525dfffd4a69000285200017849d
0006384ffffd4dbd00027b410017ab4f
00061e61fffd52240002716b0017d280
000604a1fffd579a000267a80017fa2d
0005eb20fffd5e1c00025dfe00182256
0005d1eefffd65a60002547600184af7
0005b919fffd6e3300024b190018740e
0005a0b3fffd77bb000241ec00189d98
000588c8fffd8236000238f90018c790
00057166fffd8d9c000230460018f1f4
00055a9bfffd99e2000227da00191cbe
00054474fffda6fe00021fbc001947e9
00052efafffdb4e5000217f300197370
00051a3afffdc3890002108400199f4d
0005063bfffdd2de000209760019cb7b
0004f308fffde2d6000202ce0019f7f2
0004e0a7fffdf3630001fc91001a24ad
0004cf1efffe04770001f6c4001a51a4
0004be73fffe16010001f16b001a7ecf
0004aea9fffe27f40001ec8a001aac29
00049fc4fffe3a400001e824001ad9a8
000491c4fffe4cd60001e43c001b0744
000484abfffe5fa70001e0d6001b34f7
00047876fffe72a30001ddf3001b62b7
00046d26fffe85bc0001db94001b907d
000462b5fffe98e40001d9bb001bbe40
00045922fffeac0d0001d868001bebf8
00045065fffebf2a0001d79b001c199b
0004487bfffed22d0001d755001c4723
0004415afffee50b0001d794001c7487
00043afdfffef7b90001d857001ca1bd
0004355affff0a2c0001d99d001ccebf
00043068ffff1c5b0001db62001cfb83
00042c1effff2e3d0001dda4001d2803
00042872ffff3fcb0001e061001d5436
00042558ffff50fe0001e394001d8015
000422c6ffff61d10001e739001dab98
000420b2ffff72400001eb4d001dd6b9
00041f0fffff82460001efc9001e0170
00041dd3ffff91e20001f4a9001e2bb8
00041cf2ffffa1120001f9e8001e558a
00041c61ffffafd60001ff7f001e7ee0
00041c17ffffbe2f00020568001ea7b5
00041c08ffffcc1e00020b9c001ed005
00041c2bffffd9a700021215001ef7c9
00041c75ffffe6cd000218cc001f1eff
00041ce0fffff39300021fb9001f45a2
00041d6100000000000226d5001f6baf
00041df300000c1900022e17001f9123
00041e8e000017e500023579001fb5fc
00041f2c0000236a00023cf2001fda37
00041fca00002eb00002447b001ffdd4
00042062000039be00024c0a002020d2
000420f20000449d000253980020432f
0004217800004f5500025b1d002064ec
000421f2000059ee000262910020860a
0004226100006471000269ec0020a689
000422c500006ee6000271240020c66a
0004232100007954000278340020e5b1
00042376000083c300027f130021045e
000423c900008e3b000285b900212276
0004241f000098c300028c1f00213ffb
0004247b0000a3610002923d00215cf1
000424e50000ae1b0002980e0021795d
000425640000b8f600029d8a00219542
000425fe0000c3f50002a2aa0021b0a6
000426bb0000cf1e0002a76a0021cb8f
000427a50000da720002abc20021e601
000428c30000e5f20002afae00220003
00042a1f0000f1a10002b3290022199b
00042bc20000fd7e0002b62e002232d0
00042db6000109870002b8b900224ba9
00043004000115ba0002bac60022642d
000432b6000122150002bc5100227c63
000435d400012e930002bd5900229453
0004396800013b2f0002bdda0022ac04
00043d7a000147e30002bdd20022c37f
00044213000154a70002bd400022dacb
0004473a000161750002bc240022f1f0
00044cf700016e420002ba7c002308f7
0004535000017b070002b84800231fe7
00045a4a000187b70002b589002336c9
000461ea000194480002b24000234da4
00046a350001a0af0002ae6e00236481
0004732c0001ace00002aa1600237b68
00047cd30001b8cd0002a5380023925f
0004872a0001c46b00029fda0023a970
000492310001cfab000299fc0023c0a0
00049de70001da81000293a40023d7f8
0004aa490001e4df00028cd50023ef7f
0004b7540001eeb8000285950024073b
0004c5040001f7fe00027de700241f33
0004d352000200a5000275d10024376c
0004e238000208a000026d5900244fee
0004f1ae00020fe300026486002468bc
000501ab0002166200025b5c002481dd
0005122600021c11000251e400249b55
00052312000220e7000248230024b529
00053466000224da00023e210024cf5c
00054613000227e1000233e60024e9f2
0005580d000229f400022979002504ee
00056a4700022b0b00021ee200252053
00057cb000022b220002142800253c22
00058f3b00022a33000209540025585e
0005a1d70002283b0001fe6e00257507
0005b476000225360001f37e0025921f
0005c706000221250001e88c0025afa6
0005d97900021c060001dda10025cd9b
0005ebbd000215da0001d2c40025ebfe
0005fdc200020ea50001c7fe00260acd
00060f7a000206690001bd5700262a07
000620d30001fd2a0001b2d7002649a9
000631c00001f2f00001a885002669b2
000642300001e7c000019e6900268a1d
000652170001dba30001948c0026aae8
000661660001cea100018af30026cc0f
000670100001c0c5000181a50026ed8d
00067e0a0001b219000178ab00270f5c
00068b480001a2aa000170090027317a
000697c100019283000167c7002753de
0006a36b000181b200015fe900277685
0006ae3d000170450001587500279967
0006b83100015e49000151710027bc7e
0006c14200014bce00014ae10027dfc4
0006c969000138e1000144c900280331
0006d0a40001259300013f2c002826bd
0006d6f0000111f200013a0f00284a62
0006dc4c0000fe0f0001357500286e18
0006e0b70000e9f60001315f002891d7
0006e4340000d5b900012dcf0028b596
0006e6c30000c16500012ac80028d94f
0006e8690000ad080001284a0028fcf8
0006e929000098b10001265600292089
0006e90a0000846c000124eb002943fb
0006e811000070470001240a00296745
0006e64500005c4c000123b200298a5f
0006e3af00004887000123e00029ad41
0006e05600003503000124940029cfe3
0006dc45000021c8000125cb0029f23d
0006d78500000ee000012782002a1447
0006d221fffffc50000129b5002a35fa
0006cc24ffffea2100012c62002a574e
0006c598ffffd85600012f84002a783d
0006be89ffffc6f500013316002a98c0
0006b701ffffb60100013714002ab8cf
0006af0effffa57c00013b79002ad866
0006a6b9ffff95660001403e002af77d
00069e0effff85c10001455d002b1610
00069517ffff768a00014ad1002b3419
00068bdfffff67c100015093002b5193
00068271ffff59630001569b002b6e7b
000678d5ffff4b6b00015ce3002b8acb
00066f14ffff3dd500016364002ba681
00066537ffff309d00016a15002bc19a
00065b45ffff23bc000170ef002bdc12
00065144ffff172b000177eb002bf5e8
0006473bffff0ae400017eff002c0f19
00063d2efffefedf00018625002c27a5
00063322fffef31400018d53002c3f8b
00062918fffee77c00019482002c56cb
00061f14fffedc0d00019baa002c6d65
00061517fffed0c10001a2c3002c8359
00060b20fffec58d0001a9c3002c98a9
0006012ffffeba6b0001b0a4002cad56
0005f742fffeaf510001b75e002cc163
0005ed56fffea4390001bde8002cd4d3
0005e368fffe991b0001c43b002ce7a7
0005d974fffe8df00001ca50002cf9e5
0005cf73fffe82b30001d020002d0b8f
0005c560fffe775c0001d5a3002d1cab
0005bb34fffe6be70001dad4002d2d3c
0005b0e9fffe60500001dfab002d3d48
0005a675fffe54940001e422002d4cd6
00059bd1fffe48b00001e835002d5be9
000590f4fffe3ca10001ebdd002d6a8a
000585d6fffe30690001ef15002d78bd
00057a6bfffe24060001f1da002d868b
00056eadfffe177a0001f426002d93fa
00056291fffe0ac70001f5f7002da112
0005560dfffdfdf00001f748002dadd9
00054919fffdf0fb0001f817002dba59
00053bacfffde3eb0001f862002dc697
00052dbefffdd6c80001f826002dd29e
00051f45fffdc9980001f763002dde74
0005103cfffdbc630001f616002dea22
0005009bfffdaf320001f441002df5af
0004f05bfffda20f0001f1e2002e0126
0004df78fffd95040001eefa002e0c8c
0004cdecfffd881d0001eb8b002e17eb
0004bbb5fffd7b640001e795002e234b
0004a8cefffd6ee70001e31a002e2eb4
00049537fffd62b10001de1e002e3a2e
000480effffd56d00001d8a2002e45bf
00046bf7fffd4b500001d2ab002e5171
0004564efffd403f0001cc3b002e5d4a
00043ff9fffd35ab0001c557002e6951
000428fbfffd2ba00001be04002e758d
00041159fffd222c0001b646002e8206
0003f918fffd195c0001ae23002e8ec0
0003e040fffd113c0001a5a1002e9bc2
0003c6d8fffd09d900019cc6002ea911
0003acebfffd033d00019397002eb6b3
00039281fffcfd7500018a1d002ec4ad
000377a7fffcf88b0001805d002ed303
00035c68fffcf4870001765e002ee1b8
000340d0fffcf17400016c29002ef0d2
000324edfffcef58000161c5002f0052
000308cefffcee3a0001573a002f103b
0002ec81fffcee2100014c8f002f208f
0002d015fffcef10000141cc002f3151
0002b39afffcf10c000136fa002f4282
0002971ffffcf41600012c21002f5422
00027ab6fffcf83000012149002f6632
00025e6dfffcfd5b0001167a002f78b1
00024256fffd039300010bbc002f8b9e
00022680fffd0ad900010118002f9efa
00020afcfffd13270000f695002fb2c1
0001efd9fffd1c780000ec3c002fc6f2
0001d526fffd26c80000e214002fdb8b
0001baf2fffd320f0000d825002ff088
0001a14cfffd3e440000ce75003005e5
00018840fffd4b5f0000c50e00301ba0
00016fddfffd59550000bbf4003031b3
0001582dfffd681c0000b32f0030481a
0001413bfffd77a80000aac600305ed0
00012b13fffd87eb0000a2be003075cf
000115bdfffd98da00009b1d00308d11
00010141fffdaa66000093e80030a491
0000eda7fffdbc8000008d250030bc48
0000daf3fffdcf1b000086d80030d42f
0000c92bfffde227000081050030ec3f
0000b853fffdf59500007baf00310471
0000a86cfffe0956000076db00311cbd
00009979fffe1d5b0000728b0031351c
00008b78fffe319400006ec100314d87
00007e69fffe45f300006b80003165f4
00007249fffe5a68000068c800317e5d
00006716fffe6ee70000669b003196b9
00005ccafffe8361000064f90031aeff
00005361fffe97c9000063e20031c729
00004ad4fffeac12000063560031df2e
0000431cfffec031000063530031f705
00003c31fffed41a000063d900320ea7
0000360afffee7c4000064e50032260b
0000309efffefb250000667500323d2b
00002be3ffff0e3500006886003253fe
000027ceffff20ed00006b1400326a7e
00002456ffff334600006e1d003280a2
0000216fffff453c0000719b00329664
00001f0dffff56c90000758b0032abbd
00001d25ffff67eb000079e70032c0a7
00001badffff78a000007ea90032d51b
00001a99ffff88e7000083cd0032e915
000019ddffff98bf0000894c0032fc8d
00001970ffffa82a00008f1f00330f80
00001947ffffb72a00009541003321e9
00001957ffffc5c200009ba9003333c3
00001999ffffd3f40000a2520033450b
00001a02ffffe1c70000a933003355bc
00001a8bffffef3f0000b045003365d5
00001b2dfffffc620000b78000337552
00001be1000009370000bedd00338432
00001ca2000015c50000c65200339273
00001d6a000022130000cdd90033a013
00001e3600002e290000d5690033ad13
00001f0400003a100000dcfa0033b971
00001fd0000045cf0000e4830033c530
0000209b0000516f0000ebfd0033d04e
0000216400005cf80000f35f0033dace
0000222c000068720000faa10033e4b1
000022f6000073e6000101bc0033edfa
000023c300007f5b000108a80033f6ab
0000249800008ad800010f5d0033fec8
0000257a00009664000115d400340654
0000266e0000a20500011c0500340d53
0000277a0000adc1000121ea003413c9
000028a40000b99d0001277c003419bd
000029f50000c59c00012cb500341f32
00002b730000d1c30001318f0034242f
00002d290000de1400013604003428b9
00002f1e0000ea8f00013a0e00342cd6
0000315b0000f73700013da90034308f
000033ea0001040a000140d1003433e8
000036d50001110700014381003436ea
00003a2300011e2b000145b50034399c
00003de000012b740001476a00343c05
00004214000138dd0001489e00343e2d
000046c7000146610001494e0034401c
00004c03000153f800014978003441db
000051cf0001619d0001491b00344371
0000583200016f4600014835003444e6
00005f3500017ceb000146c700344643
000066dc00018a83000144d000344790
00006f2d0001980200014251003448d5
0000782d0001a55d00013f4c00344a1b
000081e00001b28900013bc000344b6a
00008c470001bf7a000137b100344cc9
000097650001cc230001332100344e40
0000a33a0001d87700012e1300344fd8
0000afc70001e4680001288a00345198
0000bd080001efea0001228a00345387
0000cafc0001faef00011c17003455ac
0000d99f0002056a000115350034580f
0000e8ec00020f4d00010deb00345ab5
0000f8dc0002188c0001063c00345da5
000109690002211a0000fe2f003460e5
00011a8b000228ec0000f5cb0034647a
00012c3800022ff40000ed140034686a
00013e66000236290000e41300346cba
0001510a00023b800000dace0034716d
0001641800023ff00000d14b00347689
00017784000243700000c79400347c0f
00018b3f000245f90000bdae00348204
00019f3b000247830000b3a30034886b
0001b36a000248090000a97900348f45
0001c7bd0002478700009f3a00349694
0001dc24000245f9000094ec00349e59
0001f08e0002435c00008a990034a695
000204ec00023fb1000080480034af48
0002192e00023af6000076010034b873
00022d440002352d00006bce0034c214
0002411d00022e5a000061b50034cc2a
000254a90002267f000057bf0034d6b4
000267d900021da100004df30034e1b0
00027a9e000213c70000445b0034ed1a
00028ce8000208f700003afc0034f8ef
00029eab0001fd3b000031de0035052d
0002afd70001f09b00002909003511d0
0002c0620001e3210000208300351ed2
0002d03e0001d4d80000185400352c30
0002df610001c5cd00001081003539e4
0002edc00001b60c00000910003547e8
0002fb540001a5a30000020700355637
000308130001949efffffb6b003564cb
000313f70001830dfffff5420035739d
00031efa000170feffffef8f003582a6
0003291800015e80ffffea57003591e0
0003324e00014ba2ffffe59e0035a143
00033a9800013874ffffe1660035b0c8
000341f600012504ffffddb30035c066
0003486900011162ffffda870035d017
00034df10000fd9dffffd7e40035dfd3
000352910000e9c2ffffd5ca0035ef91
0003564c0000d5e1ffffd43c0035ff49
000359270000c207ffffd33900360ef3
00035b270000ae41ffffd2c100361e88
00035c5400009a9cffffd2d400362dff
00035cb300008722ffffd37100363d4f
00035c4d000073e0ffffd49600364c72
00035b2b000060dfffffd64100365b5f
0003595700004e27ffffd87000366a0f
000356d900003bc2ffffdb2000367879
000353be000029b7ffffde4d00368697
0003500f0000180bffffe1f400369461
00034bd8000006c4ffffe6100036a1d1
00034723fffff5e6ffffea9d0036aedf
000341fdffffe574ffffef960036bb86
00033c6fffffd570fffff4f50036c7bf
00033687ffffc5dafffffab50036d384
0003304effffb6b2000000cf0036ded1
000329cfffffa7f80000073d0036e9a0
00032315ffff99aa00000df80036f3ec
00031c29ffff8bc3000014fa0036fdb2
00031515ffff7e4100001c3b003706ed
00030de0ffff711f000023b300370f9a
00030694ffff645700002b5c003717b6
0002ff38ffff57e30000332d00371f3f
0002f7d1ffff4bbe00003b1e00372633
0002f065ffff3fde0000432800372c90
0002e8faffff343e00004b4200373255
0002e192ffff28d40000536400373782
0002da30ffff1d9a00005b8600373c16
0002d2d7ffff12870000639f00374012
0002cb87ffff079100006ba800374377
0002c440fffefcb20000739900374647
0002bd00fffef1e100007b6900374882
0002b5c7fffee7150000831000374a2b
0002ae90fffedc4800008a8800374b46
0002a758fffed172000091c700374bd5
0002a01afffec68d000098c800374bdc
000298d1fffebb9100009f8200374b60
00029177fffeb07b0000a5f000374a64
00028a04fffea5440000ac09003748ee
00028271fffe99e90000b1c900374702
00027ab6fffe8e660000b728003744a7
000272cbfffe82ba0000bc22003741e3
00026aa7fffe76e20000c0b100373ebc
00026240fffe6adf0000c4d100373b39
0002598dfffe5eb10000c87c00373760
00025086fffe52580000cbae00373338
00024720fffe45d90000ce6500372eca
00023d53fffe39360000d09c00372a1d
00023315fffe2c730000d25100372538
0002285dfffe1f970000d38200372024
00021d23fffe12a70000d42d00371ae8
0002115ffffe05ab0000d4510037158c
0002050afffdf8ac0000d3ec0037101a
0001f81cfffdebb10000d2fe00370a99
0001ea90fffddec60000d18800370511
0001dc61fffdd1f50000cf890036ff8b
0001cd8afffdc5480000cd040036fa0f
0001be07fffdb8cc0000c9f90036f4a4
0001add6fffdac8d0000c66a0036ef54
00019cf5fffda0970000c25b0036ea25
00018b64fffd94f80000bdce0036e520
00017924fffd89bd0000b8c60036e04c
00016636fffd7ef20000b3470036dbb1
0001529dfffd74a60000ad560036d755
00013e5dfffd6ae60000a6f70036d33f
0001297afffd61bf0000a02f0036cf76
000113fcfffd593e000099030036cc00
0000fde9fffd516e0000917b0036c8e3
0000e74afffd4a5d0000899a0036c625
0000d027fffd4416000081690036c3c9
0000b88cfffd3ea4000078ed0036c1d7
0000a083fffd3a100000702e0036c050
00008819fffd3665000067320036bf3b
00006f5afffd33aa00005e020036be99
00005655fffd31e8000054a50036be6f
00003d16fffd312500004b230036bebe
000023aefffd3166000041830036bf89
00000a2bfffd32b0000037ce0036c0d1
fffff09dfffd350600002e0b0036c298
ffffd713fffd386a000024440036c4df
ffffbd9ffffd3cdd00001a800036c7a5
ffffa451fffd425f000010c70036caea
ffff8b37fffd48ef000007210036cead
ffff7263fffd5089fffffd970036d2ee
ffff59e5fffd592afffff4300036d7aa
ffff41cbfffd62cdffffeaf50036dce0
ffff2a26fffd6d6bffffe1ed0036e28c
ffff1303fffd78fdffffd9200036e8ab
fffefc71fffd857bffffd0950036ef3b
fffee67cfffd92dcffffc8520036f636
fffed133fffda115ffffc0600036fd99
fffebca0fffdb01affffb8c40037055e
fffea8cefffdbfe1ffffb18500370d81
fffe95c8fffdd05cffffaaa9003715fc
fffe8396fffde17effffa43500371ec9
fffe723ffffdf339ffff9e2f003727e2
fffe61cbfffe057effff989b00373140
fffe5240fffe183fffff937e00373add
fffe43a0fffe2b6effff8edc003744b1
fffe35f1fffe3efaffff8ab900374eb6
fffe2934fffe52d4ffff8717003758e3
fffe1d69fffe66eeffff83fb00376331
fffe1291fffe7b38ffff816500376d98
fffe08a9fffe8fa4ffff7f5700377811
fffdffb1fffea422ffff7dd400378293
fffdf7a3fffeb8a5ffff7cdb00378d16
fffdf07bfffecd20ffff7c6d00379793
fffdea34fffee184ffff7c8b0037a200
fffde4c7fffef5c7ffff7d320037ac56
fffde02dffff09dcffff7e630037b68d
fffddc5dffff1db8ffff801c0037c09d
fffdd94fffff3152ffff825a0037ca7e
fffdd6f9ffff44a0ffff851c0037d429
fffdd550ffff579bffff885d0037dd94
fffdd44cffff6a3bffff8c1b0037e6bb
fffdd3e0ffff7c7bffff90520037ef94
fffdd402ffff8e55ffff94fe0037f81a
fffdd4a6ffff9fc5ffff9a1900380045
fffdd5c1ffffb0caffff9f9f0038080f
fffdd748ffffc15fffffa58b00380f73
fffdd930ffffd186ffffabd60038166a
fffddb6dffffe13effffb27a00381cef
fffdddf5fffff089ffffb972003822fd
fffde0beffffff68ffffc0b50038288f
fffde3be00000ddfffffc83e00382da2
fffde6eb00001bf2ffffd00400383231
fffdea3e000029a5ffffd8020038363a
fffdedae000036feffffe02d003839b9
fffdf13400004404ffffe88000383cab
fffdf4ca000050bcfffff0f200383f10
fffdf86b00005d2efffff97c003840e5
fffdfc11000069620000021400384229
fffdffb90000755f00000ab2003842dd
fffe03610000812e00001350003842ff
fffe070600008cd600001be300384290
fffe0aa9000098610000246500384191
fffe0e490000a3d700002ccd00384005
fffe11e80000af3f0000351300383deb
fffe15870000baa200003d3000383b48
fffe192a0000c6070000451b0038381d
fffe1cd50000d17500004ccd0038346e
fffe208c0000dcf30000543e0038303f
fffe24550000e88800005b6900382b93
fffe28370000f4380000624500382670
fffe2c3800010008000068cc003820da
fffe306000010bfc00006ef800381ad7
fffe34b600011818000074c30038146c
fffe39440001245e00007a2800380da0
fffe3e12000130ce00007f2000380678
fffe432a00013d6a000083a80037fefb
fffe489400014a30000087bb0037f731
fffe4e5a0001571f00008b540037ef21
fffe54860001643500008e710037e6d1
fffe5b200001716e0000910e0037de4a
fffe623200017ec5000093270037d593
fffe69c500018c35000094bc0037ccb4
fffe71e0000199b7000095cb0037c3b5
fffe7a8b0001a744000096510037ba9f
fffe83cf0001b4d30000964f0037b17a
fffe8db20001c25b000095c30037a84d
fffe98390001cfd3000094ae00379f22
fffea36a0001dd2f0000931100379600
fffeaf490001ea64000090ed00378cef
fffebbda0001f76700008e43003783f8
fffec91f0002042b00008b1500377b22
fffed719000210a40000876700377276
fffee5c900021cc40000833a003769fa
fffef52d0002287e00007e93003761b8
ffff0545000233c600007975003759b4
ffff160d00023e8d000073e5003751f8
ffff2782000248c600006de700374a8a
ffff399d00025264000067800037436f
ffff4c5800025b5b000060b700373cae
ffff5fad0002639d0000598f0037364e
ffff739300026b200000521100373052
ffff8800000271d600004a4200372ac2
ffff9cea000277b70000422a003725a0
ffffb24600027cb7000039ce003720f2
ffffc807000280cd0000313600371cbb
ffffde20000283f10000286b003718ff
fffff4840002861b00001f72003715c0
00000b24000287460000165500371302
000021f20002876b00000d1b003710c6
000038dd00028686000003cd00370f0e
00004fd700028494fffffa7100370dda
000066d000028194fffff11100370d2c
00007db700027d83ffffe7b500370d04
0000947c00027864ffffde6500370d61
0000ab0e00027237ffffd52800370e42
0000c15f00026b00ffffcc0800370fa6
0000d75d000262c1ffffc30c0037118c
0000ecfa00025981ffffba3c003713f0
0001022600024f46ffffb19f003716d1
000116d200024418ffffa93d00371a2a
00012af2000237feffffa11e00371df9
00013e7600022b02ffff99480037223a
0001515400021d2fffff91c2003726e7
0001637f00020e90ffff8a9400372bfc
000174ec0001ff31ffff83c200373173
000185920001ef1effff7d5400373748
000195680001de66ffff774e00373d74
0001a4660001cd16ffff71b6003743f1
0001b2850001bb3dffff6c9000374ab8
0001bfc10001a8e9ffff67e2003751c2
0001cc140001962affff63ae00375909
0001d77d0001830effff5ffa00376084
0001e1f700016fa5ffff5cc70037682d
0001eb8400015bfeffff5a1800376ffc
0001f42400014827ffff57f0003777e9
0001fbd700013431ffff565000377feb
000202a100012029ffff553a003787fc
0002088500010c1dffff54af00379012
00020d880000f81cffff54ae00379826
000211b00000e430ffff55370037a030
000215030000d068ffff564b0037a826
000217890000bccfffff57e70037b003
0002194b0000a96fffff5a0a0037b7bc
00021a5000009652ffff5cb20037bf4b
00021aa300008381ffff5fdd0037c6a7
00021a4d00007103ffff63860037cdca
0002195a00005ee1ffff67ac0037d4ab
000217d400004d1fffff6c4a0037db44
000215c600003bc4ffff715b0037e18d
0002133c00002ad1ffff76db0037e781
0002104000001a4bffff7cc50037ed18
00020cde00000a33ffff83130037f24d
00020921fffffa89ffff89bf0037f71a
00020514ffffeb4dffff90c40037fb79
000200c2ffffdc7effff981a0037ff66
0001fc34ffffce1affff9fbb003802dc
0001f775ffffc01dffffa7a0003805d7
0001f28effffb283ffffafc200380853
0001ed87ffffa548ffffb81900380a4d
0001e867ffff9865ffffc09e00380bc1
0001e336ffff8bd5ffffc94800380cae
0001ddfbffff7f92ffffd21000380d12
0001d8b9ffff7392ffffdaee00380ceb
0001d377ffff67d0ffffe3d900380c38
0001ce37ffff5c43ffffecca00380af9
0001c8fcffff50e3fffff5b70038092e
0001c3c7ffff45a7fffffe9a003806d6
0001be99ffff3a870000076a003803f4
0001b972ffff2f7c0000101e00380088
0001b450ffff247c000018af0037fc95
0001af31ffff1981000021150037f81d
0001aa11ffff0e82000029490037f322
0001a4eeffff0378000031420037eda8
00019fc1fffef85e000038f90037e7b3
00019a86fffeed2b000040680037e147
00019535fffee1dd000047880037da69
00018fc9fffed66d00004e510037d31d
00018a38fffecad8000054bf0037cb69
0001847bfffebf1a00005aca0037c352
00017e8afffeb3330000606d0037badf
0001785bfffea720000065a40037b216
000171e5fffe9ae100006a690037a8fd
00016b20fffe8e7700006eb800379f9c
00016401fffe81e40000728d003795fa
00015c7ffffe752a000075e400378c1e
00015492fffe684d000078ba00378210
00014c2ffffe5b5200007b0d003777d7
0001434ffffe4e3f00007cdb00376d7b
000139e8fffe411a00007e2100376306
00012ff4fffe33ea00007edf0037587d
0001256afffe26b900007f1300374deb
00011a44fffe198f00007ebe00374357
00010e7dfffe0c7700007ddf003738c8
0001020ffffdff7b00007c7800372e49
0000f4f5fffdf2a700007a8a003723e0
0000e72efffde6060000781500371995
0000d8b5fffdd9a40000751d00370f71
0000c98bfffdcd90000071a40037057b
0000b9aefffdc1d500006dad0036fbbc
0000a921fffdb6800000693b0036f239
000097e3fffdaba0000064520036e8fc
000085f9fffda14200005ef80036e00a
00007367fffd9772000059300036d76a
00006032fffd8e3e000052ff0036cf22
00004c61fffd85b300004c6c0036c73a
000037fbfffd7ddd0000457b0036bfb6
00002308fffd76c800003e340036b89c
00000d92fffd707f0000369d0036b1f1
fffff7a4fffd6b0e00002ebc0036abb9
ffffe149fffd667e000026980036a5f9
ffffca8efffd62d800001e3a0036a0b5
ffffb37ffffd6024000015a700369bef
ffff9c2afffd5e6b00000ce9003697ab
ffff849dfffd5db200000406003693eb
ffff6ce8fffd5dfefffffb07003690b2
ffff551afffd5f54fffff1f400368e00
ffff3d42fffd61b7ffffe8d500368bd6
ffff2571fffd6529ffffdfb100368a36
ffff0db7fffd69a9ffffd6920036891f
fffef624fffd6f38ffffcd8000368890
fffedec8fffd75d4ffffc4820036888a
fffec7b3fffd7d7affffbba10036890a
fffeb0f4fffd8626ffffb2e400368a0e
fffe9a9dfffd8fd2ffffaa5400368b94
fffe84bafffd9a77ffffa1f800368d9a
fffe6f5cfffda610ffff99d70036901c
fffe5a8ffffdb291ffff91f900369316
fffe4662fffdbff3ffff8a6600369684
fffe32e0fffdce2bffff832300369a62
fffe2014fffddd2dffff7c3700369eab
fffe0e0bfffdecedffff75a90036a359
fffdfcccfffdfd5effff6f7e0036a866
fffdec62fffe0e73ffff69bc0036adce
fffddcd3fffe201dffff64680036b389
fffdce26fffe324fffff5f860036b990
fffdc060fffe44f9ffff5b1c0036bfdd
fffdb386fffe580dffff572d0036c669
fffda799fffe6b7affff53bd0036cd2c
fffd9c9dfffe7f33ffff50ce0036d41f
fffd9292fffe9328ffff4e640036db3a
fffd8977fffea749ffff4c810036e275
fffd814afffebb88ffff4b250036e9c8
fffd7a09fffecfd7ffff4a530036f12c
fffd73affffee428ffff4a0b0036f897
fffd6e39fffef86dffff4a4d00370001
fffd69a0ffff0c99ffff4b1a00370764
fffd65ddffff20a0ffff4c7000370eb5
fffd62e8ffff3477ffff4e4e003715ef
fffd60baffff4813ffff50b200371d07
fffd5f4affff5b6affff539b003723f7
fffd5e8dffff6e74ffff570600372ab6
fffd5e7affff8129ffff5aef0037313e
fffd5f06ffff9381ffff5f5300373787
fffd6026ffffa578ffff642e00373d89
fffd61ceffffb709ffff697c0037433d
fffd63f5ffffc82fffff6f380037489e
fffd668effffd8e8ffff755d00374da5
fffd698effffe933ffff7be50037524b
fffd6ceafffff90effff82ca0037568c
fffd70970000087cffff8a0600375a61
fffd748a0000177cffff919300375dc6
fffd78ba00002612ffff996a003760b6
fffd7d1d00003440ffffa1840037632d
fffd81a90000420cffffa9d900376528
fffd865700004f79ffffb262003766a2
fffd8b1e00005c8dffffbb170037679a
fffd8ff700006950ffffc3f10037680d
fffd94dd000075c6ffffcce7003767f9
fffd99cb000081f9ffffd5f20037675c
fffd9ebb00008defffffdf0900376636
fffda3ab000099b1ffffe82400376487
fffda8980000a546fffff13b0037624d
fffdad800000b0b7fffffa4500375f8a
fffdb2640000bc0d0000033b00375c3f
fffdb7430000c74f00000c150037586d
fffdbc1f0000d285000014ca00375417
fffdc0fa0000ddb900001d5300374f3e
fffdc5d90000e8f0000025a8003749e5
fffdcabe0000f43200002dc200374411
fffdcfae0000ff860000359900373dc3
fffdd4b100010af100003d2600373702
fffdd9cb0001167a0000446300372fd1
fffddf050001222300004b4800372836
fffde46500012df2000051d100372035
fffde9f4000139e9000057f6003717d5
fffdefbb0001460900005db200370f1b
fffdf5c200015256000063010037060e
fffdfc1300015ecd000067de0036fcb5
fffe02b700016b6f00006c430036f317
fffe09b70001783a0000702e0036e93a
fffe111d0001852a0000739a0036df27
fffe18f10001923d000076850036d4e4
fffe213e00019f6d000078ec0036ca7a
fffe2a0b0001acb400007acd0036bff0
fffe33620001ba0b00007c270036b550
fffe3d480001c76c00007cf70036aa9f
fffe47c70001d4cd00007d3e00369fe8
fffe52e40001e22500007cfb00369532
fffe5ea50001ef6900007c2e00368a84
fffe6b0f0001fc9000007ad800367fe9
fffe78260002098e000078fb00367567
fffe85ee000216570000769800366b06
fffe9468000222de000073b1003660cf
fffea39600022f1600007049003656c9
fffeb37800023af300006c6400364cfc
fffec40d00024667000068040036436f
fffed552000251650000632d00363a29
fffee74600025be000005de500363132
fffef9e2000265ca0000582f0036288f
ffff0d2200026f160000521200362048
ffff20ff000277b800004b9200361862
ffff357200027fa2000044b5003610e3
ffff4a72000286ca00003d82003609d0
ffff5ff500028d24000035ff0036032f
ffff75f0000292a600002e340035fd03
ffff8c5900029744000026260035f752
ffffa32200029af700001dde0035f21e
ffffba3f00029db6000015620035ed6b
ffffd1a100029f7a00000cbc0035e93c
ffffe93b0002a03d000003f20035e592
000000fc00029ff9fffffb0c0035e271
000018d700029eabfffff2120035dfd9
000030ba00029c4fffffe90d0035ddcc
00004896000298e5ffffe0050035dc4a
0000605b0002946bffffd7020035db52
000077f900028ee2ffffce0d0035dae4
00008f5f0002884cffffc52c0035db00
0000a67d000280adffffbc690035dba3
0000bd4400027808ffffb3cb0035dccd
0000d3a400026e63ffffab5a0035de79
0000e98e000263c5ffffa31e0035e0a7
0000fef400025835ffff9b1e0035e351
000113c700024bbcffff93610035e674
000127fc00023e64ffff8bef0035ea0d
00013b8400023037ffff84cf0035ee17
00014e5600022141ffff7e060035f28c
000160670002118effff779b0035f767
000171ac0002012cffff71940035fca2
0001821d0001f026ffff6bf600360238
000191b40001de8dffff66c600360822
0001a0690001cc6effff620a00360e5a
0001ae370001b9d7ffff5dc5003614d7
0001bb1b0001a6d9ffff59fb00361b94
0001c71100019382ffff56b000362289
0001d21900017fe2ffff53e7003629ae
0001dc3000016c07ffff51a2003630fb
0001e55900015801ffff4fe400363868
0001ed95000143deffff4eae00363fee
0001f4e700012faeffff4e0100364785
0001fb5200011b7cffff4ddf00364f23
000200dc00010758ffff4e46003656c2
0002058b0000f34effff4f3700365e59
000209660000df6affff50b1003665df
00020c730000cbb7ffff52b300366d4d
00020ebd0000b840ffff553b0036749a
0002104b0000a50effff584700367bbf
000211270000922affff5bd4003682b4
0002115d00007f9cffff5fdf00368972
000210f500006d6bffff646400368ff1
00020ffc00005b9cffff696000369629
00020e7c00004a33ffff6ece00369c15
00020c8000003935ffff74a90036a1ad
00020a15000028a4ffff7aeb0036a6eb
0002074400001881ffff81910036abc9
0002041a000008cdffff88920036b042
000200a1fffff987ffff8fea0036b450
0001fce4ffffeaadffff97910036b7ef
0001f8ecffffdc3dffff9f810036bb19
0001f4c3ffffce34ffffa7b30036bdca
0001f073ffffc08dffffb01f0036c000
0001ec03ffffb343ffffb8bf0036c1b6
0001e77cffffa651ffffc1890036c2eb
0001e2e3ffff99b1ffffca760036c39b
0001de40ffff8d5affffd37f0036c3c4
0001d996ffff8147ffffdc9c0036c367
0001d4ebffff756fffffe5c30036c280
0001d042ffff69caffffeeed0036c111
0001cb9cffff5e51fffff8120036bf19
0001c6fcffff52fa000001290036bc99
0001c261ffff47be00000a2b0036b992
0001bdccffff3c94000013100036b605
0001b93affff317400001bcf0036b1f4
0001b4a9ffff2656000024600036ad62
0001b015ffff1b3400002cbc0036a852
0001ab7bffff1005000034dc0036a2c6
0001a6d5ffff04c400003cb800369cc4
0001a21efffef96a0000444a0036964f
00019d4efffeedf300004b8a00368f6c
00019860fffee259000052720036881f
0001934afffed69a000058fc0036806f
00018e05fffecab200005f2100367861
00018888fffebea0000064de00366ffa
000182cafffeb26200006a2c00366743
00017cc2fffea5f900006f0700365e40
00017666fffe99650000736a003654fa
00016faefffe8ca80000775200364b77
000168aefffe801b00007ad9003641f1
000161a3fffe746b00007e3c003638d4
00015ab4fffe69eb0000819e00363052
000153f1fffe60960000850700362868
00014d6afffe58640000887f00362112
0001472efffe514d00008c0e00361a4b
00014148fffe4b4500008fb90036140b
00013bc7fffe46400000938900360e4c
000136b3fffe42310000978200360905
00013218fffe3f0900009baa0036042c
00012dfcfffe3cb90000a0050035ffb7
00012a66fffe3b2f0000a4980035fb9a
00012759fffe3a5b0000a9640035f7cb
000124d7fffe3a2b0000ae6c0035f43d
000122e1fffe3a8d0000b3b10035f0e3
00012176fffe3b700000b9330035edae
00012090fffe3cc20000bef00035ea92
0001202cfffe3e740000c4e80035e781
00012041fffe40740000cb170035e46c
000120c7fffe42b50000d1790035e146
000121b3fffe45280000d8090035ddff
000122f9fffe47c10000dec10035da8b
0001248cfffe4a740000e59b0035d6db
0001265efffe4d3a0000ec8f0035d2e2
00012860fffe50090000f3940035ce93
00012a82fffe52dd0000faa10035c9e2
00012cb4fffe55b1000101ab0035c4c3
00012ee6fffe5884000108a80035bf2a
00013107fffe5b5500010f8c0035b90e
00013307fffe5e270001164b0035b265
000134d7fffe60fd00011cd80035ab26
00013668fffe63de000123280035a349
000137adfffe66d00001292c00359ac8
00013897fffe69dc00012ed70035919d
0001391dfffe6d0d0001341c003587c3
00013933fffe706f000138ed00357d36
000138d2fffe740e00013d3e003571f4
000137f3fffe77f800014100003565fb
00013690fffe7c3b000144270035594a
000134a7fffe80e6000146a700354be3
00013237fffe86090001487400353dc6
00012f40fffe8bb30001498200352ef5
00012bc5fffe91f2000149c600351f76
000127cbfffe98d40001493700350f4a
00012358fffea069000147cc0034fe79
00011e75fffea8bc0001457b0034ed07
0001192bfffeb1db0001423f0034dafb
00011386fffebbce00013e100034c85c
00010d92fffec6a0000138e90034b533
0001075dfffed259000132c60034a186
000100f5fffedefe00012ba500348d60
0000fa6bfffeec9400012383003478c8
0000f3cdfffefb1c00011a61003463c8
0000ed2dffff0a990001103e00344e69
0000e69affff1b070001051c003438b5
0000e025ffff2c640000f8fe003422b3
0000d9deffff3eaa0000ebea00340c6e
0000d3d3ffff51d30000dde30033f5ed
0000ce13ffff65d50000cef10033df3a
0000c8acffff7aa50000bf1b0033c85b
0000c3a9ffff90390000ae6a0033b159
0000bf16ffffa68200009ce800339a3a
0000bafbffffbd7300008a9e00338304
0000b760ffffd4fa0000779900336bbc
0000b44affffed09000063e400335468
0000b1bf0000058f00004f8d00333d0a
0000afbf00001e7900003aa1003325a6
0000ae4b000037b70000252e00330e3c
0000ad610000513700000f420032f6cf
0000acfd00006ae9fffff8ec0032df5e
0000ad19000084bcffffe23b0032c7e8
0000adaf00009ea1ffffcb3f0032b06b
0000aeb50000b889ffffb405003298e3
0000b0210000d267ffff9c9f0032814d
0000b1e60000ec2effff8519003269a3
0000b3f7000105d4ffff6d84003251df
0000b64700011f51ffff55ed003239fb
0000b8c50001389cffff3e62003221ee
0000bb63000151b1ffff26f1003209b0
0000be0f00016a8cffff0fa60031f137
0000c0bb0001832cfffef88d0031d87a
0000c35500019b91fffee1b10031bf6d
0000c5cd0001b3bdfffecb1d0031a606
0000c8140001cbb6fffeb4db00318c38
0000ca1c0001e380fffe9ef3003171f7
0000cbd60001fb23fffe896c00315738
0000cd35000212aafffe744e00313bed
0000ce2f00022a1efffe5f9e0031200a
0000ceb90002418cfffe4b6000310382
0000cecb00025901fffe37980030e649
0000ce5e0002708bfffe24480030c852
0000cd6e00028838fffe11720030a991
0000cbf70002a019fffdff16003089fb
0000c9f90002b83bfffded3300306984
0000c7750002d0affffddbc800304822
0000c46c0002e984fffdcad2003025ca
0000c0e5000302c8fffdba4d00300275
0000bce600031c8afffdaa36002fde18
0000b877000336d7fffd9a87002fb8ad
0000b3a1000351bcfffd8b3b002f922d
0000ae7100036d42fffd7c4b002f6a93
0000a8f300038973fffd6daf002f41da
0000a3340003a658fffd5f62002f17ff
00009d440003c3f6fffd515a002eed00
000097310003e253fffd4390002ec0db
0000910d0004016ffffd35fb002e9391
00008ae60004214dfffd2894002e6524
000084ce000441ebfffd1b51002e3595
00007ed500046345fffd0e2b002e04e9
0000790a00048557fffd0118002dd324
0000737c0004a819fffcf413002da04d
00006e3a0004cb83fffce712002d6c6b
000069520004ef8bfffcda0f002d3787
000064ce00051425fffccd04002d01a9
000060ba00053943fffcbfe9002ccadb
00005d1f00055ed7fffcb2bb002c932a
00005a04000584d2fffca574002c5aa2
0000576f0005ab25fffc9811002c214e
000055630005d1bdfffc8a8f002be73d
000053e40005f88bfffc7cec002bac7d
000052f000061f7dfffc6f27002b711d
0000528500064682fffc613f002b352b
000052a100066d8afffc5336002af8b6
0000533c00069485fffc450e002abbd0
000054500006bb63fffc36c9002a7e86
000055d40006e216fffc286b002a40e9
000057bc00070891fffc19fa002a030a
000059fd00072ec9fffc0b7a0029c4f6
00005c89000754b3fffbfcf4002986bd
00005f5200077a46fffbee6e0029486f
0000624900079f7cfffbdff100290a19
0000655e0007c450fffbd1870028cbca
000068810007e8bffffbc33900288d8e
00006ba200080cc8fffbb51300284f73
00006eb00008306bfffba72000281183
0000719b000853acfffb996b0027d3cb
000074540008768efffb8c0200279653
000076cd00089919fffb7ef100275925
000078f60008bb54fffb724500271c4a
00007ac50008dd49fffb660b0026dfc8
00007c2d0008ff04fffb5a500026a3a5
00007d2400092090fffb4f22002667e6
00007da3000941fbfffb448f00262c90
00007da200096354fffb3aa20025f1a5
00007d1e000984a9fffb31690025b726
00007c130009a60afffb28ef00257d16
00007a800009c786fffb214200254373
000078660009e92efffb1a6b00250a3c
000075c9000a0b10fffb14750024d16f
000072ae000a2d3cfffb0f6b0024990a
00006f1a000a4fc0fffb0b5400246108
00006b16000a72a9fffb083900242964
000066ad000a9604fffb06220023f21a
000061e9000ab9dcfffb05130023bb23
00005cd8000ade3afffb051200238479
00005787000b0327fffb062300234e15
00005205000b28a8fffb0849002317ef
00004c62000b4ec3fffb0b840022e200
000046ad000b757afffb0fd60022ac40
000040f7000b9ccdfffb153d002276a7
00003b50000bc4bdfffb1bb70022412e
000035c9000bed44fffb234100220bcb
00003070000c1660fffb2bd70021d679
00002b56000c4008fffb35720021a12e
00002688000c6a34fffb400d00216be5
00002213000c94dbfffb4b9e00213697
00001e04000cbfeffffb581e0021013c
00001a65000ceb66fffb65820020cbd1
0000173f000d172ffffb73bf00209651
00001499000d433dfffb82cb002060b6
0000127a000d6f7ffffb929800202afe
000010e3000d9be5fffba319001ff526
00000fd9000dc85efffbb441001fbf2e
00000f59000df4dafffbc602001f8914
00000f63000e2147fffbd84d001f52d8
00000ff2000e4d95fffbeb12001f1c7c
00001100000e79b5fffbfe44001ee603
00001287000ea597fffc11d2001eaf70
0000147b000ed12efffc25ae001e78c6
000016d4000efc6dfffc39c8001e420c
00001984000f2748fffc4e11001e0b48
00001c7e000f51b6fffc627a001dd480
00001fb4000f7baefffc76f6001d9dbe
00002317000fa52afffc8b75001d6709
00002697000fce25fffc9fec001d306d
00002a23000ff69dfffcb44c001cf9f2
00002dac00101e91fffcc88a001cc3a6
0000312000104602fffcdc9b001c8d92
0000347100106cf2fffcf074001c57c5
0000378e00109368fffd040c001c2249
00003a6a0010b969fffd175a001bed2e
00003cf60010defffffd2a56001bb87f
00003f2500110433fffd3cfa001b844b
000040ed00112910fffd4f40001b509f
0000424400114da4fffd6123001b1d89
00004321001171fbfffd72a1001aeb16
0000437f00119625fffd83b7001ab954
000043580011ba31fffd9462001a884f
000042a90011de2ffffda4a4001a5814
000041730012022efffdb47d001a28af
00003fb60012263efffdc3ee0019fa2c
00003d7600124a6ffffdd2fa0019cc95
00003ab600126ed0fffde1a400199ff5
0000377f00129370fffdeff100197454
000033d80012b85cfffdfde5001949ba
00002fcc0012dda0fffe0b8800192030
00002b6600130349fffe18dd0018f7bb
000026b20013295ffffe25ee0018d061
000021c000134feafffe32c10018aa24
00001c9d001376f2fffe3f5d0018850a
0000175900139e7afffe4bcc00186112
000012050013c686fffe581400183e3e
00000cb00013ef17fffe643e00181c8d
0000076a0014182bfffe70530017fbfd
00000245001441bffffe7c5b0017dc8a
fffffd4f00146bcffffe885d0017be32
fffff89800149653fffe94620017a0ed
fffff42e0014c144fffea070001784b6
fffff01d0014ec98fffeac8f00176985
ffffec7200151842fffeb8c500174f51
ffffe93800154436fffec51800173610
ffffe67700157065fffed18d00171db8
ffffe43600159cc2fffede280017063e
ffffe27b0015c93cfffeeaed0016ef95
ffffe1490015f5c3fffef7de0016d9b0
ffffe0a300162246ffff04fd0016c482
ffffe08700164eb5ffff124b0016affd
ffffe0f500167b00ffff1fc800169c13
ffffe1e60016a715ffff2d73001688b4
ffffe3570016d2e6ffff3b4a001675d3
ffffe53e0016fe64ffff49490016635f
ffffe79300172981ffff576c0016514a
ffffea4a00175431ffff65af00163f85
ffffed5900177e68ffff740b00162e01
fffff0b00017a81effff827900161caf
fffff4420017d149ffff90f200160b82
fffff7ff0017f9e4ffff9f6c0015fa6c
fffffbd8001821ebffffadde0015e95f
ffffffbc0018495bffffbc3d0015d850
0000039b00187034ffffca800015c731
0000076500189676ffffd8990015b5f9
00000b090018bc27ffffe67d0015a49d
00000e7a0018e14afffff42000159314
000011a7001905e60000017400158154
0000148300192a0600000e6c00156f58
0000170200194db100001afc00155d19
00001918001970f60000271500154a90
00001abd001993df000032ab001537bb
00001be70019b67c00003daf00152495
00001c900019d8db000048150015111d
00001cb50019fb0b000051d10014fd51
00001c52001a1d1d00005ad60014e932
00001b66001a3f21000063170014d4bf
000019f4001a612500006a8b0014bffc
000017fe001a833c000071260014aaea
00001589001aa572000076df0014958f
0000129c001ac7d800007bad00147fed
00000f40001aea7b00007f8700146a0a
00000b7e001b0d6700008268001453ec
00000764001b30a80000844800143d9b
000002fc001b5448000085230014271c
fffffe56001b784e000084f500141077
fffff980001b9cc1000083bc0013f9b5
fffff48a001bc1a7000081750013e2dd
ffffef83001be70100007e220013cbf8
ffffea7d001c0cd1000079c20013b50d
ffffe587001c33150000745800139e27
ffffe0b1001c59cc00006de70013874c
ffffdc0c001c80ef0000667500137085
ffffd7a5001ca87800005e05001359da
ffffd38c001cd060000054a000134352
ffffcfce001cf89b00004a4e00132cf4
ffffcc75001d211e00003f16001316c7
ffffc98d001d49de00003304001300d1
ffffc71e001d72cb000026220012eb16
ffffc52f001d9bd60000187b0012d59b
ffffc3c7001dc4f100000a1c0012c064
ffffc2e7001dee0bfffffb120012ab74
ffffc293001e1714ffffeb6a001296cc
ffffc2c9001e3ffbffffdb340012826c
ffffc387001e68b0ffffca7d00126e56
ffffc4c9001e9122ffffb95400125a88
ffffc688001eb943ffffa7c800124700
ffffc8be001ee105ffff95e9001233bb
ffffcb61001f0858ffff83c6001220b5
ffffce65001f2f32ffff716d00120de8
ffffd1bf001f5588ffff5eee0011fb4f
ffffd560001f7b4fffff4c570011e8e2
ffffd93b001fa081ffff39b70011d69b
ffffdd40001fc517ffff271b0011c46f
ffffe160001fe90dffff14910011b256
ffffe58900200c62ffff02250011a046
ffffe9ac00202f15fffeefe300118e32
ffffedb900205127fffeddd700117c11
fffff19f0020729dfffecc09001169d5
fffff54f0020937bfffeba8500115773
fffff8bb0020b3c9fffea951001144dd
fffffbd50020d391fffe987700113206
fffffe910020f2dbfffe87fb00111ee2
000000e3002111b5fffe77e400110b62
000002c30021302cfffe68360010f77a
0000042700214e4dfffe58f40010e31c
0000050a00216c27fffe4a210010ce3b
00000568002189cbfffe3bbd0010b8cb
0000053d0021a748fffe2dc80010a2c0
0000048a0021c4aefffe204300108c0d
000003500021e20efffe132a001074a8
000001920021ff77fffe067c00105c86
ffffff5500221cf9fffdfa340010439e
fffffca000223aa2fffdee4e001029e7
fffff97c00225881fffde2c500100f59
fffff5f4002276a2fffdd793000ff3ed
fffff21200229510fffdccb2000fd79d
ffffede40022b3d4fffdc21a000fba64
ffffe9780022d2f8fffdb7c5000f9c40
ffffe4dc0022f282fffdada9000f7d2c
ffffe02100231276fffda3c0000f5d28
ffffdb57002332d8fffd9a00000f3c34
ffffd68d002353a8fffd9062000f1a51
ffffd1d4002374e5fffd86dd000ef781
ffffcd3c0023968cfffd7d6a000ed3c8
ffffc8d50023b899fffd73ff000eaf2a
ffffc4ad0023db05fffd6a95000e89ac
ffffc0d30023fdc7fffd6125000e6357
ffffbd54002420d5fffd57a8000e3c32
ffffba3b00244425fffd4e17000e1446
ffffb794002467a9fffd446e000deb9c
ffffb56500248b53fffd3aa6000dc241
ffffb3b70024af15fffd30bb000d983f
ffffb28f0024d2dffffd26ab000d6da3
ffffb1ef0024f6a1fffd1c71000d427a
ffffb1db00251a4afffd120e000d16d2
ffffb25000253dcbfffd077f000ceab9
ffffb34d00256113fffcfcc4000cbe3e
ffffb4cd00258413fffcf1e1000c916f
ffffb6ca0025a6bafffce6d5000c645c
ffffb93d0025c8fbfffcdba5000c3714
ffffbc1b0025eac9fffcd054000c09a6
ffffbf5a00260c17fffcc4e9000bdc21
ffffc2ee00262cdafffcb968000bae95
ffffc6c800264d0bfffcadd9000b810f
ffffcada00266ca0fffca244000b539d
ffffcf1500268b94fffc96b2000b264f
ffffd3690026a9e4fffc8b2d000af930
ffffd7c60026c78dfffc7fbe000acc4e
ffffdc1c0026e48ffffc7471000a9fb4
ffffe059002700edfffc6951000a736e
ffffe46f00271caafffc5e6b000a4785
ffffe84e002737ccfffc53cb000a1c03
ffffebe80027525bfffc497d0009f0f0
ffffef2f00276c5ffffc3f900009c654
fffff216002785e2fffc360f00099c35
fffff49300279ef2fffc2d0a00097299
fffff69b0027b79cfffc248c00094983
fffff8290027cfedfffc1ca3000920f7
fffff9340027e7f5fffc155d0008f8f7
fffff9ba0027ffc3fffc0ec50008d184
fffff9b700281768fffc08e80008aa9e
fffff92b00282ef5fffc03d100088444
fffff81700284678fffbff8d00085e75
fffff68000285e03fffbfc240008392d
fffff46a002875a4fffbf9a00008146a
fffff1dd00288d6afffbf80b0007f025
ffffeee00028a564fffbf76c0007cc5a
ffffeb800028bd9dfffbf7ca0007a904
ffffe7c60028d622fffbf92b0007861b
ffffe3c10028eefbfffbfb9400076399
ffffdf7e00290831fffbff0700074175
ffffdb0c002921cbfffc038800071fa9
ffffd67c00293bcefffc09180006fe2c
ffffd1dc0029563bfffc0fb70006dcf5
ffffcd3e00297114fffc17640006bbfd
ffffc8b200298c59fffc201c00069b3a
ffffc4470029a805fffc29dc00067aa6
ffffc00e0029c414fffc349f00065a37
ffffbc140029e080fffc4060000639e6
ffffb8690029fd40fffc4d16000619ab
ffffb519002a1a4afffc5abb0005f981
ffffb230002a3792fffc69450005d95f
ffffafb8002a550cfffc78a90005b941
ffffadba002a72abfffc88de00059922
ffffac3c002a905efffc99d8000578fd
ffffab44002aae18fffcab88000558ce
ffffaad4002acbc7fffcbde400053894
ffffaaef002ae95bfffcd0dc0005184c
ffffab94002b06c5fffce4630004f7f5
ffffacc0002b23f4fffcf86a0004d791
ffffae6e002b40d8fffd0ce20004b720
ffffb099002b5d62fffd21bc000496a3
ffffb339002b7985fffd36e80004761f
ffffb643002b9532fffd4c5700045598
ffffb9ad002bb05efffd61fb00043513
ffffbd6a002bcafffffd77c500041495
ffffc16d002be50bfffd8da50003f427
ffffc5a7002bfe7afffda38d0003d3d0
ffffca09002c1749fffdb9710003b398
ffffce82002c2f72fffdcf420003938a
ffffd303002c46f4fffde4f3000373af
ffffd77b002c5dd0fffdfa7a00035414
ffffdbda002c7406fffe0fcb000334c2
ffffe011002c899cfffe24dc000315c7
ffffe40f002c9e98fffe39a40002f72f
ffffe7c7002cb2fffffe4e1a0002d907
ffffeb2a002cc6ddfffe62360002bb5c
ffffee2e002cda3cfffe75f300029e3a
fffff0c6002ced28fffe894b000281b0
fffff2e9002cffaefffe9c3b000265cb
fffff490002d11ddfffeaebe00024a98
fffff5b5002d23c4fffec0d200023023
fffff653002d3573fffed27800021679
fffff669002d46fbfffee3ad0001fda7
fffff5f5002d586afffef4750001e5b8
fffff4fa002d69d2ffff04cf0001ceb6
fffff37b002d7b43ffff14c00001b8ad
fffff17e002d8ccdffff244a0001a3a5
ffffef09002d9e7dffff337300018fa7
ffffec25002db061ffff424000017cbc
ffffe8de002dc287ffff50b600016ae9
ffffe53e002dd4faffff5edd00015a35
ffffe153002de7c3ffff6cba00014aa3
ffffdd2b002dfaeaffff7a5700013c38
ffffd8d5002e0e76ffff87b900012ef6
ffffd461002e226cffff94ea000122de
ffffcfde002e36cfffffa1f3000117f0
ffffcb5e002e4b9effffaeda00010e2a
ffffc6f0002e60daffffbba80001058b
ffffc2a4002e767effffc8660000fe0e
ffffbe8a002e8c87ffffd51c0000f7ae
ffffbab1002ea2edffffe1d10000f266
ffffb727002eb9a8ffffee8d0000ee2e
ffffb3f9002ed0adfffffb560000eaff
ffffb132002ee7f3000008320000e8ce
ffffaedc002eff6b000015280000e793
ffffad00002f17070000223c0000e741
ffffaba4002f2eba00002f720000e7cd
ffffaace002f467300003ccf0000e92a
ffffaa82002f5e2300004a530000eb4b
ffffaabf002f75ba000058010000ee23
ffffab85002f8d26000065da0000f1a2
ffffacd2002fa458000073dd0000f5ba
ffffaea2002fbb41000082090000fa5b
ffffb0ed002fd1d10000905c0000ff78
ffffb3ac002fe7fa00009ed200010500
ffffb6d5002ffdb00000ad6600010ae5
ffffba5c003012e50000bc1500011116
ffffbe36003027910000cad600011786
ffffc25500303baa0000d9a400011e24
ffffc6a900304f290000e876000124e4
ffffcb24003062080000f74300012bb7
ffffcfb6003074440001060100013290
ffffd44e003085dc000114a700013963
ffffd8dc003096cf0001232800014023
ffffdd500030a7200001317a000146c5
ffffe19a0030b6d300013f8f00014d40
ffffe5ab0030c5ee00014d5c0001538a
ffffe9740030d47900015ad30001599a
ffffece80030e27d000167e800015f6a
ffffeffb0030f0060001748c000164f2
fffff2a20030fd1f000180b400016a2e
fffff4d4003109d500018c5000016f19
fffff6890031163800019755000173b0
fffff7ba003122570001a1b4000177f1
fffff86500312e420001ab6300017bdb
fffff88700313a080001b45300017f6e
fffff820003145ba0001bc7b000182aa
fffff7310031516a0001c3ce00018591
fffff5be00315d250001ca4300018828
fffff3cd003168fd0001cfd000018a70
fffff165003174ff0001d46c00018c6e
ffffee8e0031813a0001d80f00018e29
ffffeb5400318dba0001dab400018fa5
ffffe7c200319a8a0001dc53000190e9
ffffe3e60031a7b40001dce9000191fc
ffffdfcd0031b5400001dc72000192e5
ffffdb880031c3350001daec000193ad
ffffd7240031d1960001d8550001945b
ffffd2b30031e0680001d4ae000194f8
ffffce450031efa90001cff80001958b
ffffc9ea0031ff5a0001ca350001961e
ffffc5b200320f770001c369000196b7
ffffc1ad00321ffb0001bb990001975f
ffffbde9003230df0001b2ca0001981e
ffffba750032421b0001a905000198fa
ffffb75d003253a500019e51000199fb
ffffb4ad00326571000192b800019b26
ffffb26e003277720001864200019c81
ffffb0a90032899a000178fd00019e11
ffffaf6500329bdc00016af300019fda
ffffaea70032ae2600015c300001a1df
ffffae720032c06900014cc30001a422
ffffaec70032d29600013cb90001a6a6
ffffafa40032e49b00012c210001a96a
ffffb1080032f66900011b080001ac6e
ffffb2ee003307f00001097f0001afb1
ffffb54f003319210000f7930001b32f
ffffb823003329ee0000e5550001b6e7
ffffbb6000333a4b0000d2d30001bad2
ffffbefb00334a2b0000c01d0001beed
ffffc2e7003359840000ad410001c32f
ffffc7170033684d00009a4f0001c793
ffffcb7c00337680000087540001cc0f
ffffd006003384160000745d0001d09b
ffffd4a60033910e000061790001d52d
ffffd94b00339d6400004eb30001d9ba
ffffdde50033a91a00003c170001de38
ffffe2640033b432000029b10001e299
ffffe6b70033beb0000017890001e6d3
ffffead10033c89b000005ab0001ead7
ffffeea10033d1fafffff41d0001ee9b
fffff21c0033dad7ffffe2e60001f20f
fffff5350033e33cffffd20e0001f526
fffff7e10033eb37ffffc19a0001f7d4
fffffa180033f2d4ffffb18c0001fa0a
fffffbd00033fa23ffffa1e90001fbbc
fffffd0600340132ffff92b30001fcdc
fffffdb400340812ffff83ea0001fd5e
fffffdd800340ed3ffff758e0001fd35
fffffd7400341585ffff679f0001fc57
fffffc8800341c39ffff5a1a0001fab7
fffffb18003422feffff4cfc0001f84c
fffff92a003429e4ffff40410001f50c
fffff6c5003430faffff33e60001f0ee
fffff3f30034384effff27e40001ebeb
fffff0bd00343febffff1c350001e5fb
ffffed31003447ddffff10d40001df19
ffffe95a0034502effff05b80001d741
ffffe548003458e5fffefada0001ce6e
ffffe10a0034620afffef0330001c49f
ffffdcae00346ba0fffee5ba0001b9d2
ffffd846003475aafffedb680001ae08
ffffd3e200348028fffed1320001a141
ffffcf9100348b1afffec71300019380
ffffcb650034967cfffebd00000184ca
ffffc76c0034a249fffeb2f300017521
ffffc3b50034ae7afffea8e30001648e
ffffc04e0034bb07fffe9eca00015316
ffffbd440034c7e5fffe94a0000140c2
ffffbaa20034d508fffe8a6000012d9b
ffffb8720034e265fffe8003000119ab
ffffb6bc0034efecfffe7586000104fd
ffffb5880034fd8ffffe6ae30000ef9d
ffffb4d900350b3ffffe60180000d998
ffffb4b4003518ecfffe55220000c2fb
ffffb51800352685fffe4a000000abd2
ffffb604003533fafffe3eb10000942e
ffffb7770035413bfffe333600007c1c
ffffb96b00354e39fffe278f000063ab
ffffbbda00355ae4fffe1bc000004aea
ffffbebb0035672ffffe0fcc000031e9
ffffc2040035730dfffe03b7000018b6
ffffc5ab00357e72fffdf787ffffff60
ffffc9a200358955fffdeb43ffffe5f7
ffffcddb003593abfffddef0ffffcc88
ffffd24900359d6ffffdd298ffffb323
ffffd6db0035a69bfffdc644ffff99d3
ffffdb810035af2cfffdb9fdffff80a7
ffffe02c0035b720fffdadceffff67ab
ffffe4ca0035be79fffda1c2ffff4eea
ffffe94c0035c538fffd95e5ffff366f
ffffeda20035cb62fffd8a44ffff1e44
fffff1bd0035d0fefffd7ee9ffff0672
fffff58e0035d612fffd73e4fffeef02
fffff9090035daaafffd6940fffed7fa
fffffc200035decffffd5f0cfffec160
fffffecb0035e28ffffd5554fffeab39
000000fe0035e5f7fffd4c26fffe958a
000002b40035e916fffd438ffffe8055
000003e60035ebfafffd3b9dfffe6b9c
000004900035eeb5fffd345afffe5761
000004b10035f156fffd2dd4fffe43a2
000004490035f3eefffd2817fffe305e
000003590035f68cfffd232cfffe1d94
000001e50035f942fffd1f1efffe0b40
fffffff40035fc1efffd1bf8fffdf95e
fffffd8c0035ff2ffffd19c0fffde7ea
fffffab700360283fffd1880fffdd6de
fffff78000360626fffd183dfffdc634
fffff3f200360a23fffd18fdfffdb5e5
fffff01b00360e83fffd1ac4fffda5ea
ffffec090036134ffffd1d97fffd963c
ffffe7cb0036188dfffd2176fffd86d2
ffffe37100361e41fffd2664fffd77a5
ffffdf0c0036246efffd2c60fffd68ab
ffffdaab00362b13fffd3368fffd59dd
ffffd65f00363230fffd3b7afffd4b31
ffffd238003639c2fffd4491fffd3ca1
ffffce45003641c3fffd4eabfffd2e23
ffffca9500364a2cfffd59befffd1fb1
ffffc735003652f4fffd65c6fffd1143
ffffc43300365c11fffd72b9fffd02d1
ffffc19a00366578fffd808efffcf456
ffffbf7300366f1cfffd8f3bfffce5cd
ffffbdc7003678eefffd9eb4fffcd730
ffffbc9c003682dffffdaeeffffcc87a
ffffbbf800368ce1fffdbfddfffcb9aa
ffffbbdc003696e3fffdd172fffcaabc
ffffbc490036a0d4fffde3a0fffc9baf
ffffbd400036aaa6fffdf658fffc8c83
ffffbebc0036b447fffe098dfffc7d37
ffffc0b80036bda8fffe1d2efffc6dcd
ffffc32f0036c6bafffe312dfffc5e48
ffffc6180036cf70fffe457afffc4eaa
ffffc9680036d7bcfffe5a06fffc3ef9
ffffcd150036df93fffe6ec3fffc2f3a
ffffd1110036e6ecfffe83a1fffc1f73
ffffd54f0036edbcfffe9892fffc0fac
ffffd9c00036f3fefffead88fffbffec
ffffde540036f9acfffec275fffbf03d
ffffe2fc0036fec4fffed74cfffbe0a8
ffffe7a700370343fffeec01fffbd137
ffffec450037072bffff0087fffbc1f7
fffff0c500370a7effff14d5fffbb2f3
fffff51800370d41ffff28e0fffba436
fffff92f00370f7affff3c9ffffb95ce
fffffcfc00371132ffff500afffb87c7
0000007100371271ffff631afffb7a2e
0000038300371343ffff75c9fffb6d11
00000626003713b4ffff8812fffb607e
00000852003713d3ffff99f0fffb5480
00000a00003713aeffffab61fffb4926
00000b2a00371354ffffbc64fffb3e7c
00000bcc003712d5ffffccf6fffb348e
00000be400371242ffffdd19fffb2b69
00000b73003711abffffeccdfffb2319
00000a7b00371121fffffc15fffb1ba6
000008ff003710b200000af4fffb151d
00000706003710700000196dfffb0f86
000004970037106700002786fffb0aea
000001bb003710a600003544fffb074f
fffffe7d00371139000042acfffb04be
fffffaea0037122b00004fc6fffb033a
fffff70e0037138500005c99fffb02c9
fffff2f8003715500000692cfffb036e
ffffeeb70037179100007587fffb052a
ffffea5b00371a4d000081b2fffb07ff
ffffe5f400371d8600008db6fffb0bec
ffffe1930037213c0000999bfffb10f0
ffffdd470037256d0000a56afffb1707
ffffd92100372a170000b12afffb1e2e
ffffd53000372f340000bce3fffb2661
ffffd183003734bd0000c89dfffb2f97
ffffce2700373aa90000d45ffffb39cb
ffffcb29003740ed0000e030fffb44f4
ffffc8950037477f0000ec16fffb5108
ffffc67300374e510000f816fffb5dfd
ffffc4cd0037555400010436fffb6bc7
ffffc3a800375c7a00011079fffb7a5b
ffffc309003763b400011ce2fffb89ac
ffffc2f300376af000012974fffb99ac
ffffc3670037722000013631fffbaa4e
ffffc4630037793300014318fffbbb82
ffffc5e40037801900015028fffbcd3b
ffffc7e6003786c100015d62fffbdf69
ffffca6200378d1f00016ac1fffbf1fd
ffffcd4f0037932300017843fffc04e8
ffffd0a3003798c1000185e2fffc181a
ffffd45200379dee0001939afffc2b84
ffffd8500037a29e0001a163fffc3f18
ffffdc8f0037a6cb0001af37fffc52c6
ffffe1000037aa6d0001bd0efffc6681
ffffe5930037ad7f0001caddfffc7a3b
ffffea390037affe0001d89bfffc8de7
ffffeee00037b1e90001e63efffca178
fffff37a0037b3410001f3bafffcb4e3
fffff7f50037b40900020104fffcc81e
fffffc430037b44400020e0ffffcdb1d
000000530037b3fa00021acffffcedd8
000004180037b33200022736fffd0047
000007840037b1f700023337fffd1262
00000a8d0037b05300023ec6fffd2424
00000d260037ae54000249d4fffd3588
00000f480037ac0700025454fffd4689
000010eb0037a97a00025e3afffd5725
0000120a0037a6be00026778fffd675a
000012a10037a3e200027002fffd7726
000012ae0037a0f6000277ccfffd868b
0000123200379e0b00027ecbfffd9589
0000112e00379b32000284f3fffda422
00000fa80037987900028a3afffdb25a
00000da4003795f100028e97fffdc034
00000b2b003793a700029203fffdcdb5
00000845003791aa00029474fffddae3
000004fe00379005000295e5fffde7c3
0000016300378ec300029650fffdf45d
fffffd7f00378def000295b1fffe00b7
fffff96300378d8e00029405fffe0cd8
fffff51c00378da900029149fffe18ca
fffff0bb00378e4100028d7dfffe2493
ffffec5100378f5b000288a1fffe303c
ffffe7ec003790f5000282b7fffe3bce
ffffe39f0037930f00027bc2fffe4750
ffffdf77003795a4000273c4fffe52cb
ffffdb86003798b000026ac5fffe5e47
ffffd7d900379c2b000260c9fffe69ca
ffffd47f0037a00c000255d8fffe755d
ffffd1830037a449000249fbfffe8105
ffffcef10037a8d500023d3bfffe8cc9
ffffccd20037ada500022fa3fffe98ae
ffffcb2f0037b2a90002213dfffea4b9
ffffca0e0037b7d200021216fffeb0ee
ffffc9730037bd120002023afffebd50
ffffc9610037c2570001f1b7fffec9e1
ffffc9d90037c7920001e09bfffed6a2
ffffcad90037ccb30001cef5fffee394
ffffcc5e0037d1a90001bcd2fffef0b6
ffffce630037d6650001aa42fffefe06
ffffd0e10037dad800019754ffff0b82
ffffd3d00037def500018417ffff1926
ffffd7250037e2af0001709bffff26ed
ffffdad50037e5f900015cefffff34d2
ffffded30037e8cb00014921ffff42ce
ffffe3110037eb1c00013540ffff50da
ffffe7800037ece50001215affff5eed
ffffec100037ee2200010d7cffff6cfe
fffff0b20037eecf0000f9b4ffff7b04
fffff5550037eeeb0000e60effff88f2
fffff9e90037ee780000d295ffff96bf
fffffe5d0037ed770000bf54ffffa45d
000002a30037ebef0000ac56ffffb1c2
000006aa0037e9e4000099a2ffffbee0
00000a660037e76100008741ffffcba9
00000dc80037e46d0000753affffd812
000010c60037e11500006393ffffe40b
000013540037dd6600005252ffffef89
0000156a0037d96d00004178fffffa7d
000017000037d5380000310b000004db
000018120037d0d80000210b00000e95
0000189c0037cc5c000011780000179f
0000189d0037c7d60000025400001fee
000018140037c354fffff39c00002775
000017030037bee7ffffe54e00002e29
000015700037baa0ffffd76700003401
000013610037b68dffffc9e3000038f3
000010dc0037b2bdffffbcbe00003cf7
00000dec0037af3dffffaff100004006
00000a9b0037ac19ffffa37600004218
000006f50037a95dffff974800004328
000003090037a710ffff8b5e00004333
fffffee50037a53cffff7fb100004234
fffffa970037a3e6ffff743a0000402a
fffff6310037a311ffff68ef00003d14
fffff1c10037a2c1ffff5dc9000038f3
ffffed590037a2f4ffff52bf000033c7
ffffe9080037a3aaffff47c900002d95
ffffe4de0037a4deffff3ce00000265f
ffffe0ec0037a68bffff31fa00001e2b
ffffdd3e0037a8aaffff2711000014ff
ffffd9e40037ab31ffff1c1d00000ae3
ffffd6e90037ae16ffff1118ffffffdf
ffffd4580037b14effff05fbfffff3fc
ffffd23c0037b4cafffefac2ffffe745
ffffd09b0037b87dfffeef67ffffd9c6
ffffcf7d0037bc58fffee3e7ffffcb89
ffffcee50037c04bfffed83fffffbc9c
ffffced60037c446fffecc6cffffad0d
ffffcf500037c838fffec06dffff9ce9
ffffd0530037cc11fffeb441ffff8c3f
ffffd1db0037cfc3fffea7ebffff7b1d
ffffd3e20037d33cfffe9b6affff6992
ffffd6620037d66efffe8ec3ffff57ad
ffffd9520037d94cfffe81f7ffff457f
ffffdca70037dbc8fffe750dffff3315
ffffe0570037ddd8fffe680affff207e
ffffe4540037df72fffe5af4ffff0dcb
ffffe8900037e08dfffe4dd3fffefb08
ffffecfc0037e123fffe40b0fffee844
fffff1890037e12efffe3393fffed58d
fffff6260037e0adfffe2686fffec2ef
fffffac30037df9efffe1995fffeb077
ffffff500037de01fffe0ccafffe9e2f
000003bd0037dbdbfffe0031fffe8c24
000007fa0037d930fffdf3d7fffe7a5e
00000bf80037d606fffde7c9fffe68e6
00000faa0037d265fffddc13fffe57c5
000013010037ce59fffdd0c2fffe4701
000015f30037c9ebfffdc5e5fffe36a0
000018750037c529fffdbb88fffe26a6
00001a7f0037c021fffdb1b9fffe1719
00001c090037bae1fffda885fffe07fa
00001d0d0037b579fffd9ff8fffdf94b
00001d8a0037aff9fffd981ffffdeb0d
00001d7d0037aa72fffd9107fffddd3e
00001ce60037a4f3fffd8abafffdcfdf
00001bc900379f8cfffd8543fffdc2ec
00001a2a00379a4ffffd80acfffdb663
0000180d00379549fffd7cfffffdaa3f
0000157d00379089fffd7a43fffd9e7b
0000128100378c1dfffd7881fffd9312
00000f2600378810fffd77befffd87fd
00000b770037846dfffd7801fffd7d36
000007810037813efffd794cfffd72b6
0000035500377e89fffd7ba4fffd6874
ffffff0000377c56fffd7f0afffd5e6a
fffffa9300377aa6fffd837ffffd548e
fffff61e0037797dfffd8902fffd4ad8
fffff1b1003778dafffd8f92fffd4140
ffffed5d003778bcfffd972cfffd37bd
ffffe9310037791efffd9fcbfffd2e49
ffffe53d003779fbfffda96bfffd24d9
ffffe18f00377b4cfffdb404fffd1b68
ffffde3400377d07fffdbf91fffd11ee
ffffdb3a00377f22fffdcc07fffd0864
ffffd8ab00378190fffdd95efffcfec4
ffffd69000378445fffde78afffcf509
ffffd4f200378732fffdf682fffceb2e
ffffd3d600378a48fffe0638fffce12f
ffffd34000378d77fffe169ffffcd709
ffffd334003790b0fffe27abfffcccbb
ffffd3b2003793e1fffe394dfffcc242
ffffd4b7003796fcfffe4b77fffcb79e
ffffd641003799eefffe5e1afffcacd1
ffffd84a00379caafffe7127fffca1dc
ffffdacc00379f21fffe848efffc96c1
ffffddbd0037a145fffe9842fffc8b85
ffffe1130037a309fffeac32fffc802b
ffffe4c20037a462fffec04ffffc74ba
ffffe8be0037a546fffed48bfffc6939
ffffecf80037a5adfffee8d7fffc5dae
fffff1610037a590fffefd25fffc5222
fffff5ea0037a4ebffff1168fffc469f
fffffa820037a3bcffff2593fffc3b2e
ffffff1a0037a200ffff3999fffc2fdb
000003a000379fbaffff4d70fffc24b0
0000080600379cecffff610cfffc19b9
00000c3a0037999bffff7464fffc0f03
0000102f003795cfffff876efffc049a
000013d70037918effff9a24fffbfa8c
0000172300378ce4ffffac7dfffbf0e5
00001a0a003787dbffffbe75fffbe7b3
00001c8000378281ffffd007fffbdf04
00001e7d00377ce3ffffe12efffbd6e4
00001ff900377711fffff1e8fffbcf60
000020f10037711a00000233fffbc886
0000216100376b0d00001210fffbc262
00002146003764fc0000217dfffbbcff
000020a300375ef50000307efffbb86a
00001f790037590b00003f13fffbb4ac
00001dcc0037534c00004d41fffbb1d0
00001ba400374dc800005b0bfffbafde
000019080037488c00006876fffbaee0
00001601003743a600007588fffbaedd
0000129b00373f2300008248fffbafda
00000ee200373b0c00008ebbfffbb1dd
00000ae40037376b00009ae9fffbb4ea
000006b0003734460000a6dbfffbb904
00000254003731a50000b297fffbbe2d
fffffde100372f890000be26fffbc466
fffff96700372df60000c990fffbcbae
fffff4f700372ceb0000d4defffbd402
fffff09f00372c660000e018fffbdd61
ffffec7100372c630000eb46fffbe7c6
ffffe87c00372cdd0000f670fffbf32c
ffffe4cd00372dcb0001019dfffbff8c
ffffe17300372f2400010cd5fffc0cde
ffffde7a003730de0001181efffc1b1a
ffffdbec003732ed0001237efffc2a37
ffffd9d40037354400012efafffc3a29
ffffd838003737d300013a97fffc4ae6
ffffd71f00373a8c00014659fffc5c61
ffffd68d00373d5f00015242fffc6e8d
ffffd6840037403b00015e56fffc815d
ffffd7040037431200016a94fffc94c3
ffffd80d003745d1000176fefffca8b0
ffffd9990037486a00018392fffcbd15
ffffdba500374ace0001904ffffcd1e4
ffffde2800374cec00019d32fffce70e
ffffe11b00374eb80001aa37fffcfc82
ffffe472003750250001b759fffd1232
ffffe821003751290001c493fffd280e
ffffec1c003751b80001d1ddfffd3e09
fffff054003751cb0001df31fffd5413
fffff4bb0037515c0001ec86fffd6a1e
fffff941003750670001f9d2fffd801e
fffffdd500374ee70002070cfffd9605
0000026700374cde00021428fffdabc7
000006e700374a4b0002211bfffdc158
00000b450037473200022ddafffdd6ae
00000f720037439800023a58fffdebc0
0000135e00373f8400024688fffe0084
000016fb00373afe0002525dfffe14f2
00001a3e0037361000025dcafffe2904
00001d19003730c7000268c2fffe3cb5
00001f8300372b2e00027337fffe4ffe
000021740037255400027d1bfffe62dc
000022e500371f4700028663fffe754e
000023d00037191800028f01fffe8751
00002433003712d5000296e8fffe98e4
0000240c00370c9000029e0efffeaa09
0000235b003706590002a465fffebac0
00002225003700400002a9e5fffecb0c
0000206d0036fa540002ae82fffedaf1
00001e390036f4a50002b234fffeea72
00001b910036ef410002b4f3fffef995
000018800036ea350002b6b7ffff085e
000015100036e58e0002b77affff16d5
0000114f0036e1540002b736ffff2500
00000d490036dd920002b5e8ffff32e6
0000090d0036da4f0002b38dffff408f
000004ab0036d78f0002b023ffff4e03
000000330036d5580002aba9ffff5b4b
fffffbb50036d3aa0002a621ffff686d
fffff7400036d28500029f8bffff7574
fffff2e70036d1e7000297ebffff8267
ffffeeb70036d1cc00028f45ffff8f4d
ffffeac10036d22f0002859fffff9c30
ffffe7130036d30600027affffffa916
ffffe3ba0036d44a00026f6dffffb606
ffffe0c20036d5ef000262f1ffffc308
ffffde370036d7e900025595ffffd020
ffffdc210036da2b00024764ffffdd55
ffffda880036dca600023869ffffeaaa
ffffd9730036df4b000228b0fffff824
ffffd8e50036e20a00021847000005c5
ffffd8df0036e4d30002073a0000138f
ffffd9640036e7950001f59800002185
ffffda700036ea410001e36f00002fa5
ffffdc000036ecc70001d0ce00003dee
ffffde0f0036ef170001bdc500004c60
ffffe0950036f1220001aa6100005af7
ffffe3890036f2dc000196b4000069af
ffffe6e20036f437000182cb00007883
ffffea920036f52800016eb50000876e
ffffee8d0036f5a600015a8200009669
fffff2c40036f5a9000146410000a56c
fffff7290036f52a000131fd0000b46e
fffffbab0036f42500011dc70000c367
0000003c0036f297000109a90000d24c
000004c90036f0800000f5b00000e112
000009440036ede10000e1e80000efae
00000d9c0036eabd0000ce5b0000fe15
000011c10036e7190000bb1300010c38
000015a40036e2fc0000a81900011a0d
000019390036de700000957400012785
00001c720036d97d0000832b00013493
00001f430036d42f000071430001412a
000021a20036ce9500005fc300014d3e
000023880036c8ba00004eac000158bf
000024ed0036c2af00003e02000163a2
000025cc0036bc8300002dc600016dd9
000026230036b64600001df900017759
000025f00036b00800000e9a00018015
000025340036a9daffffffa800018801
000023f20036a3cbfffff11f00018f15
0000222e00369decffffe2fe00019544
00001fef0036984bffffd53f00019a87
00001d3e003692f7ffffc7dd00019ed6
00001a2300368dfdffffbad40001a228
000016aa00368968ffffae1c0001a478
000012e000368542ffffa1ae0001a5c0
00000ed300368196ffff95850001a5fd
00000a9100367e69ffff89970001a52c
0000062a00367bc2ffff7ddd0001a34b
000001ad003679a3ffff724e0001a059
fffffd2b0036780effff66e300019c58
fffff8b400367704ffff5b9200019748
fffff45900367680ffff50540001912e
fffff02900367681ffff452100018a0d
ffffec33003676ffffff39f1000181eb
ffffe886003677f2ffff2ebc000178cf
ffffe52f00367952ffff237b00016ec0
ffffe23900367b13ffff1828000163c8
ffffdfb100367d29ffff0cbd000157ee
ffffdd9f00367f86ffff013400014b3f
ffffdc0b0036821dfffef58a00013dc6
ffffdaf9003684ddfffee9ba00012f8f
ffffda70003687b7fffeddc1000120a7
ffffda6f00368a9bfffed19f0001111b
ffffdaf800368d78fffec550000100fa
ffffdc090036903ffffeb8d60000f052
ffffdd9d003692dffffeac320000df32
ffffdfb000369548fffe9f640000cda9
ffffe2390036976dfffe92710000bbc6
ffffe53000369940fffe855b0000a999
ffffe88b00369ab5fffe782900009730
ffffec3c00369bbffffe6adf0000849a
fffff03800369c57fffe5d85000071e7
fffff46f00369c73fffe502300005f24
fffff8d300369c0efffe42c000004c60
fffffd5300369b24fffe3566000039a8
000001e0003699b1fffe282000002709
0000066a003697b5fffe1af90000148f
00000ae000369532fffe0dfb00000244
00000f320036922bfffe0133fffff034
0000135000368ea6fffdf4adffffde69
0000172c00368aa8fffde875ffffccea
00001ab90036863bfffddc9affffbbc0
00001de80036816afffdd129ffffaaf2
000020b000367c3ffffdc62effff9a84
00002305003676c8fffdbbb7ffff8a7c
000024e000367113fffdb1d1ffff7add
0000263a00366b2ffffda88affff6baa
0000270f0036652bfffd9fedffff5ce4
0000275a00365f17fffd9809ffff4e8b
0000271c00365904fffd90e7ffff409f
0000265500365302fffd8a94ffff331f
0000250800364d22fffd851affff2607
0000233a00364772fffd8083ffff1954
000020f100364202fffd7cd8ffff0d03
00001e3600363ce0fffd7a21ffff010e
00001b1200363818fffd7865fffef56f
00001792003633b7fffd77abfffeea20
000013c100362fc7fffd77f7fffedf1b
00000fad00362c51fffd794efffed457
00000b650036295bfffd7bb2fffec9cd
000006f9003626ebfffd7f25fffebf75
0000027900362505fffd83a8fffeb548
fffffdf4003623a9fffd8938fffeab3b
fffff97c003622d7fffd8fd6fffea148
fffff5200036228efffd977cfffe9766
fffff0f0003622c7fffda028fffe8d8d
ffffecfb0036237ffffda9d3fffe83b5
ffffe950003624abfffdb477fffe79d7
ffffe5fb00362644fffdc00cfffe6fec
ffffe30a0036283efffdcc8afffe65ec
ffffe08500362a8cfffdd9e6fffe5bd3
ffffde7800362d21fffde815fffe519b
ffffdce800362feffffdf70dfffe4740
ffffdbdc003632e6fffe06c1fffe3cbd
ffffdb58003635f7fffe1724fffe3211
ffffdb5c00363910fffe2828fffe2739
ffffdbeb00363c23fffe39c0fffe1c34
ffffdd0100363f1dfffe4bddfffe1103
ffffde9a003641f1fffe5e6ffffe05a5
ffffe0b10036448efffe7168fffdfa1e
ffffe322003646f2fffe849dfffdee9c
ffffe5ae0036492cfffe97cbfffde37c
ffffe83c00364b49fffeaad5fffdd8ef
ffffead200364d4ffffebdbefffdcefa
ffffed7b00364f44fffed08bfffdc5a1
fffff03d0036512cfffee341fffdbcea
fffff3220036530afffef5e4fffdb4d8
fffff635003654e1ffff0879fffdad6e
fffff97e003656b3ffff1b07fffda6af
fffffd0700365880ffff2d92fffda09f
000000db00365a49ffff401ffffd9b3f
0000050400365c0cffff52b6fffd9690
0000098b00365dc6ffff655bfffd9295
00000e7a00365f75ffff7814fffd8f4c
000013da00366113ffff8ae8fffd8cb7
000019b40036629dffff9ddbfffd8ad4
000020100036640bffffb0f4fffd89a2
000026f500366556ffffc438fffd8920
00002e6b00366677ffffd7adfffd894b
0000367600366766ffffeb57fffd8a21
00003f1c00366818ffffff3cfffd8b9d
000048610036688500001360fffd8dbd
00005248003668a3000027c7fffd907b
00005cd20036686700003c74fffd93d3
00006800003667c70000516cfffd97bf
000073d1003666b8000066b2fffd9c3a
000080440036653000007c46fffda13e
00008d56003663250000922cfffda6c3
00009b040036608c0000a865fffdacc4
0000a94700365d5d0000bef2fffdb33a
0000b81b0036598e0000d5d2fffdba1c
0000c779003655170000ed06fffdc164
0000d75800364ff10001048cfffdc90a
0000e7af00364a1400011c62fffdd106
0000f8770036437b00013488fffdd950
000109a400363c2200014cf9fffde1e2
00011b2d00363404000165b2fffdeab3
00012d0600362b1f00017eaffffdf3bb
00013f2500362171000197ecfffdfcf4
0001517e003616fa0001b163fffe0656
0001640600360bbb0001cb0efffe0fda
000176b30035ffb70001e4e8fffe197a
000189790035f2ef0001fee9fffe232f
00019c4e0035e5680002190afffe2cf4
0001af280035d72800023344fffe36c2
0001c1fe0035c83500024d8efffe4095
0001d4c80035b896000267e0fffe4a68
0001e77d0035a85300028232fffe5437
0001fa170035977600029c7afffe5dfe
00020c90003586060002b6affffe67ba
00021ee20035740f0002d0c7fffe7169
0002310b0035619b0002eabafffe7b09
0002430800354eb50003047dfffe8498
000254d700353b6700031e08fffe8e15
00026678003527bc00033750fffe9781
000277ec003513bf0003504cfffea0dc
000289350034ff7a000368f3fffeaa26
00029a550034eaf80003813bfffeb362
0002ab520034d6430003991dfffebc91
0002bc310034c1630003b08efffec5b6
0002ccf60034ac600003c788fffeced4
0002ddab003497430003de02fffed7ef
0002ee55003482130003f3f5fffee10a
0002fefe00346cd400040959fffeea2a
00030faf0034578d00041e29fffef354
000320710034423f0004325efffefc8e
0003314e00342cef000445f2ffff05dc
0003424f0034179c000458e2ffff0f44
0003537f0034024900046b28ffff18cc
000364e70033ecf300047cc2ffff227b
000376910033d79800048dacffff2c57
000388860033c23600049de3ffff3665
00039ad00033acc70004ad67ffff40ad
0003ad76003397480004bc36ffff4b34
0003c081003381b00004ca4fffff5601
0003d3f700336bfb0004d7b4ffff611a
0003e7de0033561e0004e464ffff6c85
0003fc3b003340120004f062ffff7848
00041113003329ce0004fbafffff8468
00042669003313480005064fffff90ea
00043c3e0032fc7500051044ffff9dd4
000452930032e54d00051992ffffab29
000469690032cdc40005223dffffb8ee
000480bd0032b5cf00052a4affffc726
0004988d00329d66000531bfffffd5d5
0004b0d60032847d000538a1ffffe4fd
0004c99300326b0c00053ef5fffff4a1
0004e2bd00325109000544c1000004c2
0004fc4f0032366c00054a0d00001561
0005164100321b2d00054edf0000267f
0005308a0031ff450005533e0000381b
00054b210031e2ad0005572f00004a36
000565fd0031c56100055abc00005cce
000581140031a75c00055dea00006fe0
00059c5a0031889a000560c00000836c
0005b7c50031691a000563460000976e
0005d349003148d9000565810000abe3
0005eedd003127d90005677a0000c0c6
00060a7400310619000569370000d615
000626030030e39c00056abd0000ebc9
000641810030c06500056c13000101de
00065ce200309c7600056d3f0001184e
0006781d003077d600056e4500012f13
000693290030528900056f2c00014627
0006adfc00302c9500056ff800015d83
0006c89000300602000570ad00017521
0006e2db002fded80005714f00018cf9
0006fcd9002fb71d000571e20001a504
00071684002f8edc000572690001bd3c
00072fd6002f661b000572e70001d597
000748cc002f3ce60005735d0001ee10
00076164002f1343000573cf0002069f
00077999002ee93e0005743d00021f3b
0007916d002ebede000574a8000237df
0007a8de002e942c0005751200025082
0007bfec002e6932000575790002691e
0007d698002e3df7000575df000281ab
0007ece5002e12830005764200029a23
000802d5002de6de000576a20002b280
0008186b002dbb0e000576fe0002cabc
00082da9002d8f1b000577550002e2d0
00084295002d6308000577a40002fab7
00085732002d36dd000577ea0003126d
00086b84002d0a9c00057824000329ec
00087f90002cde4a0005785200034130
0008935b002cb1e90005786f00035835
0008a6ea002c857d0005787b00036ef7
0008ba40002c59070005787200038574
0008cd63002c2c870005785200039ba9
0008e056002c0000000578180003b192
0008f31e002bd370000577c30003c730
000905bd002ba6d80005774f0003dc7f
00091838002b7a37000576bb0003f17e
00092a91002b4d8b000576040004062e
00093cca002b20d40005752800041a8d
00094ee5002af40f0005742600042e9c
000960e4002ac73c000572fc0004425a
000972c8002a9a57000571a8000455c9
00098491002a6d5f0005702a000468e9
0009963e002a405300056e8100047bba
0009a7d1002a133100056cab00048e3f
0009b9470029e5f600056aaa0004a07a
0009ca9f0029b8a30005687c0004b26a
0009dbd900298b35000566230004c413
0009ecf100295dac0005639e0004d576
0009fde700293007000560ef0004e695
000a0eb70029024700055e170004f771
000a1f5f0028d46b00055b160005080e
000a2fdc0028a675000557f00005186d
000a402d00287866000554a500052890
000a504f00284a3e0005513900053879
000a603e00281c0100054dad00054829
000a6ffa0027edaf00054a04000557a3
000a7f7f0027bf4c00054641000566e7
000a8ecd002790da00054267000575f8
000a9de10027625d00053e78000584d7
000aacbb002733d800053a7a00059384
000abb580027054f0005366d0005a200
000ac9ba0026d6c4000532560005b04d
000ad7e00026a83c00052e390005be6b
000ae5ca002679bb00052a180005cc5a
000af37900264b43000525f70005da1b
000b00ee00261cd9000521d90005e7ac
000b0e290025ee8000051dc20005f50f
000b1b2e0025c03b000519b300060242
000b27fe0025920e000515b200060f46
000b349b002563fa000511bf00061c19
000b41070025360200050ddd000628ba
000b4d460025082900050a1000063529
000b595b0024da6f0005065800064164
000b65480024acd6000502b800064d6a
000b711000247f600004ff320006593b
000b7cb70024520b0004fbc6000664d5
000b883e002424d90004f87700067036
000b93a90023f7c80004f54300067b5e
000b9efb0023cad90004f22d0006864b
000baa3500239e0a0004ef33000690fd
000bb55a0023715a0004ec5700069b71
000bc06b002344c60004e9970006a5a9
000bcb6a0023184e0004e6f30006afa2
000bd6560022ebee0004e4690006b95d
000be1320022bfa60004e1f90006c2d9
000bebfb002293720004dfa10006cc16
000bf6b4002267500004dd5f0006d515
000c015900223b3f0004db310006ddd5
000c0bea00220f3c0004d9150006e659
000c16640021e3460004d7090006eea0
000c20c70021b75b0004d50a0006f6ad
000c2b0e00218b7a0004d3160006fe81
000c353700215fa20004d1290007061f
000c3f3e002133d30004cf4300070d88
000c49210021080c0004cd5f000714c1
000c52da0020dc4f0004cb7b00071bcb
000c5c670020b09d0004c994000722ab
000c65c3002084f80004c7a800072965
000c6eea002059610004c5b400072ffd
000c77d900202ddc0004c3b700073677
000c808c0020026d0004c1ad00073cd9
000c88ff001fd7180004bf9600074327
000c9130001fabe10004bd6f00074968
000c991c001f80ce0004bb3600074fa0
000ca0c0001f55e40004b8ec000755d6
000ca81c001f2b2b0004b68e00075c11
000caf2e001f00a70004b41d00076255
000cb5f6001ed6610004b198000768ab
000cbc74001eac600004aeff00076f17
000cc2a9001e82aa0004ac53000775a2
000cc897001e59480004a99500077c50
000cce42001e30400004a6c70007832a
000cd3ac001e079a0004a3e900078a36
000cd8da001ddf5e0004a0ff00079179
000cddd1001db79100049e0a000798fb
000ce297001d903b00049b0e0007a0c1
000ce733001d69610004980e0007a8d2
000cebac001d43090004950d0007b132
000cf00b001d1d370004920f0007b9e8
000cf457001cf7f000048f190007c2f8
000cf89a001cd33700048c2f0007cc66
000cfcde001caf0f000489560007d638
000d012c001c8b78000486930007e071
000d058f001c6873000483eb0007eb14
000d0a10001c4600000481650007f624
000d0ebb001c241d00047f04000801a4
000d139a001c02c800047ccf00080d95
000d18b6001be1fd00047acd000819f8
000d1e1a001bc1b800047901000826cf
000d23ce001ba1f4000477730008341a
000d29dc001b82a900047628000841d8
000d304c001b63d10004752600085008
000d3726001b45620004747100085ea9
000d3e70001b27560004740f00086db9
000d4630001b09a10004740500087d35
000d4e6c001aec3a0004745800088d1a
000d5727001acf160004750b00089d65
000d6063001ab22a000476240008ae11
000d6a24001a956b000477a50008bf19
000d7469001a78cd000479920008d079
000d7f31001a5c4600047bed0008e22c
000d8a7d001a3fc900047eb90008f42a
000d9648001a234b000481f70009066f
000da28f001a06c3000485a9000918f4
000daf4c0019ea25000489ce00092bb2
000dbc7b0019cd6700048e6700093ea2
000dca140019b08200049374000951bd
000dd80f0019936c000498f2000964fc
000de6640019761f00049ee100097857
000df50a001958930004a53d00098bc8
000e03f600193ac30004ac0400099f47
000e132000191cab0004b3310009b2cc
000e227c0018fe480004bac10009c650
000e31ff0018df980004c2af0009d9ce
000e419e0018c0990004caf50009ed3d
000e51500018a14c0004d38d000a0097
000e6108001881b20004dc71000a13d6
000e70bd001861ce0004e599000a26f5
000e8064001841a30004eeff000a39ee
000e8ff4001821370004f89a000a4cbb
000e9f640018008f00050262000a5f58
000eaead0017dfb100050c4e000a71c1
000ebdc60017bea400051656000a83f3
000ecca900179d7200052071000a95e9
000edb5200177c2200052a94000aa7a3
000ee9bb00175abe000534b8000ab91c
000ef7e10017394f00053ed1000aca55
000f05c3001717e0000548d6000adb4c
000f13600016f67a000552be000aec01
000f20b70016d52800055c7f000afc74
000f2dca0016b3f30005660f000b0ca6
000f3a9c001692e400056f66000b1c98
000f47300016720600057879000b2c4d
000f538b0016516100058140000b3bc8
000f5fb2001630fc000589b3000b4b0a
000f6bad001610e0000591c9000b5a18
000f77830015f1130005997b000b68f6
000f833b0015d19b0005a0c0000b77a8
000f8edf0015b27c0005a791000b8633
000f9a77001593bb0005adea000b949d
000fa60e001575590005b3c2000ba2eb
000fb1ae001557580005b916000bb122
000fbd61001539b90005bde0000bbf4a
000fc93000151c7a0005c21c000bcd68
000fd5260014ff9a0005c5c6000bdb83
000fe14d0014e3160005c8dc000be9a1
000fedae0014c6e90005cb5b000bf7c9
000ffa530014ab0e0005cd41000c0602
0010074300148f7e0005ce8e000c1453
00101486001474330005cf41000c22c1
00102224001459240005cf5b000c3154
0010302200143e490005cedc000c4011
00103e85001423970005cdc7000c4eff
00104d52001409060005cc1c000c5e24
00105c8c0013ee890005c9df000c6d84
00106c340013d4180005c713000c7d25
00107c4b0013b9a50005c3bc000c8d0c
00108cd200139f270005bfde000c9d3c
00109dc6001384930005bb7e000cadbb
0010af25001369dd0005b6a1000cbe8b
0010c0eb00134efb0005b14c000ccfaf
0010d314001333e20005ab85000ce129
0010e5990013188a0005a552000cf2fb
0010f8740012fce800059ebb000d0527
00110b9e0012e0f5000597c4000d17ae
00111f0e0012c4a900059075000d2a8e
001132bb0012a7fd000588d5000d3dc9
0011469b00128aec000580eb000d515d
00115aa500126d70000578bd000d6548
00116ece00124f8600057053000d7988
0011830a0012312b000567b2000d8e1b
001197500012125d00055ee3000da2fe
0011ab940011f31c000555eb000db82d
0011bfcc0011d36800054cd1000dcda3
0011d3ec0011b3420005439b000de35d
0011e7eb001192ad00053a4f000df955
0011fbbd001171ac000530f2000e0f85
00120f5b0011504400052789000e25e9
001222ba00112e7900051e1b000e3c7a
001235d300110c51000514aa000e5331
0012489d0010e9d200050b3c000e6a09
00125b130010c704000501d3000e80fa
00126d2d0010a3ee0004f875000e97fd
00127ee7001080980004ef22000eaf0c
0012903c00105d090004e5df000ec61e
0012a1290010394c0004dcac000edd2e
0012b1ac001015670004d38c000ef434
0012c1c1000ff1630004ca80000f0b28
0012d16a000fcd490004c189000f2204
0012e0a4000fa9210004b8a7000f38c1
0012ef72000f84f20004afda000f4f58
0012fdd5000f60c50004a722000f65c2
00130bce000f3ca000049e7e000f7bf9
00131961000f188a000495ed000f91f8
00132691000ef48900048d6f000fa7b7
00133361000ed0a200048500000fbd33
00133fd5000eacdb00047ca1000fd265
00134bf3000e89380004744e000fe74a
001357be000e65bd00046c05000ffbdc
0013633b000e426b000463c400101017
00136e6f000e1f4700045b89001023f9
0013795f000dfc50000453510010377d
00138410000dd98900044b1900104aa1
00138e85000db6f2000442e000105d63
001398c4000d948b00043aa100106fc1
0013a2d0000d72530004325c001081b9
0013acae000d504900042a0d00109349
0013b65f000d2e6b000421b10010a472
0013bfe8000d0cb9000419480010b533
0013c94a000ceb2f000410ce0010c58b
0013d288000cc9cc000408430010d57b
0013dba2000ca88d0003ffa30010e503
0013e49b000c87700003f6ef0010f424
0013ed72000c66730003ee24001102e0
0013f627000c45920003e54200111138
0013feba000c24cc0003dc4800111f2d
0014072a000c041f0003d33600112cc1
00140f77000be3890003ca0c001139f7
0014179e000bc3080003c0ca001146cf
00141f9d000ba29b0003b7710011534c
00142774000b82410003ae0200115f71
00142f1e000b61fa0003a47c00116b3f
0014369b000b41c600039ae3001176b8
00143de8000b21a400039138001181e0
00144502000b01950003877c00118cb8
00144be7000ae19b00037db200119743
00145295000ac1b7000373dc0011a181
00145909000aa1ea000369fd0011ab76
00145f43000a8237000360170011b522
00146540000a62a00003562e0011be88
00146afe000a432800034c440011c7a9
0014707e000a23d20003425c0011d087
001475be000a04a00003387a0011d921
00147abd0009e59500032ea10011e17a
00147f7d0009c6b6000324d50011e992
001483fe0009a80500031b170011f16a
00148840000989850003116c0011f901
00148c4400096b39000307d800120058
0014900d00094d240002fe5b0012076f
0014939c00092f490002f4fb00120e45
001496f4000911aa0002ebb9001214db
00149a160008f4490002e29800121b2f
00149d060008d7290002d99b00122142
00149fc70008ba4a0002d0c300122711
0014a25b00089dad0002c81300122c9d
0014a4c5000881540002bf8d001231e5
0014a7090008653e0002b731001236e7
0014a92a0008496b0002af0100123ba2
0014ab2b00082ddb0002a6fd00124015
0014ad0e0008128d00029f2700124440
0014aed60007f7800002977f00124822
0014b0850007dcb10002900400124bb9
0014b21e0007c220000288b600124f05
0014b3a10007a7c90002819500125206
0014b51100078daa00027a9f001254ba
0014b66e000773c1000273d400125722
0014b7b800075a0c00026d320012593e
0014b8f000074087000266b700125b0e
0014ba15000727300002606200125c92
0014bb2500070e0500025a3000125dcc
0014bc200006f5030002542000125ebc
0014bd040006dc2700024e2e00125f63
0014bdce0006c3710002485800125fc5
0014be7c0006aade0002429b00125fe2
0014bf0b0006926d00023cf500125fbd
0014bf7600067a1e0002376300125f59
0014bfbc000661f1000231e200125eb8
0014bfd8000649e600022c6f00125de0
0014bfc6000631fe0002270700125cd3
0014bf8300061a3a000221a900125b95
0014bf0a0006029c00021c5100125a2b
0014be580005eb28000216fd0012589b
0014bd6a0005d3e1000211ab001256e8
0014bc3c0005bcca00020c590012551a
0014bacb0005a5e80002070500125334
0014b91600058f40000201ae0012513e
0014b719000578d80001fc5200124f3d
0014b4d5000562b50001f6f100124d38
0014b24700054cde0001f18a00124b36
0014af70000537590001ec1d0012493c
0014ac500005222e0001e6ab00124752
0014a8ea00050d630001e1330012457f
0014a53e0004f8ff0001dbb7001243c8
0014a1510004e50a0001d63800124236
00149d260004d1890001d0b7001240ce
001498c10004be850001cb3800123f98
001494290004ac030001c5bc00123e99
00148f6200049a090001c04600123dd7
00148a750004889d0001bada00123d5a
00148569000477c40001b57b00123d26
00148046000467820001b02d00123d41
00147b14000457da0001aaf400123db0
001475de000448cf0001a5d500123e77
001470ad00043a640001a0d500123f9c
00146b8c00042c9800019bf800124121
0014668300041f6c000197440012430b
0014619e000412df000192bf0012455b
00145ce8000406ef00018e6d00124816
0014586a0003fb9800018a5500124b3b
0014542e0003f0d70001867c00124ecd
0014503f0003e6a6000182e8001252cd
00144ca60003dd0000017f9e0012573a
0014496b0003d3de00017ca400125c15
001446970003cb37000179ff0012615c
001444310003c303000177b50012670e
001442400003bb39000175ca00126d29
001440c90003b3ce00017444001273aa
00143fd20003acb80001732700127a8e
00143f5e0003a5ec00017277001281d2
00143f7000039f5f0001723800128971
00144009000399040001726d00129167
0014412b000392d10001731a001299b0
001442d300038cb9000174400012a244
00144501000386b2000175e30012ab1f
001447b1000380af000178020012b43b
00144ae000037aa500017aa00012bd92
00144e870003748b00017dbc0012c71b
001452a300036e56000181560012d0d2
0014572a000367fe0001856e0012daae
00145c160003617900018a010012e4a9
0014615d00035ac100018f0f0012eebb
001466f7000353cf000194930012f8dd
00146cda00034c9d00019a8b00130309
001472fb000345280001a0f300130d36
0014795000033d6b0001a7c70013175f
00147fce000335650001af000013217b
0014866b00032d140001b69a00132b86
00148d1b0003247a0001be8f00133577
001493d300031b980001c6d700133f4a
00149a8a0003126f0001cf6b001348f9
0014a136000309040001d8450013527e
0014a7cd0002ff5b0001e15b00135bd4
0014ae480002f57b0001eaa5001364f7
0014b49c0002eb680001f41b00136de4
0014bac50002e12c0001fdb400137696
0014c0bc0002d6cd0002076600137f0c
0014c67b0002cc550002112700138741
0014cbff0002c1cc00021aef00138f36
0014d1450002b73c000224b4001396e8
0014d64a0002acaf00022e6b00139e57
0014db0f0002a22f0002380b0013a582
0014df94000297c40002418a0013ac6b
0014e3db00028d7900024adf0013b313
0014e7e600028357000254000013b97b
0014ebb90002796800025ce50013bfa5
0014ef5a00026fb2000265840013c594
0014f2ce0002663f00026dd40013cb4c
0014f61c00025d15000275ce0013d0d0
0014f94d0002543a00027d690013d625
0014fc6700024bb40002849f0013db4f
0014ff740002438700028b680013e053
0015027e00023bb6000291bd0013e537
0015058e000234430002979a0013ea00
001508af00022d2f00029cf80013eeb5
00150beb0002267a0002a1d20013f35c
00150f4b000220220002a6260013f7fb
001512da00021a260002a9ee0013fc98
001516a1000214820002ad290014013c
00151aab00020f300002afd4001405eb
00151f0000020a2c0002b1ee00140aae
001523a80002056d0002b37500140f8b
001528ab000200ee0002b46a00141488
00152e0f0001fca50002b4cc001419ab
001533db0001f8890002b49d00141efd
00153a130001f4900002b3df00142481
001540bc0001f0af0002b29300142a3e
001547d80001ecdd0002b0bd0014303a
00154f680001e90e0002ae5f00143679
0015576e0001e5360002ab7d00143d00
00155fe90001e14b0002a81d001443d4
001568d70001dd420002a44200144af8
001572350001d90e00029ff100145270
00157bff0001d4a600029b3100145a3f
001586310001d0000002960700146266
001590c40001cb100002907900146ae8
00159bb10001c5d000028a8d001473c6
0015a6f20001c0350002844a00147d00
0015b27c0001ba3900027db700148697
0015be480001b3d5000276da0014908a
0015ca4b0001ad0300026fbb00149ad8
0015d67c0001a5bf0002685f0014a580
0015e2cf00019e04000260cf0014b07e
0015ef3a000195d0000259100014bbd2
0015fbb200018d22000251290014c777
0016082c000183f8000249210014d369
0016149d00017a53000240fe0014dfa5
001620fb00017035000238c50014ec26
00162d3c000165a00002307e0014f8e7
0016395500015a980002282c001505e3
0016453d00014f2100021fd600151313
001650eb0001433f0002178000152072
00165c57000136f900020f2e00152df9
0016677b00012a56000206e500153ba3
0016724e00011d5b0001fea700154967
00167ccb000110100001f6790015573f
001686ed0001027f0001ee5e00156525
001690b10000f4ad0001e65600157310
00169a120000e6a40001de65001580fa
0016a30f0000d86c0001d68c00158edd
0016aba50000ca0d0001cecb00159caf
0016b3d50000bb900001c7240015aa6c
0016bb9e0000acfc0001bf980015b80c
0016c30100009e5a0001b8250015c588
0016ca0000008faf0001b0cb0015d2da
0016d09e000081040001a98a0015dffb
0016d6dc0000725f0001a2600015ece7
0016dcbe000063c500019b4d0015f996
0016e2490000553d0001944d00160605
0016e780000046c900018d610016122d
0016ec680000386f0001868400161e0a
0016f10500002a3200017fb600162998
0016f55c00001c15000178f3001634d4
0016f97300000e190001723a00163fb8
0016fd4d0000004000016b8700164a44
001700f0fffff28a000164d800165473
00170460ffffe4f900015e2a00165e45
001707a1ffffd78b0001577b001667b6
00170ab7ffffca40000150c8001670c5
00170da6ffffbd1700014a0e00167972
00171070ffffb00e0001434c001681bb
0017131affffa32300013c7f001689a1
001715a4ffff9653000135a500169124
00171811ffff899d00012ebb00169843
00171a63ffff7cfe000127c200169f00
00171c99ffff7074000120b60016a55c
00171eb4ffff63fb000119980016ab57
001720b5ffff5792000112660016b0f3
0017229bffff4b3700010b1f0016b633
00172465ffff3ee6000103c30016bb16
00172611ffff329e0000fc530016bfa1
0017279fffff265e0000f4ce0016c3d4
0017290cffff1a250000ed350016c7b2
00172a55ffff0df10000e5890016cb3e
00172b7affff01c20000ddcb0016ce78
00172c78fffef5980000d5fc0016d165
00172d4bfffee9730000ce1f0016d405
00172df3fffedd540000c6340016d65c
00172e6cfffed13b0000be3f0016d86a
00172eb4fffec52b0000b6410016da33
00172ec9fffeb9250000ae3e0016dbb8
00172eaafffead2a0000a6370016dcfb
00172e55fffea13f00009e300016ddfe
00172dc9fffe95640000962c0016dec1
00172d04fffe899e00008e2e0016df47
00172c07fffe7dee000086390016df90
00172ad1fffe725800007e510016df9d
00172961fffe66df000076770016df70
001727bafffe5b8700006eb10016df07
001725dbfffe5052000067000016de64
001723c7fffe454300005f680016dd88
0017217efffe3a5c000057ec0016dc70
00171f02fffe2fa20000508f0016db1f
00171c57fffe2515000049530016d992
0017197efffe1ab80000423c0016d7ca
0017167bfffe108c00003b4a0016d5c6
00171350fffe0693000034810016d385
00171000fffdfccd00002de10016d106
00170c8efffdf33c0000276e0016ce49
001708fefffde9de000021280016cb4c
00170552fffde0b500001b100016c80e
0017018dfffdd7be000015260016c48e
0016fdb3fffdcefa00000f6c0016c0cc
0016f9c5fffdc667000009e20016bcc7
0016f5c5fffdbe02000004860016b87d
0016f1b7fffdb5cbffffff5a0016b3ee
0016ed9afffdadbefffffa5c0016af1a
0016e972fffda5d9fffff58b0016aa00
0016e53dfffd9e19fffff0e60016a4a0
0016e0fdfffd967dffffec6b00169efb
0016dcb1fffd8f01ffffe8190016990f
0016d859fffd87a2ffffe3ed001692df
0016d3f3fffd805effffdfe600168c6b
0016cf7efffd7933ffffdc01001685b4
0016caf9fffd721effffd83c00167ebc
0016c660fffd6b1effffd49300167784
0016c1b1fffd6431ffffd1040016700f
0016bce9fffd5d56ffffcd8d0016685f
0016b804fffd568dffffca2b00166077
0016b2fffffd4fd6ffffc6da0016585b
0016add6fffd4930ffffc3980016500d
0016a886fffd429dffffc06200164793
0016a30afffd3c1fffffbd3600163ef0
00169d5efffd35b8ffffba1000163628
00169780fffd2f6bffffb6f000162d42
0016916bfffd293affffb3d200162441
00168b1cfffd232bffffb0b400161b2c
00168491fffd1d42ffffad9600161209
00167dc8fffd1784ffffaa75001608dd
001676befffd11f6ffffa7500015ffae
00166f72fffd0c9fffffa4270015f684
001667e4fffd0784ffffa0f80015ed64
00166013fffd02adffff9dc50015e456
00165802fffcfe21ffff9a8d0015db60
00164fb0fffcf9e5ffff97510015d288
00164720fffcf603ffff94110015c9d6
00163e57fffcf27fffff90d00015c150
00163557fffcef62ffff8d8e0015b8fe
00162c26fffcecb2ffff8a4f0015b0e5
001622c8fffcea75ffff87150015a90b
00161945fffce8b0ffff83e20015a178
00160fa4fffce76bffff80ba00159a31
001605ecfffce6a8ffff7da10015933b
0015fc26fffce66dffff7a9b00158c9d
0015f25bfffce6bcffff77ab0015865a
0015e894fffce798ffff74d700158078
0015dedbfffce902ffff722300157afb
0015d53afffceafcffff6f95001575e6
0015cbbbfffced85ffff6d310015713e
0015c269fffcf09bffff6afd00156d03
0015b94ffffcf43dffff68ff0015693a
0015b076fffcf867ffff673b001565e3
0015a7e8fffcfd15ffff65b900156301
00159faffffd0241ffff647d00156092
001597d5fffd07e5ffff638d00155e98
00159061fffd0dfbffff62ee00155d13
0015895dfffd1479ffff62a600155c00
001582cffffd1b57ffff62ba00155b5f
00157cbdfffd228bffff632f00155b2d
0015772efffd2a0cffff640a00155b68
00157226fffd31cfffff654f00155c0c
00156da8fffd39c8ffff670200155d15
001569b6fffd41ecffff692700155e80
00156653fffd4a30ffff6bc100156048
0015637efffd5287ffff6ed400156267
00156136fffd5ae6ffff7260001564d8
00155f79fffd6342ffff766900156796
00155e44fffd6b8fffff7aef00156a9a
00155d93fffd73c3ffff7ff300156ddd
00155d5ffffd7bd2ffff85760015715a
00155da4fffd83b4ffff8b7700157508
00155e5afffd8b5fffff91f5001578e2
00155f78fffd92ccffff98ee00157cdf
001560f6fffd99f3ffffa060001580f9
001562cafffda0ceffffa84800158528
001564ebfffda757ffffb0a300158966
0015674ffffdad8bffffb96d00158dab
001569e9fffdb366ffffc2a0001591f1
00156cb0fffdb8e7ffffcc3800159630
00156f99fffdbe0dffffd62f00159a62
00157299fffdc2d9ffffe07f00159e81
001575a6fffdc74cffffeb200015a287
001578b5fffdcb6afffff60b0015a66e
00157bbcfffdcf35000001390015aa31
00157eb3fffdd2b300000ca20015adcb
00158190fffdd5ea0000183c0015b139
0015844dfffdd8e1000024000015b476
001586e2fffddb9e00002fe30015b77f
00158949fffdde2b00003bdd0015ba50
00158b7efffde090000047e40015bce9
00158d7dfffde2d6000053ef0015bf47
00158f43fffde50700005ff30015c16a
001590cefffde72c00006be70015c350
0015921ffffde94f000077c10015c4fa
00159336fffdeb7b000083780015c668
00159415fffdedb800008f010015c79c
001594bffffdf01000009a550015c898
00159538fffdf28b0000a5680015c95d
00159586fffdf5320000b0330015c9f0
001595affffdf80d0000baae0015ca52
001595b9fffdfb220000c4cf0015ca89
001595acfffdfe780000ce8f0015ca97
00159592fffe02130000d7e60015ca84
00159572fffe05f70000e0cf0015ca52
00159557fffe0a280000e9420015ca08
0015954afffe0ea70000f13b0015c9ac
00159556fffe13750000f8b20015c944
00159584fffe18910000ffa50015c8d6
001595e0fffe1dfb0001060f0015c868
00159672fffe23af00010bec0015c802
00159744fffe29aa0001113a0015c7aa
00159860fffe2fe6000115f70015c766
001599cffffe365d00011a220015c73d
00159b99fffe3d0a00011db90015c737
00159dc4fffe43e3000120bd0015c759
0015a058fffe4ae00001232e0015c7ab
0015a35afffe51f80001250d0015c832
0015a6cffffe59210001265b0015c8f4
0015aabafffe60500001271d0015c9f7
0015af1efffe677b000127530015cb40
0015b3fdfffe6e97000127020015ccd5
0015b957fffe75980001262d0015ceb9
0015bf2afffe7c72000124d90015d0f2
0015c575fffe831c0001230b0015d383
0015cc35fffe898a000120c70015d66e
0015d365fffe8fb100011e140015d9b7
0015db01fffe958800011af80015dd60
0015e302fffe9b04000117780015e16b
0015eb61fffea01e0001139b0015e5d8
0015f415fffea4cc00010f670015eaa8
0015fd17fffea90700010ae30015efdc
0016065efffeacc9000106170015f572
00160fdefffeb00d000101080015fb69
0016198efffeb2ce0000fbbd001601bf
00162364fffeb5090000f63e00160873
00162d54fffeb6ba0000f09100160f81
00163753fffeb7e20000eabc001616e6
00164157fffeb87f0000e4c700161e9e
00164b55fffeb8920000deb6001626a6
00165542fffeb81d0000d89100162ef7
00165f14fffeb7230000d25d0016378e
001668c1fffeb5a70000cc1e00164064
00167240fffeb3ae0000c5db00164974
00167b88fffeb13e0000bf98001652b8
00168492fffeae5b0000b95800165c28
00168d55fffeab0d0000b321001665c0
001695ccfffea75b0000acf600166f77
00169df1fffea34c0000a6d900167947
0016a5befffe9ee90000a0cd00168328
0016ad31fffe9a3900009ad600168d14
0016b445fffe9545000094f300169704
0016baf9fffe901500008f280016a0f0
0016c14cfffe8ab2000089740016aad1
0016c73cfffe8524000083d80016b4a1
0016cccbfffe7f7200007e560016be58
0016d1f9fffe79a4000078eb0016c7f0
0016d6c7fffe73c2000073990016d163
0016db3afffe6dd200006e5d0016daaa
0016df52fffe67db000069370016e3c0
0016e314fffe61e2000064260016ec9f
0016e684fffe5bed00005f270016f541
0016e9a6fffe560000005a380016fda3
0016ec7efffe502000005558001705be
0016ef12fffe4a4e0000508500170d8f
0016f165fffe448e00004bba00171513
0016f37dfffe3ee2000046f700171c46
0016f55efffe394b0000423900172324
0016f70dfffe33ca00003d7c001729ac
0016f88ffffe2e5f000038be00172fdb
0016f9e7fffe2909000033fd001735af
0016fb1afffe23c800002f3600173b28
0016fc2afffe1e9b00002a6700174044
0016fd1cfffe197e0000258d00174502
0016fdf1fffe1472000020a600174962
0016feabfffe0f7300001bb000174d65
0016ff4dfffe0a80000016a90017510b
0016ffd8fffe05950000119000175454
0017004cfffe00b000000c6300175742
001700aafffdfbcf00000721001759d6
001700f1fffdf6ef000001ca00175c11
00170121fffdf20ffffffc5d00175df5
00170139fffded2bfffff6d900175f84
00170137fffde843fffff13f001760c0
0017011afffde355ffffeb8f001761ab
001700e0fffdde60ffffe5ca00176246
00170087fffdd963ffffdff100176296
0017000cfffdd45dffffda040017629a
0016ff6dfffdcf50ffffd40500176257
0016fea8fffdca3affffcdf7001761cd
0016fdbafffdc51dffffc7da00176100
0016fca1fffdbffaffffc1b200175ff1
0016fb5bfffdbad3ffffbb8000175ea3
0016f9e6fffdb5a9ffffb54700175d16
0016f83ffffdb07fffffaf0a00175b4e
0016f666fffdab57ffffa8cd0017594a
0016f45afffda634ffffa2910017570e
0016f219fffda119ffff9c5a00175499
0016efa2fffd9c08ffff962c001751ee
0016ecf7fffd9706ffff900900174f0c
0016ea17fffd9215ffff89f400174bf5
0016e702fffd8d38ffff83f1001748a8
0016e3bbfffd8873ffff7e0400174527
0016e041fffd83c8ffff782e00174171
0016dc97fffd7f3affff727300173d85
0016d8c0fffd7acbffff6cd600173965
0016d4bcfffd767fffff675a0017350f
0016d08ffffd7256ffff620000173082
0016cc3cfffd6e53ffff5ccc00172bbf
0016c7c6fffd6a76ffff57be001726c3
0016c32ffffd66c1ffff52da0017218f
0016be7afffd6334ffff4e2000171c21
0016b9acfffd5fcfffff499100171678
0016b4c6fffd5c91ffff453000171094
0016afcbfffd597bffff40fb00170a73
0016aabefffd568bffff3cf500170414
0016a5a3fffd53beffff391c0016fd77
0016a079fffd5115ffff35710016f69a
00169b45fffd4e8cffff31f20016ef7d
00169606fffd4c21ffff2ea10016e820
001690bffffd49d3ffff2b7a0016e082
00168b6ffffd479dffff287d0016d8a2
00168617fffd457effff25a90016d083
001680b7fffd4373ffff22fb0016c822
00167b4dfffd417affff20720016bf82
001675d9fffd3f8fffff1e0b0016b6a3
00167059fffd3db1ffff1bc30016ad87
00166acafffd3bdeffff19990016a42e
0016652bfffd3a13ffff178900169a9b
00165f79fffd3850ffff1592001690d0
001659affffd3694ffff13af001686d0
001653ccfffd34dfffff11de00167c9e
00164dcbfffd332fffff101d0016723c
001647a8fffd3187ffff0e69001667b0
0016415ffffd2fe7ffff0cbe00165cfb
00163aedfffd2e52ffff0b1b00165224
0016344ffffd2cc8ffff097c0016472f
00162d7ffffd2b4fffff07e000163c20
0016267bfffd29e8ffff0644001630fd
00161f40fffd2899ffff04a7001625cc
001617cbfffd2767ffff030600161a93
0016101afffd2655ffff016100160f56
0016082bfffd256bfffeffb70016041e
0015fffdfffd24affffefe060015f8ef
0015f790fffd2426fffefc4f0015edd2
0015eee3fffd23d7fffefa900015e2cc
0015e5f9fffd23cbfffef8cc0015d7e4
0015dcd1fffd2407fffef7010015cd20
0015d370fffd2492fffef5320015c289
0015c9d8fffd2575fffef3600015b823
0015c00efffd26b4fffef18d0015adf7
0015b617fffd2858fffeefbb0015a40a
0015abf8fffd2a67fffeeded00159a63
0015a1b7fffd2ce5fffeec2500159108
0015975dfffd2fd9fffeea68001587fe
00158cf1fffd3348fffee8b800157f4c
0015827cfffd3734fffee71a001576f6
00157806fffd3ba1fffee59300156f01
00156d99fffd4092fffee42600156773
00156340fffd4608fffee2da0015604e
00155903fffd4c04fffee1b200155997
00154eeffffd5284fffee0b400155351
0015450cfffd5988fffedfe600154d7e
00153b65fffd610dfffedf4d00154820
00153204fffd6910fffedeef0015433a
001528f4fffd718bfffeded200153ecc
0015203efffd7a7bfffedefa00153ad6
001517ebfffd83d7fffedf6e00153759
00151003fffd8d99fffee03300153454
0015088ffffd97b8fffee14f001531c6
00150195fffda22cfffee2c600152fac
0014fb1cfffdacebfffee49d00152e06
0014f528fffdb7eafffee6da00152ccf
0014efbffffdc320fffee98000152c05
0014eae3fffdce80fffeec9300152ba3
0014e697fffdd9fffffef01800152ba6
0014e2dbfffde592fffef41100152c08
0014dfb0fffdf12dfffef88100152cc4
0014dd13fffdfcc4fffefd6a00152dd5
0014db04fffe084cffff02cd00152f34
0014d97efffe13baffff08ad001530dc
0014d87dfffe1f03ffff0f0a001532c6
0014d7fbfffe2a1dffff15e3001534eb
0014d7f1fffe34ffffff1d3900153744
0014d859fffe3f9fffff2509001539ca
0014d929fffe49f7ffff2d5300153c77
0014da5afffe53feffff361300153f42
0014dbe1fffe5dafffff3f4700154224
0014ddb4fffe6705ffff48ec00154517
0014dfc9fffe6ffdffff52fc00154813
0014e215fffe7893ffff5d7400154b11
0014e48dfffe80c7ffff684d00154e0b
0014e727fffe8897ffff7382001550fa
0014e9d8fffe9005ffff7f0c001553d8
0014ec94fffe9712ffff8ae50015569f
0014ef53fffe9dc3ffff97050015594a
0014f20afffea41affffa36300155bd3
0014f4b1fffeaa1effffaff900155e36
0014f73efffeafd4ffffbcbd0015606f
0014f9abfffeb543ffffc9a600156279
0014fbf1fffeba73ffffd6ac00156452
0014fe0afffebf6cffffe3c4001565f7
0014fff1fffec438fffff0e500156766
001501a4fffec8dffffffe060015689e
0015031ffffecd6c00000b1d0015699d
00150462fffed1e70000182000156a62
0015056cfffed65c0000250500156aef
0015063efffedad3000031c200156b44
001506dbfffedf5600003e4f00156b63
00150746fffee3ef00004aa200156b4d
00150783fffee8a6000056b100156b04
00150798fffeed830000627500156a8c
0015078bfffef28e00006de3001569e9
00150763fffef7cd000078f60015691e
00150729fffefd47000083a40015682f
001506e4ffff030000008de700156722
0015069effff08fc000097b7001565fc
00150661ffff0f3e0000a10f001564c2
00150636ffff15c70000a9e90015637a
00150628ffff1c980000b2400015622b
00150640ffff23b00000ba10001560da
0015068affff2b0e0000c15400155f8e
0015070effff32af0000c80a00155e4e
001507d7ffff3a8e0000ce2e00155d21
001508edffff42a60000d3bf00155c0d
00150a59ffff4af10000d8bc00155b19
00150c24ffff53690000dd2500155a4c
00150e53ffff5c050000e0f8001559ab
001510efffff64bc0000e4370015593e
001513fbffff6d840000e6e30015590b
0015177cffff76550000e8fe00155917
00151b77ffff7f230000ea8a00155969
00151fecffff87e40000eb8b00155a05
001524deffff908c0000ec0400155af0
00152a4bffff99100000ebf800155c2f
00153034ffffa1650000eb6e00155dc5
00153695ffffa9800000ea6800155fb7
00153d6cffffb1560000e8ed00156208
001544b3ffffb8dd0000e703001564b9
00154c66ffffc00b0000e4af001567ce
0015547effffc6d60000e1f700156b47
00155cf4ffffcd360000dee300156f25
001565bfffffd3230000db780015736a
00156ed6ffffd8950000d7bd00157814
00157831ffffdd870000d3ba00157d23
001581c5ffffe1f40000cf7400158295
00158b88ffffe5d60000caf300158869
0015956fffffe92c0000c63d00158e9c
00159f6fffffebf20000c15a0015952b
0015a97dffffee280000bc4f00159c13
0015b38fffffefce0000b7240015a350
0015bd99fffff0e50000b1dd0015aadd
0015c792fffff16e0000ac820015b2b6
0015d16efffff16e0000a7170015bad5
0015db25fffff0e70000a1a20015c335
0015e4adffffefdf00009c280015cbcf
0015edfdffffee5a000096ae0015d49f
0015f70effffec5f000091370015dd9c
0015ffd8ffffe9f600008bc80015e6c0
00160856ffffe724000086640015f005
00161082ffffe3f30000810e0015f964
00161856ffffe06900007bc9001602d5
00161fd0ffffdc8f0000769600160c51
001626edffffd86e00007178001615d1
00162daaffffd40e00006c6f00161f4f
00163406ffffcf770000677e001628c2
00163a01ffffcab1000062a300163224
00163f9cffffc5c500005ddf00163b6f
001644d8ffffc0b9000059330016449b
001649b6ffffbb960000549d00164da3
00164e39ffffb6620000501c00165680
00165264ffffb12200004baf00165f2c
0016563bffffabde00004755001667a2
001659c2ffffa6990000430c00166fdd
00165cfdffffa15800003ed1001677d8
00165ff1ffff9c2000003aa400167f8e
001662a1ffff96f300003680001686fb
00166514ffff91d30000326400168e1b
0016674dffff8cc200002e4e001694ec
00166952ffff87c200002a3900169b6b
00166b27ffff82d4000026250016a194
00166cd1ffff7df60000220f0016a766
00166e53ffff792a00001df30016acdf
00166fb1ffff746d000019cf0016b1fd
001670eeffff6fbe000015a00016b6c1
0016720effff6b1c000011660016bb29
00167314ffff668500000d1c0016bf36
00167400ffff61f7000008c20016c2e7
001674d5ffff5d6f000004560016c63d
00167594ffff58eaffffffd60016c938
0016763dffff5467fffffb400016cbda
001676d0ffff4fe3fffff6950016ce25
0016774effff4b5bfffff1d20016d019
001677b5ffff46ceffffecf80016d1b8
00167805ffff4239ffffe8060016d304
0016783bffff3d9cffffe2fd0016d400
00167857ffff38f3ffffdddd0016d4ac
00167856ffff3440ffffd8a70016d50d
00167835ffff2f80ffffd35b0016d522
001677f4ffff2ab3ffffcdfb0016d4f0
0016778fffff25dbffffc8890016d478
00167704ffff20f7ffffc3060016d3bc
00167650ffff1c08ffffbd740016d2bf
00167571ffff170fffffb7d60016d182
00167466ffff120fffffb22e0016d007
0016732bffff0d08ffffac7e0016ce51
001671c0ffff07ffffffa6ca0016cc61
00167023ffff02f4ffffa1150016ca38
00166e52fffefdebffff9b610016c7d7
00166c4efffef8e7ffff95b10016c541
00166a15fffef3ebffff900a0016c275
001667a8fffeeefaffff8a6d0016bf75
00166506fffeea17ffff84df0016bc41
00166232fffee546ffff7f630016b8da
00165f2bfffee08affff79fa0016b53f
00165bf3fffedbe4ffff74aa0016b171
0016588cfffed75affff6f740016ad70
001654f8fffed2ebffff6a5b0016a93b
0016513afffece9cffff65620016a4d1
00164d53fffeca6effff608c0016a032
00164948fffec662ffff5bda00169b5e
0016451afffec27affff574e00169653
001640cefffebeb6ffff52eb00169110
00163c65fffebb17ffff4eb200168b95
001637e3fffeb79cffff4aa3001685e1
0016334bfffeb446ffff46c000167ff2
00162e9ffffeb114ffff430a001679c7
001629e3fffeae04ffff3f8000167360
00162519fffeab15ffff3c2300166cbb
0016203afffea84affff38ea001665e7
00161b35fffea5abffff35c300165f02
00161606fffea33dffff32a70016581a
001610adfffea0ffffff2f960016512f
00160b30fffe9ef1ffff2c9100164a42
0016058ffffe9d10ffff299a00164351
0015ffcdfffe9b5effff26b200163c5e
0015f9eefffe99d7ffff23da00163569
0015f3f3fffe987bffff211200162e70
0015eddffffe9749ffff1e5c00162774
0015e7b4fffe963fffff1bb900162075
0015e175fffe955cffff192900161972
0015db23fffe949dffff16af0016126b
0015d4c1fffe9402ffff144a00160b60
0015ce51fffe9388ffff11fb00160451
0015c7d4fffe932dffff0fc40015fd3d
0015c14cfffe92efffff0da60015f624
0015babbfffe92ccffff0ba00015ef05
0015b422fffe92c2ffff09b50015e7e0
0015ad83fffe92cfffff07e40015e0b5
0015a6defffe92f0ffff062f0015d983
0015a035fffe9324ffff04970015d24a
00159988fffe9367ffff031b0015cb09
001592d9fffe93b7ffff01bd0015c3bf
00158c28fffe9413ffff007e0015bc6c
00158575fffe9477fffeff5e0015b50f
00157ec1fffe94e1fffefe5d0015ada8
0015780cfffe954ffffefd7d0015a637
00157157fffe95bffffefcbd00159eb9
00156aa0fffe962dfffefc1f00159730
001563e8fffe9699fffefba300158f9a
00155d2ffffe96fefffefb49001587f5
00155674fffe975dfffefb1100158043
00154fb6fffe97b1fffefafd00157882
001548f5fffe97f9fffefb0c001570b0
00154230fffe9834fffefb3e001568ce
00153b66fffe985efffefb95001560db
00153496fffe9877fffefc10001558d6
00152dbefffe987cfffefcb0001550bd
001526defffe986cfffefd7400154891
00151ff4fffe9845fffefe5d00154051
001518fefffe9805fffeff6b001537fb
001511fbfffe97adffff009f00152f8f
00150aeafffe9739ffff01f70015270c
001503c8fffe96a9ffff037400151e71
0014fc94fffe95fcffff0517001515be
0014f54cfffe9532ffff06de00150cf1
0014edeffffe9449ffff08cb0015040a
0014e679fffe9341ffff0adc0014fb08
0014deeafffe9219ffff0d120014f1ea
0014d740fffe90d1ffff0f6c0014e8af
0014cf78fffe8f69ffff11eb0014df57
0014c791fffe8de1ffff148d0014d5e0
0014bf88fffe8c3affff17530014cc4b
0014b75cfffe8a72ffff1a3d0014c295
0014af0afffe888bffff1d4a0014b8be
0014a692fffe8685ffff20790014aec7
00149df0fffe8461ffff23ca0014a4ac
00149523fffe821fffff273d00149a6f
00148c2afffe7fc1ffff2ad10014900e
00148302fffe7d47ffff2e8600148589
001479aafffe7ab3ffff325c00147ade
00147020fffe7806ffff36500014700e
00146663fffe7541ffff3a6400146517
00145c72fffe7265ffff3e96001459f8
0014524bfffe6f76ffff42e500144eb2
001447edfffe6c73ffff475200144343
00143d56fffe695fffff4bdb001437ab
00143286fffe663cffff507f00142be9
0014277cfffe630bffff553e00141ffd
00141c38fffe5fcfffff5a17001413e6
001410b7fffe5c89ffff5f09001407a4
001404fbfffe593dffff64130013fb36
0013f901fffe55ebffff69340013ee9c
0013ecccfffe5297ffff6e6c0013e1d4
0013e059fffe4f42ffff73b90013d4e0
0013d3a9fffe4befffff791b0013c7bd
0013c6bdfffe48a0ffff7e910013ba6d
0013b993fffe4557ffff84190013acee
0013ac2efffe4217ffff89b300139f41
00139e8dfffe3ee2ffff8f5e00139164
001390b2fffe3bbaffff951800138359
0013829cfffe38a1ffff9ae00013751d
0013744dfffe359affffa0b6001366b2
001365c6fffe32a7ffffa69900135818
00135708fffe2fc9ffffac870013494d
00134814fffe2d04ffffb27f00133a52
001338edfffe2a58ffffb88000132b26
00132993fffe27c9ffffbe8900131bcb
00131a08fffe2557ffffc49a00130c3f
00130a4dfffe2304ffffcaaf0012fc82
0012fa66fffe20d3ffffd0ca0012ec96
0012ea54fffe1ec4ffffd6e80012dc79
0012da18fffe1cdaffffdd080012cc2c
0012c9b5fffe1b15ffffe3290012bbaf
0012b92efffe1976ffffe94a0012ab03
0012a884fffe1800ffffef6b00129a26
001297bafffe16b3fffff5880012891b
001286d3fffe158ffffffba3001277e0
001275d0fffe1496000001b800126677
001264b5fffe13c9000007c8001254df
00125384fffe132700000dd100124319
0012423ffffe12b1000013d100123125
001230e9fffe1267000019c900121f04
00121f85fffe124900001fb600120cb7
00120e15fffe1258000025970011fa3d
0011fc9dfffe129300002b6c0011e797
0011eb1dfffe12f9000031330011d4c6
0011d99afffe138b000036eb0011c1cb
0011c816fffe144800003c930011aea6
0011b692fffe152e0000422a00119b57
0011a512fffe163d000047af001187e0
00119398fffe177400004d2100117440
00118227fffe18d20000527e0011607a
001170bffffe1a56000057c600114c8d
00115f65fffe1bfe00005cf90011387b
00114e19fffe1dc90000621300112444
00113cdefffe1fb50000671600110fe8
00112bb6fffe21c100006c000010fb6a
00111aa2fffe23ea000070cf0010e6ca
001109a4fffe262f000075840010d209
0010f8bffffe288e00007a1d0010bd27
0010e7f2fffe2b0500007e990010a826
0010d740fffe2d91000082f800109307
0010c6aafffe30320000873800107dcb
0010b630fffe32e300008b5900106872
0010a5d5fffe35a400008f5b001052ff
00109598fffe38720000933b00103d72
0010857bfffe3b4a000096fb001027cb
0010757dfffe3e2a00009a980010120d
001065a0fffe411000009e13000ffc39
001055e3fffe43f90000a16b000fe64f
00104647fffe46e40000a49f000fd050
001036ccfffe49cd0000a7ae000fba3f
00102771fffe4cb20000aa98000fa41c
00101837fffe4f920000ad5d000f8de9
0010091cfffe52690000affc000f77a6
000ffa21fffe55350000b275000f6155
000feb44fffe57f50000b4c7000f4af8
000fdc85fffe5aa60000b6f2000f348e
000fcde3fffe5d460000b8f6000f1e1b
000fbf5cfffe5fd30000bad1000f079f
000fb0f0fffe624b0000bc85000ef11b
000fa29dfffe64ad0000be10000eda91
000f9462fffe66f60000bf73000ec401
000f863efffe69250000c0ae000ead6f
000f782efffe6b380000c1bf000e96d9
000f6a31fffe6d2f0000c2a8000e8043
000f5c46fffe6f060000c368000e69ad
000f4e6afffe70bf0000c3ff000e5319
000f409cfffe72560000c46d000e3c87
000f32d9fffe73cc0000c4b2000e25fa
000f2520fffe75200000c4ce000e0f73
000f176efffe76500000c4c2000df8f2
000f09c2fffe775d0000c48d000de27a
000efc19fffe78460000c42f000dcc0b
000eee71fffe790a0000c3aa000db5a7
000ee0c9fffe79aa0000c2fc000d9f4f
000ed31dfffe7a250000c227000d8904
000ec56cfffe7a7c0000c12a000d72c8
000eb7b3fffe7aaf0000c006000d5c9c
000ea9f1fffe7abe0000bebc000d4681
000e9c23fffe7aaa0000bd4c000d3079
000e8e48fffe7a730000bbb6000d1a84
000e805cfffe7a1b0000b9fa000d04a4
000e725ffffe79a20000b81a000ceeda
000e644ffffe79090000b615000cd927
000e5629fffe78520000b3ed000cc38d
000e47ebfffe777e0000b1a2000cae0c
000e3995fffe768e0000af34000c98a6
000e2b25fffe75830000aca5000c835b
000e1c98fffe74610000a9f4000c6e2d
000e0deefffe73270000a723000c591d
000dff26fffe71d80000a432000c442c
000df03dfffe70760000a123000c2f5b
000de134fffe6f0200009df5000c1aaa
000dd209fffe6d8000009aab000c061c
000dc2bbfffe6bf000009744000bf1b0
000db349fffe6a55000093c1000bdd68
000da3b4fffe68b200009024000bc944
000d93fafffe670800008c6c000bb546
000d841cfffe655a0000889d000ba16e
000d7419fffe63aa000084b5000b8dbd
000d63f1fffe61fa000080b6000b7a34
000d53a4fffe604d00007ca2000b66d3
000d4332fffe5ea500007879000b539b
000d329cfffe5d040000743c000b408e
000d21e3fffe5b6d00006fec000b2dab
000d1107fffe59e100006b8a000b1af3
000d0008fffe586400006718000b0866
000ceee8fffe56f600006296000af606
000cdda8fffe559b00005e06000ae3d3
000ccc48fffe545500005969000ad1cd
000cbacbfffe5325000054bf000abff5
000ca932fffe520d0000500a000aae4b
000c977dfffe510f00004b4c000a9ccf
000c85affffe502e00004684000a8b82
000c73cafffe4f6a000041b5000a7a64
000c61cffffe4ec500003ce0000a6975
000c4fc0fffe4e4100003805000a58b6
000c3d9ffffe4ddf00003327000a4827
000c2b6ffffe4da000002e45000a37c8
000c1931fffe4d8600002961000a2799
000c06e8fffe4d910000247d000a179a
000bf496fffe4dc200001f9a000a07cb
000be23dfffe4e1b00001ab80009f82c
000bcfdffffe4e9b000015d90009e8be
000bbd7ffffe4f44000010ff0009d980
000bab20fffe501500000c2a0009ca72
000b98c4fffe510f0000075b0009bb93
000b866dfffe5232000002930009ace5
000b741efffe537efffffdd500099e66
000b61d9fffe54f2fffff92000099016
000b4fa0fffe568efffff477000981f6
000b3d77fffe5853ffffefd900097404
000b2b5ffffe5a3effffeb4900096641
000b195bfffe5c50ffffe6c7000958ab
000b076cfffe5e88ffffe25400094b44
000af596fffe60e4ffffddf200093e0a
000ae3dafffe6363ffffd9a1000930fc
000ad23bfffe6605ffffd5630009241b
000ac0bafffe68c8ffffd13900091765
000aaf5afffe6ba9ffffcd2300090adb
000a9e1bfffe6ea9ffffc9220008fe7b
000a8d01fffe71c5ffffc5380008f245
000a7c0cfffe74fbffffc1650008e639
000a6b3ffffe784affffbdab0008da55
000a5a9afffe7bafffffba0a0008ce99
000a4a1ffffe7f29ffffb6830008c305
000a39cffffe82b5ffffb3170008b797
000a29abfffe8651ffffafc60008ac4f
000a19b5fffe89fbffffac930008a12b
000a09ecfffe8db1ffffa97c0008962c
0009fa51fffe9171ffffa68400088b4f
0009eae6fffe9538ffffa3aa00088096
0009dbaafffe9904ffffa0f0000875fd
0009cc9efffe9cd2ffff9e5600086b85
0009bdc1fffea0a1ffff9bdd0008612d
0009af14fffea46dffff9985000856f3
0009a097fffea834ffff974f00084cd7
00099249fffeabf5ffff953b000842d8
0009842afffeafadffff934b000838f4
00097639fffeb359ffff917e00082f2b
00096875fffeb6f7ffff8fd40008257c
00095adefffeba86ffff8e5000081be5
00094d73fffebe03ffff8cef00081265
00094032fffec16bffff8bb4000808fc
0009331bfffec4beffff8a9e0007ffa9
0009262cfffec7f9ffff89ae0007f669
00091963fffecb1affff88e40007ed3d
00090cbffffece20ffff88400007e422
0009003ffffed109ffff87c20007db19
0008f3e0fffed3d3ffff876a0007d21f
0008e7a2fffed67dffff87390007c934
0008db81fffed906ffff872f0007c057
0008cf7cfffedb6dffff874b0007b785
0008c391fffeddb0ffff878e0007aec0
0008b7befffedfcfffff87f80007a604
0008ac00fffee1c9ffff888800079d51
0008a056fffee39dffff893e000794a6
000894befffee54bffff8a1b00078c02
00088934fffee6d2ffff8b1e00078363
00087db7fffee832ffff8c4700077ac9
00087244fffee96bffff8d9600077232
000866dafffeea7dffff8f0a0007699e
00085b75fffeeb68ffff90a30007610a
00085014fffeec2cffff926100075877
000844b4fffeeccbffff944300074fe3
00083954fffeed44ffff964a0007474d
00082df0fffeed98ffff987400073eb3
00082287fffeedc8ffff9ac100073615
00081717fffeedd5ffff9d3000072d72
00080b9efffeedc0ffff9fc2000724c9
00080019fffeed8affffa27600071c19
0007f488fffeed35ffffa54a00071360
0007e8e7fffeecc2ffffa83f00070a9f
0007dd36fffeec33ffffab53000701d3
0007d173fffeeb89ffffae860006f8fc
0007c59cfffeeac6ffffb1d80006f019
0007b9b0fffee9ecffffb5470006e729
0007adaefffee8fdffffb8d30006de2c
0007a194fffee7faffffbc7a0006d520
00079561fffee6e6ffffc03e0006cc05
00078915fffee5c3ffffc41b0006c2d9
00077caffffee494ffffc8120006b99d
0007702efffee359ffffcc210006b04f
00076391fffee216ffffd0490006a6ee
000756d9fffee0cdffffd48700069d7a
00074a04fffedf80ffffd8db000693f3
00073d13fffede32ffffdd4300068a57
00073006fffedce4ffffe1c0000680a6
000722dcfffedb9affffe64f000676e0
00071597fffeda55ffffeaf100066d03
00070836fffed918ffffefa300066310
0006fabbfffed7e4fffff46500065905
0006ed25fffed6bdfffff93600064ee3
0006df76fffed5a5fffffe14000644a9
0006d1aefffed49d000002ff00063a56
0006c3d0fffed3a8000007f500062feb
0006b5dbfffed2c700000cf600062566
0006a7d1fffed1fd000011ff00061ac8
000699b4fffed14b0000171100061011
00068b85fffed0b400001c2a0006053f
00067d46fffed038000021480005fa53
00066ef9fffecfdb0000266b0005ef4d
0006609ffffecf9c00002b920005e42d
0006523afffecf7d000030bb0005d8f2
000643ccfffecf80000035e50005cd9c
00063558fffecfa600003b0f0005c22c
000626e0fffecfef000040380005b6a1
00061865fffed05d0000455e0005aafb
000609e9fffed0f000004a8100059f3b
0005fb70fffed1aa00004f9f00059361
0005ecfcfffed28a000054b80005876c
0005de8efffed390000059c900057b5d
0005d029fffed4be00005ed200056f35
0005c1d0fffed613000063d2000562f2
0005b385fffed78f000068c800055697
0005a54afffed93200006db200054a22
00059721fffedafb0000728f00053d95
0005890dfffedceb0000775f000530ef
00057b11fffedeff00007c2000052431
00056d2dfffee139000080d00005175c
00055f65fffee3960000857000050a70
000551bbfffee616000089fe0004fd6d
00054430fffee8b800008e790004f054
000536c7fffeeb7b000092e00004e326
00052982fffeee5c000097310004d5e3
00051c62fffef15b00009b6d0004c88c
00050f6afffef47600009f920004bb22
0005029afffef7ab0000a39e0004ada4
0004f5f5fffefaf90000a7920004a014
0004e97bfffefe5e0000ab6c00049273
0004dd2fffff01d70000af2b000484c1
0004d111ffff05630000b2cf000476ff
0004c522ffff09000000b6560004692e
0004b964ffff0cab0000b9c000045b4f
0004add7ffff10630000bd0c00044d62
0004a27cffff14250000c03a00043f69
00049753ffff17ee0000c34800043164
00048c5dffff1bbe0000c63500042355
0004819bffff1f900000c9030004153b
0004770cffff23630000cbae00040719
00046cb0ffff27340000ce380003f8ef
00046287ffff2b020000d09e0003eabe
00045892ffff2eca0000d2e20003dc88
00044ecfffff32890000d5020003ce4c
0004453effff363d0000d6fd0003c00d
00043bdeffff39e40000d8d40003b1cb
000432afffff3d7c0000da860003a387
000429b0ffff41020000dc1200039543
000420dfffff44750000dd7900038700
0004183cffff47d30000deb9000378be
00040fc4ffff4b190000dfd200036a7f
00040777ffff4e460000e0c500035c43
0003ff54ffff51570000e19000034e0d
0003f758ffff544c0000e23500033fdd
0003ef81ffff57220000e2b2000331b4
0003e7cfffff59d90000e30700032393
0003e03fffff5c6e0000e3350003157d
0003d8ceffff5ee00000e33b00030770
0003d17cffff612f0000e31a0002f970
0003ca46ffff63590000e2d10002eb7d
0003c329ffff655e0000e2600002dd98
0003bc24ffff673c0000e1c70002cfc2
0003b534ffff68f30000e1070002c1fd
0003ae57ffff6a830000e0200002b449
0003a78bffff6beb0000df120002a6a8
0003a0cdffff6d2b0000dddc0002991b
00039a1bffff6e420000dc8000028ba2
00039372ffff6f320000dafe00027e40
00038cd1ffff6ff90000d956000270f5
00038635ffff70990000d787000263c3
00037f9bffff71120000d594000256aa
00037901ffff71650000d37b000249ab
00037266ffff71910000d13e00023cc8
00036bc7ffff71990000cedd00023001
00036521ffff717d0000cc5900022358
00035e73ffff713e0000c9b2000216cd
000357bbffff70de0000c6e800020a62
000350f7ffff705d0000c3fd0001fe18
00034a24ffff6fbe0000c0f00001f1ef
00034342ffff6f010000bdc30001e5e9
00033c4fffff6e290000ba760001da06
00033548ffff6d380000b70a0001ce47
00032e2dffff6c2e0000b3800001c2ae
000326fcffff6b0f0000afd80001b73a
00031fb5ffff69db0000ac130001abee
00031855ffff68960000a8330001a0c9
000310dcffff67410000a437000195cc
0003094affff65df0000a02200018af9
0003019dffff647100009bf300018050
0002f9d5ffff62fa000097ab000175d1
0002f1f1ffff617d0000934c00016b7e
0002e9f1ffff5ffb00008ed700016156
0002e1d6ffff5e7700008a4c0001575c
0002d99effff5cf3000085ac00014d8e
0002d14bffff5b72000080f9000143ee
0002c8dbffff59f600007c3400013a7d
0002c051ffff58810000775d0001313a
0002b7acffff57160000727500012826
0002aeecffff55b600006d7f00011f42
0002a613ffff54640000687a0001168e
00029d22ffff53230000636800010e0b
0002941affff51f300005e4a000105b9
00028afcffff50d8000059210000fd97
000281c8ffff4fd2000053ef0000f5a7
00027881ffff4ee500004eb30000ede8
00026f28ffff4e11000049710000e65c
000265bfffff4d59000044280000df01
00025c47ffff4cbe00003eda0000d7d8
000252c2ffff4c41000039880000d0e2
00024932ffff4be4000034330000ca1e
00023f99ffff4ba800002edc0000c38c
000235faffff4b8f000029850000bd2d
00022c55ffff4b980000242f0000b6ff
000222adffff4bc600001edb0000b104
00021905ffff4c180000198a0000ab3b
00020f5effff4c900000143d0000a5a4
000205bbffff4d2e00000ef50000a03f
0001fc1fffff4df2000009b400009b0b
0001f28bffff4edc0000047a00009609
0001e901ffff4fedffffff4a00009137
0001df85ffff5125fffffa2300008c97
0001d619ffff5283fffff50700008826
0001ccbeffff5406ffffeff8000083e6
0001c376ffff55afffffeaf600007fd5
0001ba46ffff577dffffe60300007bf4
0001b12dffff596fffffe11f00007840
0001a82fffff5b84ffffdc4b000074bc
00019f4effff5dbcffffd78900007164
0001968bffff6014ffffd2da00006e3a
00018de9ffff628cffffce3f00006b3c
0001856affff6522ffffc9b80000686a
00017d0effff67d6ffffc547000065c2
000174d9ffff6aa4ffffc0ed00006346
00016ccbffff6d8dffffbcaa000060f3
000164e6ffff708dffffb88000005ec8
00015d2cffff73a3ffffb46f00005cc6
0001559dffff76ceffffb07900005aec
00014e3cffff7a0affffac9d00005938
00014708ffff7d57ffffa8de000057a9
00014003ffff80b1ffffa53c0000563f
0001392dffff8417ffffa1b7000054fa
00013288ffff8786ffff9e50000053d7
00012c14ffff8afcffff9b09000052d6
000125d0ffff8e78ffff97e2000051f6
00011fbfffff91f5ffff94db00005136
000119deffff9573ffff91f500005095
0001142fffff98efffff8f3100005012
00010eb2ffff9c66ffff8c8f00004fad
00010965ffff9fd6ffff8a1000004f63
00010449ffffa33dffff87b500004f33
0000ff5dffffa699ffff857d00004f1e
0000faa0ffffa9e7ffff836a00004f21
0000f611ffffad26ffff817c00004f3c
0000f1b0ffffb052ffff7fb300004f6d
0000ed7bffffb36affff7e0f00004fb3
0000e972ffffb66cffff7c920000500d
0000e592ffffb956ffff7b3b0000507a
0000e1daffffbc26ffff7a0a000050f9
0000de49ffffbedbffff790000005188
0000daddffffc172ffff781d00005227
0000d794ffffc3eaffff7761000052d3
0000d46cffffc642ffff76cc0000538d
0000d165ffffc879ffff765f00005452
0000ce7affffca8cffff761900005522
0000cbabffffcc7bffff75fa000055fb
0000c8f5ffffce45ffff7603000056dd
0000c657ffffcfe9ffff7633000057c5
0000c3cdffffd167ffff768b000058b3
0000c155ffffd2bdffff7709000059a5
0000beeeffffd3ebffff77af00005a9b
0000bc94ffffd4f1ffff787c00005b93
0000ba46ffffd5cfffff796f00005c8c
0000b801ffffd684ffff7a8800005d84
0000b5c3ffffd712ffff7bc800005e7b
0000b389ffffd777ffff7d2e00005f70
0000b151ffffd7b4ffff7eb900006060
0000af19ffffd7caffff80690000614c
0000acdeffffd7baffff823d00006232
0000aa9fffffd783ffff843600006311
0000a858ffffd728ffff8653000063e7
0000a608ffffd6a9ffff8892000064b4
0000a3adffffd606ffff8af500006577
0000a144ffffd543ffff8d790000662f
00009eccffffd45fffff901f000066d9
00009c44ffffd35cffff92e600006777
000099a8ffffd23dffff95cd00006806
000096f8ffffd102ffff98d400006885
00009432ffffcfadffff9bf9000068f4
00009155ffffce40ffff9f3d00006951
00008e5effffccbeffffa29e0000699d
00008b4effffcb28ffffa61b000069d4
00008823ffffc980ffffa9b4000069f8
000084dbffffc7c8ffffad6800006a07
00008177ffffc604ffffb13500006a01
00007df5ffffc434ffffb51c000069e3
00007a55ffffc25bffffb91b000069af
00007696ffffc07bffffbd3100006962
000072b9ffffbe98ffffc15d000068fd
00006ebcffffbcb2ffffc59f0000687e
00006aa0ffffbacdffffc9f5000067e6
00006665ffffb8ebffffce5e00006732
0000620cffffb70effffd2d900006663
00005d94ffffb538ffffd76600006579
000058ffffffb36cffffdc0300006472
0000544cffffb1acffffe0af0000634e
00004f7dffffaffaffffe5680000620d
00004a92ffffae59ffffea2f000060ae
0000458dffffacc9ffffef0200005f31
0000406fffffab4efffff3df00005d95
00003b39ffffa9eafffff8c500005bda
000035edffffa89dfffffdb400005a01
0000308bffffa76a000002ab00005807
00002b16ffffa653000007a7000055ee
0000258fffffa55900000ca8000053b6
00001ff9ffffa47e000011ad0000515d
00001a54ffffa3c2000016b500004ee4
000014a3ffffa32800001bbe00004c4b
00000ee9ffffa2b0000020c800004991
00000926ffffa25b000025d0000046b8
0000035dffffa22b00002ad6000043bd
fffffd91ffffa21f00002fd9000040a3
fffff7c3ffffa239000034d800003d68
fffff1f6ffffa279000039d100003a0d
ffffec2cffffa2df00003ec400003693
ffffe668ffffa36c000043ae000032f8
ffffe0abffffa41f0000489000002f3e
ffffdaf9ffffa4f900004d6700002b65
ffffd552ffffa5f9000052340000276d
ffffcfbbffffa71f000056f300002356
ffffca34ffffa86a00005ba600001f20
ffffc4c0ffffa9da0000604a00001acd
ffffbf62ffffab6e000064de0000165c
ffffba1affffad2500006961000011ce
ffffb4edffffaefe00006dd300000d23
ffffafdaffffb0f8000072310000085d
ffffaae5ffffb3120000767c0000037a
ffffa610ffffb54a00007ab3fffffe7d
ffffa15bffffb79f00007ed3fffff966
ffff9cc9ffffba0f000082ddfffff434
ffff985bffffbc99000086ceffffeeea
ffff9413ffffbf3a00008aa8ffffe987
ffff8ff3ffffc1f200008e68ffffe40c
ffff8bfaffffc4bd0000920dffffde7a
ffff882bffffc79a00009597ffffd8d2
ffff8487ffffca8700009905ffffd315
ffff810effffcd8100009c56ffffcd43
ffff7dc1ffffd08700009f89ffffc75d
ffff7aa1ffffd3960000a29effffc165
ffff77aeffffd6ad0000a594ffffbb5a
ffff74eaffffd9c80000a86affffb53e
ffff7252ffffdce50000ab20ffffaf12
ffff6fe9ffffe0020000adb4ffffa8d7
ffff6daeffffe31d0000b027ffffa28d
ffff6ba1ffffe6330000b277ffff9c36
ffff69c1ffffe9420000b4a4ffff95d3
ffff680effffec480000b6aeffff8f64
ffff6687ffffef420000b894ffff88ec
ffff652cfffff22e0000ba55ffff826a
ffff63fcfffff50b0000bbf2ffff7bdf
ffff62f5fffff7d50000bd69ffff754e
ffff6217fffffa8b0000bebbffff6eb6
ffff6160fffffd2b0000bfe7ffff681a
ffff60d0ffffffb30000c0edffff617a
ffff6064000002210000c1ccffff5ad7
ffff601b000004730000c285ffff5432
ffff5ff3000006a80000c317ffff4d8d
ffff5fea000008be0000c381ffff46e8
ffff600000000ab40000c3c5ffff4046
ffff603100000c870000c3e1ffff39a6
ffff607b00000e380000c3d6ffff330a
ffff60de00000fc50000c3a4ffff2c73
ffff61550000112d0000c34affff25e3
ffff61e00000126f0000c2c9ffff1f59
ffff627c0000138a0000c221ffff18d9
ffff63260000147e0000c152ffff1262
ffff63dd0000154a0000c05cffff0bf6
ffff649e000015ee0000bf3fffff0596
ffff65670000166b0000bdfcfffeff43
ffff6634000016bf0000bc93fffef8fe
ffff6705000016ea0000bb03fffef2c9
ffff67d6000016ee0000b94efffeeca3
ffff68a5000016cb0000b773fffee690
ffff6970000016800000b574fffee08e
ffff6a35000016100000b350fffedaa1
ffff6af1000015790000b108fffed4c8
ffff6ba2000014be0000ae9dfffecf04
ffff6c46000013df0000ac0ffffec958
ffff6cdc000012de0000a95efffec3c3
ffff6d60000011bb0000a68bfffebe46
ffff6dd1000010790000a397fffeb8e3
ffff6e2d00000f190000a082fffeb39b
ffff6e7300000d9b00009d4efffeae6f
ffff6ea000000c03000099fafffea95e
ffff6eb400000a5100009687fffea46b
ffff6ead00000888000092f7fffe9f97
ffff6e89000006aa00008f49fffe9ae1
ffff6e48000004b900008b80fffe964b
ffff6de8000002b60000879bfffe91d6
ffff6d68000000a40000839bfffe8d82
ffff6cc7fffffe8500007f81fffe8950
ffff6c06fffffc5b00007b4ffffe8542
ffff6b23fffffa2900007705fffe8157
ffff6a1dfffff7f1000072a4fffe7d90
ffff68f5fffff5b500006e2dfffe79ee
ffff67abfffff378000069a1fffe7671
ffff663efffff13c00006501fffe731b
ffff64aeffffef030000604efffe6feb
ffff62fdffffecd000005b89fffe6ce3
ffff6129ffffeaa5000056b3fffe6a02
ffff5f34ffffe883000051cdfffe6749
ffff5d1fffffe66f00004cd9fffe64b9
ffff5aeaffffe469000047d7fffe6252
ffff5897ffffe273000042c8fffe6014
ffff5625ffffe09100003daefffe5e00
ffff5397ffffdec300003889fffe5c16
ffff50eeffffdd0c0000335bfffe5a55
ffff4e2bffffdb6d00002e25fffe58c0
ffff4b50ffffd9e9000028e8fffe5755
ffff485effffd881000023a6fffe5615
ffff4558ffffd73600001e5efffe54ff
ffff423effffd60b00001914fffe5415
ffff3f13ffffd500000013c7fffe5356
ffff3bd8ffffd41600000e78fffe52c2
ffff3891ffffd34f0000092afffe5259
ffff353effffd2ab000003defffe521b
ffff31e2ffffd22dfffffe93fffe5208
ffff2e7fffffd1d3fffff94cfffe5220
ffff2b18ffffd19ffffff40afffe5263
ffff27afffffd192ffffeecefffe52d0
ffff2445ffffd1abffffe999fffe5367
ffff20deffffd1ebffffe46bfffe5429
ffff1d7cffffd251ffffdf48fffe5514
ffff1a20ffffd2dfffffda2efffe5629
ffff16ceffffd392ffffd521fffe5767
ffff1387ffffd46cffffd020fffe58ce
ffff104effffd56cffffcb2dfffe5a5d
ffff0d25ffffd690ffffc648fffe5c14
ffff0a0effffd7d9ffffc174fffe5df3
ffff070bffffd945ffffbcb1fffe5ff8
ffff041fffffdad3ffffb7fffffe6223
ffff014bffffdc82ffffb361fffe6475
fffefe92ffffde51ffffaed7fffe66eb
fffefbf4ffffe03effffaa63fffe6986
fffef975ffffe248ffffa604fffe6c45
fffef715ffffe46dffffa1bcfffe6f28
fffef4d6ffffe6acffff9d8dfffe722c
fffef2baffffe903ffff9976fffe7552
fffef0c2ffffeb70ffff9579fffe789a
fffeeef0ffffedf1ffff9197fffe7c01
fffeed43fffff083ffff8dd0fffe7f88
fffeebbefffff326ffff8a26fffe832d
fffeea62fffff5d6ffff8699fffe86ef
fffee92efffff891ffff832afffe8acf
fffee824fffffb56ffff7fdafffe8eca
fffee744fffffe22ffff7ca9fffe92e0
fffee68f000000f2ffff7998fffe970f
fffee605000003c5ffff76a8fffe9b58
fffee5a500000698ffff73dafffe9fb8
fffee57000000968ffff712dfffea430
fffee56600000c34ffff6ea4fffea8bd
fffee58500000ef8ffff6c3dfffead5e
fffee5cf000011b4ffff69fafffeb214
fffee64100001463ffff67dbfffeb6dc
fffee6dc00001705ffff65e1fffebbb6
fffee79f00001998ffff640dfffec09f
fffee88800001c18ffff625dfffec599
fffee99600001e83ffff60d3fffecaa0
fffeeac9000020d9ffff5f70fffecfb4
fffeec1e00002317ffff5e33fffed4d4
fffeed940000253affff5d1cfffed9ff
fffeef2a00002743ffff5c2dfffedf33
fffef0df0000292dffff5b65fffee46f
fffef2af00002af9ffff5ac4fffee9b3
fffef49a00002ca5ffff5a4afffeeefc
fffef69d00002e2fffff59f8fffef44a
fffef8b600002f97ffff59cdfffef99c
fffefae4000030daffff59cafffefef0
fffefd24000031f9ffff59eeffff0445
fffeff74000032f2ffff5a3affff099a
ffff01d2000033c4ffff5aaeffff0eee
ffff043b0000346fffff5b48ffff143f
ffff06ad000034f3ffff5c0affff198d
ffff092600003550ffff5cf2ffff1ed6
ffff0ba400003584ffff5e02ffff241a
ffff0e2300003591ffff5f37ffff2956
ffff10a200003575ffff6093ffff2e89
ffff131e00003532ffff6215ffff33b4
ffff1595000034c8ffff63bcffff38d4
ffff180500003437ffff6588ffff3de8
ffff1a6b00003381ffff6779ffff42ef
ffff1cc6000032a5ffff698effff47e9
ffff1f12000031a5ffff6bc7ffff4cd4
ffff214f00003081ffff6e23ffff51ae
ffff237900002f3cffff70a2ffff5678
ffff258f00002dd5ffff7342ffff5b2f
ffff278f00002c50ffff7604ffff5fd4
ffff297700002aacffff78e7ffff6464
ffff2b46000028edffff7beaffff68df
ffff2cf900002712ffff7f0cffff6d44
ffff2e900000251fffff824effff7192
ffff300800002316ffff85adffff75c8
ffff3161000020f7ffff8929ffff79e5
ffff329a00001ec5ffff8cc2ffff7de9
ffff33b100001c83ffff9076ffff81d2
ffff34a500001a32ffff9445ffff85a0
ffff3576000017d5ffff982dffff8951
ffff36230000156effff9c2fffff8ce6
ffff36ac000012ffffffa049ffff905d
ffff370f0000108affffa479ffff93b5
ffff374e00000e12ffffa8c0ffff96ef
ffff376700000b9affffad1cffff9a09
ffff375b00000923ffffb18cffff9d02
ffff3729000006afffffb60fffff9fdb
ffff36d300000442ffffbaa4ffffa292
ffff3659000001deffffbf4bffffa527
ffff35baffffff84ffffc401ffffa79a
ffff34f9fffffd37ffffc8c6ffffa9e9
ffff3415fffffaf9ffffcd99ffffac15
ffff3311fffff8cdffffd278ffffae1d
ffff31ebfffff6b3ffffd763ffffb001
ffff30a7fffff4b0ffffdc59ffffb1c0
ffff2f46fffff2c3ffffe157ffffb35b
ffff2dc8fffff0efffffe65effffb4d0
ffff2c2fffffef36ffffeb6cffffb620
ffff2a7effffed9afffff080ffffb74a
ffff28b5ffffec1cfffff599ffffb84f
ffff26d6ffffeabdfffffab5ffffb92d
ffff24e4ffffe97fffffffd3ffffb9e6
ffff22e1ffffe863000004f3ffffba78
ffff20ceffffe76a00000a13ffffbae5
ffff1eadffffe69500000f31ffffbb2b
ffff1c82ffffe5e50000144effffbb4b
ffff1a4dffffe55a00001966ffffbb45
ffff1812ffffe4f600001e7affffbb1a
ffff15d2ffffe4b800002389ffffbac8
ffff1390ffffe4a100002890ffffba51
ffff114effffe4b100002d90ffffb9b5
ffff0f0effffe4e800003286ffffb8f3
ffff0cd3ffffe54700003771ffffb80d
ffff0aa0ffffe5cb00003c51ffffb702
ffff0876ffffe67700004125ffffb5d3
ffff0657ffffe748000045ebffffb480
ffff0446ffffe83e00004aa2ffffb30a
ffff0245ffffe95800004f49ffffb170
ffff0057ffffea96000053dfffffafb5
fffefe7dffffebf600005864ffffadd7
fffefcb8ffffed7700005cd5ffffabd8
fffefb0dffffef1900006132ffffa9b8
fffef97bfffff0d80000657affffa777
fffef805fffff2b5000069adffffa517
fffef6acfffff4ad00006dc8ffffa299
fffef573fffff6bf000071cbffff9ffb
fffef45afffff8e8000075b5ffff9d40
fffef363fffffb2800007986ffff9a69
fffef28ffffffd7b00007d3cffff9775
fffef1dfffffffe1000080d7ffff9466
fffef1550000025600008456ffff913c
fffef0f1000004d9000087b7ffff8df9
fffef0b40000076800008afaffff8a9d
fffef09e000009ff00008e1fffff8729
fffef0b000000c9e00009125ffff839e
fffef0eb00000f410000940bffff7ffd
fffef14e000011e7000096d0ffff7c47
fffef1da0000148c00009973ffff787d
fffef28e0000172f00009bf5ffff749f
fffef36b000019ce00009e54ffff70b0
fffef47000001c650000a090ffff6caf
fffef59c00001ef30000a2a9ffff689e
fffef6ef000021760000a49effff647e
fffef869000023eb0000a66effff6050
fffefa07000026500000a819ffff5c16
fffefbca000028a20000a99fffff57cf
fffefdb000002ae10000aaffffff537e
fffeffb800002d0a0000ac39ffff4f23
ffff01e100002f1a0000ad4dffff4ac0
ffff0428000031110000ae3bffff4655
ffff068d000032ec0000af01ffff41e4
ffff090e000034aa0000afa1ffff3d6e
ffff0ba8000036490000b01affff38f4
ffff0e5b000037c80000b06bffff3477
ffff1124000039250000b096ffff2ff9
ffff140200003a600000b099ffff2b7a
ffff16f100003b770000b074ffff26fc
ffff19f000003c690000b028ffff2280
ffff1cfd00003d360000afb5ffff1e07
ffff201500003ddd0000af1bffff1992
ffff233700003e5c0000ae5affff1522
ffff265f00003eb50000ad72ffff10b9
ffff298c00003ee60000ac63ffff0c57
ffff2cbc00003eef0000ab2effff07fe
ffff2feb00003ed10000a9d2ffff03af
ffff331700003e8b0000a851fffeff6b
ffff363f00003e1d0000a6aafffefb33
ffff395f00003d890000a4defffef709
ffff3c7600003ccf0000a2edfffef2ec
ffff3f8200003bef0000a0d8fffeeedf
ffff427f00003aea00009e9efffeeae3
ffff456c000039c100009c41fffee6f7
ffff484800003875000099c2fffee31f
ffff4b0e0000370800009720fffedf5a
ffff4dbf0000357a0000945cfffedba9
ffff5058000033cd00009177fffed80e
ffff52d70000320300008e71fffed48a
ffff553a0000301d00008b4cfffed11d
ffff578000002e1d00008807fffecdc8
ffff59a800002c05000084a5fffeca8d
ffff5baf000029d600008124fffec76c
ffff5d950000279300007d86fffec466
ffff5f590000253d000079cdfffec17b
ffff60fa000022d8000075f8fffebeae
ffff62760000206400007209fffebbfd
ffff63cc00001de400006e00fffeb96c
ffff64fd00001b5b000069defffeb6f9
ffff6608000018ca000065a5fffeb4a5
ffff66ec0000163500006155fffeb272
ffff67aa0000139c00005cf0fffeb060
ffff68400000110400005875fffeae70
ffff68b000000e6d000053e7fffeaca2
ffff68f800000bdb00004f46fffeaaf7
ffff691b0000095000004a93fffea96f
ffff6917000006cd000045cffffea80b
ffff68ee00000456000040fcfffea6cb
ffff68a1000001ec00003c1afffea5b0
ffff6830ffffff910000372bfffea4ba
ffff679cfffffd4900003230fffea3ea
ffff66e6fffffb1400002d29fffea33f
ffff6610fffff8f500002818fffea2bb
ffff651bfffff6ed000022fefffea25d
ffff6409fffff4ff00001ddcfffea226
ffff62dafffff32d000018b4fffea216
ffff6191fffff17700001385fffea22d
ffff6030ffffefdf00000e53fffea26b
ffff5eb8ffffee680000091dfffea2d1
ffff5d2bffffed11000003e6fffea35e
ffff5b8bffffebddfffffeadfffea412
ffff59daffffeacdfffff975fffea4ee
ffff581bffffe9e0fffff43efffea5f2
ffff5650ffffe919ffffef0afffea71c
ffff547affffe878ffffe9d9fffea86e
ffff529cffffe7fdffffe4aefffea9e7
ffff50b9ffffe7a9ffffdf88fffeab87
ffff4ed2ffffe77cffffda6afffead4e
ffff4ceaffffe776ffffd554fffeaf3c
ffff4b04ffffe798ffffd048fffeb14f
ffff4921ffffe7e1ffffcb47fffeb389
ffff4745ffffe850ffffc651fffeb5e8
ffff4570ffffe8e6ffffc168fffeb86c
ffff43a6ffffe9a2ffffbc8dfffebb15
ffff41e9ffffea83ffffb7c2fffebde3
ffff403bffffeb89ffffb306fffec0d4
ffff3e9effffecb2ffffae5cfffec3e9
ffff3d14ffffedfeffffa9c4fffec721
ffff3b9fffffef6bffffa53ffffeca7b
ffff3a41fffff0f7ffffa0cffffecdf7
ffff38fcfffff2a2ffff9c74fffed194
ffff37d2fffff46bffff982ffffed551
ffff36c5fffff64effff9401fffed92e
ffff35d5fffff84bffff8fecfffedd2b
ffff3505fffffa60ffff8bf0fffee145
ffff3455fffffc8bffff880dfffee57d
ffff33c8fffffecaffff8446fffee9d2
ffff335e0000011bffff809afffeee43
ffff33180000037cffff7d0bfffef2cf
ffff32f6000005eaffff7999fffef776
ffff32fb00000863ffff7645fffefc35
ffff332600000ae6ffff7310ffff010d
ffff337800000d70ffff6ffbffff05fd
ffff33f100000ffeffff6d06ffff0b04
ffff34920000128effff6a32ffff101f
ffff355a0000151fffff677fffff1550
ffff3649000017acffff64eeffff1a94
ffff375f00001a35ffff6280ffff1feb
ffff389d00001cb7ffff6036ffff2553
ffff3a0000001f30ffff5e0fffff2acc
ffff3b8a0000219dffff5c0cffff3054
ffff3d38000023fcffff5a2fffff35eb
ffff3f0a0000264bffff5876ffff3b8f
ffff410000002887ffff56e3ffff413f
ffff431700002ab0ffff5575ffff46fa
ffff454f00002cc3ffff542effff4cbf
ffff47a600002ebdffff530dffff528c
ffff4a1b0000309effff5213ffff5862
ffff4cac00003262ffff5140ffff5e3d
ffff4f580000340affff5094ffff641e
ffff521c00003593ffff500fffff6a03
ffff54f7000036fcffff4fb1ffff6feb
ffff57e700003843ffff4f7bffff75d5
ffff5aea00003968ffff4f6dffff7bbf
ffff5dfe00003a69ffff4f85ffff81a9
ffff612000003b45ffff4fc6ffff8791
ffff644f00003bfcffff502dffff8d76
ffff678900003c8dffff50bcffff9357
ffff6aca00003cf7ffff5173ffff9933
ffff6e1000003d3affff5250ffff9f08
ffff715a00003d55ffff5354ffffa4d6
ffff74a500003d49ffff547effffaa9b
ffff77ee00003d16ffff55cfffffb056
ffff7b3400003cbbffff5746ffffb607
ffff7e7400003c39ffff58e3ffffbbaa
ffff81ab00003b90ffff5aa5ffffc141
ffff84d800003ac1ffff5c8cffffc6ca
ffff87f7000039cdffff5e97ffffcc43
ffff8b08000038b5ffff60c6ffffd1ab
ffff8e0700003778ffff6319ffffd702
ffff90f300003619ffff658fffffdc46
ffff93ca00003499ffff6827ffffe176
ffff9689000032f9ffff6ae1ffffe692
ffff99300000313affff6dbcffffeb98
ffff9bbb00002f5effff70b8fffff088
ffff9e2a00002d66ffff73d4fffff560
ffffa07a00002b55ffff770ffffffa1f
ffffa2ab0000292cffff7a68fffffec5
ffffa4bb000026edffff7de000000350
ffffa6a900002499ffff8174000007c1
ffffa87300002234ffff852400000c15
ffffaa1900001fbfffff88ef0000104c
ffffab9900001d3dffff8cd500001465
ffffacf400001aafffff90d500001860
ffffae2700001817ffff94ed00001c3c
ffffaf3400001579ffff991d00001ff8
ffffb019000012d6ffff9d6300002393
ffffb0d700001031ffffa1c00000270d
ffffb16d00000d8cffffa63100002a65
ffffb1db00000aeaffffaab600002d9a
ffffb2220000084cffffaf4e000030ad
ffffb242000005b5ffffb3f70000339b
ffffb23b00000328ffffb8b200003666
ffffb20e000000a6ffffbd7c0000390b
ffffb1bcfffffe33ffffc25400003b8c
ffffb145fffffbcfffffc73a00003de7
ffffb0abfffff97dffffcc2c0000401d
ffffafeffffff73fffffd12a0000422b
ffffaf12fffff518ffffd63200004414
ffffae16fffff308ffffdb42000045d5
ffffacfbfffff113ffffe05b00004770
ffffabc4ffffef39ffffe57a000048e3
ffffaa72ffffed7cffffea9e00004a2e
ffffa907ffffebdeffffefc700004b52
ffffa785ffffea60fffff4f400004c4f
ffffa5edffffe903fffffa2200004d23
ffffa443ffffe7c9ffffff5100004dcf
ffffa287ffffe6b30000048000004e54
ffffa0bcffffe5c1000009ad00004eb0
ffff9ee4ffffe4f500000ed800004ee5
ffff9d02ffffe44e000013fe00004ef2
ffff9b18ffffe3ce0000192000004ed8
ffff9927ffffe37600001e3c00004e96
ffff9733ffffe3440000235000004e2c
ffff953dffffe33a0000285c00004d9c
ffff9349ffffe35700002d5f00004ce5
ffff9158ffffe39c0000325700004c08
ffff8f6cffffe4080000374200004b04
ffff8d88ffffe49a00003c21000049db
ffff8bafffffe552000040f20000488d
ffff89e2ffffe62f000045b400004719
ffff8824ffffe73100004a6600004581
ffff8676ffffe85600004f06000043c6
ffff84dcffffe99d00005394000041e6
ffff8356ffffeb060000580f00003fe4
ffff81e7ffffec8f00005c7500003dc0
ffff8090ffffee36000060c600003b7a
ffff7f54ffffeffa0000650100003913
ffff7e34fffff1d9000069250000368b
ffff7d32fffff3d200006d30000033e4
ffff7c4efffff5e3000071220000311e
ffff7b8bfffff809000074fa00002e3a
ffff7aeafffffa43000078b800002b39
ffff7a6cfffffc8f00007c590000281b
ffff7a11fffffeeb00007fde000024e1
ffff79db00000154000083460000218d
ffff79ca000003c80000869000001e1e
ffff79df00000645000089bb00001a97
ffff7a1b000008c900008cc6000016f7
ffff7a7d00000b5200008fb100001340
ffff7b0700000ddc0000927b00000f73
ffff7bb7000010660000952400000b91
ffff7c8e000012ee000097ab0000079a
ffff7d8c0000157000009a0f00000390
ffff7eb0000017eb00009c4fffffff74
ffff7ffa00001a5d00009e6cfffffb47
ffff816a00001cc30000a065fffff70a
ffff82fd00001f1b0000a239fffff2be
ffff84b4000021620000a3e8ffffee64
ffff868e000023980000a571ffffe9fd
ffff8889000025b90000a6d5ffffe58a
ffff8aa4000027c40000a813ffffe10d
ffff8cde000029b60000a92affffdc87
ffff8f3400002b8f0000aa1affffd7f8
ffff91a700002d4c0000aae4ffffd362
ffff943300002eec0000ab87ffffcec6
ffff96d80000306c0000ac02ffffca25
ffff9993000031cd0000ac57ffffc581
ffff9c620000330c0000ac84ffffc0da
ffff9f43000034280000ac89ffffbc32
ffffa235000035210000ac67ffffb78a
ffffa534000035f50000ac1effffb2e3
ffffa840000036a30000abadffffae3e
ffffab550000372b0000ab15ffffa99d
ffffae710000378d0000aa57ffffa500
ffffb192000037c80000a971ffffa068
ffffb4b6000037db0000a864ffff9bd8
ffffb7db000037c70000a731ffff974f
ffffbafd0000378b0000a5d8ffff92d0
ffffbe1b000037280000a459ffff8e5b
ffffc1320000369f0000a2b4ffff89f1
ffffc440000035ee0000a0ebffff8594
ffffc7440000351800009efcffff8144
ffffca390000341d00009ce9ffff7d03
ffffcd1f000032fd00009ab2ffff78d2
ffffcff3000031b900009858ffff74b1
ffffd2b300003054000095dbffff70a3
ffffd55e00002ecd0000933cffff6ca7
ffffd7f000002d260000907affff68bf
ffffda6900002b6100008d98ffff64ec
ffffdcc70000298000008a96ffff612f
ffffdf070000278300008773ffff5d88
ffffe1290000256c00008432ffff59fa
ffffe32b0000233e000080d2ffff5684
ffffe50b000020fb00007d55ffff5327
ffffe6c900001ea3000079bbffff4fe5
ffffe86300001c3a00007605ffff4cbe
ffffe9e0000019940000723cffff497d
ffffeb4f0000165000006e71ffff45aa
ffffecb80000128f00006aabffff415e
ffffee1a00000eaf000066ebffff3cf5
ffffef5f00000a6600006326ffff3826
fffff085000005a200005f5affff32dc
fffff1b5000000fb00005b9bffff2db4
fffff30ffffffcd6000057fbffff2918
fffff491fffff92100005478ffff24f6
fffff636fffff5be00005110ffff2130
fffff812fffff2c300004dceffff1de0
fffffa22fffff02600004aafffff1afe
fffffc39ffffeda10000479cffff183a
fffffe51ffffeb2700004493ffff1585
0000007bffffe8cb0000419dffff12f8
000002ceffffe69c00003ec5ffff10aa
0000055fffffe4a900003c19ffff0eb1
00000827ffffe2e600003994ffff0d02
00000b07ffffe13d00003726ffff0b7a
00000dbdffffdf88000034a7ffff09d8
00001055ffffddc800003221ffff0824
00001304ffffdc1700002fb1ffff068f
000015b5ffffda7000002d4affff0508
0000187cffffd8d100002afcffff039e
00001b9dffffd749000028f1ffff0285
00001f2affffd5d700002735ffff01ca
00002303ffffd470000025b7ffff0152
00002729ffffd30f00002477ffff011a
00002b45ffffd1b800002339ffff00e9
00002f2dffffd064000021deffff009b
00003367ffffcf01000020ceffff008d
000037d3ffffcd9c00001fedffff00a9
00003c21ffffcc3e00001effffff00bb
0000409effffcacd00001e45ffff00f2
00004509ffffc96a00001d81ffff0128
00004937ffffc81e00001c94ffff0143
00004d6bffffc6cd00001bb7ffff0168
000051a3ffffc57600001aecffff0198
0000561cffffc3e700001a78ffff01f4
00005b0cffffc1f300001a9dffff029a
0000603dffffbfc100001b1dffff036b
00006577ffffbd7f00001bb8ffff0449
00006aecffffbae700001cc1ffff054d
0000709fffffb7fb00001e35ffff067a
00007651ffffb50300001fbcffff07ad
00007bfaffffb20c00002146ffff08e3
00008188ffffaf39000022b0ffff0a12
000086f6ffffac93000023ecffff0b37
00008c56ffffa9f100002527ffff0c5c
000091b5ffffa7280000268fffff0d87
00009717ffffa4200000283bffff0ebb
00009c7affffa0ce00002a35ffff0ff5
0000a1d6ffff9d5900002c56ffff1133
0000a724ffff99b500002ea9ffff1270
0000ac66ffff95cb00003147ffff13ad
0000b197ffff91b000003419ffff14e8
0000b6b1ffff8d5e00003727ffff161f
0000bbc3ffff891600003a2cffff1757
0000c0edffff856300003c9dffff18a2
0000c64cffff828e00003e2affff1a0e
0000cbceffff805200003f1dffff1b92
0000d151ffff7e4300003fe4ffff1d1d
0000d6d9ffff7c5c00004082ffff1eb1
0000dc80ffff7ac5000040cbffff205b
0000e246ffff797a000040c1ffff221c
0000e81fffff785f00004082ffff23ed
0000ee15ffff777a00004003ffff25d4
0000f41affff76bb00003f5bffff27ca
0000fa0fffff760100003eb1ffff29bd
0000ffe4ffff753e00003e1affff2ba5
0001058cffff746800003da5ffff2d7b
00010b01ffff738100003d54ffff2f3a
0001105cffff729400003d0fffff30f1
000115d9ffff71c000003c9effff32c3
00011b97ffff710f00003be6ffff34c4
0001214bffff706800003b27ffff36c6
00012678ffff6fa800003acaffff3878
00012b21ffff6ece00003acbffff39de
00012fccffff6df700003ac2ffff3b4e
0001349affff6d2800003a94ffff3cde
00013951ffff6c5e00003a6bffff3e65
00013e20ffff6b9300003a28ffff4008
00014342ffff6ac1000039a5ffff41f0
0001489bffff69ea000038f3ffff440b
00014e28ffff690600003818ffff465a
00015407ffff680900003700ffff48f7
00015a33ffff66f1000035b1ffff4be0
000160b8ffff65af00003424ffff4f25
00016797ffff643f0000325affff52ca
00016eb9ffff62a200003061ffff56be
000175f4ffff60f300002e53ffff5ad6
00017cd5ffff5f8200002c6fffff5e95
00018379ffff5e2e00002aa7ffff6224
00018a7bffff5c70000028a5ffff663f
000191ccffff5a5900002672ffff6acf
00019922ffff582b00002436ffff6f7b
0001a0a5ffff55a3000021dcffff748e
0001a86cffff52a300001f58ffff7a2b
0001b042ffff4f6e00001cc7ffff8001
0001b7fbffff4c5900001a3effff85b4
0001bf6bffff49cb000017d5ffff8ad7
0001c684ffff47f800001592ffff8f33
0001cd63ffff469a00001368ffff9311
0001d42cffff453800001142ffff96f1
0001daf0ffff438100000f1bffff9b25
0001e1adffff415000000cf1ffff9fcf
0001e85dffff3ee300000ac8ffffa4b4
0001ef00ffff3ce4000008a1ffffa928
0001f592ffff3b5d0000067dffffad21
0001fc0fffff39e50000045effffb108
0002027fffff388700000241ffffb4d2
000208e1ffff374e00000025ffffb874
00020f52ffff3674fffffdfdffffbbaf
000215ffffff366cfffffbb1ffffbe0b
00021ce7ffff371ffffff941ffffbf9c
000223edffff3838fffff6bdffffc0bc
00022b0cffff399dfffff426ffffc185
0002322cffff3b28fffff18affffc220
00023906ffff3c78ffffef0effffc300
00023fafffff3da0ffffeca5ffffc40d
00024691ffff3f12ffffea18ffffc4b5
00024dacffff40cdffffe767ffffc4f8
000254d6ffff42a4ffffe4a7ffffc511
00025c1cffff449bffffe1d1ffffc4f4
0002635bffff469dffffdefaffffc4c6
00026a2fffff4873ffffdc5bffffc4e9
0002705dffff4a03ffffda18ffffc591
0002762fffff4b70ffffd805ffffc67c
00027c10ffff4ce5ffffd5e1ffffc749
000281fcffff4e62ffffd3b0ffffc7fb
000287d1ffff4fdeffffd186ffffc8ad
00028d7cffff5156ffffcf70ffffc970
000292caffff52c8ffffcd93ffffca67
00029795ffff5437ffffcc09ffffcbac
00029bd9ffff55a9ffffcad8ffffcd41
00029fa1ffff5722ffffc9f9ffffcf1b
0002a35effff5894ffffc918ffffd0f0
0002a745ffff59fbffffc80dffffd29d
0002ab05ffff5b68ffffc718ffffd453
0002aebaffff5ccfffffc621ffffd606
0002b25cffff5e3affffc533ffffd7b5
0002b577ffff5fe2ffffc4baffffd9a8
0002b845ffff61a3ffffc47cffffdbbc
0002bb5effff6325ffffc3e2ffffdd9a
0002beeaffff6446ffffc2b9ffffdf2b
0002c2ebffff64f9ffffc0f9ffffe071
0002c73affff6558ffffbecaffffe180
0002cb9fffff658fffffbc6dffffe277
0002d027ffff6588ffffb9c8ffffe352
0002d4f3ffff650cffffb69fffffe3fd
0002d9faffff6423ffffb2fcffffe480
0002df05ffff631cffffaf3bffffe4f5
0002e3dbffff6267ffffabd8ffffe57b
0002e86dffff6223ffffa8f2ffffe61a
0002ecd2ffff622dffffa664ffffe6c5
0002f117ffff6264ffffa409ffffe776
0002f549ffff629dffffa1b6ffffe827
0002f968ffff62edffff9f7fffffe8d7
0002fd73ffff6340ffff9d50ffffe988
00030170ffff6378ffff9b0bffffea36
0003055effff63c1ffff98ddffffeae2
00030939ffff640effff96b7ffffeb8d
00030d0fffff6491ffff94ceffffec31
000310f3ffff65aaffff9381ffffecc6
000314d4ffff6711ffff9288ffffed51
00031880ffff6817ffff912effffedee
00031be0ffff687cffff8f30ffffeea9
00031f1cffff68a7ffff8cfbffffef6c
00032276ffff6922ffff8b24fffff016
000325faffff6a00ffff89c0fffff0a1
0003297dffff6af9ffff887ffffff123
00032ce4ffff6be3ffff8731fffff1aa
00033047ffff6cd5ffff85f4fffff22a
000333a2ffff6dd3ffff84c8fffff2a5
000336dfffff6ec3ffff838ffffff326
000339f2ffff6f9effff823cfffff3b6
00033ce9ffff706effff80defffff44b
0003403cffff7177ffff7fedfffff4a1
0003441fffff72d9ffff7f9dfffff499
0003485cffff746cffff7fb4fffff452
00034c96ffff7607ffff7fdcfffff403
000350b9ffff779cffff7ffffffff3b7
0003552dffff7944ffff8072fffff32e
000359baffff7af9ffff810bfffff28b
00035de6ffff7ca3ffff8169fffff21d
000361b9ffff7e42ffff8193fffff1e0
0003654effff7fdfffff819dfffff1c4
000368beffff8179ffff819afffff1b6
00036c25ffff830fffff819efffff1a2
00036f55ffff84acffff818afffff1ae
000371d6ffff866fffff8114fffff23b
0003738cffff8863ffff8028fffff363
000374ecffff8a67ffff7f13fffff4c4
0003768effff8c43ffff7e2ffffff5d9
000378a5ffff8ddeffff7d9bfffff672
00037ac0ffff8f73ffff7d14fffff6fd
00037caaffff9119ffff7c7cfffff7a9
00037ea4ffff92a5ffff7bf7fffff832
0003806bffff9456ffff7b60fffff8ec
000381b2ffff9670ffff7a8dfffffa35
000382e0ffff9888ffff79b6fffffb83
00038457ffff9a37ffff790ffffffc53
000385d1ffff9bdbffff7873fffffd12
000386eaffff9e03ffff77aefffffe6a
000387c6ffffa06fffff76d200000011
000388b0ffffa2a0ffff760700000179
0003899cffffa4b7ffff7545000002c6
00038a81ffffa6b4ffff7489000003fa
00038b6dffffa876ffff73d9000004f0
00038c58ffffaa03ffff7331000005b3
00038d40ffffab5cffff729000000642
00038e1fffffacc9ffff71f3000006e5
00038eefffffaea7ffff7157000007fa
00038fb6ffffb116ffff70be000009a2
0003907cffffb40effff702e00000bd3
0003913fffffb74effff6fa400000e4e
00039201ffffbab4ffff6f22000010f1
000392bcffffbe2fffff6ea4000013a9
00039354ffffc161ffff6e1d00001616
000393b5ffffc41affff6d8200001805
000393cfffffc64cffff6cca00001963
000393c6ffffc83bffff6c0800001a7c
000393eeffffca7fffff6b6800001bf8
00039458ffffcd30ffff6af300001df2
000394f2ffffd024ffff6a9f00002040
000395e4ffffd37cffff6a8100002310
0003971effffd727ffff6a930000264b
00039838ffffdabeffff6a9a00002969
0003990bffffde1dffff6a8300002c3c
000399c0ffffe166ffff6a6200002ef2
00039a73ffffe4adffff6a49000031ab
00039b1dffffe7eeffff6a320000345f
00039b8effffeb16ffff6a01000036e3
00039ba3ffffee16ffff69a000003918
00039bb9fffff10effff694900003b4e
00039c32fffff41bffff693900003dd5
00039d09fffff735ffff696f000040aa
00039dfcfffffa52ffff69bf00004396
00039e97fffffd65ffff69da00004644
00039f130000006affff69eb000048db
00039fc600000367ffff6a2c00004b99
0003a0900000065affff6a8600004e67
0003a19c00000936ffff6b1f00005160
0003a2d900000c03ffff6be600005478
0003a41400000ec4ffff6cb60000578f
0003a56400001174ffff6da300005ab3
0003a6cc0000140dffff6eb100005de4
0003a87100001679ffff700500006138
0003aa08000018e9ffff715000006484
0003ab5100001b79ffff7259000067a2
0003ac7f00001e0effff735000006ab0
0003ad71000020c9ffff740c00006d9c
0003ae24000023abffff748800007063
0003aeb40000269fffff74e400007317
0003af3900002989ffff7543000075c3
0003afb300002c70ffff75a000007868
0003aff800002f97ffff75ad00007aef
0003b01a000032d7ffff759500007d62
0003b03a00003603ffff758c00007fd3
0003b04c00003935ffff75760000823a
0003b04400003c8cffff753300008494
0003b0250000400dffff74be000086de
0003affe00004368ffff746a00008924
0003afda00004682ffff745100008b69
0003afad000049a8ffff742600008da7
0003af7500004d16ffff73ac00008fde
0003af2f0000508fffff73220000920c
0003aee0000053dbffff72bf00009433
0003ae940000575cffff721f0000965a
0003ae4500005b0cffff714c0000987e
0003ade800005e9affff709400009a98
0003ad7900006206ffff6ff900009ca8
0003acda0000650fffff6fc100009e9d
0003ac11000067baffff6fe70000a07a
0003ab6000006a92ffff6fd40000a263
0003aaaa00006d73ffff6fb20000a446
0003a99100006fd0ffff70240000a5f4
0003a8050000719bffff713d0000a763
0003a619000072fcffff72d50000a89d
0003a3ca000073fbffff74e40000a9a0
0003a13f000074c2ffff77370000aa80
00039edc000075a2ffff79580000ab75
00039cb3000076acffff7b320000ac89
00039a6d000077a9ffff7d1e0000ad8a
0003980f00007893ffff7f1e0000ae7c
0003962c000079adffff80a90000afb7
0003950f00007b13ffff817e0000b169
0003947200007ca2ffff81de0000b367
000393bd00007e2fffff82480000b554
000392cd00007fa9ffff82dd0000b71a
0003920d00008123ffff834a0000b8ff
000391970000829fffff837b0000bb15
0003919700008414ffff83540000bd80
000391e600008587ffff82ef0000c021
000391ff000086fbffff82aa0000c297
000391be00008878ffff829c0000c4c8
0003913100008a00ffff82ba0000c6bc
000390d000008b6cffff82ba0000c8d9
0003913000008c89ffff82410000cb9f
0003927600008d3affff813a0000cf38
000394a000008d70ffff7faa0000d3aa
0003978100008d35ffff7dad0000d8d4
00039aea00008c96ffff7b5f0000de90
00039ec300008b96ffff78cf0000e4ce
0003a2ce00008a64ffff76200000eb46
0003a6e700008912ffff73680000f1d9
0003ab380000876dffff708f0000f8c4
0003afaf0000858cffff6d9f0000ffec
0003b42f00008384ffff6aa800010732
0003b8da0000811affff679900010ed6
0003bd9400007e81ffff6480000116a2
0003c21800007c38ffff618100011e09
0003c67000007a21ffff5e970001252a
0003cac8000077ccffff5baa00012c7b
0003cf160000756effff58c2000133c7
0003d34300007351ffff55e800013ac3
0003d7580000714affff531900014198
0003db5800006f69ffff505300014837
0003df4200006daeffff4d9600014ea2
0003e31800006be3ffff4ae20001550d
0003e6d7000069f5ffff483800015b8d
0003ea81000067e9ffff45980001621c
0003ee290000661dffff42f70001685a
0003f1db000064c7ffff404f00016e11
0003f58a000063a9ffff3da70001737f
0003f935000062adffff3b00000178bc
0003fce2000061e0ffff385600017db7
0004009600006142ffff35a800018270
0004047b00006109ffff32de000186a6
0004088200006125ffff300100018a6f
00040c540000611dffff2d3e00018e57
00040fb6000060adffff2ab5000192b3
0004127800005fb5ffff2882000197b8
000414de00005e73ffff267e00019d0e
0004179e00005d7cffff24450001a1e3
00041b0100005d03ffff21af0001a5e7
00041ea500005cc3ffff1ef10001a984
000421ed00005c62ffff1c670001ad57
000424c600005bd3ffff1a1c0001b176
000427be00005b51ffff17ba0001b560
00042b0100005aefffff15270001b8ee
00042e1a00005a8bffff12ac0001bc7f
000430c900005a17ffff10730001c049
000432ed00005995ffff0e930001c462
000434c40000590affff0ce30001c89c
000437090000587bffff0ade0001cc72
000439a2000057edffff089b0001cff2
00043c1b00005762ffff066a0001d371
00043ecf000056c5ffff04040001d6b2
000441c00000561bffff01690001d9b5
000444500000558efffeff1c0001dcdd
0004462500005541fffefd6c0001e060
000447250000554afffefc770001e44c
0004476d000055a5fffefc280001e890
0004473000005646fffefc560001ed0b
000446a80000570bfffefcc80001f19c
00044621000057c2fffefd2d0001f618
000445a20000586afffefd800001fa7b
0004452500005902fffefdc50001fec8
000444b000005986fffefdf5000202fd
00044438000059fffffefe1b0002071f
000443bf00005a6afffefe3500020b2e
0004434700005ac1fffefe3e00020f29
000442de00005ae6fffefe1400021309
0004427e00005aebfffefdcb000216d1
000441ed00005b5dfffefdf800021a9f
0004410f00005c8bfffefeee00021e81
00043ff400005e75ffff00a80002226f
00043eaf000060dfffff02ea0002265f
00043d5b0000635bffff054300022a44
00043c00000065ecffff07b400022e1a
00043a9a0000688dffff0a39000231e4
0004392f00006b40ffff0cd40002359e
000437c100006e2dffff0fad00023948
0004365300007145ffff12b500023ce0
000434e90000748affff15ef00024064
0004336c000077b1ffff190d000243e0
000431d100007a87ffff1bda0002475a
0004304100007d75ffff1ec700024abc
00042ec000008093ffff21eb00024e06
00042d0d00008365ffff24bc00025159
00042b07000085b2ffff26fc000254c6
000428e9000087d7ffff29150002582d
000426d600008a0cffff2b4600025b7f
000424b100008c31ffff2d6600025ec9
0004229300008e57ffff2f8f000261ff
0004207600009080ffff31c100026524
00041e4a0000929bffff33e600026840
00041c4c000094cfffff363b00026b31
00041a6300009712ffff38ac00026e07
000418700000994affff3b15000270d2
000416ad00009b91ffff3dab0002736f
000414fa00009ddeffff4053000275f4
0004134f0000a026ffff430200027862
000412230000a284ffff461700027a6f
0004116c0000a4f6ffff498a00027c20
000410c20000a765ffff4d0900027db9
000410070000a9cdffff507c00027f4e
00040f4b0000ac2cffff53ee000280d3
00040ea90000ae82ffff577100028234
00040dfb0000b0d4ffff5aed00028390
00040d240000b324ffff5e4e000284f9
00040c580000b566ffff61b500028649
00040bdb0000b784ffff654b00028745
00040bbf0000b975ffff691c000287db
00040bf00000bb3affff6d1a0002881a
00040c680000bcd0ffff714100028804
00040d2a0000be2dffff759100028790
00040e1d0000bf5fffff79fc000286d8
00040f080000c08cffff7e6000028618
00040fee0000c1abffff82bf00028548
000410b20000c2dfffff870c00028493
000411310000c44bffff8b3000028426
000411b10000c59affff8f530002839a
000412460000c6beffff937f000282da
000412d70000c7ccffff97a700028203
0004138d0000c878ffff9be0000280bf
000414770000c89effffa03000027eeb
000415710000c883ffffa48700027cd3
0004165c0000c873ffffa8d300027ac4
000417400000c838ffffad1a0002788b
000418260000c7d1ffffb15f00027624
000418f10000c7efffffb59400027444
0004199b0000c8b9ffffb9b600027310
00041a370000c9e8ffffbdce00027241
00041ac80000cb70ffffc1de000271cc
00041b4b0000cd00ffffc5e40002715f
00041bb30000ce32ffffc9da00027093
00041beb0000cebfffffcdb600026f20
00041c030000cee5ffffd17f00026d44
00041c240000cf38ffffd54900026b99
00041c410000cfa5ffffd90f00026a08
00041c3c0000cfe0ffffdcc100026841
00041bf20000cfb3ffffe04c00026608
00041b4d0000cf03ffffe3a60002633a
00041a420000cdd4ffffe6c800025fd7
000418dd0000cc3bffffe9b700025bf7
0004174e0000ca7affffec8d000257e6
000415d00000c8d0ffffef6b000253f5
0004147a0000c750fffff25c00025041
0004132e0000c5e2fffff55000024ca4
000412140000c496fffff85f00024943
0004116c0000c393fffffbad0002465f
000410e70000c2aeffffff0d000243a9
0004104c0000c1c10000025d000240e8
00040faf0000c0d7000005ab00023e2d
00040f110000bff0000008f600023b7a
00040e830000bf0e00000c49000238da
00040da70000be2600000f6700023608
00040c350000bd2b0000121f000232cb
00040a550000bc2a0000148a00022f44
0004083a0000bb27000016cb00022b9b
000406160000ba2400001905000227f1
000403d00000b92700001b2200022437
000401370000b83a00001cfe0002204e
0003fe100000b77000001e6400021c11
0003fa870000b6be00001f7a0002179c
0003f6fe0000b60b0000208f0002132c
0003f3410000b5710000217300020ea6
0003ef3a0000b4fa0000220f000209f8
0003eb180000b4900000229000020542
0003e7040000b4190000232100020098
0003e31b0000b37f000023e20001fc0d
0003df710000b2ab000024f00001f7aa
0003dc4c0000b14e000026ad0001f394
0003d99e0000af76000029070001efc5
0003d71a0000ad6700002ba10001ec12
0003d4d50000aaf900002ea60001e885
0003d2e40000a803000032420001e529
0003d13f0000a47b0000367d0001e1fa
0003cfdd0000a06000003b520001def4
0003cea700009bd60000409b0001dc08
0003cd85000097060000462a0001d92d
0003cc70000091f300004bfa0001d65e
0003cb6a00008c77000052300001d39b
0003ca6c000086b8000058a60001d0e2
0003c968000080fe00005f140001ce2a
0003c85900007aed000065d50001cb73
0003c7450000747f00006cef0001c8be
0003c63500006e67000073af0001c611
0003c533000068ec000079cc0001c370
0003c432000063ba00007f9d0001c0d4
0003c30700005e2b000085cb0001be28
0003c1a40000580f00008c890001bb65
0003c01c000051b00000938a0001b894
0003be6400004b0c00009ad30001b5b0
0003bc6f000044110000a27a0001b2b1
0003ba5100003ceb0000aa510001afa3
0003b808000035a00000b2500001ac82
0003b56c00002e090000baaf0001a93b
0003b2810000262d0000c3620001a5ce
0003af5200001e250000cc530001a242
0003abe4000015f90000d57800019e97
0003a86c00000dd50000de9200019aed
0003a519000005dc0000e76d0001975d
0003a206fffffe1b0000efee000193f7
00039eecfffff6700000f85b00019091
00039b51ffffeea10001012600018ce3
0003975dffffe6bf00010a2900018904
00039391ffffdef7000112f500018543
00038feaffffd74e00011b8a0001819f
00038c28ffffcfb30001241d00017dee
00038826ffffc82400012cc900017a16
000383d0ffffc0a10001359b0001760a
00037f74ffffb92c00013e5c000171ff
00037b43ffffb1c6000146e900016e19
00037710ffffaa7500014f6100016a34
00037282ffffa349000157fd0001660d
00036d53ffff9c57000160e800016166
0003678effff95a400016a1c00015c46
000361c0ffff8efe0001734100015727
00035c77ffff882d00017c0000015288
0003578affff81440001847400014e41
000352aeffff7a6400018cc800014a10
00034e06ffff736f000194ea0001461c
000349a0ffff6c5c00019cd100014275
0003452dffff656e0001a4a900013ebc
00034097ffff5eb00001ac8000013ade
00033c0fffff57f40001b43a00013717
0003379affff51350001bbd60001336e
00033350ffff4a480001c34600013012
00032f26ffff43430001ca9100012ceb
00032aefffff3c6c0001d1ce000129ab
000326a4ffff35d60001d9000001263c
0003223effff2f9a0001e02d00012283
00031dc7ffff299d0001e74e00011e9f
00031947ffff23e50001ee5f00011a8b
000314c0ffff1e580001f56000011661
00031048ffff185a0001fc46000112be
00030be2ffff11ef0002030f00010f9d
00030781ffff0bae000209c200010c68
00030325ffff05d000021060000108e5
0002fed7ffff0070000216e3000104f8
0002fa9dfffefb9600021d490001009b
0002f66bfffef6fa000223970000fc13
0002f234fffef254000229d60000f7aa
0002ee13fffeede500022ff60000f31c
0002ea06fffee9ba000235fb0000ee5e
0002e5cffffee54b00023c020000ea00
0002e156fffee06e000242190000e631
0002dcb0fffedb51000248340000e2c1
0002d82bfffed66000024e2d0000df30
0002d3fdfffed1e5000253e50000db26
0002d00efffecdbb0002596a0000d6ce
0002cc2cfffec9ad00025ed60000d26d
0002c864fffec5bb000264230000cdf9
0002c508fffec222000269210000c919
0002c1d4fffebeb900026df70000c410
0002be7bfffebb42000272d20000bf39
0002bb8dfffeb8030002775d0000ba0a
0002b92ffffeb51300027b800000b45f
0002b6e8fffeb23900027f860000aea6
0002b499fffeaf660002837f0000a8ff
0002b218fffeac96000287890000a388
0002af2dfffea9bc00028bc700009e6d
0002ac0bfffea6e40002901a00009987
0002a8b3fffea41500029482000094d1
0002a4e7fffea1520002992d00009074
0002a0acfffe9ea000029e1800008c6f
00029c4bfffe9bf90002a3100000888d
00029830fffe994b0002a7bf00008489
000294c9fffe96770002abcb0000801c
0002920afffe937e0002af3c00007b4f
00028f88fffe907a0002b26a00007667
00028d1efffe8d750002b57300007179
00028a88fffe8a960002b89a00006cae
00028766fffe88190002bc430000683c
000283bafffe86000002c06f00006422
00027f9ffffe84490002c50c0000604f
00027b0ffffe83020002ca2700005cc5
0002764ffffe81ee0002cf6e00005960
000271a8fffe80c90002d484000055f6
00026cfafffe7fbe0002d99e00005299
00026822fffe7ef90002def000004f5a
0002633afffe7e590002e45200004c2d
00025e72fffe7d830002e961000048f9
000259e3fffe7c450002ede6000045b1
0002555efffe7b120002f25c0000426c
000250bafffe7a500002f72f00003f40
00024bfffffe79f90002fc5800003c28
0002473dfffe79d1000301990000391d
00024285fffe797d0003069600003615
00023dd8fffe78e400030b3500003311
0002392ffffe77e400030f5700003013
0002348afffe767f000312fb00002d1c
00022fe5fffe74ee0003165c00002a2e
00022b3efffe73390003198200002749
000226a0fffe718f00031c9b00002469
00022205fffe6ff000031fa90000218f
00021d43fffe6dea0003223300001ed2
0002183dfffe6b3c000323f400001c41
00021302fffe68180003251e000019d3
00020db6fffe64d10003260c00001776
0002088cfffe61ba0003271900001510
00020388fffe5edd00032853000012a0
0001fe77fffe5bf7000329690000103e
0001f943fffe58f000032a3b00000df8
0001f410fffe55ea00032afa00000bba
0001ef46fffe533c00032c1d0000094b
0001eb01fffe50fa00032dc600000699
0001e6f7fffe4eea00032fa1000003cf
0001e322fffe4cfc0003319d000000f0
0001dfb0fffe4b45000333e6fffffdde
0001dc79fffe49b300033657fffffab3
0001d962fffe4831000338d4fffff77c
0001d693fffe46cb00033b7cfffff421
0001d3edfffe457900033e37fffff0b5
0001d159fffe442f000340efffffed47
0001ceb1fffe42ee0003438bffffe9ee
0001cb99fffe41b1000345c7ffffe6ed
0001c82bfffe4078000347b5ffffe431
0001c503fffe3f3d000349c4ffffe148
0001c282fffe3df300034c32ffffdde8
0001c097fffe3c9600034ef3ffffda1d
0001bedffffe3b37000351c7ffffd633
0001bccffffe3a0100035457ffffd29f
0001ba6efffe38ec000356a7ffffcf58
0001b84efffe37bc0003590dffffcbdb
0001b6acfffe365100035bafffffc7ee
0001b59dfffe349200035e98ffffc370
0001b53ffffe3261000361d5ffffbe3e
0001b535fffe2ffb00036535ffffb8b9
0001b510fffe2db800036877ffffb360
0001b4f0fffe2b6e00036baeffffae02
0001b511fffe28e000036efaffffa84f
0001b55bfffe26260003724effffa268
0001b5b2fffe235f0003759bffff9c72
0001b62dfffe2059000378edffff9638
0001b6dcfffe1cf600037c4cffff8f9c
0001b7a6fffe195b00037fabffff88c3
0001b888fffe157b0003830affff81a6
0001b971fffe11910003865effff7a80
0001ba36fffe0e3500038993ffff73ee
0001bad0fffe0b9e00038ca5ffff6e28
0001bb50fffe099300038f9cffff68f3
0001bbc2fffe081200039280ffff644c
0001bc2cfffe072600039553ffff603d
0001bc88fffe063c00039811ffff5c34
0001bcc8fffe049c00039ab5ffff5778
0001bceffffe026800039d40ffff5229
0001bd28fffe007d00039fc7ffff4d2b
0001bd96fffdff660003a25cffff4909
0001be3cfffdff090003a502ffff45ae
0001bef9fffdff030003a7a6ffff42b1
0001bfc1fffdff230003aa45ffff3fe0
0001c09cfffdff730003ace0ffff3d48
0001c168fffdffc10003af68ffff3aaf
0001c254fffe003c0003b1f5ffff3851
0001c382fffe01170003b499ffff3669
0001c4c7fffe02170003b73effff34b2
0001c62afffe033c0003b9e8ffff332f
0001c77efffe04640003bc7effff31ae
0001c8b0fffe05750003bef5ffff3011
0001ca22fffe06b40003c187ffff2ec2
0001cbc9fffe081d0003c42cffff2db8
0001cd80fffe09930003c6cfffff2cc9
0001cf3afffe0b110003c96affff2bea
0001d0e8fffe0c8f0003cbf3ffff2b0c
0001d2d4fffe0e1f0003ce99ffff2a6a
0001d4ecfffe0fc10003d150ffff29f9
0001d716fffe11660003d40affff299e
0001d95dfffe13130003d6ceffff2965
0001db44fffe14c20003d943ffff28f2
0001dcbdfffe166f0003db64ffff2839
0001de1ffffe181f0003dd6affff277a
0001df7bfffe19ce0003df64ffff26c1
0001e0dafffe1b7c0003e158ffff2612
0001e1fefffe1d3c0003e312ffff2547
0001e2d1fffe1f130003e481ffff2452
0001e34dfffe210c0003e59affff2332
0001e37efffe23210003e669ffff21ed
0001e3edfffe250d0003e771ffff20d3
0001e4cffffe26b10003e8e6ffff2003
0001e5f8fffe28210003eaa2ffff1f64
0001e733fffe29820003ec6bffff1ed7
0001e829fffe2b210003edd6ffff1e2b
0001e8b6fffe2d220003eeb5ffff1d4f
0001e904fffe2f5f0003ef3affff1c59
0001e95ffffe317c0003efd7ffff1b70
0001e9f9fffe33340003f0deffff1ab0
0001eaadfffe34c30003f20affff1a05
0001eb51fffe36630003f317ffff1959
0001ec02fffe37d20003f44dffff18ba
0001ecc1fffe39170003f5a5ffff182a
0001ed64fffe3aac0003f69effff1792
0001ede7fffe3c9d0003f72effff16f1
0001ee55fffe3ee60003f758ffff164d
0001eea9fffe41d10003f6d5ffff15a2
0001eee9fffe45610003f5a1ffff14f4
0001ef1ffffe493c0003f417ffff1448
0001ef51fffe4d2b0003f26effff13a1
0001ef88fffe515c0003f078ffff1302
0001efbffffe55be0003ee45ffff126a
0001eff9fffe5a3a0003ebecffff11da
0001f02efffe5ebc0003e983ffff114e
0001f03efffe62e80003e76bffff10b5
0001f005fffe66730003e5f3ffff0ffe
0001ef99fffe69900003e4e6ffff0f32
0001ef5cfffe6cf60003e379ffff0e86
0001ef7dfffe70f20003e157ffff0e11
0001efcbfffe75330003dedaffff0dba
0001f00bfffe79670003dc63ffff0d61
0001f04efffe7d9a0003d9dfffff0d10
0001f0e4fffe82180003d6eaffff0cf4
0001f1e8fffe86f00003d368ffff0d1a
0001f34bfffe8c0d0003cf73ffff0d7b
0001f4f6fffe91590003cb27ffff0e0c
0001f68ffffe969c0003c6e0ffff0e97
0001f790fffe9b950003c31fffff0ecf
0001f7f0fffea0420003bfeaffff0ead
0001f7fdfffea4cb0003bcf6ffff0e5f
0001f792fffea9300003ba5cffff0dcb
0001f6bbfffead730003b814ffff0cf9
0001f63dfffeb1b80003b584ffff0c6a
0001f65afffeb6090003b278ffff0c49
0001f6a4fffeba590003af44ffff0c4d
0001f733fffebe9d0003abdaffff0c8a
0001f836fffec2d30003a81bffff0d22
0001f933fffec7070003a459ffff0dba
0001fa06fffecb390003a0aeffff0e3a
0001fadffffecf6100039cf8ffff0ec6
0001fba1fffed38b0003994cffff0f43
0001fc3bfffed7b9000395b2ffff0fa5
0001fca2fffedbf800039232ffff0fdf
0001fc92fffee07000038ef2ffff0fa9
0001fc39fffee50300038bd8ffff0f37
0001fc20fffee95b00038895ffff0f14
0001fc3dfffeed8300038530ffff0f33
0001fc66fffef193000381c0ffff0f6c
0001fcb1fffef57300037e3affff0fdb
0001fd25fffef91800037a99ffff108e
0001fdabfffefc9c000376ebffff1164
0001fdf2ffff00790003735affff11d0
0001fdecffff04b900036fecffff11c5
0001fe02ffff08a600036c6effff120d
0001fe3effff0c3d000368d8ffff12af
0001fe5effff100f0003654cffff130e
0001fe57ffff1447000361d1ffff12fd
0001fe20ffff192f00035e6affff1236
0001fdc6ffff1e8900035b12ffff10f4
0001fd6effff2371000357b6ffff101f
0001fd20ffff27ce00035451ffff0fd3
0001fcd2ffff2c35000350eaffff0f77
0001fc89ffff311e00034d7dffff0e94
0001fc4dffff36ad00034a06ffff0d06
0001fc0affff3c4f00034690ffff0b61
0001fb99ffff41430003432effff0a6a
0001fb00ffff45a200033fddffff0a05
0001fa5bffff49df00033c90ffff09c0
0001f9a5ffff4df700033949ffff099d
0001f8ccffff51ca00033612ffff09c1
0001f7e0ffff5575000332e1ffff0a09
0001f726ffff596200032f94ffff09fe
0001f6b5ffff5db200032c1dffff0979
0001f6a6ffff626d00032870ffff0868
0001f6f0ffff678700032490ffff06d9
0001f767ffff6cc700032096ffff0510
0001f84bffff725600031c5cffff02ca
0001f987ffff7826000317efffff001f
0001fabaffff7dec00031386fffefd7c
0001fc17ffff83bd00030f00fffefab2
0001fda3ffff89a100030a5dfffef7bc
0001ff0dffff8f70000305cdfffef4e4
00020089ffff95370003012dfffef202
00020292ffff9b190002fc32fffeeeae
0002053effffa1170002f6ccfffeeadb
00020849ffffa71b0002f126fffee6bf
00020b46ffffad170002eb87fffee2af
00020da2ffffb3050002e656fffedf15
00020f12ffffb8eb0002e1cbfffedc24
00020fe9ffffbecb0002ddabfffed9a1
000210eaffffc4900002d965fffed708
0002127effffca2b0002d4a7fffed413
0002143bffffcfb20002cfc7fffed107
000215e4ffffd52e0002caf2fffece0c
000217fcffffda680002c5b3fffecad4
00021a71ffffdf6f0002c01dfffec767
00021cbcffffe47d0002baacfffec417
00021ef4ffffe9810002b546fffec0d7
00022111ffffee8b0002affbfffebdab
000222b7fffff3e40002ab35fffebac5
000223c3fffff9b40002a727fffeb838
00022443fffffffb0002a3c6fffeb5fb
0002246d0000068b0002a0d5fffeb3f2
0002249b00000cf600029dccfffeb1ec
000224f90000130400029a69fffeafd1
0002253a0000193b00029741fffeadca
0002252f00001fe4000294a6fffeabef
000225130000268800029218fffeaa22
0002250500002cf100028f5afffea852
000224fd0000332300028c74fffea684
000224fb0000391c00028962fffea4b9
000224f900003ee70002862ffffea2f1
000224f400004498000282f1fffea130
000224e900004a5500027fcdfffe9f77
000224d90000502700027ccdfffe9dc5
000224c2000055f7000279d9fffe9c1b
000224a500005bb0000276ddfffe9a79
00022497000061b000027437fffe98d4
000224a80000684100027234fffe9724
000224ca00006f1b0002708bfffe9570
000224c9000075a300026e98fffe93d3
0002249d00007bbd00026c40fffe9250
0002245b000081a6000269c3fffe90dd
000223d200008718000266cefffe8f93
000222d500008bd50002631afffe8e89
000221960000902900025efdfffe8da7
0002208d000094ab00025b2dfffe8cac
00021fb700009962000257aefffe8b9b
00021eb100009de8000253fdfffe8aa8
00021d4a0000a21600024fe2fffe89ee
00021b960000a5ff00024b75fffe8965
00021a260000aa020002474ffffe88b7
0002191f0000ae3a0002439afffe87d1
000217fe0000b26100023fd5fffe86ff
000216a00000b66400023bddfffe8655
000215220000ba50000237cefffe85c4
000213d50000be3b000233ebfffe8515
000213170000c23a0002307efffe840f
000213090000c64900022d9dfffe8298
000213d00000ca6000022b5efffe8094
000215720000ce74000229c3fffe7dfc
0002179d0000d27d0002288cfffe7b07
000219e30000d67b0002276efffe7800
00021c430000da6500022663fffe74e9
00021f210000de25000225adfffe716e
000222990000e1af0002255cfffe6d77
0002263d0000e5210002252afffe6960
000229970000e8a4000224d0fffe658c
00022ca10000ec3a00022449fffe6203
00022f8f0000efcb000223b4fffe5e94
000232a00000f33200022336fffe5afe
000235d70000f66d000222d0fffe573f
000239220000f98300022278fffe5366
00023c7a0000fc7a00022229fffe4f7b
00023fc50000ff67000221d7fffe4b9c
00024322000102220002218ffffe479b
000246a3000104980002215dfffe435d
00024a2b000106e800022131fffe3f0b
00024d9e0001093f000220fcfffe3ad7
000250de00010bdc000220affffe3706
000253db00010eeb00022042fffe33c5
000256b00001122a00021fc2fffe30ce
0002598e0001150c00021f49fffe2d8d
00025c840001174e00021edefffe29bf
00025f8e000118cb00021e7ffffe253e
000262a0000119ca00021e26fffe2053
000265a600011b0400021dc8fffe1bb9
0002689d00011ca400021d65fffe1798
00026b8e00011ea400021d01fffe13ee
00026e890001215100021ca4fffe1106
000271920001249a00021c4ffffe0ed1
0002749d0001282500021bfefffe0cf3
000277b400012bf100021bb5fffe0b6d
00027aca00012fde00021b6dfffe0a1d
00027dc00001339700021b16fffe08ab
0002808d0001370e00021aaefffe0706
0002834100013a6200021a39fffe054e
000285ed00013db1000219c4fffe03a7
000288a80001411700021958fffe0231
00028ba4000144c800021911fffe0131
00028f06000148e500021904fffe00d2
0002928d00014d2d0002190efffe00be
000295af00015127000218e1fffe0050
00029855000154c100021872fffdff6c
00029aff0001585400021808fffdfe9c
00029e0600015c15000217d8fffdfe3b
0002a10a00015fd6000217a8fffdfdee
0002a3970001636100021733fffdfd4a
0002a5cc000166c50002168cfffdfc69
0002a78e00016a05000215a0fffdfb3d
0002a8da00016d1f0002146cfffdf9c2
0002aa1e0001702c00021336fffdf84e
0002ab8b0001733300021221fffdf709
0002ad570001762f00021154fffdf617
0002afc10001791b000210fdfffdf5a2
0002b27900017bfb000210e1fffdf572
0002b53800017ecc000210d1fffdf555
0002b82000018186000210e6fffdf560
0002bb360001842700021128fffdf596
0002be970001869d000211b1fffdf607
0002c25d000188dc0002129afffdf6c2
0002c64f00018af9000213b2fffdf7a4
0002ca0d00018d240002149dfffdf876
0002cd6900018f7b0002152afffdf91b
0002d0a5000191cf000215a2fffdf9ba
0002d406000193ef00021650fffdfa7a
0002d73f00019626000216d2fffdfb30
0002d9fb000198c6000216bafffdfbae
0002dc4600019bcd0002160ffffdfbfb
0002de5c00019ef800021527fffdfc37
0002e0700001a2090002144cfffdfc7d
0002e26c0001a52600021355fffdfcc1
0002e4550001a83e00021252fffdfd06
0002e64c0001ab100002118bfffdfd5d
0002e8330001adf6000210a2fffdfdb6
0002e9d90001b18600020efbfffdfdf9
0002eb3d0001b5e700020c70fffdfe25
0002ec7a0001bac500020958fffdfe47
0002eda60001bfae00020626fffdfe6b
0002eeca0001c46d00020312fffdfe95
0002efe00001c8c400020058fffdfec1
0002f0df0001cc5b0001fe50fffdfeec
0002f1c40001cf440001fceafffdff14
0002f2930001d1d00001fbd5fffdff3a
0002f33d0001d3ed0001fb25fffdff57
0002f3d40001d5cc0001faa5fffdff74
0002f49c0001d82e0001f98efffdffb4
0002f5c40001db720001f776fffe002e
0002f7220001df350001f4c9fffe00cd
0002f8480001e2ad0001f265fffe0158
0002f91a0001e5a50001f085fffe01c0
0002f9b60001e8560001eeebfffe0215
0002f9f30001ea9e0001edc5fffe0241
0002f9e90001ec940001ecf7fffe0250
0002fa0f0001eeac0001ebe7fffe0282
0002fa880001f1070001ea67fffe02eb
0002fb310001f3820001e8a8fffe0379
0002fc340001f62c0001e683fffe0443
0002fdde0001f92b0001e3b2fffe0578
0002ffe00001fc540001e081fffe06e9
000301c30001ff6b0001dd62fffe0851
0003039d000202740001da44fffe09bc
0003052b000205660001d75afffe0aff
00030652000208350001d4bdfffe0c0b
0003076e00020af70001d221fffe0d1a
0003084600020dad0001cfb0fffe0e02
000308d2000210510001cd71fffe0ec1
00030990000212e50001cb0afffe0fae
00030abe000215620001c852fffe10f9
00030c0a000217d40001c57ffffe1262
00030caf00021a630001c312fffe134e
00030c8600021d180001c121fffe139d
00030bda00021feb0001bf7cfffe1385
00030aea000222c80001bdfdfffe133e
00030a3d000225700001bc52fffe1345
00030a18000227bf0001ba54fffe13db
00030a42000229d00001b825fffe14cd
00030a4900022bef0001b604fffe15a0
000309f100022e4b0001b414fffe1611
00030946000230e10001b24dfffe1628
00030858000233aa0001b0a7fffe15f3
00030760000236650001af03fffe15c2
0003068f000238da0001ad47fffe15dd
000305d200023b1f0001ab7cfffe1627
0003052800023d2b0001a9a4fffe16a8
0003048300023f1e0001a7c7fffe173f
000303c6000241300001a5f2fffe17ac
0003030d0002430c0001a418fffe184b
00030265000244a00001a233fffe192d
000301a30002469b0001a057fffe19a1
000300c3000248e700019e88fffe19bb
0002ffe300024ada00019cb5fffe1a28
0002ff0500024c7600019adffffe1ae6
0002fe2000024dd50001990afffe1bdb
0002fd3600024f1200019734fffe1cea
0002fc44000250420001955ffffe1e02
0002fb33000250f800019397fffe1f8f
0002f9ec000250e1000191e8fffe21e7
0002f8650002500200019057fffe2508
0002f69f00024e8000018ee2fffe28cd
0002f4cd00024cd800018d72fffe2cb2
0002f31c00024b7400018bedfffe3046
0002f14c000249f000018a77fffe33fc
0002ef03000247be0001893efffe3875
0002ec3a000244e500018845fffe3dad
0002e944000241d200018762fffe4323
0002e68800023ef70001865dfffe4848
0002e41100023c6000018530fffe4d0c
0002e197000239cc00018403fffe51c8
0002def80002371f000182e8fffe56a4
0002dc4c00023469000181d3fffe5b87
0002d9b8000231c0000180adfffe604b
0002d75d00022f3200017f63fffe64d3
0002d52200022cb500017e03fffe6934
0002d2f200022a3a00017c9bfffe6d85
0002d111000227d300017afefffe718f
0002cf3d0002257500017958fffe7583
0002cd120002230b000177eafffe79b3
0002caa40002209b000176a7fffe7e0e
0002c7c500021e2b000175b3fffe82b1
0002c45500021bbf00017523fffe87b3
0002c09b00021957000174c8fffe8ce0
0002bce6000216ed00017466fffe9203
0002b98d0002146c000173b7fffe96e5
0002b69d000211d1000172b1fffe9b7d
0002b3e900020f2200017177fffe9fea
0002b14900020c6c00017029fffea443
0002ae56000209e600016f2bfffea8c5
0002aadb000207aa00016eb1fffead90
0002a70f0002059f00016e88fffeb282
0002a3560002038100016e44fffeb762
00029fe80002012800016da9fffebc13
00029c930001febd00016cf1fffec0b0
000299240001fc7000016c5bfffec552
000295ad0001fa2900016bcdfffec9f4
0002926c0001f79700016ae4fffece71
00028f7c0001f48c0001696efffed2be
00028cc70001f1220001678afffed6e5
00028a2a0001ed8f00016577fffedaf9
000287ad0001e9a90001630afffedef7
000285670001e52c00015ffdfffee2d2
0002833d0001e06500015ca1fffee698
000281110001dba60001594afffeea59
00027ee40001d6e3000155eefffeee14
00027cb30001d26f000152defffef1ca
00027a770001ce8600015058fffef57f
000278360001cabd00014df0fffef931
000275f20001c6cf00014b62fffefcde
000273a40001c2b00001489fffff0089
0002714a0001be540001459dffff0434
00026ee60001b9d90001427affff07de
00026c870001b56e00013f65ffff0b7f
00026a350001b12c00013c7affff0f14
000267da0001ace600013987ffff12a6
000265540001a85900013643ffff1649
000262810001a35500013277ffff1a0e
00025f3f00019db800012df5ffff1e07
00025bb2000197ba000128ffffff2221
000258060001919e000123e0ffff2646
0002543600018b6700011e99ffff2a78
00025093000185570001198affff2e8b
00024d8900017fc70001152effff3243
00024b3300017abe0001119cffff3590
00024934000175e100010eb4ffff38b7
000246f7000170a200010c67ffff3c2e
0002443600016acc00010abaffff4023
000240f00001646e000109a9ffff448c
00023d1f00015d9400010934ffff4962
000238c30001564c00010957ffff4e9a
000233d900014ea300010a0fffff542c
00022e64000146a700010b58ffff5a10
0002286300013e6400010d2effff603c
000221d9000135e700010f8dffff66a9
00021aca00012d3c0001126fffff6d4f
000213390001246d000115cfffff7426
00020b2b00011b87000119a8ffff7b27
000202a70001129300011df4ffff824a
0001f9b300010999000122abffff898b
0001f056000100a4000127c8ffff90e1
0001e6980000f7ba00012d43ffff9848
0001dc810000eee200013316ffff9fbb
0001d2190000e62200013938ffffa733
0001c76b0000dd7e00013fa2ffffaead
0001bc7e0000d4fb0001464dffffb625
0001b15d0000cc9a00014d30ffffbd97
0001a6100000c45f00015442ffffc500
00019aa00000bc4800015b7dffffcc5e
00018f180000b457000162d7ffffd3ae
0001837e0000ac8a00016a49ffffdaef
000177dd0000a4df000171c9ffffe220
00016c3c00009d5300017950ffffe93f
000160a2000095e2000180d5fffff04e
0001551600008e8700018850fffff74b
0001499f0000873d00018fbafffffe39
00013e4100007ffe0001970900000518
00013303000078c400019e3600000be9
000127e7000071870001a53a000012b1
00011cf100006a400001ac0d00001970
00011223000062e70001b2a70000202a
0001077d00005b740001b903000026e2
0000fd01000053df0001bf1900002d9d
0000f2ad00004c200001c4e30000345f
0000e8800000442d0001ca5c00003b2c
0000de7700003c000001cf7c00004209
0000d48e000033910001d440000048fc
0000cac100002ad70001d8a10000500a
0000c10a000021cb0001dc9d0000573a
0000b763000018680001e02e00005e90
0000adc400000ea60001e35100006614
0000a426000004810001e60300006dcc
00009a81fffff9f30001e841000075bf
000090caffffeef90001ea0900007df4
000086f8ffffe3900001eb5900008672
00007d02ffffd7b50001ec2f00008f3f
000072dbffffcb670001ec8c00009863
00006879ffffbea60001ec6e0000a1e5
00005dd1ffffb1730001ebd60000abcd
000052d8ffffa3d00001eac40000b621
00004782ffff95be0001e93a0000c0e9
00003bc3ffff87430001e7380000cc2b
00002f91ffff78630001e4c20000d7ee
000022e1ffff69240001e1d90000e43a
000015a8ffff598e0001de810000f114
000007dcffff49a70001dabe0000fe84
fffff974ffff397a0001d69200010c8f
ffffea66ffff29100001d20200011b3b
ffffdaaaffff18740001cd1300012a8e
ffffca39ffff07b10001c7ca00013a8e
ffffb90cfffef6d40001c22c00014b3f
ffffa71dfffee5ea0001bc4000015ca6
ffff9468fffed5000001b60b00016ec7
ffff80e9fffec4250001af93000181a7
ffff6c9efffeb3660001a8e000019549
ffff5783fffea2d30001a1f90001a9b1
ffff419bfffe927a00019ae30001bee0
ffff2ae4fffe826b000193a80001d4da
ffff1361fffe72b600018c4e0001eba0
fffefb16fffe6368000184dd00020333
fffee206fffe549100017d5e00021b96
fffec837fffe4640000175d7000234c7
fffeadaffffe388300016e5100024ec8
fffe9277fffe2b68000166d500026998
fffe7697fffe1efd00015f6900028535
fffe5a18fffe134d000158170002a19f
fffe3d06fffe0865000150e50002bed3
fffe1f6bfffdfe50000149dd0002dcd0
fffe0156fffdf519000143060002fb91
fffde2d2fffdecc800013c6800031b15
fffdc3eefffde5660001360900033b57
fffda4b8fffddefa00012ff200035c53
fffd853ffffdd98b00012a2a00037e04
fffd6593fffdd51e000124b70003a066
fffd45c3fffdd1b500011fa00003c373
fffd25e0fffdcf5500011aec0003e725
fffd05f9fffdcdfe000116a100040b75
fffce61efffdcdb0000112c40004305e
fffcc660fffdce6c00010f5a000455d8
fffca6cefffdd02e00010c6a00047bdd
fffc8778fffdd2f3000109f60004a264
fffc686dfffdd6b7000108040004c966
fffc49bcfffddb74000106970004f0db
fffc2b72fffde124000105b3000518bb
fffc0d9dfffde7bf0001055a000540fd
fffbf04bfffdef3c0001058f00056999
fffbd386fffdf7930001065400059286
fffbb75afffe00b8000107ab0005bbbc
fffb9bd2fffe0aa1000109940005e531
fffb80f6fffe154200010c1000060edc
fffb66cefffe209000010f1f000638b5
fffb4d62fffe2c7d000112c1000662b3
fffb34b7fffe38fd000116f500068ccc
fffb1cd4fffe460200011bb90006b6f9
fffb05bafffe537f0001210b0006e12f
fffaef6dfffe6167000126ea00070b67
fffad9effffe6fad00012d5200073599
fffac540fffe7e420001344000075fbb
fffab160fffe8d1b00013bb0000789c6
fffa9e4bfffe9c290001439f0007b3b3
fffa8c01fffeab6200014c070007dd78
fffa7a7dfffebab8000154e500080710
fffa69bafffeca2100015e3200083072
fffa59b4fffed993000167e800085999
fffa4a63fffee902000172030008827f
fffa3bc2fffef86700017c7b0008ab1c
fffa2dc7ffff07b8000187490008d36c
fffa206cffff16ef000192680008fb69
fffa13a7ffff260400019dcf0009230f
fffa0770ffff34f30001a97700094a59
fff9fbbdffff43b60001b55900097143
fff9f085ffff524b0001c16d000997cb
fff9e5beffff60ae0001cdaa0009bdec
fff9db5effff6edf0001da0a0009e3a5
fff9d15cffff7cdb0001e683000a08f3
fff9c7afffff8aa50001f30d000a2dd6
fff9be4effff983d0001ffa0000a524b
fff9b52fffffa5a500020c34000a7653
fff9ac4bffffb2e2000218c1000a99ed
fff9a39affffbff60002253e000abd1a
fff99b15ffffcce6000231a3000adfdb
fff992b5ffffd9b900023de9000b0231
fff98a74ffffe67400024a06000b241e
fff9824efffff31d000255f4000b45a4
fff97a3fffffffbd000261ac000b66c7
fff9724200000c5b00026d24000b8789
fff96a57000018fe00027858000ba7ed
fff9627b000025af0002833f000bc7fa
fff95aaf0000327500028dd3000be7b1
fff952f200003f5b0002980e000c0719
fff94b4600004c670002a1eb000c2637
fff943ae000059a10002ab63000c4510
fff93c2e000067130002b471000c63aa
fff934c9000074c30002bd11000c820b
fff92d85000082b80002c53e000ca039
fff92667000090f90002ccf4000cbe3c
fff91f7800009f8d0002d430000cdc1a
fff918bf0000ae780002daee000cf9db
fff912430000bdc00002e12d000d1785
fff90c0f0000cd680002e6ea000d351f
fff9062b0000dd730002ec22000d52b3
fff900a20000ede40002f0d6000d7046
fff8fb7e0000febb0002f504000d8de1
fff8f6ca00010ff90002f8ad000dab8b
fff8f2910001219d0002fbcf000dc94c
fff8eede000133a60002fe6d000de72c
fff8ebbb0001461000030087000e0532
fff8e935000158d700030220000e2366
fff8e75500016bf600030338000e41cf
fff8e62700017f68000303d4000e6075
fff8e5b400019325000303f5000e7f5d
fff8e6060001a725000303a0000e9e90
fff8e7280001bb5f000302d9000ebe14
fff8e9200001cfc9000301a3000eddef
fff8ebf70001e45900030004000efe28
fff8efb40001f9020002fe01000f1ec4
fff8f45e00020db80002fba0000f3fc8
fff8f9f90002226f0002f8e6000f613b
fff9008b000237190002f5d9000f8320
fff9081500024ba70002f280000fa57d
fff9109c0002600c0002eee2000fc854
fff91a1e000274390002eb06000febab
fff9249e0002881e0002e6f300100f83
fff9301800029bad0002e2b1001033e1
fff93c8c0002aed60002de46001058c5
fff949f50002c18a0002d9bc00107e32
fff9584f0002d3bb0002d51a0010a42a
fff967940002e5590002d0670010caad
fff977bd0002f6580002cbad0010f1bc
fff988c2000306a80002c6f300111956
fff99a990003163d0002c2410011417b
fff9ad380003250a0002bd9f00116a2b
fff9c095000333040002b91600119363
fff9d4a40003401e0002b4ae0011bd22
fff9e95600034c510002b06d0011e765
fff9fea0000357910002ac5d00121229
fffa1472000361d70002a88400123d6c
fffa2abe00036b1c0002a4ea00126928
fffa41740003735a0002a1970012955b
fffa588400037a8c00029e900012c1ff
fffa6fe0000380ae00029bdd0012ef0f
fffa8776000385bf0002998400131c85
fffa9f35000389bc0002978c00134a5d
fffab70f00038ca5000295f900137890
fffacef200038e7d000294d20013a717
fffae6ce00038f450002941b0013d5ec
fffafe9400038f00000293d900140507
fffb163400038db30002941000143461
fffb2d9f00038b65000294c4001463f3
fffb44c80003881c000295f8001493b5
fffb5ba0000383df000297b00014c39e
fffb721a00037eb7000299ed0014f3a7
fffb882b000378af00029cb2001523c8
fffb9dc6000371cf00029fff001553f7
fffbb2e300036a240002a3d70015842d
fffbc777000361b90002a83a0015b461
fffbdb7a0003589b0002ad270015e48b
fffbeee500034ed50002b29f001614a1
fffc01b1000344750002b8a00016449d
fffc13db000339890002bf2a00167474
fffc255d00032e1d0002c6390016a41f
fffc3635000322400002cdcc0016d396
fffc4661000315fe0002d5e1001702d1
fffc55e2000309650002de73001731c8
fffc64b60002fc820002e77f00176073
fffc72e10002ef620002f10100178eca
fffc80630002e2110002faf50017bcc8
fffc8d420002d49b000305550017ea64
fffc99820002c70b0003101c00181798
fffca5270002b96c00031b450018445f
fffcb0380002abc8000326c9001870b1
fffcbabb00029e28000332a300189c8a
fffcc4b90002909300033ecb0018c7e5
fffcce390002831200034b3b0018f2bc
fffcd743000275ab000357eb00191d0c
fffcdfe000026864000364d4001946d1
fffce81a00025b40000371ef00197006
fffceffa00024e4400037f33001998aa
fffcf7880002417100038c990019c0b9
fffcfecf000234ca00039a190019e832
fffd05d80002284f0003a7aa001a0f13
fffd0cab00021bff0003b545001a355b
fffd135100020fd90003c2e1001a5b09
fffd19d4000203db0003d076001a801d
fffd203a0001f8010003ddfc001aa499
fffd268c0001ec470003eb6b001ac87b
fffd2ccf0001e0a90003f8ba001aebc7
fffd330b0001d521000405e1001b0e7d
fffd39450001c9a8000412d9001b30a0
fffd3f810001be3900041f9b001b5233
fffd45c30001b2cb00042c1e001b7339
fffd4c0e0001a7580004385b001b93b6
fffd526400019bd80004444c001bb3ad
fffd58c60001904100044fe9001bd324
fffd5f340001848d00045b2c001bf21f
fffd65ad000178b20004660f001c10a3
fffd6c2f00016ca90004708d001c2eb6
fffd72b80001606900047a9f001c4c5e
fffd7944000153eb00048441001c69a0
fffd7fcd0001472700048d6e001c8685
fffd864f00013a1600049621001ca312
fffd8cc200012cb200049e57001cbf4f
fffd932000011ef40004a60d001cdb42
fffd9961000110d80004ad3f001cf6f4
fffd9f7b000102580004b3eb001d126b
fffda5660000f3710004ba0f001d2db0
fffdab180000e4200004bfaa001d48cb
fffdb0870000d4640004c4b9001d63c3
fffdb5a70000c43a0004c93e001d7ea0
fffdba6d0000b3a30004cd36001d996b
fffdbed00000a2a00004d0a4001db42c
fffdc2c2000091330004d387001dcee9
fffdc63a00007f5f0004d5e2001de9ac
fffdc92c00006d290004d7b5001e047d
fffdcb8c00005a940004d903001e1f61
fffdcd50000047a90004d9d0001e3a63
fffdce6f0000346d0004da1d001e5588
fffdcedd000020e90004d9f0001e70d8
fffdce9100000d270004d94b001e8c5a
fffdcd83fffff9300004d833001ea814
fffdcbabffffe50f0004d6ae001ec40e
fffdc901ffffd0d10004d4c0001ee04c
fffdc580ffffbc810004d26f001efcd5
fffdc121ffffa82c0004cfc1001f19af
fffdbbe1ffff93e10004ccbc001f36dd
fffdb5bbffff7fad0004c968001f5466
fffdaeafffff6b9f0004c5ca001f724d
fffda6baffff57c60004c1ea001f9097
fffd9ddcffff44310004bdcf001faf46
fffd9417ffff30ef0004b980001fce5e
fffd896dffff1e0f0004b507001fede1
fffd7de2ffff0ba00004b06900200dd1
fffd7179fffef9b20004abb000202e31
fffd643afffee8520004a6e300204f01
fffd562bfffed78f0004a20b00207041
fffd4753fffec77600049d2f002091f3
fffd37bcfffeb816000498580020b415
fffd2771fffea97a0004938e0020d6a7
fffd167cfffe9bae00048ed90020f9a8
fffd04e9fffe8ebc00048a4100211d16
fffcf2c4fffe82b0000485ce002140ef
fffce01dfffe77920004818800216530
fffcccfffffe6d6b00047d76002189d6
fffcb97bfffe6440000479a00021aede
fffca5a0fffe5c190004760c0021d443
fffc917cfffe54f9000472c30021fa01
fffc7d20fffe4ee500046fc900222013
fffc689dfffe49df00046d2700224674
fffc5402fffe45e700046ae200226d1f
fffc3f5ffffe42ff000468ff0022940d
fffc2ac4fffe4124000467840022bb38
fffc1642fffe4054000466760022e29a
fffc01e7fffe408b000465da00230a2c
fffbedc4fffe41c6000465b4002331e7
fffbd9e6fffe43fd00046607002359c3
fffbc65cfffe472b000466d7002381b9
fffbb333fffe4b47000468280023a9c2
fffba078fffe5048000469fa0023d1d4
fffb8e37fffe562500046c510023f9e9
fffb7c7afffe5cd400046f2d002421f7
fffb6b4bfffe644800047290002449f8
fffb5ab5fffe6c780004767b002471e2
fffb4abefffe755500047aec002499ae
fffb3b6dfffe7ed500047fe50024c153
fffb2ccafffe88e9000485630024e8c9
fffb1ed7fffe938400048b6600251007
fffb119afffe9e99000491ec00253707
fffb0513fffeaa1b000498f200255dbf
fffaf946fffeb5fb0004a07500258429
fffaee32fffec22e0004a8720025aa3c
fffae3d5fffecea50004b0e60025cff1
fffada2ffffedb550004b9cd0025f541
fffad13dfffee8310004c32100261a25
fffac8fafffef52c0004ccde00263e97
fffac163ffff023d0004d6fe00266290
fffaba70ffff0f580004e17d0026860b
fffab41dffff1c740004ec530026a901
fffaae62ffff29880004f77b0026cb6e
fffaa938ffff368b000502ed0026ed4d
fffaa495ffff437700050ea400270e98
fffaa073ffff504500051a9700272f4d
fffa9cc6ffff5cf0000526c000274f67
fffa9988ffff69730005331600276ee4
fffa96adffff75cc00053f9200278dc1
fffa942dffff81f700054c2d0027abfa
fffa91fdffff8df4000558de0027c990
fffa9015ffff99c10005659d0027e680
fffa8e6cffffa56100057261002802c9
fffa8cf8ffffb0d400057f2400281e6c
fffa8bb1ffffbc1c00058bdc00283968
fffa8a8fffffc73e00059881002853bf
fffa898bffffd23d0005a50b00286d71
fffa889dffffdd1e0005b1720028867f
fffa87bfffffe7e70005bdaf00289eed
fffa86ecfffff29f0005c9b90028b6bc
fffa8620fffffd4b0005d5890028cdf0
fffa8555000007f40005e1170028e48b
fffa848b000012a00005ec5d0028fa93
fffa83bd00001d580005f7530029100b
fffa82ed00002825000601f2002924f8
fffa82180000330e00060c350029395f
fffa814100003e1b0006161400294d46
fffa80690000495500061f8c002960b2
fffa7f93000054c500062895002973aa
fffa7ec2000060710006312b00298634
fffa7dfc00006c610006394900299857
fffa7d460000789d000640ec0029aa1a
fffa7ca70000852a0006480f0029bb84
fffa7c250000920f00064eaf0029cc9d
fffa7bc900009f51000654c90029dd6c
fffa7b9a0000acf500065a5b0029edf9
fffa7ba40000bafe00065f630029fe4c
fffa7bef0000c96f000663df002a0e6e
fffa7c850000d849000667cf002a1e65
fffa7d710000e78f00066b31002a2e3c
fffa7ebf0000f74000066e06002a3df9
fffa80780001075a0006704e002a4da5
fffa82a9000117dc0006720a002a5d47
fffa855c000128c20006733c002a6ce9
fffa889d00013a08000673e6002a7c92
fffa8c7600014baa00067409002a8c4a
fffa90f200015da0000673a9002a9c19
fffa961b00016fe3000672c9002aac05
fffa9bfb0001826b0006716c002abc17
fffaa29b0001952f00066f97002acc56
fffaaa030001a82500066d4f002adcc8
fffab23c0001bb4000066a98002aed74
fffabb4d0001ce7700066777002afe60
fffac53b0001e1bc000663f3002b0f92
fffad00b0001f50100066011002b210f
fffadbc30002083a00065bd7002b32dd
fffae86400021b590006574d002b4501
fffaf5f200022e4e0006527a002b577f
fffb046c0002410a00064d63002b6a5b
fffb13d40002538000064812002b7d99
fffb24270002659f0006428c002b913b
fffb35620002775800063cdb002ba544
fffb47830002889d00063706002bb9b7
fffb5a840002995e00063115002bce96
fffb6e5f0002a98e00062b10002be3e1
fffb830d0002b91e000624ff002bf999
fffb98850002c7ff00061eeb002c0fbf
fffbaebf0002d626000618db002c2652
fffbc5b10002e386000612d8002c3d52
fffbdd4e0002f01300060cea002c54bd
fffbf58a0002fbc300060719002c6c93
fffc0e5a0003068b0006016d002c84d0
fffc27ae000310620005fbed002c9d72
fffc417a000319420005f6a2002cb677
fffc5bad000321210005f192002ccfda
fffc7638000327fc0005ecc4002ce998
fffc910d00032dce0005e841002d03ad
fffcac1a000332920005e40e002d1e13
fffcc750000336470005e031002d38c6
fffce29e000338ed0005dcb1002d53c0
fffcfdf400033a820005d994002d6efb
fffd194300033b090005d6df002d8a72
fffd347900033a830005d496002da61d
fffd4f88000338f60005d2be002dc1f6
fffd6a5f000336660005d15d002dddf6
fffd84f2000332d80005d074002dfa16
fffd9f3100032e540005d008002e164e
fffdb90f000328e20005d01c002e3297
fffdd2800003228a0005d0b1002e4ee9
fffdeb7700031b570005d1ca002e6b3b
fffe03ea000313530005d369002e8786
fffe1bce00030a890005d58d002ea3c3
fffe331c000301050005d838002ebfe8
fffe49ca0002f6d40005db6a002edbed
fffe5fd10002ec010005df23002ef7cb
fffe752d0002e09a0005e360002f1379
fffe89d80002d4ad0005e821002f2ef0
fffe9dce0002c8470005ed64002f4a27
fffeb10e0002bb750005f326002f6517
fffec3960002ae450005f966002f7fb7
fffed5650002a0c30006001e002f9a02
fffee67e000292fe0006074c002fb3ee
fffef6e00002850200060eeb002fcd77
ffff0690000276da000616f7002fe693
ffff15910002689200061f6b002fff3e
ffff23e900025a370006284200301771
ffff319b00024bd10006317500302f27
ffff3eb000023d6b00063aff00304659
ffff4b2e00022f0e000644da00305d02
ffff571c000220c200064efe0030731f
ffff62830002128d00065965003088aa
ffff6d6b000204760006640800309da0
ffff77dd0001f68300066edf0030b1fe
ffff81e30001e8b7000679e20030c5c0
ffff8b860001db150006850b0030d8e3
ffff94cf0001cda1000690500030eb66
ffff9dc80001c05b00069bab0030fd48
ffffa67a0001b3440006a71200310e86
ffffaeef0001a65a0006b27e00311f21
ffffb72e0001999c0006bde700312f17
ffffbf4000018d080006c94400313e6b
ffffc72e0001809a0006d48d00314d1b
ffffcefe0001744d0006dfba00315b2a
ffffd6b80001681e0006eac300316899
ffffde6100015c050006f5a10031756b
ffffe5ff00014ffd0007004b003181a2
ffffed960001440000070aba00318d42
fffff52a00013804000714e70031984e
fffffcbd00012c0400071eca0031a2c9
0000045200011ff70007285c0031acba
00000bea000113d4000731970031b623
000013830001079400073a750031bf0c
00001b1e0000fb2e000742ef0031c778
000022b80000ee9a00074aff0031cf6f
00002a4f0000e1d0000752a20031d6f7
000031dd0000d4c9000759d00031de15
0000395f0000c77c000760870031e4d2
000040cf0000b9e3000766c20031eb33
000048250000abf700076c7c0031f141
00004f5c00009db3000771b40031f704
0000566900008f11000776650031fc82
00005d460000800d00077a8e003201c3
000063e8000070a300077e2d003206d1
00006a46000060d10007814000320bb2
0000705500005096000783c700321070
0000760a00003fef000785c000321512
00007b5b00002edd0007872d003219a1
0000803d00001d620007880d00321e24
000084a400000b8000078861003222a5
00008884fffff93a0007882c0032272b
00008bd4ffffe6940007876e00322bbe
00008e88ffffd3940007862b00323066
00009095ffffc040000784660032352b
000091f1ffffaca00007822000323a15
00009293ffff98bd00077f6000323f2b
00009271ffff849f00077c2700324473
00009183ffff70500007787c003249f5
00008fc2ffff5bdd0007746400324fb8
00008d25ffff475100076fe2003255c1
000089a8ffff32b900076aff00325c17
00008544ffff1e21000765be003262bf
00007ff7ffff099700076028003269be
000079bcfffef52b00075a4200327119
00007292fffee0e900075413003278d5
00006a79fffecce200074da3003280f5
00006170fffeb924000746f90032897e
00005778fffea5bf0007401c00329272
00004c95fffe92c10007391600329bd3
000040cbfffe803a000731ec0032a5a5
0000341dfffe6e3800072aa80032afe9
00002694fffe5ccb000723510032baa0
00001835fffe4bff00071bf10032c5ca
00000909fffe3be30007148e0032d169
fffff91afffe2c8300070d310032dd7b
ffffe871fffe1dec000705e20032ea01
ffffd71bfffe102a0006feaa0032f6f9
ffffc523fffe03470006f79000330461
ffffb297fffdf74d0006f09c00331238
ffff9f84fffdec450006e9d60033207a
ffff8bf8fffde2360006e34600332f25
ffff7803fffdd9280006dcf300333e35
ffff63b4fffdd1200006d6e400334da7
ffff4f1afffdca220006d12000335d75
ffff3a46fffdc4320006cbae00336d9b
ffff2547fffdbf520006c69300337e15
ffff102efffdbb820006c1d700338edc
fffefb0cfffdb8c30006bd7e00339feb
fffee5effffdb7120006b98f0033b13b
fffed0e9fffdb66d0006b60d0033c2c7
fffebc09fffdb6d00006b2fe0033d487
fffea75dfffdb8370006b0650033e675
fffe92f4fffdba9a0006ae470033f888
fffe7eddfffdbdf30006aca700340abb
fffe6b24fffdc23b0006ab8600341d04
fffe57d6fffdc7660006aae900342f5d
fffe44fffffdcd6d0006aad0003441bd
fffe32aafffdd4440006ab3d0034541d
fffe20e0fffddbe00006ac3100346674
fffe0fabfffde4350006adad003478bb
fffdff11fffded370006afb000348ae9
fffdef1bfffdf6d90006b23900349cf6
fffddfcdfffe010e0006b5490034aeda
fffdd12cfffe0bc90006b8dc0034c08d
fffdc33cfffe16fc0006bcf20034d207
fffdb5fefffe22990006c1880034e341
fffda975fffe2e940006c69b0034f433
fffd9d9ffffe3adf0006cc27003504d5
fffd927dfffe476c0006d22a00351521
fffd880bfffe54310006d89e0035250f
fffd7e48fffe61200006df7f00353499
fffd752efffe6e2e0006e6c8003543b9
fffd6cbafffe7b4f0006ee7300355267
fffd64e5fffe887a0006f67b003560a0
fffd5da9fffe95a50006fedb00356e5c
fffd56fefffea2c60007078a00357b98
fffd50defffeafd7000710840035884e
fffd4b40fffebcd0000719c00035947a
fffd461bfffec9ab000723370035a019
fffd4166fffed66300072ce30035ab27
fffd3d18fffee2f4000736bb0035b5a1
fffd3928fffeef5a000740b80035bf84
fffd358bfffefb9400074ad20035c8d0
fffd323affff07a0000755010035d181
fffd2f29ffff137f00075f3d0035d998
fffd2c51ffff1f310007697d0035e113
fffd29a9ffff2ab7000773b90035e7f2
fffd2727ffff361600077dea0035ee36
fffd24c5ffff414f000788070035f3e0
fffd227bffff4c68000792080035f8f1
fffd2042ffff576600079be50035fd6b
fffd1e15ffff624e0007a59600360150
fffd1bedffff6d260007af13003604a3
fffd19c7ffff77f70007b85600360767
fffd179fffff82c60007c155003609a1
fffd1573ffff8d9d0007ca0c00360b53
fffd1340ffff98820007d27100360c82
fffd1106ffffa37e0007da8000360d34
fffd0ec5ffffae990007e23100360d6e
fffd0c7effffb9dc0007e97f00360d35
fffd0a34ffffc54f0007f06400360c90
fffd07e9ffffd0f90007f6db00360b84
fffd05a2ffffdce30007fcdf00360a19
fffd0363ffffe9140008026a00360855
fffd0132fffff5930008077b0036063f
fffcff170000026600080c0b003603e0
fffcfd1800000f92000810190036013e
fffcfb3d00001d1e000813a20035fe61
fffcf99000002b0e000816a30035fb51
fffcf81a000039640008191a0035f817
fffcf6e40000482300081b070035f4ba
fffcf5fa0000574e00081c680035f143
fffcf565000066e400081d3c0035edba
fffcf532000076e600081d850035ea27
fffcf56a0000875200081d420035e692
fffcf6190000982600081c750035e304
fffcf74b0000a95e00081b1f0035df85
fffcf90b0000baf6000819420035dc1d
fffcfb630000cce8000816e00035d8d3
fffcfe5d0000df2e000813fd0035d5b0
fffd02050000f1c00008109d0035d2ba
fffd06630001049600080cc20035cffa
fffd0b81000117a6000808710035cd77
fffd116700012ae6000803af0035cb36
fffd181d00013e4a0007fe800035c93f
fffd1faa000151c70007f8eb0035c799
fffd28130001654f0007f2f50035c648
fffd315d000178d60007eca40035c552
fffd3b8e00018c4e0007e5fe0035c4bd
fffd46a600019fa90007df0b0035c48d
fffd52a90001b2d70007d7d10035c4c7
fffd5f970001c5ca0007d0570035c56e
fffd6d6f0001d8730007c8a60035c687
fffd7c310001eac30007c0c30035c814
fffd8bd80001fcaa0007b8b90035ca18
fffd9c6200020e1a0007b08d0035cc94
fffdadc800021f030007a8490035cf8b
fffdc00600022f5800079ff40035d2fe
fffdd31200023f0a000797970035d6ee
fffde6e500024e0c00078f3a0035db5a
fffdfb7600025c51000786e40035e043
fffe10ba000269cd00077e9f0035e5a8
fffe26a500027673000776720035eb87
fffe3d2b0002823b00076e660035f1de
fffe543e00028d19000766810035f8ad
fffe6bd30002970500075ecd0035ffef
fffe83d800029ff70007574f003607a2
fffe9c410002a7ea0007501100360fc2
fffeb4fd0002aed7000749190036184c
fffecdfd0002b4ba0007426d0036213b
fffee7300002b99000073c1500362a8a
ffff00860002bd560007361700363434
ffff19f00002c00e0007307800363e33
ffff335d0002c1b600072b3e00364882
ffff4cbc0002c250000726700036531a
ffff65ff0002c1e00007221000365df6
ffff7f150002c06a00071e250036690d
ffff97ef0002bdf100071ab200367459
ffffb0800002ba7e000717ba00367fd4
ffffc8b90002b6170007154100368b74
ffffe08d0002b0c40007134a00369733
fffff7ef0002aa8e000711d80036a30a
00000ed50002a37f000710ea0036aeef
0000253200029ba3000710840036badb
00003afe00029303000710a60036c6c6
00005030000289ad000711510036d2a8
000064bf00027fad000712830036de78
000078a60002750f0007143e0036ea30
00008bdf000269e10007167f0036f5c5
00009e6600025e2f0007194500370132
0000b0360002520800071c8e00370c6d
0000c14f00024579000720580037176f
0000d1ae0002388f0007249f00372230
0000e15500022b580007296000372ca9
0000f04400021de000072e98003736d4
0000fe7e0002103400073442003740a8
00010c040002025f00073a5900374a20
000118dd0001f46f000740d900375334
0001250c0001e66c000747bc00375be0
000130970001d86300074efb0037641d
00013b860001ca5b0007569200376be5
000145de0001bc5f00075e7900377334
00014fa90001ae75000766ab00377a06
000158ee0001a0a500076f1f00378055
000161b5000192f4000777cf0037861f
00016a0900018569000780b300378b5f
000171f200017805000789c400379014
0001797900016ace000792f90037943a
000180a900015dc400079c4c003797d0
0001878b000150e80007a5b300379ad4
00018e270001443c0007af2800379d45
00019487000137bd0007b8a000379f22
00019ab400012b690007c2150037a06c
0001a0b600011f3f0007cb7f0037a123
0001a6940001133a0007d4d40037a148
0001ac57000107560007de0e0037a0dc
0001b2050000fb8d0007e72400379fe1
0001b7a30000efdb0007f00e00379e5a
0001bd360000e4380007f8c400379c49
0001c2c40000d89d0008013f003799b1
0001c84f0000cd040008097800379697
0001cddb0000c16300081168003792fe
0001d3680000b5b40008190700378eec
0001d8f70000a9ee0008205000378a64
0001de8900009e080008273b0037856c
0001e41b000091fb00082dc30037800b
0001e9ac000085be000833e200377a45
0001ef390000794a0008399400377422
0001f4bc00006c9600083ed300376da7
0001fa3200005f9b0008439a003766dd
0001ff9400005253000847e700375fca
000204dc000044b600084bb400375875
00020a01000036c000084f00003750e6
00020efd0000286c000851c600374925
000213c5000019b4000854060037413b
0002185000000a97000855bd0037392e
00021c95fffffb10000856ea00373107
00022089ffffeb200008578c003728ce
00022421ffffdac4000857a30037208c
00022753ffffc9fe0008572f00371849
00022a12ffffb8cf000856300037100c
00022c55ffffa73a000854a8003707df
00022e0fffff9542000852990036ffc9
00022f36ffff82eb000850030036f7d2
00022fbeffff703c00084ceb0036f003
00022f9effff5d3a000849520036e862
00022eccffff49ef0008453d0036e0f7
00022d3dffff3662000840af0036d9ca
00022ae8ffff229d00083bad0036d2e2
000227c7ffff0eaa0008363b0036cc45
000223d0fffefa950008305e0036c5fa
00021efdfffee66a00082a1c0036c006
00021948fffed2360008237b0036ba71
000212aefffebe0500081c800036b53f
00020b28fffea9e7000815320036b075
000202b6fffe95e900080d990036ac18
0001f955fffe8219000805bb0036a82d
0001ef04fffe6e870007fd9e0036a4b7
0001e3c4fffe5b420007f54c0036a1ba
0001d798fffe48590007eccb00369f38
0001ca81fffe35dc0007e42300369d35
0001bc85fffe23d80007db5c00369bb2
0001ada8fffe125d0007d27e00369ab1
00019df0fffe017a0007c99200369a32
00018d66fffdf13b0007c09f00369a38
00017c12fffde1b00007b7ae00369ac1
000169fdfffdd2e30007aec600369bce
00015733fffdc4e30007a5f100369d5d
000143befffdb7ba00079d3600369f6e
00012facfffdab720007949d0036a1fe
00011b09fffda01500078c2e0036a50b
000105e3fffd95ac000783f00036a892
0000f049fffd8c3e00077bec0036ac92
0000da49fffd83d2000774280036b104
0000c3f4fffd7c6e00076cac0036b5e7
0000ad59fffd76140007657e0036bb34
00009689fffd70c800075ea60036c0e8
00007f92fffd6c8d000758280036c6fe
00006887fffd69620007520c0036cd6e
00005176fffd674700074c570036d435
00003a70fffd663b0007470e0036db4a
00002384fffd6639000742360036e2a8
00000cc3fffd673e00073dd30036ea49
fffff63bfffd6945000739ea0036f224
ffffdffafffd6c470007367d0036fa33
ffffca0efffd703d000733910037026d
ffffb486fffd751f0007312700370acc
ffff9f6cfffd7ae300072f4300371348
ffff8accfffd818000072de500371bd8
ffff76b2fffd88ea00072d0f00372475
ffff6326fffd911600072cc300372d16
ffff5031fffd99f900072cff003735b3
ffff3ddbfffda38500072dc500373e45
ffff2c2bfffdadae00072f13003746c2
ffff1b25fffdb867000730e900374f23
ffff0acffffdc3a20007334400375761
fffefb2afffdcf520007362200375f72
fffeec3afffddb690007398200376750
fffeddfffffde7db00073d6000376ef3
fffed079fffdf499000741b800377653
fffec3a7fffe01970007468700377d6a
fffeb786fffe0ec900074bc90037842f
fffeac13fffe1c230007517800378a9e
fffea14afffe29980007578f003790af
fffe9726fffe371e00075e0a0037965c
fffe8da2fffe44ac000764e200379ba0
fffe84b6fffe523700076c110037a075
fffe7c5bfffe5fb7000773910037a4d6
fffe7489fffe6d2400077b5a0037a8bf
fffe6d39fffe7a77000783670037ac2b
fffe6661fffe87ab00078baf0037af18
fffe5ff8fffe94bb0007942b0037b181
fffe59f4fffea1a300079cd40037b363
fffe544efffeae5f0007a5a10037b4bd
fffe4efafffebaef0007ae8b0037b58b
fffe49f0fffec7500007b78a0037b5ce
fffe4527fffed3840007c0960037b583
fffe4095fffedf8b0007c9a50037b4ab
fffe3c31fffeeb680007d2b10037b345
fffe37f5fffef71c0007dbb20037b152
fffe33d6ffff02ad0007e49e0037aed3
fffe2fd0ffff0e1e0007ed6e0037abc8
fffe2bdaffff19750007f6190037a835
fffe27f0ffff24b70007fe990037a41b
fffe240cffff2fec000806e500379f7e
fffe202affff3b1900080ef700379a60
fffe1c46ffff4648000816c5003794c5
fffe185fffff517f00081e4a00378eb2
fffe1472ffff5cc60008257f0037882b
fffe1080ffff682600082c5d00378135
fffe0c88ffff73a7000832dd003779d5
fffe088cffff7f52000838fb00377212
fffe048effff8b2e00083eb0003769f0
fffe0092ffff9743000843f800376178
fffdfc9cffffa39a000848cc003758ae
fffdf8b2ffffb03800084d2a00374f9a
fffdf4d8ffffbd260008510d00374644
fffdf116ffffca6a0008547100373cb2
fffded74ffffd80800085754003732ed
fffde9faffffe606000859b2003728fc
fffde6b0fffff46800085b8a00371ee6
fffde3a20000033200085cda003714b5
fffde0d70000126500085da000370a70
fffdde5c0000220300085ddc00370020
fffddc3b0000320d00085d8d0036f5cc
fffdda7e0000428200085cb40036eb7d
fffdd9320000536100085b510036e13a
fffdd860000064a6000859660036d70e
fffdd8160000764e000856f40036ccfe
fffdd85c00008855000853fe0036c313
fffdd93f00009ab5000850850036b956
fffddac80000ad6600084c8d0036afcd
fffddd030000c0610008481a0036a680
fffddff70000d39e0008432f00369d77
fffde3af0000e71200083dd1003694b7
fffde8320000fab30008380400368c49
fffded8800010e75000831ce00368432
fffdf3b80001224d00082b3400367c79
fffdfac60001362d0008243c00367523
fffe02b900014a0900081ced00366e35
fffe0b9400015dd10008154c003667b6
fffe15580001717900080d60003661a8
fffe2009000184f00008053100365c11
fffe2ba7000198290007fcc5003656f5
fffe38300001ab140007f42500365256
fffe45a30001bda10007eb5800364e38
fffe53fc0001cfc30007e26500364a9d
fffe63380001e1690007d95500364787
fffe73510001f2850007d030003644f8
fffe8441000203090007c6fe003642f0
fffe95ff000212e70007bdc700364171
fffea884000222110007b49300364079
fffebbc50002307b0007ab6a0036400a
fffecfb800023e180007a25600364021
fffee45000024ade0007995c003640be
fffef983000256c200079087003641de
ffff0f41000261ba000787dd00364380
ffff257e00026bbe00077f66003645a0
ffff3c2b000274c70007772a0036483c
ffff533800027ccd00076f2f00364b4f
ffff6a96000283cd0007677e00364ed5
ffff8236000289c20007601d003652cb
ffff9a0700028ea9000759120036572a
ffffb1f9000292800007526400365bee
ffffc9fc0002954800074c1800366111
ffffe1ff00029700000746340036668d
fffff9f3000297ab000740bd00366c5c
000011c80002974c00073bb900367276
0000296e000295e70007372b003678d6
000040d7000293820007331700367f74
000057f40002902300072f8100368649
00006eb800028bd200072c6d00368d4d
0000851500028696000729db00369478
00009aff0002807a000727d000369bc3
0000b06b000279880007264d0036a325
0000c54f000271c9000725520036aa97
0000d9a00002694b000724e00036b210
0000ed5600026018000724f90036b988
0001006b0002563d0007259b0036c0f8
000112d700024bc8000726c60036c856
00012495000240c5000728780036cf9b
000135a10002354300072ab10036d6bf
000145f80002294d00072d6d0036ddba
0001559800021cf2000730ab0036e484
000164810002103f000734670036eb16
000172b3000203420007389d0036f168
0001802e0001f60600073d4b0036f773
00018cf70001e8990007426a0036fd30
0001990f0001db07000747f700370299
0001a47b0001cd5a00074ded003707a7
0001af410001bf9e0007544600370c54
0001b9660001b1dc00075afb0037109b
0001c2f10001a41f0007620800371475
0001cbea0001966e00076964003717e0
0001d457000188d20007710b00371ad4
0001dc4300017b50000778f400371d50
0001e3b500016def0007811800371f4e
0001eab7000160b300078970003720cc
0001f152000153a0000791f4003721c6
0001f78f000146b900079a9c0037223b
0001fd7800013a000007a36100372228
0002031600012d750007ac390037218c
00020873000121190007b51e00372066
00020d97000114e90007be0700371eb6
0002128c000108e50007c6ec00371c7b
000217590000fd080007cfc4003719b7
00021c060000f14f0007d88700371669
0002209a0000e5b60007e12e00371294
0002251b0000da370007e9b000370e3a
000229900000cecc0007f2060037095c
00022dfd0000c36f0007fa28003703ff
000232670000b8180008020e0036fe24
000236d00000acc0000809b20036f7d1
00023b3c0000a15f0008110b0036f108
00023fab000095ed000818140036e9cf
0002441d00008a6100081ec60036e22b
0002489300007eb50008251a0036da21
00024d0b000072de00082b0b0036d1b7
00025182000066d5000830940036c8f2
000255f500005a93000835ae0036bfda
00025a6000004e0f00083a560036b674
00025ebd0000414300083e860036acc9
00026306000034260008423c0036a2de
00026735000026b500084573003698bc
00026b41000018e80008482800368e6a
00026f2200000abb00084a5a003683f0
000272d0fffffc2a00084c0500367956
0002763fffffed3200084d2800366ea3
00027968ffffddd100084dc2003663e1
00027c3effffce0500084dd200365917
00027eb7ffffbdcd00084d5700364e4c
000280c8ffffad2b00084c530036438b
00028267ffff9c2100084ac6003638da
00028387ffff8ab0000848b100362e42
0002841dffff78dd00084616003623cb
0002841fffff66ad000842f70036197c
00028382ffff542500083f5600360f5e
0002823bffff414d00083b3700360578
00028040ffff2e2c0008369e0035fbd2
00027d89ffff1acb0008318d0035f272
00027a0cffff073500082c0b0035e960
000275c0fffef3730008261b0035e0a2
0002709ffffedf9200081fc20035d83f
00026aa3fffecb9d000819070035d03d
000263c5fffeb7a1000811ee0035c8a1
00025c00fffea3ad00080a7f0035c171
00025352fffe8fcd000802c00035bab1
000249b8fffe7c110007fab70035b467
00023f30fffe68870007f26c0035ae96
000233bafffe553d0007e9e60035a942
00022757fffe42440007e12c0035a46f
00021a09fffe2faa0007d8470035a01f
00020bd3fffe1d7f0007cf3e00359c54
0001fcbafffe0bd10007c61800359912
0001ecc2fffdfaae0007bcdf00359658
0001dbf4fffdea260007b39a00359428
0001ca56fffdda470007aa5100359283
0001b7f2fffdcb1d0007a10d00359168
0001a4d1fffdbcb5000797d6003590d7
000190fefffdaf1b00078eb3003590cf
00017c85fffda25a000785ae0035914f
00016773fffd967d00077ccd00359254
000151d4fffd8b8d00077419003593dc
00013bb8fffd819200076b9a003595e5
0001252cfffd7894000763560035986a
00010e40fffd709900075b5500359b69
0000f703fffd69a60007539f00359edc
0000df85fffd63be00074c3a0035a2c0
0000c7d7fffd5ee50007452c0035a70f
0000b008fffd5b1c00073e7b0035abc5
00009829fffd58630007382f0035b0da
0000804afffd56b90007324b0035b64a
0000687afffd561d00072cd50035bc0e
000050cbfffd568b000727d20035c220
0000394afffd57fe000723470035c877
00002207fffd5a7100071f360035cf0e
00000b11fffd5ddd00071ba40035d5dc
fffff474fffd623c000718940035dcda
ffffde3efffd6783000716080035e401
ffffc87bfffd6dab000714020035eb48
ffffb336fffd74a8000712850035f2a8
ffff9e7afffd7c6f000711900035fa18
ffff8a4ffffd84f60007112600360190
ffff76c0fffd8e300007114500360909
ffff63d2fffd9811000711ef00361079
ffff518cfffda28b00071321003617d8
ffff3ff3fffdad91000714db00361f20
ffff2f0bfffdb9160007171b00362647
ffff1ed7fffdc50c000719df00362d46
ffff0f59fffdd16700071d2500363415
ffff0092fffdde18000720e800363aac
fffef280fffdeb130007252600364104
fffee523fffdf84a000729da00364716
fffed878fffe05b200072f0000364cdc
fffecc7cfffe133e000734940036524d
fffec129fffe20e400073a8f00365765
fffeb67cfffe2e97000740ed00365c1d
fffeac6dfffe3c50000747a800366070
fffea2f7fffe4a0300074eb900366457
fffe9a11fffe57a90007561a003667cf
fffe91b3fffe653b00075dc400366ad2
fffe89d6fffe72b1000765b000366d5d
fffe8271fffe800600076dd700366f6c
fffe7b79fffe8d3600077630003670fc
fffe74e6fffe9a3c00077eb500367209
fffe6eaffffea7170007875e00367292
fffe68cafffeb3c40007902200367295
fffe632efffec043000798f900367210
fffe5dd1fffecc940007a1dc00367102
fffe58aafffed8b80007aac200366f6c
fffe53b1fffee4b20007b3a400366d4c
fffe4edffffef0850007bc7800366aa4
fffe4a2afffefc340007c53600366774
fffe458cffff07c50007cdd8003663bf
fffe40ffffff133d0007d65400365f86
fffe3c7effff1ea20007dea300365acb
fffe3802ffff29fa0007e6bd00365592
fffe3389ffff354c0007ee9b00364fde
fffe2f0fffff40a10007f636003649b2
fffe2a92ffff4c000007fd8600364313
fffe2610ffff57720008048400363c06
fffe218affff62fd00080b2c0036348f
fffe1cffffff6eac0008117500362cb4
fffe1873ffff7a850008175a0036247b
fffe13e6ffff869200081cd600361be9
fffe0f5dffff92d9000821e400361306
fffe0adcffff9f630008267f003609d8
fffe0669ffffac3700082aa300360065
fffe0209ffffb95c00082e4b0035f6b6
fffdfdc4ffffc6d7000831750035ecd1
fffdf9a2ffffd4ad0008341d0035e2be
fffdf5abffffe2e5000836400035d885
fffdf1e8fffff181000837de0035ce2e
fffdee6300000085000838f30035c3c1
fffdeb2600000ff30008397f0035b945
fffde83c00001fcb000839820035aec4
fffde5af00003010000838fa0035a446
fffde38b000040be000837e9003599d1
fffde1da000051d60008364f00358f70
fffde0a8000063530008342e00358529
fffde001000075320008318700357b05
fffddfee0000876e00082e5c0035710b
fffde07b00009a0100082ab000356744
fffde1b20000ace40008268700355db7
fffde39e0000c00f000821e40035546b
fffde6460000d37800081cca00354b68
fffde9b50000e7160008173f003542b4
fffdedf30000fade0008114700353a56
fffdf30500010ec500080ae700353255
fffdf8f4000122be0008042600352ab5
fffdffc4000136bc0007fd080035237e
fffe077a00014ab20007f59500351cb3
fffe101a00015e920007edd20035165b
fffe19a50001724c0007e5c70035107a
fffe241e000185d30007dd7a00350b13
fffe2f430001eb8d0007d50000355858
fffe35b10002a2e90007ca050035f719
fffe3c10000358550007bf0e003693d5
fffe426f00040c670007b41c00372eb3
fffe48b60004be8e0007a92e0037c792
fffe4f0500056f5d00079e4600385e9a
fffe553500061e47000793610038f3a7
fffe5b750006cbda00078885003986e3
fffe618d0007778f00077da9003a182a
fffe67be000821ee000772d8003aa7a5
fffe6dbe0008ca7600076806003b3531
fffe73df000971a700075d40003bc0f6
fffe79c8000a170b00075279003c4ad3
fffe7fd9000abb16000747be003cd2ee
fffe85ab000b5d5d00073d03003d5926
fffe8bab000bfe4900073254003ddda1
fffe9167000c9d7b000727a3003e603f
fffe9755000d3b4f00071d01003ee126
fffe9cfc000dd7740007125b003f6036
fffea2da000e7237000707c5003fdd95
fffea86a000f0b570006fd2a00405923
fffeae37000fa3110006f29f0040d303
fffeb3b3001039340006e81000414b19
fffeb96d0010cded0006dd910041c186
fffebed50011611b0006d30e0042362f
fffec47e0011f2d90006c89c0042a933
fffec9d3001283190006be2400431a79
fffecf68001311e40006b3c000438a20
fffed4aa00139f3d0006a9540043f80e
fffeda2d00142b1c00069efc00446461
fffedf5d0014b5950006949d0044cf02
fffee4cc00153e9000068a530045380d
fffee9ea0015c6320006800100459f6b
fffeef4600164c50000675c500460537
fffef4540016d12100066b800046695e
fffef99c0017546b000661520046cbf7
fffefe9a0017d6730006571a00472cf1
ffff03cf001856f000064cfa00478c61
ffff08bf0018d636000642cf0047ea38
ffff0ddf001953ed000638bc0048468a
ffff12bf0019d07900062ea00048a14a
ffff17cb001a4b730006249b0048fa88
ffff1c9d001ac54b00061a8b00495239
ffff2193001b3d8f000610950049a86c
ffff2658001bb4ba000606930049fd18
ffff2b39001c2a510005fcab004a504c
ffff2fef001c9ed70005f2b7004aa1ff
ffff34ba001d11c70005e8dd004af23d
ffff3963001d83ae0005def8004b4100
ffff3e19001df4000005d52c004b8e52
ffff42b5001e634f0005cb54004bda31
ffff4756001ed10a0005c197004c24a2
ffff4be5001f3dc80005b7cf004c6da5
ffff506f001fa8f40005ae20004cb53f
ffff54f1002013270005a467004cfb71
ffff596600207bcd00059ac7004d403d
ffff5ddb0020e37b0005911d004d83a7
ffff623b002149a20005878c004dc5af
ffff66a40021aed300057df1004e065b
ffff6aee002212810005746f004e45a9
ffff6f4b0022753b00056ae3004e83a1
ffff73810022d67900056171004ec03e
ffff77d0002336c3000557f3004efb8d
ffff7bf10023959900054e90004f3584
ffff80340023f37900054523004f6e32
ffff844000244fee00053bcf004fa58e
ffff88760024ab6b00053272004fdba5
ffff8c6f002505860005292d0050106d
ffff909800255ea700051fdf005043f7
ffff947f0025b66f000516a900507635
ffff989a00260d3b00050d6b0050a73b
ffff9c6e002662b9000504450050d6f8
ffffa07c0026b7360004fb1600510583
ffffa43e00270a710004f1ff005132ca
ffffa83d00275ca60004e8e000515ee3
ffffabed0027ada50004dfd8005189bc
ffffafde0027fd990004d6c90051b36d
ffffb37d00284c630004cdd10051dbe1
ffffb75e00289a1c0004c4d300520333
ffffbaed0028e6b60004bbea0052294c
ffffbebf0029323c0004b2fc00524e49
ffffc23f00297caf0004aa2300527210
ffffc6020029c6070004a145005294c0
ffffc973002a0e590004987c0052b63f
ffffcd26002a558b00048fb00052d6ac
ffffd089002a9bc2000486f60052f5eb
ffffd42c002ae0d400047e3a0053141d
ffffd782002b24f80004759000533125
ffffdb13002b67f100046ce400534d25
ffffde5c002baa080004644a005367ff
ffffe1dc002beaf000045baf005381d6
ffffe519002c2aff0004532500539a8a
ffffe888002c69dc00044a9b0053b240
ffffebb9002ca7eb000442210053c8d8
ffffef17002ce4c4000439a80053de76
fffff23d002d20d90004313e0053f2fa
fffff588002d5bb7000428d700540688
fffff8a4002d95d80004207d00541900
fffffbde002dcec00004182700542a88
fffffeee002e06f400040fdd00543afd
00000216002e3dee0004079800544a86
0000051c002e743a0003ff5f00545901
00000831002ea94c0003f72b00546693
00000b2f002eddb60003ef010054731b
00000e31002f10e70003e6de00547ec0
00001125002f43750003dec40054895e
00001415002f74cc0003d6b20054931d
000016ff002fa5830003cea800549bda
000019de002fd5080003c6a70054a3bb
00001cbe003003ef0003beae0054aa9d
00001f8b003031a70003b6bf0054b0a9
0000226300305ec30003aed60054b5ba
0000251e00308ab50003a6f80054b9f7
000027ed0030b60d00039f200054bd3e
00002a970030e041000397540054bfb6
00002d5d003109d900038f8c0054c13b
00002ff500313255000387d20054c1f5
000032b100315a350003801a0054c1c1
0000353900318101000378710054c0c5
000037eb0031a72d000370ca0054bee0
00003a620031cc4e000369320054bc37
00003d090031f0cd0003619b0054b8a8
00003f710032144900035a150054b457
0000420e00323720000352900054af26
000044670032590000034b1b0054a936
000046fa00327a34000343a50054a26a
0000494400329a7d00033c4200549ae2
00004bcd0032ba15000334dd00549283
00004e080032d8cb00032d8b0054896b
000050860032f6cc0003263700547f80
000052b4003313f600031ef7005474df
0000552600333066000317b300546970
0000574800334c0c0003108400545d4e
000059af003366f00003095000545061
00005bc50033811600030232005442c6
00005e1f00339a760002fb0f00543463
0000602a0033b3220002f40200542554
000062770033cb010002ecef00541583
000064770033e2390002e5f300540509
000066b70033f89f0002def10053f3d0
000068ac00340e680002d8060053e1f1
00006adf0034235a0002d1140053cf58
00006ccc003437ba0002ca3b0053bc1a
00006ef100344b3d0002c35b0053a828
000070d400345e390002bc9300539394
000072ea003470540002b5c300537e4f
000074c4003481f20002af0c0053686a
000076cc003492aa0002a84d005351d9
0000789f0034a2ed0002a1a800533aab
00007a980034b24900029af9005322d6
00007c620034c1390002946500530a66
00007e4c0034cf3e00028dc60052f152
0000800f0034dcdd000287430052d7a6
000081ea0034e991000280b50052bd5a
000083a70034f5e600027a420052a279
000085730035014f000273c4005286fd
0000872900350c5e00026d6200526aed
000088e600351683000266f500524e46
00008a9600352052000260a20052310d
00008c440035293800025a4600521342
00008ded003531ca000254040051f4e7
00008f8c0035397700024db80051d5fe
0000912f003540d2000247870051b688
000092bf0035474b0002414b00519687
0000945c00354d7400023b2a005175fc
000095dd003552be000234ff005154eb
00009774003557b900022eee00513350
000098e700355bdb000228d300511135
00009a7900355fac000222d30050ee91
00009bde003562ac00021cc90050cb71
00009d6900356559000216d80050a7ca
00009ec20035673b000210de005083aa
0000a046003568c800020afe00505f06
0000a1910035699300020514005039ed
0000a30e00356a030001ff4300501452
0000a44d003569bb0001f96a004fee46
0000a5c4003569150001f3a9004fc7ba
0000a6f7003567bf0001ede0004fa0c0
0000a867003566060001e82f004f7949
0000a98f003563a80001e277004f5168
0000aaf7003560e10001dcd6004f290b
0000ac1400355d800001d72e004f0048
0000ad74003559b00001d19d004ed70b
0000ae86003555500001cc06004ead6c
0000afde0035507c0001c684004e8355
0000b0e600354b230001c0fd004e58e0
0000b2360035454e0001bb8a004e2df3
0000b33600353f010001b612004e02ab
0000b47c003538310001b0af004dd6ef
0000b573003530f30001ab48004daadc
0000b6b00035292d0001a5f4004d7e55
0000b7a0003521040001a09d004d517b
0000b8d20035184c00019b59004d242f
0000b9bb00350f3c00019612004cf693
0000bae300350598000190dd004cc887
0000bbc50034fba500018ba7004c9a2f
0000bce20034f11800018681004c6b6a
0000bdbf0034e6460001815b004c3c5a
0000bed10034dad500017c45004c0ce0
0000bfa80034cf280001772f004bdd1f
0000c0ad0034c2d700017228004bacf5
0000c17f0034b65300016d22004b7c87
0000c27a0034a9280001682a004b4bb2
0000c34800349bd100016334004b1a9b
0000c43700348dd100015e4a004ae921
0000c50100347faa00015963004ab767
0000c5e4003470d900015488004a854c
0000c6ab003461e700014fb1004a52f4
0000c7840034524900014ae4004a203d
0000c847003442900001461e0049ed4b
0000c9130034322a000141600049b9fc
0000c9d4003421ae00013ca900498676
0000ca9300341087000137fb00495294
0000cb510033ff4b0001335400491e7e
0000cc050033ed6500012eb40048ea0f
0000ccbf0033db6c00012a1d0048b56d
0000cd680033c8cd0001258b00488075
0000ce200033b61b0001210400484b4d
0000cebe0033a2c700011c80004815d0
0000cf7300338f5f000118070047e025
0000d00500337b5a000113910047aa28
0000d0b70033673f00010f28004773fe
0000d13e0033528e00010ac000473d86
0000d1ec00333dc400010665004706e4
0000d2690033286b0001020b0046cff4
0000d313003312f60000fdbf004698dc
0000d3850032fcf90000f97300466179
0000d42b0032e6dc0000f536004629f0
0000d4930032d0410000f0f80045f21e
0000d5360032b9800000ecc90045ba27
0000d5950032a2490000e898004581eb
0000d63300328ae70000e4780045498c
0000d689003273190000e054004510ea
0000d72100325b190000dc420044d826
0000d770003242b80000d82c00449f23
0000d80300322a1f0000d428004465ff
0000d84a0032112e0000d02000442c9e
0000d8d80031f7ff0000cc2a0043f31d
0000d9190031de820000c82e0043b962
0000d9a10031c4c00000c44700437f88
0000d9db0031aaba0000c05800434577
0000da5d003190680000bc7f00430b47
0000da93003175df0000b89e0042d0e3
0000db0e00315b010000b4d200429662
0000db3f00313ff70000b0ff00425bb0
0000dbb3003124920000ad41004220e2
0000dbdf0031090a0000a97b0041e5e5
0000dc4b0030ed200000a5cc0041aace
0000dc730030d11c0000a21300416f89
0000dcd70030b4b200009e710041342c
0000dcfc0030983700009ac50040f8a5
0000dd5800307b4f000097300040bd05
0000dd7a00305e5f000093910040813e
0000ddcd003040fd0000900a0040455f
0000dded0030239a00008c790040095c
0000de37003005c3000088ff003fcd41
0000de56002fe7f20000857b003f9105
0000de97002fc9a80000820f003f54b1
0000deb5002fab6b00007e98003f183f
0000deed002f8cb200007b3a003edbb7
0000df09002f6e0c000077d0003e9f13
0000df38002f4ee90000747f003e625a
0000df53002f2fdb00007122003e2588
0000df78002f105000006dde003de8a1
0000df94002ef0de00006a8d003daba4
0000dfb0002ed0f000006756003d6e93
0000dfcb002eb11b00006412003d316e
0000dfde002e90cd000060e6003cf435
0000dff9002e709a00005dae003cb6eb
0000e003002e4fee00005a8f003c798e
0000e01d002e2f5d00005764003c3c23
0000e01d002e0e5900005451003bfea4
0000e036002ded6d00005132003bc119
0000e02d002dcc1300004e2b003b837c
0000e045002daad000004b19003b45d5
0000e034002d89220000481e003b081c
0000e04b002d678900004518003aca5c
0000e031002d458c0000422a003a8c8b
0000e047002d239f00003f31003a4eb5
0000e026002d015600003c4f003a10cf
0000e03a002cdf17000039620039d2e7
0000e012002cbc850000368d003994ed
0000e024002c99f8000033ad003956f5
0000dff5002c7720000030e3003918ec
0000e005002c544700002e0e0038dae5
0000dfcf002c312c00002b5000389ccf
0000dfdc002c0e090000288700385ebe
0000dfa0002beaae000025d30038209d
0000dfaa002bc744000023170037e283
0000df69002ba3ac0000206e0037a45a
0000df6f002b7ffe00001dbd0037663a
0000df2a002b5c2b00001b1f0037280c
0000df2c002b383a000018790036e9e9
0000dee3002b142e000015e60036abb7
0000dee2002aeffd0000134d00366d94
0000de95002acbbc000010c500362f62
0000de8f002aa74e00000e370035f141
0000de40002a82da00000bba0035b312
0000de36002a5e3200000937003574f6
0000dde5002a398e000006c3003536cd
0000ddd4002a14ae0000044c0034f8b7
0000dd810029efda000001e30034ba96
0000dd6a0029cac5ffffff7700347c89
0000dd160029a5c4fffffd1800343e71
0000dcf90029807cfffffab70034006f
0000dca500295b51fffff8620033c264
0000dc81002935dafffff60c00338471
0000dc2c00291086fffff3c100334674
0000dc010028eae0fffff17500330891
0000dbac0028c565ffffef340032caa5
0000db7a00289f95ffffecf400328cd4
0000db26002879f5ffffeabd00324efb
0000daec002853fdffffe8880032113f
0000da9900282e39ffffe65b0031d37c
0000da580028081cffffe431003195d6
0000da060027e237ffffe20e0031582a
0000d9bd0027bbf7ffffdfee00311a9d
0000d96c002795f1ffffddd50030dd0a
0000d91c00276f91ffffdbc000309f97
0000d8cc0027496dffffd9b000306220
0000d874002722f0ffffd7a6003024cb
0000d8250026fcb0ffffd5a0002fe772
0000d7c60026d618ffffd3a1002faa3b
0000d7790026afbcffffd1a4002f6d01
0000d7120026890dffffcfaf002f2feb
0000d6c600266296ffffcdbc002ef2d3
0000d65800263bd1ffffcbd2002eb5de
0000d60d00261542ffffc9e9002e78e9
0000d5990025ee6affffc809002e3c18
0000d54f0025c7c4ffffc629002dff47
0000d4d50025a0dbffffc453002dc29c
0000d48c00257a1fffffc27b002d85f2
0000d40c00255326ffffc0af002d496e
0000d3c300252c57ffffbee0002d0cee
0000d33e00250552ffffbd1d002cd093
0000d2f50024de70ffffbb57002c943d
0000d26b0024b761ffffb99f002c580c
0000d2220024906dffffb7e1002c1be2
0000d19400246956ffffb633002bdfde
0000d14b00244253ffffb47f002ba3e2
0000d0b800241b36ffffb2da002b680b
0000d06d0023f426ffffb12e002b2c3e
0000cfd80023cd04ffffaf93002af097
0000cf8b0023a5e7ffffadf1002ab4fb
0000cef200237ec2ffffac5f002a7985
0000cea20023579affffaac5002a3e1b
0000ce0700233074ffffa93d002a02d8
0000cdb500230943ffffa7ab0029c7a2
0000cd190022e21effffa62c00298c93
0000ccc30022bae6ffffa4a200295193
0000cc25002293c3ffffa32c002916b9
0000cbcc00226c85ffffa1ab0028dbef
0000cb2e00224566ffffa03d0028a14c
0000cad200221e25ffff9ec4002866bb
0000ca340021f70bffff9d5f00282c51
0000c9d40021cfc9ffff9bee0027f1fa
0000c9360021a8b5ffff9a920027b7ca
0000c8d100218173ffff992900277daf
0000c83600215a68ffff97d5002743b9
0000c7cd00213329ffff9674002709da
0000c73300210c26ffff95280026d020
0000c6c40020e4ebffff93ce0026967f
0000c62c0020bdf3ffff928a00265d03
0000c5b8002096bdffff9138002623a1
0000c52300206fd0ffff8ffd0025ea64
0000c4a9002048a2ffff8eb30025b142
0000c417002021c0ffff8d8000257844
0000c397001ffa9cffff8c3d00253f64
0000c307001fd3c6ffff8b11002506a6
0000c281001facadffff89d70024ce08
0000c1f4001f85e5ffff88b30024958c
0000c168001f5edaffff878000245d31
0000c0dd001f3821ffff8663002424f8
0000c04b001f1125ffff85380023ece2
0000bfc3001eea7affff84230023b4ec
0000bf2b001ec38fffff82fe00237d1b
0000bea5001e9cf3ffff81f00023456b
0000be08001e761affff80d300230de1
0000bd85001e4f8fffff7fcc0022d678
0000bce2001e28cbffff7eb600229f36
0000bc62001e0251ffff7db600226814
0000bbba001ddba2ffff7ca80022311c
0000bb3c001db53bffff7baf0021fa42
0000ba8f001d8ea4ffff7aa80021c393
0000ba14001d6850ffff79b600218d03
0000b964001d41d3ffff78b70021569e
0000b8ea001d1b92ffff77cb00212058
0000b836001cf52fffff76d20020ea3f
0000b7be001ccf03ffff75ed0020b443
0000b706001ca8bcffff74fc00207e75
0000b691001c82a4ffff741e002048c5
0000b5d6001c5c7cffff733400201344
0000b561001c367bffff725c001fdde0
0000b4a5001c1071ffff7179001fa8ad
0000b430001bea88ffff70a8001f7395
0000b371001bc49effff6fcd001f3eb1
0000b2fc001b9eccffff6f02001f09e8
0000b23c001b7904ffff6e2d001ed553
0000b1c7001b534affff6d68001ea0d9
0000b107001b2da4ffff6c9a001e6c94
0000b090001b0805ffff6bdb001e386a
0000afd0001ae282ffff6b13001e0476
0000af58001abcfdffff6a5a001dd09c
0000ae98001a979effff699a001d9cf9
0000ae1e001a7236ffff68e7001d696f
0000ad60001a4cfdffff682e001d361e
0000ace4001a27b3ffff6781001d02e6
0000ac27001a029fffff66cf001ccfe8
0000aba80019dd73ffff6628001c9d02
0000aaed0019b885ffff657b001c6a57
0000aa6a00199379ffff64da001c37c4
0000a9b200196eb3ffff6433001c056c
0000a92c001949c8ffff6397001bd32c
0000a87600192529ffff62f8001ba128
0000a7ec00190060ffff6262001b6f3d
0000a7390018dbeaffff61c8001b3d8d
0000a6a90018b745ffff6137001b0bf6
0000a5f9001892f7ffff60a3001ada9b
0000a56500186e77ffff6017001aa959
0000a4b900184a52ffff5f8a001a7853
0000a420001825f8ffff5f02001a4766
0000a378001801fbffff5e7c001a16b6
0000a2da0017ddc9ffff5df90019e61f
0000a2360017b9f5ffff5d790019b5c5
0000a194001795ebffff5cfc00198584
0000a0f40017723fffff5c8200195582
0000a04d00174e5effff5c0a00192598
00009fb100172adcffff5b950018f5ec
00009f0600170725ffff5b220018c65a
00009e6e0016e3ccffff5ab400189706
00009dbe0016c042ffff5a45001867cb
00009d2a00169d11ffff59dd001838ce
00009c76001679b3ffff5973001809ec
00009be6001656acffff59110017db48
00009b2e0016337dffff58ac0017acbe
00009aa1001610a0ffff584e00177e72
000099e50015ed9fffff57ee00175041
0000995c0015caecffff57960017224e
0000989c0015a81bffff57390016f477
0000981600158592ffff56e60016c6dd
00009754001562f4ffff568e0016995f
000096d000154096ffff564000166c1e
0000960c00151e29ffff55eb00163efa
0000958a0014fbf5ffff55a200161212
000094c40014d9bbffff55520015e549
000094440014b7b3ffff550f0015b8bc
0000937d001495acffff54c200158c4d
000092fe001473d0ffff548400156019
00009235001451feffff543c00153405
000091b60014304dffff54020015082b
000090ed00140eb0ffff53bd0014dc71
000090700013ed2bffff53880014b0f1
00008fa80013cbc3ffff534700148591
00008f290013aa6cffff531700145a6b
00008e620013893affff52da00142f66
00008de30013680fffff52af0014049a
00008d1c00134713ffff52770013d9f0
00008c9d00132616ffff52500013af7e
00008bd900130550ffff521d0013852f
00008b570012e481ffff51fb00135b18
00008a940012c3f1ffff51cb00133124
00008a100012a351ffff51ae00130767
00008951001282f9ffff51810012ddd0
000088ca0012628affff51690012b46e
0000880e00124268ffff514000128b32
000087840012222affff512c0012622b
000086cc00120240ffff51070012394b
0000863f0011e234ffff50f70012109f
0000858a0011c281ffff50d70011e81b
000084f80011a2a6ffff50ca0011bfca
000084480011832affff50ae001197a1
000083b300116383ffff50a500116faa
000083060011443effff508c001147dd
0000826e001124ccffff508700112040
000081c7001105bdffff50710010f8ce
0000812a0010e67fffff506f0010d18c
000080870010c7a7ffff505d0010aa77
00007fe70010a89fffff506000108390
00007f49001089fdffff505100105cd7
00007ea400106b2cffff50570010364b
00007e0a00104cc0ffff504c00100fed
00007d6100102e26ffff5055000fe9bc
00007ccc00100fefffff504e000fc3bb
00007c1f000ff18dffff505a000f9de4
00007b8f000fd38cffff5056000f783e
00007ade000fb562ffff5065000f52c2
00007a52000f9795ffff5063000f2d78
0000799f000f79a3ffff5076000f0856
00007917000f5c0bffff5078000ee366
00007861000f3e54ffff508d000ebe9e
000077dd000f20efffff5093000e9a0a
00007724000f0372ffff50ab000e759c
000076a3000ee642ffff50b4000e5163
000075e8000ec900ffff50d0000e2d4e
0000756b000eac04ffff50dd000e0970
000074ae000e8effffff50fb000de5b5
00007434000e7237ffff510c000dc231
00007376000e556effff512d000d9ed0
000072fe000e38daffff5141000d7ba6
0000723f000e1c4effff5165000d589e
000071c9000dffefffff517b000d35cf
0000710a000de39fffff51a2000d1320
00007095000dc775ffff51bc000cf0aa
00006fd6000dab63ffff51e5000cce53
00006f62000d8f6dffff5203000cac36
00006ea4000d7399ffff522f000c8a38
00006e31000d57d7ffff5251000c6875
00006d74000d3c40ffff5280000c46d0
00006d00000d20b3ffff52a5000c2566
00006c45000d0559ffff52d7000c041a
00006bd0000cea01ffff52ff000be309
00006b17000ccee4ffff5333000bc216
00006aa1000cb3c2ffff535e000ba15f
000069ec000c98e2ffff5394000b80c4
00006974000c7df5ffff53c3000b6066
000068c2000c6353ffff53fb000b4023
00006848000c489dffff542d000b201c
00006798000c2e37ffff5467000b0031
0000671b000c13b7ffff549b000ae083
00006670000bf98effff54d6000ac0ef
000065f0000bdf44ffff550c000aa199
00006549000bc556ffff5549000a825c
000064c7000bab44ffff5583000a635d
00006425000b9192ffff55c2000a4477
0000639f000b77b7ffff55ff000a25cf
00006302000b5e41ffff5640000a0740
00006279000b449fffff56800009e8ee
000061e0000b2b63ffff56c30009cab4
00006152000b11faffff57060009acb9
000060bf000af8f9ffff574b00098ed5
0000602d000adfc9ffff57900009712f
00005f9e000ac700ffff57d7000953a2
00005f09000aae09ffff581f00093651
00005e7f000a957affff586700091919
00005de5000a7cbeffff58b20008fc1e
00005d60000a6466ffff58fb0008df3b
00005cc3000a4be5ffff59490008c295
00005c43000a33c5ffff59940008a606
00005ba2000a1b7effff59e3000889b5
00005b26000a0396ffff5a3000086d7b
00005a830009eb8bffff5a830008517e
00005a0b0009d3d9ffff5ad000083598
000059640009bc09ffff5b25000819ee
000058f00009a48dffff5b750007fe5c
0000584600098cfaffff5bcd0007e305
000057d6000975b4ffff5c1d0007c7c6
0000572b00095e5effff5c770007acc2
000056bf0009474effff5cc9000791d7
0000561200093035ffff5d2600077725
000055a900091959ffff5d7900075c8d
000054fc0009027dffff5dd70007422d
000054950008ebd6ffff5e2b000727e7
000053e70008d536ffff5e8b00070dd9
000053820008bec4ffff5ee10006f3e4
000052d30008a861ffff5f440006da27
0000526f00089222ffff5f9b0006c085
000051c000087bfdffff60000006a719
0000515d000865f3ffff605900068dc9
000050b00008500affff60c1000674ad
0000504c00083a33ffff611b00065bae
00004fa000082487ffff6185000642e3
00004f3d00080ee5ffff61e100062a35
00004e920007f975ffff624d000611b9
00004e2e0007e406ffff62aa0005f95b
00004d860007ced2ffff63170005e12e
00004d200007b998ffff63740005c91f
00004c7c0007a4a1ffff63e30005b141
00004c1500078f9bffff644200059981
00004b7500077adeffff64b2000581f1
00004b0d0007660dffff651200056a80
00004a700007518cffff65850005533e
00004a0500073cf0ffff65e600053c1b
0000496c000728aaffff665b00052526
000048fe00071442ffff66bd00050e52
0000486a00070035ffff67330004f7a9
000047fa0006ec03ffff67960004e122
0000476b0006d82fffff680c0004cac6
000046f80006c432ffff68710004b48d
0000466d0006b098ffff68e800049e7d
000045f500069cd0ffff694d00048891
000045700006896effff69c6000472cc
000044f5000675dcffff6a2c00045d2d
00004474000662b1ffff6aa6000447b3
000043f600064f55ffff6b0f00043260
0000437b00063c60ffff6b8a00041d31
000042fa0006293cffff6bf300040829
000042840006167cffff6c700003f345
000041ff0006038fffff6cda0003de87
0000418e0005f105ffff6d570003c9ec
000041060005de4fffff6dc20003b579
0000409b0005cbfaffff6e400003a126
000040100005b97cffff6ead00038cfc
00003faa0005a759ffff6f2b000378f3
00003f1c00059513ffff6f9900036513
00003ebb00058324ffff701800035151
00003e2a00057117ffff708700033dba
00003dcd00055f5bffff710700032a41
00003d3900054d86ffff7177000316f2
00003cdf00053bfbffff71f8000303c0
00003c4a00052a5fffff72690002f0ba
00003bf400051907ffff72ea0002ddce
00003b5d000507a3ffff735b0002cb10
00003b090004f67bffff73dc0002b86b
00003a710004e550ffff744e0002a5f4
00003a200004d457ffff74d000029395
000039870004c364ffff754300028164
000039380004b29bffff75c500026f4a
000038a00004a1e0ffff763a00025d5f
0000385200049147ffff76bc00024b8a
000037bb000480c4ffff7732000239e5
0000376e0004705bffff77b400022854
000036d700046010ffff782b000216f3
0000368b00044fd5ffff78ad000205a7
000035f700043fc2ffff79240001f48b
000035aa00042fb6ffff79a60001e382
0000351800041fd9ffff7a1e0001d2aa
000034cb00040ffcffff7aa00001c1e3
0000343a00040057ffff7b180001b14e
000033ec0003f0a8ffff7b9b0001a0ca
0000335f0003e13affff7c1500019077
000033100003d1baffff7c9800018035
000032870003c282ffff7d1200017025
000032360003b331ffff7d9500016025
000031b10003a42effff7e1000015056
0000315d0003950cffff7e9300014097
000030dc0003863dffff7f0f0001310b
000030860003774affff7f910001218c
00003009000368afffff800f00011240
00002fb0000359ebffff809100010302
00002f3900034b83ffff810f0000f3f6
00002edd00033ceeffff81900000e4f7
00002e6b00032eb8ffff820f0000d62a
00002e0c00032053ffff82900000c76a
00002d9e00031250ffff830f0000b8dc
00002d3c0003041bffff83900000aa5a
00002cd40002f648ffff841000009c0a
00002c6e0002e842ffff849100008dc6
00002c0c0002da9fffff851200007fb3
00002ba20002cccaffff8593000071ac
00002b450002bf56ffff8616000063d6
00002ad90002b1b1ffff86960000560c
00002a810002a46bffff871900004872
00002a11000296f6ffff879900003ae5
000029bf000289deffff881c00002d88
0000294d00027c9bffff889c00002037
0000290000026fb0ffff892000001316
0000288a0002629dffff899f00000602
00002841000255deffff8a24fffff91c
000027c9000248fdffff8aa3ffffec42
0000278400023c6affff8b28ffffdf97
0000270800022fbaffff8ba7ffffd2f8
000026c600022352ffff8c2dffffc687
00002649000216d3ffff8cacffffba21
0000260b00020a94ffff8d33ffffade9
0000258c0001fe46ffff8db1ffffa1bd
000025500001f230ffff8e39ffff95bd
000024d00001e614ffff8eb7ffff89ca
000024960001da26ffff8f3fffff7e03
000024150001ce3affff8fbdffff7249
000023dd0001c275ffff9047ffff66ba
0000235d0001b6baffff90c4ffff5b38
000023270001ab1dffff914effff4fdf
000022a700019f93ffff91caffff4494
000022720001941fffff9255ffff3972
000021f4000188c5ffff92d1ffff2e5e
000021bf00017d77ffff935bffff2372
000021420001724effff93d7ffff1894
0000210d00016727ffff9462ffff0ddd
0000209200015c2dffff94deffff0335
0000205d0001512dffff9569fffef8b3
00001fe400014662ffff95e4fffeee41
00001fad00013b89ffff966ffffee3f4
00001f36000130edffff96eafffed9b7
00001efd0001263bffff9776fffecf9d
00001e8a00011bccffff97f0fffec594
00001e4f00011141ffff987cfffebbad
00001ddf00010700ffff98f6fffeb1d9
00001da20000fc9cffff9981fffea825
00001d360000f288ffff99fbfffe9e85
00001cf60000e84bffff9a86fffe9503
00001c8f0000de62ffff9afffffe8b96
00001c4b0000d44cffff9b8bfffe8246
00001be90000ca8effff9c04fffe790b
00001ba20000c0a0ffff9c8ffffe6fec
00001b450000b70cffff9d07fffe66e3
00001afa0000ad45ffff9d91fffe5df4
00001aa20000a3daffff9e08fffe551c
00001a5400009a3affff9e92fffe4c5e
00001a01000090f8ffff9f0afffe43b7
000019af00008780ffff9f94fffe3b29
0000196000007e65ffffa00bfffe32b3
0000190b00007513ffffa094fffe2a54
000018c200006c1fffffa10bfffe220e
00001869000062f5ffffa193fffe19df
0000182500005a27ffffa209fffe11c9
000017c900005125ffffa291fffe09c8
0000178b0000487cffffa307fffe01e1
0000172b00003fa3ffffa38efffdfa0d
000016f10000371effffa403fffdf255
0000168e00002e6effffa48afffdeaae
000016590000260cffffa4fffffde324
000015f300001d85ffffa585fffddbaa
000015c100001546ffffa5f9fffdd44d
0000155900000ce7ffffa67efffdccff
0000152a000004caffffa6f2fffdc5d0
000014c0fffffc93ffffa776fffdbeae
00001496fffff497ffffa7ebfffdb7ac
0000142bffffec89ffffa86ffffdb0b6
00001403ffffe4adffffa8e4fffda9df
00001397ffffdcc7ffffa968fffda314
00001372ffffd50cffffa9ddfffd9c68
00001306ffffcd4effffaa60fffd95c7
000012e3ffffc5b3ffffaad5fffd8f47
00001276ffffbe1effffab58fffd88d0
00001255ffffb6a2ffffabccfffd827b
000011e9ffffaf35ffffac4efffd7c2d
000011c9ffffa7d8ffffacc2fffd7601
0000115effffa092ffffad43fffd6fdc
0000113effff9954ffffadb7fffd69da
000010d5ffff9235ffffae37fffd63dd
000010b5ffff8b16ffffaeabfffd5e04
0000104dffff841effffaf2afffd582f
0000102cffff7d1dffffaf9efffd527e
00000fc8ffff764cffffb01cfffd4cd1
00000fa6ffff6f69ffffb090fffd4748
00000f45ffff68bdffffb10dfffd41c3
00000f21ffff61f8ffffb181fffd3c61
00000ec3ffff5b72ffffb1fdfffd3703
00000e9cffff54cbffffb272fffd31c8
00000e42ffff4e69ffffb2edfffd2c8f
00000e18ffff47e0ffffb362fffd277b
00000dc1ffff41a2ffffb3dcfffd2267
00000d95ffff3b37ffffb450fffd1d78
00000d42ffff351cffffb4c9fffd188a
00000d13ffff2ecfffffb53efffd13c0
00000cc5ffff28d7ffffb5b6fffd0ef7
00000c92ffff22a9ffffb62afffd0a53
00000c4affff1cd3ffffb6a1fffd05ae
00000c14ffff16c5ffffb716fffd012e
00000bd1ffff1110ffffb78cfffcfcad
00000b98ffff0b20ffffb800fffcf850
00000b59ffff058bffffb875fffcf3f3
00000b1cfffeffbbffffb8eafffcefba
00000ae3fffefa44ffffb95efffceb7f
00000aa2fffef493ffffb9d2fffce769
00000a6dfffeef3affffba44fffce352
00000a29fffee9a7ffffbab8fffcdf5e
000009fafffee46bffffbb29fffcdb69
000009b3fffedef8ffffbb9cfffcd798
00000989fffed9d9ffffbc0bfffcd3c5
0000093ffffed486ffffbc7ffffcd015
0000091afffecf82ffffbcedfffccc63
000008ccfffeca4fffffbd61fffcc8d4
000008abfffec567ffffbdcffffcc544
0000085bfffec054ffffbe44fffcc1d5
0000083ffffebb85ffffbeb1fffcbe66
000007ecfffeb693ffffbf25fffcbb18
000007d3fffeb1deffffbf91fffcb7c9
0000077ffffead0bffffc005fffcb49a
00000769fffea86fffffc06ffffcb16b
00000713fffea3bcffffc0e2fffcae5b
00000700fffe9f38ffffc14bfffcab4b
000006a9fffe9aa5ffffc1bdfffca85a
00000699fffe9638ffffc224fffca569
00000641fffe91c4ffffc296fffca296
00000632fffe8d6fffffc2fbfffc9fc3
000005dbfffe891bffffc36cfffc9d0e
000005cefffe84dcffffc3d0fffc9a5a
00000576fffe80a8ffffc441fffc97c2
0000056afffe7c7fffffc4a4fffc952b
00000514fffe786affffc515fffc92b0
00000508fffe7457ffffc577fffc9037
000004b4fffe7061ffffc5e6fffc8dd8
000004a8fffe6c64ffffc647fffc8b7c
00000456fffe688cffffc6b6fffc893a
00000449fffe64a6ffffc715fffc86fb
000003f9fffe60ecffffc783fffc84d5
000003ebfffe5d1cffffc7e1fffc82b3
0000039efffe597fffffc84efffc80a8
0000038efffe55c4ffffc8aafffc7ea3
00000344fffe5244ffffc917fffc7cb3
00000332fffe4e9fffffc972fffc7ac9
000002ecfffe4b3bffffc9dffffc78f3
000002d7fffe47abffffca3afffc7724
00000294fffe4462ffffcaa6fffc7568
0000027dfffe40e8ffffcb01fffc73b3
0000023ffffe3db9ffffcb6dfffc7211
00000224fffe3a54ffffcbc6fffc7076
000001ebfffe3740ffffcc32fffc6eec
000001cdfffe33f1ffffcc8afffc6d6c
0000019afffe30f5ffffccf5fffc6bfb
00000179fffe2dbdffffcd4cfffc6a94
0000014afffe2adaffffcdb6fffc693c
00000125fffe27b8ffffce0cfffc67f0
000000fbfffe24edffffce75fffc66b0
000000d2fffe21e3ffffcecafffc657c
000000adfffe1f2fffffcf32fffc6454
00000080fffe1c3cffffcf87fffc6338
00000060fffe199dffffcfeefffc6226
0000002ffffe16c1ffffd043fffc6122
00000013fffe1438ffffd0a9fffc6028
ffffffdffffe1174ffffd0fdfffc5f3c
ffffffc8fffe0efeffffd162fffc5e59
ffffff90fffe0c51ffffd1b5fffc5d84
ffffff7efffe09f0ffffd21afffc5cb6
ffffff43fffe075bffffd26dfffc5bf9
ffffff35fffe050cffffd2d1fffc5b41
fffffef8fffe028fffffd323fffc5a9a
fffffeeffffe0052ffffd386fffc59f7
fffffeaffffdfdecffffd3d7fffc5966
fffffeaafffdfbc0ffffd43afffc58d8
fffffe68fffdf974ffffd48bfffc585d
fffffe65fffdf759ffffd4ecfffc57e3
fffffe21fffdf525ffffd53dfffc577d
fffffe21fffdf31bffffd59dfffc5717
fffffddcfffdf0feffffd5eefffc56c6
fffffddffffdef03ffffd64dfffc5674
fffffd99fffdecfeffffd69dfffc5638
fffffd9dfffdeb13ffffd6fbfffc55fa
fffffd57fffde927ffffd74bfffc55d3
fffffd5cfffde74bffffd7a9fffc55a8
fffffd17fffde576ffffd7f8fffc5595
fffffd1dfffde3a8ffffd855fffc557d
fffffcd9fffde1ebffffd8a4fffc557d
fffffcdffffde02dffffd8fffffc5578
fffffc9cfffdde87ffffd94efffc558a
fffffca1fffddcd7ffffd9a8fffc5598
fffffc5ffffddb48ffffd9f6fffc55bd
fffffc63fffdd9a6ffffda4efffc55dc
fffffc25fffdd82dffffda9bfffc5613
fffffc28fffdd69affffdaf2fffc5644
fffffbecfffdd537ffffdb3ffffc568e
fffffbedfffdd3b2ffffdb94fffc56d0
fffffbb4fffdd265ffffdbe0fffc572c
fffffbb2fffdd0eeffffdc34fffc5780
fffffb7dfffdcfb4ffffdc80fffc57ed
fffffb78fffdce4cffffdcd3fffc5851
fffffb47fffdcd27ffffdd1ffffc58d0
fffffb40fffdcbccffffdd71fffc5945
fffffb13fffdcabaffffddbdfffc59d4
fffffb08fffdc96effffde0dfffc5a59
fffffae0fffdc86effffde59fffc5af8
fffffad3fffdc731ffffdea8fffc5b8d
fffffab0fffdc643ffffdef4fffc5c3c
fffffa9ffffdc515ffffdf41fffc5ce0
fffffa81fffdc439ffffdf8dfffc5d9f
fffffa6bfffdc31affffdfd8fffc5e53
fffffa52fffdc24fffffe023fffc5f22
fffffa39fffdc140ffffe06dfffc5fe5
fffffa24fffdc084ffffe0b8fffc60c3
fffffa08fffdbf85ffffe102fffc6195
fffff9f9fffdbed7ffffe14dfffc6282
fffff9d8fffdbde8ffffe196fffc6363
fffff9cefffdbd49ffffe1e2fffc645e
fffff9aafffdbc6affffe22afffc654e
fffff9a4fffdbbd8ffffe275fffc6657
fffff97dfffdbb0affffe2bbfffc6755
fffff97cfffdba84ffffe306fffc686b
fffff951fffdb9c8ffffe34bfffc6977
fffff954fffdb94fffffe395fffc6a9b
fffff927fffdb8a4ffffe3d9fffc6bb5
fffff92efffdb835ffffe424fffc6ce6
fffff8fffffdb79bffffe467fffc6e0d
fffff909fffdb738ffffe4b1fffc6f4b
fffff8d8fffdb6b0ffffe4f3fffc707f
fffff8e5fffdb656ffffe53dfffc71ca
fffff8b2fffdb5e0ffffe57dfffc730a
fffff8c3fffdb590ffffe5c7fffc7461
fffff88ffffdb52bffffe606fffc75ae
fffff8a2fffdb4e4ffffe650fffc7710
fffff86efffdb490ffffe68ffffc7869
fffff882fffdb452ffffe6d8fffc79d8
fffff84efffdb40fffffe715fffc7b3e
fffff864fffdb3daffffe75efffc7cb8
fffff82ffffdb3a8ffffe79afffc7e2b
fffff846fffdb37affffe7e3fffc7fb1
fffff811fffdb35affffe81efffc812f
fffff827fffdb335ffffe866fffc82c0
fffff7f4fffdb325ffffe8a0fffc844a
fffff808fffdb307ffffe8e8fffc85e6
fffff7d6fffdb307ffffe921fffc877c
fffff7e9fffdb2f1ffffe969fffc8921
fffff7b8fffdb301ffffe9a1fffc8ac2
fffff7cafffdb2f3ffffe9e9fffc8c71
fffff79cfffdb312ffffea21fffc8e1c
fffff7abfffdb30cffffea68fffc8fd5
fffff780fffdb33affffea9ffffc918c
fffff78cfffdb33cffffeae6fffc934e
fffff765fffdb379ffffeb1cfffc950f
fffff76ffffdb383ffffeb64fffc96db
fffff74cfffdb3ceffffeb99fffc98a6
fffff752fffdb3e1ffffebdffffc9a7b
fffff733fffdb439ffffec14fffc9c50
fffff736fffdb455ffffec59fffc9e2f
fffff71bfffdb4baffffec8cfffca00e
fffff71bfffdb4dfffffecd1fffca1f5
fffff705fffdb550ffffed03fffca3de
fffff700fffdb57effffed48fffca5cd
fffff6effffdb5faffffed79fffca7be
fffff6e7fffdb632ffffedbcfffca9b5
fffff6dbfffdb6b9ffffedecfffcabae
fffff6cffffdb6faffffee2ffffcadac
fffff6c7fffdb78affffee5ffffcafaf
fffff6b7fffdb7d5ffffeea0fffcb1b5
fffff6b5fffdb86effffeecefffcb3c0
fffff6a0fffdb8c4ffffef0ffffcb5ce
fffff6a2fffdb966ffffef3cfffcb7e2
fffff68afffdb9c6ffffef7bfffcb9f6
fffff68ffffdba6fffffefa8fffcbc12
fffff673fffdbadbffffefe6fffcbe2e
fffff67dfffdbb8bfffff012fffcc052
fffff65efffdbc03fffff04ffffcc274
fffff66cfffdbcb9fffff07afffcc49f
fffff649fffdbd3cfffff0b6fffcc6c7
fffff65bfffdbdf9fffff0e1fffcc8f9
fffff636fffdbe88fffff11cfffccb27
fffff64bfffdbf4afffff146fffccd61
fffff624fffdbfe5fffff180fffccf96
fffff63cfffdc0acfffff1a9fffcd1d6
fffff612fffdc153fffff1e3fffcd411
fffff62dfffdc21ffffff20dfffcd659
fffff602fffdc2d3fffff247fffcd899
fffff61ffffdc3a2fffff271fffcdae8
fffff5f5fffdc461fffff2a9fffcdd2e
fffff613fffdc534fffff2d3fffcdf83
fffff5e7fffdc601fffff30bfffce1ce
fffff607fffdc6d8fffff334fffce429
fffff5dcfffdc7b1fffff36bfffce679
fffff5fcfffdc88afffff395fffce8da
fffff5d2fffdc96ffffff3cafffceb30
fffff5f1fffdca4cfffff3f3fffced96
fffff5c8fffdcb3cfffff427fffceff1
fffff5e7fffdcc1dfffff450fffcf25c
fffff5c0fffdcd19fffff482fffcf4bb
fffff5ddfffdcdfcfffff4aafffcf72c
fffff5b7fffdcf02fffff4dcfffcf98f
fffff5d3fffdcfe8fffff504fffcfc04
fffff5affffdd0fafffff534fffcfe6c
fffff5c8fffdd1e3fffff55cfffd00e6
fffff5a8fffdd2fffffff58cfffd0351
fffff5befffdd3ebfffff5b4fffd05d0
fffff5a1fffdd511fffff5e2fffd083f
fffff5b3fffdd601fffff60afffd0ac2
fffff599fffdd72ffffff637fffd0d36
fffff5a8fffdd823fffff65efffd0fbd
fffff591fffdd959fffff68afffd1234
fffff59dfffdda51fffff6b1fffd14bf
fffff58bfffddb8ffffff6dbfffd173a
fffff593fffddc8afffff702fffd19ca
fffff586fffdddd0fffff72bfffd1c48
fffff58afffdded0fffff752fffd1edb
fffff581fffde01cfffff77afffd215c
fffff582fffde121fffff7a1fffd23f2
fffff57efffde273fffff7c8fffd2677
fffff57afffde37dfffff7effffd2910
fffff57bfffde4d4fffff814fffd2b98
fffff572fffde5e4fffff83bfffd2e34
fffff577fffde740fffff85ffffd30be
fffff56bfffde855fffff885fffd335d
fffff575fffde9b5fffff8a9fffd35ea
fffff564fffdead2fffff8cffffd388b
fffff572fffdec35fffff8f1fffd3b1a
fffff55efffded58fffff917fffd3dbd
fffff570fffdeebefffff938fffd404f
fffff558fffdefe8fffff95ffffd42f4
fffff56efffdf150fffff97ffffd4588
fffff553fffdf282fffff9a6fffd482f
fffff56cfffdf3ecfffff9c5fffd4ac6
fffff54ffffdf526fffff9ecfffd4d6e
fffff56bfffdf691fffffa0bfffd5007
fffff54bfffdf7d3fffffa32fffd52b2
fffff56bfffdf93efffffa4ffffd554e
fffff54afffdfa88fffffa76fffd57fb
fffff56cfffdfbf4fffffa93fffd5a9a
fffff549fffdfd46fffffabafffd5d48
fffff56dfffdfeb3fffffad5fffd5fe8
fffff549fffe000dfffffafbfffd6298
fffff56ffffe0179fffffb16fffd6539
fffff54cfffe02dcfffffb3cfffd67ea
fffff572fffe0448fffffb55fffd6a8d
fffff54ffffe05b3fffffb7cfffd6d3e
fffff575fffe071efffffb95fffd6fe2
fffff551fffe0891fffffbbbfffd7294
fffff577fffe09fcfffffbd3fffd753a
fffff555fffe0b78fffffbf9fffd77ec
fffff57afffe0ce1fffffc11fffd7a93
fffff559fffe0e65fffffc38fffd7d46
fffff57dfffe0fcefffffc4ffffd7ff0
fffff55dfffe1158fffffc75fffd82a3
fffff57ffffe12c0fffffc8bfffd854e
fffff561fffe1452fffffcb2fffd8802
fffff580fffe15b9fffffcc7fffd8aad
fffff565fffe1752fffffcedfffd8d61
fffff581fffe18bafffffd02fffd900d
fffff569fffe1a59fffffd29fffd92c1
fffff582fffe1bc0fffffd3dfffd956e
fffff56ffffe1d65fffffd62fffd9821
fffff585fffe1ecdfffffd76fffd9ace
fffff576fffe2077fffffd9cfffd9d81
fffff588fffe21dffffffdaffffda02f
fffff57dfffe238dfffffdd4fffda2e1
fffff58cfffe24f6fffffde6fffda590
fffff585fffe26a8fffffe0bfffda842
fffff58ffffe2813fffffe1dfffdaaf1
fffff58dfffe29c9fffffe41fffdada3
fffff594fffe2b36fffffe53fffdb053
fffff596fffe2ceefffffe77fffdb304
fffff599fffe2e5dfffffe88fffdb5b5
fffff5a0fffe3018fffffeacfffdb866
fffff59efffe318afffffebcfffdbb17
fffff5aafffe3347fffffedffffdbdc7
fffff5a4fffe34bcfffffeeefffdc078
fffff5b4fffe3679ffffff10fffdc327
fffff5a9fffe37f2ffffff1ffffdc5d8
fffff5bdfffe39b0ffffff40fffdc885
fffff5affffe3b2cffffff4ffffdcb36
fffff5c8fffe3ceaffffff70fffdcde2
fffff5b6fffe3e6affffff7efffdd093
fffff5d2fffe4025ffffff9efffdd33e
fffff5bdfffe41aaffffffadfffdd5ef
fffff5ddfffe4364ffffffccfffdd898
fffff5c5fffe44edffffffdafffddb49
fffff5e8fffe46a6fffffff9fffdddf1
fffff5cefffe483500000007fffde0a0
00003e74fffe711f000046f2fffdb912
0000cc83fffec5220000d541fffd69ce
0001594fffff18720001624cfffd1b4e
0001e4daffff6b180001ee15fffccd96
00026f29ffffbd1c0002789ffffc80b0
0002f84100000e86000301ecfffc34a0
0003802700005f5f00038a01fffbe96f
000406e10000afad000410e2fffb9f23
00048c760000ff7700049692fffb55c2
000510ef00014ec400051b17fffb0d52
0005945500019d9800059e76fffac5d8
000616af0001ebf7000620b5fffa7f5b
00069808000239e60006a1d9fffa39df
0007186a00028767000721e9fff9f569
000797e00002d47c0007a0ecfff9b1fd
000816730003212600081ee9fff96fa0
0008942e00036d6500089be6fff92e55
0009111d0003b937000917ecfff8ee1f
00098d4b0004049a00099301fff8af01
000a08c100044f8b000a0d2ffff870fd
000a838a00049a06000a867dfff83415
000afdb10004e407000afef3fff7f84b
000b773f00052d86000b7699fff7bd9f
000bf03e0005767c000bed79fff78412
000c68b50005bee3000c639afff74ba4
000ce0ad000606b1000cd905fff71453
000d582d00064ddd000d4dc2fff6de20
000dcf3c0006945d000dc1dbfff6a909
000e45df0006da25000e3557fff6750b
000ebc1a00071f2c000ea840fff64225
000f31f200076364000f1a9cfff61052
000fa7690007a6c2000f8c74fff5df91
00101c800007e93a000ffdd1fff5afdc
0010913800082abf00106ebafff58131
0011058f00086b440010df36fff55389
001179860008aabd00114f4dfff526e0
0011ed180008e91c0011bf05fff4fb30
001260410009265700122e66fff4d074
0012d2fc0009626000129d76fff4a6a5
0013454300099d2c00130c3bfff47dbc
0013b70f0009d6af00137abbfff455b3
00142858000a0ee00013e8fafff42e82
00149913000a45b3001456fffff40821
00150938000a7b210014c4cdfff3e28a
001578bb000aaf2000153269fff3bdb3
0015e790000ae1a900159fd6fff39995
001655ab000b12b500160d17fff37626
0016c2ff000b423f00167a30fff35360
00172f7e000b70430016e722fff33138
00179b1a000b9cbc001753f0fff30fa6
001805c4000bc7aa0017c09afff2eea2
00186f6f000bf10a00182d22fff2ce22
0018d80b000c18dd00189989fff2ae1d
00193f8a000c3f25001905cdfff28e8b
0019a5dc000c63e4001971eefff26f62
001a0af3000c871d0019ddecfff2509a
001a6ec1000ca8d6001a49c4fff2322b
001ad137000cc915001ab576fff2140b
001b3248000ce7e1001b20fdfff1f632
001b91e7000d0542001b8c59fff1d899
001bf007000d2142001bf784fff1bb37
001c4c9d000d3bec001c627bfff19e04
001ca79d000d5549001ccd3bfff180f9
001d00fe000d6d68001d37bffff1640e
001d58b7000d8454001da201fff1473e
001daebe000d9a1b001e0bfdfff12a81
001e030d000daecb001e75adfff10dd1
001e559e000dc273001edf0afff0f128
001ea66c000dd523001f4810fff0d481
001ef573000de6e9001fb0b6fff0b7d7
001f42b0000df7d6002018f7fff09b26
001f8e21000e07f8002080ccfff07e68
001fd7c8000e17610020e82dfff0619b
00201fa3000e262000214f14fff044bb
002065b6000e34440021b578fff027c5
0020aa03000e41de00221b53fff00ab7
0020ec8f000e4efb0022809cffefed8f
00212d5f000e5baa0022e54cffefd04c
00216c79000e67fa0023495bffefb2ed
0021a9e4000e73f80023acc2ffef9572
0021e5a9000e7fb100240f79ffef77da
00221fd1000e8b3000247178ffef5a26
00225865000e96810024d2b8ffef3c58
00228f6f000ea1ae00253331ffef1e71
0022c4fb000eacc0002592ddffef0072
0022f914000eb7c00025f1b3ffeee25f
00232bc6000ec2b500264faeffeec43a
00235d1d000ecda50026acc7ffeea607
00238d26000ed896002708f7ffee87c9
0023bbed000ee38b00276438ffee6984
0023e97f000eee880027be85ffee4b3e
002415e8000ef98f002817d7ffee2cfa
00244134000f04a00028702affee0ebf
00246b70000f0fbd0028c77affedf092
002494a8000f1ae300291dc1ffedd278
0024bce6000f2611002972fbffedb479
0024e436000f31440029c725ffed9699
00250aa2000f3c79002a1a3dffed78e1
00253033000f47ac002a6c3effed5b56
002554f2000f52d6002abd27ffed3e01
002578e8000f5df2002b0cf7ffed20e7
00259c1b000f68fa002b5babffed0412
0025be92000f73e8002ba943ffece787
0025e052000f7eb4002bf5bfffeccb4e
00260160000f8957002c411effecaf70
002621bf000f93c8002c8b62ffec93f3
00264173000f9e01002cd48bffec78df
0026607b000fa7fa002d1c9bffec5e3c
00267eda000fb1ab002d6394ffec4411
00269c8e000fbb0c002da979ffec2a65
0026b996000fc417002dee4cffec113f
0026d5f1000fccc4002e3211ffebf8a7
0026f19b000fd50d002e74cdffebe0a4
00270c90000fdcec002eb682ffebc93b
002726cc000fe45d002ef737ffebb274
00274048000feb59002f36efffeb9c55
00275900000ff1de002f75b2ffeb86e3
002770ed000ff7e8002fb384ffeb7223
00278807000ffd75002ff06dffeb5e1c
00279e470010028300302c72ffeb4ad3
0027b3a5001007130030679bffeb384a
0027c81900100b250030a1efffeb2687
0027db9b00100eba0030db75ffeb158e
0027ee23001011d400311435ffeb0561
0027ffa90010147800314c38ffeaf604
00281023001016aa00318385ffeae778
00281f8c001018700031ba25ffead9c1
00282dda001019cf0031f020ffeaccde
00283b0700101acf0032257effeac0d2
0028470d00101b7900325a4affeab59d
002851e500101bd600328e8affeaab3f
00285b8a00101bef0032c248ffeaa1b8
002863f800101bd00032f58dffea9906
00286b2a00101b8400332861ffea9128
0028711e00101b1700335acdffea8a1d
002875d100101a9600338cd9ffea83e1
0028794400101a0d0033be8fffea7e73
00287b75001019890033eff5ffea79cf
00287c660010191a00342115ffea75f1
00287c19001018cb003451f6ffea72d5
00287a92001018ac003482a0ffea7076
002877d4001018ca0034b31bffea6ed0
002873e6001019330034e36dffea6ddd
00286ecd001019f40035139dffea6d97
0028689200101b1b003543b2ffea6df9
0028613e00101cb5003573b3ffea6efa
002858da00101ecd0035a3a4ffea7096
00284f71001021700035d38bffea72c4
00284510001024a80036036effea757e
002839c10010288000363351ffea78bb
00282d9400102d0200366339ffea7c74
002820970010323600369328ffea80a1
002812d7001038240036c322ffea8539
0028046600103ed20036f32bffea8a34
0027f5530010464500372344ffea8f8a
0027e5ae00104e8300375370ffea9532
0027d5880010578e003783b0ffea9b23
0027c4f3001061690037b404ffeaa155
0027b3ff00106c140037e46effeaa7be
0027a2be0010778f003814edffeaae57
00279140001083d800384581ffeab516
00277f98001090ed00387628ffeabbf3
00276dd500109ec90038a6e1ffeac2e6
00275c080010ad690038d7abffeac9e6
00274a410010bcc400390883ffead0eb
0027388f0010ccd400393966ffead7ed
002727010010dd9100396a51ffeadee4
002715a40010eef200399b3fffeae5c9
00270487001100eb0039cc2effeaec95
0026f3b5001113730039fd18ffeaf341
0026e3390011267c003a2df8ffeaf9c6
0026d31f001139fb003a5ecaffeb001d
0026c36f00114de2003a8f88ffeb0642
0026b43200116224003ac02bffeb0c2d
0026a56e001176b3003af0afffeb11db
0026972b00118b80003b210bffeb1746
0026896c0011a07c003b513affeb1c6a
00267c340011b59a003b8135ffeb2143
00266f880011cac9003bb0f4ffeb25ce
002663670011dffc003be071ffeb2a07
002657d20011f524003c0fa3ffeb2ded
00264cc900120a32003c3e84ffeb317d
0026424700121f1a003c6d0cffeb34b5
0026384c001233cc003c9b33ffeb3795
00262ed10012483d003cc8f2ffeb3a1b
002625d300125c61003cf640ffeb3c49
00261d4b0012702b003d2317ffeb3e1d
0026153200128391003d4f6fffeb3f99
00260d8100129689003d7b40ffeb40bf
0026062f0012a90a003da683ffeb4190
0025ff330012bb0b003dd130ffeb420f
0025f8840012cc86003dfb42ffeb423d
0025f2190012dd75003e24b1ffeb421f
0025ebe60012edd2003e4d76ffeb41b8
0025e5e30012fd99003e758bffeb410c
0025e00300130cc7003e9ceaffeb401f
0025da3e00131b5b003ec38dffeb3ef7
0025d48800132953003ee96fffeb3d98
0025ced7001336b0003f0e8bffeb3c08
0025c92100134372003f32dcffeb3a4d
0025c35d00134f9c003f565effeb386d
0025bd8100135b31003f790cffeb366f
0025b78500136635003f9ae4ffeb3458
0025b161001370ac003fbbe1ffeb3231
0025ab0c00137a9d003fdc02ffeb3000
0025a4810013840c003ffb44ffeb2dcc
00259dba00138d02004019a6ffeb2b9d
002596b10013958500403726ffeb297a
00258f6200139d9d004053c3ffeb276c
002587ca0013a55200406f7dffeb257a
00257fe60013acad00408a55ffeb23ab
002577b60013b3b70040a44affeb2208
00256f380013ba770040bd5effeb2098
0025666d0013c0f80040d593ffeb1f63
00255d560013c7410040ecebffeb1e70
002553f70013cd5a00410367ffeb1dc8
00254a520013d34d0041190cffeb1d71
0025406b0013d92100412dddffeb1d73
002536480013dedc004141ddffeb1dd5
00252bef0013e48700415512ffeb1e9d
002521660013ea260041677fffeb1fd3
002516b50013efc00041792affeb217c
00250be30013f55900418a19ffeb239e
002500fa0013faf600419a52ffeb2640
0024f601001400990041a9daffeb2967
0024eb04001406450041b8b9ffeb2d18
0024e00a00140bfa0041c6f5ffeb3157
0024d51f001411b90041d495ffeb3629
0024ca4c001417820041e1a2ffeb3b91
0024bf9c00141d520041ee23ffeb4194
0024b518001423280041fa20ffeb4833
0024aaca001428fe004205a0ffeb4f73
0024a0bd00142ed1004210adffeb5754
002496f80014349b00421b4effeb5fd8
00248d8600143a550042258dffeb6902
0024846e00143ff700422f72ffeb72d1
00247bb90014457a00423904ffeb7d45
0024736c00144ad40042424effeb885f
00246b8f00144ffb00424b58ffeb941e
00246427001454e40042542affeba080
00245d390014598500425cceffebad83
002456c700145dd20042654affebbb26
002450d5001461bd00426da9ffebc967
00244b650014653c004275f1ffebd841
002446770014684100427e2bffebe7b1
0024420900146abf0042865fffebf7b3
00243e1c00146ca900428e95ffec0844
00243aab00146df2004296d3ffec195d
002437b200146e8e00429f20ffec2afa
0024352e00146e6e0042a784ffec3d16
0024331600146d890042b005ffec4fa9
0024316600146bd00042b8a9ffec62af
00243013001469390042c175ffec7620
00242f14001465b90042ca70ffec89f5
00242e60001461460042d39dffec9e27
00242dec00145bd60042dd01ffecb2b0
00242daa001455610042e6a1ffecc786
00242d8f00144de00042f07fffecdca2
00242d8e0014454a0042faa0ffecf1fd
00242d9700143b9c00430505ffed078e
00242d9d001430d000430fb2ffed1d4c
00242d91001424e300431aa7ffed332f
00242d64001417d2004325e7ffed4930
00242d050014099d00433171ffed5f45
00242c660013fa4300433d46ffed7565
00242b760013e9c600434966ffed8b89
00242a270013d828004355d0ffeda1a8
002428690013c56e00436283ffedb7ba
0024262c0013b19b00436f7effedcdb6
0024236200139cb600437cbeffede395
00241ffc001386c600438a41ffedf94e
00241bed00136fd300439803ffee0eda
00241728001357e70043a602ffee2431
002411a000133f0b0043b439ffee394c
00240b4a0013254b0043c2a4ffee4e24
0024041b00130ab30043d13fffee62b2
0023fc0a0012ef4f0043e004ffee76f1
0023f30c0012d32d0043eeeeffee8ad9
0023e91c0012b65b0043fdf7ffee9e66
0023de31001298e700440d1affeeb192
0023d24700127ae100441c4fffeec458
0023c55900125c5600442b91ffeed6b3
0023b76400123d5700443ad8ffeee8a0
0023a86600121df300444a1dffeefa1a
0023985e0011fe3a0044595affef0b20
0023874c0011de3b00446887ffef1bad
002375320011be040044779bffef2bc0
0023621200119da600448691ffef3b57
00234df000117d2f0044955fffef4a71
002338d100115cac0044a3feffef590c
002322ba00113c2b0044b267ffef6729
00230bb200111bb90044c091ffef74c8
0022f3c10010fb630044ce75ffef81e9
0022daef0010db330044dc0cffef8e8d
0022c1450010bb340044e94dffef9ab7
0022a6cc00109b700044f630ffefa668
00228b8f00107bef004502b0ffefb1a2
00226f9900105cba00450ec5ffefbc69
002252f500103dd600451a67ffefc6c1
002235ae00101f4a00452590ffefd0ac
002217d10010011a0045303affefda30
0021f968000fe34a00453a5fffefe350
0021da7f000fc5dc004543f8ffefec13
0021bb22000fa8d100454d00ffeff47e
00219b5e000f8c2b00455572ffeffc95
00217b3c000f6fe700455d49fff00460
00215ac7000f540600456481fff00be5
00213a0b000f388400456b15fff0132a
00211910000f1d5d00457102fff01a37
0020f7e1000f028e00457645fff02112
0020d686000ee81200457adbfff027c3
0020b506000ecde300457ec2fff02e52
00209369000eb3fb004581f7fff034c5
002071b5000e9a530045847afff03b26
00204fef000e80e30045864afff0417b
00202e1c000e67a500458765fff047cd
00200c3f000e4e90004587cdfff04e23
001fea5a000e359c00458782fff05487
001fc870000e1cc200458684fff05aff
001fa680000e03f8004584d6fff06193
001f848b000deb3800458279fff0684c
001f628e000dd27900457f70fff06f30
001f4088000db9b300457bbdfff07649
001f1e75000da0e100457765fff07d9c
001efc51000d87fa0045726afff08532
001eda17000d6ef900456cd2fff08d11
001eb7c3000d55d8004566a0fff09540
001e954c000d3c9200455fdbfff09dc6
001e72ad000d232400455886fff0a6a9
001e4fde000d0989004550a9fff0afee
001e2cd7000cefc10045484afff0b99b
001e098f000cd5c800453f6efff0c3b6
001de5fe000cbb9f0045361dfff0ce42
001dc21c000ca14500452c5efff0d946
001d9dde000c86bd00452238fff0e4c4
001d793c000c6c08004517b3fff0f0c1
001d542d000c512b00450cd7fff0fd3f
001d2ea8000c3628004501abfff10a41
001d08a4000c1b070044f638fff117c9
001ce21a000bffcc0044ea86fff125da
001cbb02000be4800044de9efff13475
001c9354000bc92a0044d287fff14399
001c6b09000badd30044c64bfff15349
001c421d000b92860044b9f2fff16383
001c1888000b774d0044ad84fff17447
001bee48000b5c320044a10afff18594
001bc359000b41420044948cfff19769
001b97b8000b268900448813fff1a9c2
001b6b63000b0c1400447ba6fff1bc9f
001b3e5b000af1f000446f4efff1cffc
001b109f000ad82a00446313fff1e3d4
001ae231000abecf004456fbfff1f826
001ab315000aa5ee00444b0ffff20ceb
001a834e000a8d9300443f56fff22221
001a52e0000a75cc004433d6fff237c0
001a21d3000a5ea600442897fff24dc5
0019f02e000a482e00441d9dfff26429
0019bdf8000a3270004412effff27ae6
00198b3b000a1d7800440893fff291f5
00195801000a09510043fe8efff2a950
001924560009f6060043f4e4fff2c0f0
0018f0460009e3a00043eb99fff2d8cd
0018bbdd0009d2290043e2b2fff2f0e1
0018872a0009c1a90043da32fff30922
0018523a0009b2250043d21cfff3218a
00181d1d0009a3a60043ca71fff33a0f
0017e7e20009962e0043c336fff352ab
0017b298000989c30043bc69fff36b55
00177d5100097e660043b60efff38405
0017481b000974190043b024fff39cb1
0017130900096add0043aaacfff3b553
0016de29000962b00043a5a4fff3cde2
0016a98e00095b900043a10dfff3e654
001675450009557900439ce4fff3fea3
001641610009506800439928fff416c7
00160def00094c56004395d7fff42eb7
0015db000009493c004392edfff4466b
0015a8a20009471300439068fff45ddd
001576e2000945d200438e44fff47504
001545cd0009456e00438c7dfff48bda
00151570000945dd00438b0dfff4a258
0014e5d700094713004389f2fff4b878
0014b70b0009490400438924fff4ce33
0014891600094ba30043889ffff4e383
00145c0000094ee20043885cfff4f864
00142fd1000952b300438856fff50ccf
0014048e0009570700438886fff520c1
0013da3e00095bd1004388e5fff53435
0013b0e3000960ff0043896bfff54727
001388800009668500438a13fff55993
0013611600096c5100438ad4fff56b77
00133aa60009725700438ba7fff57cd0
001315300009788500438c83fff58d9d
0012f0b000097ecf00438d62fff59ddb
0012cd240009852700438e3cfff5ad89
0012aa8800098b7d00438f08fff5bca7
001288d7000991c600438fbefff5cb36
00126809000997f400439057fff5d934
0012481a00099dfd004390cafff5e6a3
001229000009a3d500439111fff5f385
00120ab40009a97200439122fff5ffdb
0011ed2b0009aecb004390f7fff60ba7
0011d05e0009b3d800439088fff616ed
0011b4400009b89100438fcefff621ae
001198c80009bcf000438ec1fff62bf1
00117deb0009c0f000438d5cfff635b7
0011639e0009c48d00438b96fff63f05
001149d50009c7c40043896bfff647e2
001130860009ca92004386d4fff65051
001117a60009ccf7004383cbfff65858
0010ff290009cef30043804cfff65ffe
0010e7050009d08700437c50fff66748
0010cf300009d1b4004377d4fff66e3e
0010b7a00009d27e004372d4fff674e5
0010a04c0009d2e900436d4bfff67b46
0010892c0009d2f900436736fff68167
001072360009d2b400436093fff68750
00105b650009d21e0043595ffff68d09
001044b20009d14000435199fff69299
00102e170009d0210043493efff69809
0010178f0009cec70043404dfff69d60
001001170009cd3b004336c7fff6a2a6
000feaac0009cb8500432cabfff6a7e4
000fd44d0009c9ad004321f9fff6ad22
000fbdf70009c7bb004316b3fff6b268
000fa7ac0009c5b900430adafff6b7bd
000f916c0009c3ae0042fe6ffff6bd2a
000f7b3a0009c1a20042f176fff6c2b7
000f65190009bf9e0042e3f1fff6c86c
000f4f0b0009bda80042d5e3fff6ce4f
000f39160009bbc70042c750fff6d468
000f23400009ba020042b83cfff6dabf
000f0d8e0009b85f0042a8abfff6e15a
000ef8080009b6e2004298a4fff6e83f
000ee2b50009b58f0042882afff6ef76
000ecd9d0009b46b00427744fff6f703
000eb8c80009b378004265f8fff6feed
000ea4400009b2b70042544dfff7073a
000e900e0009b22900424248fff70fed
000e7c3a0009b1cd00422ff1fff7190b
000e68cf0009b1a400421d4ffff72299
000e55d60009b1aa00420a6afff72c9a
000e43580009b1dc0041f749fff73711
000e315f0009b2360041e3f4fff74202
000e1ff30009b2b20041d073fff74d6e
000e0f1d0009b34b0041bccffff75957
000dfee60009b3f90041a90ffff765bf
000def550009b4b50041953cfff772a7
000de0700009b5750041815efff7800f
000dd23f0009b62f00416d7efff78df7
000dc4c60009b6da004159a3fff79c5e
000db80b0009b76a004145d7fff7ab44
000dac110009b7d400413221fff7baa7
000da0db0009b80b00411e8afff7ca84
000d966a0009b80300410b1afff7dadb
000d8cc10009b7b00040f7d7fff7eba6
000d83dd0009b7030040e4cbfff7fce4
000d7bbe0009b5f00040d1fcfff80e90
000d74610009b46a0040bf72fff820a7
000d6dc30009b2630040ad33fff83323
000d67df0009afcd00409b47fff845ff
000d62af0009ac9d004089b3fff85937
000d5e2b0009a8c50040787efff86cc4
000d5a4d0009a43a004067adfff880a1
000d570a00099ef000405746fff894c6
000d5459000998db0040474dfff8a92d
000d522f000991f3004037c7fff8bdd0
000d508000098a2c004028b8fff8d2a6
000d4f3e0009817f00401a24fff8e7a9
000d4e5e000977e400400c0efff8fcd1
000d4dd000096d54003ffe78fff91216
000d4d86000961ca003ff166fff92771
000d4d7100095540003fe4d8fff93cd8
000d4d82000947b4003fd8d0fff95244
000d4da700093924003fcd4ffff967ad
000d4dd30009298d003fc255fff97d0b
000d4df3000918f0003fb7e3fff99255
000d4df90009074f003fadf6fff9a784
000d4dd40008f4ac003fa490fff9bc8e
000d4d730008e10b003f9badfff9d16c
000d4cc90008cc70003f934bfff9e617
000d4bc50008b6e2003f8b69fff9fa85
000d4a580008a068003f8404fffa0eb1
000d48760008890a003f7d17fffa2292
000d460f000870d1003f769ffffa3621
000d4318000857c7003f7097fffa4957
000d3f8500083df8003f6afcfffa5c2e
000d3b4a0008236f003f65c8fffa6e9f
000d365e00080839003f60f5fffa80a4
000d30b80007ec64003f5c7efffa9238
000d2a4f0007cffc003f585cfffaa355
000d231c0007b311003f548afffab3f6
000d1b1b000795b1003f5100fffac417
000d1246000777eb003f4db8fffad3b3
000d089a000759cf003f4aabfffae2c7
000cfe1500073b6b003f47d0fffaf14f
000cf2b500071cce003f4521fffaff49
000ce67b0006fe08003f4295fffb0cb3
000cd9680006df28003f4025fffb1989
000ccb7e0006c03d003f3dc9fffb25cc
000cbcc10006a154003f3b79fffb317a
000cad360006827b003f392dfffb3c92
000c9ce1000663bf003f36ddfffb4715
000c8bc90006452e003f3480fffb5103
000c79f6000626d1003f320efffb5a5e
000c676f000608b6003f2f81fffb6325
000c543d0005eae5003f2ccffffb6b5d
000c406a0005cd68003f29f2fffb7306
000c2c000005b047003f26e1fffb7a25
000c170900059389003f2395fffb80bb
000c018f00057735003f2007fffb86ce
000beb9f00055b50003f1c30fffb8c60
000bd54200053fde003f180afffb9178
000bbe85000524e1003f138efffb961a
000ba77300050a5d003f0eb6fffb9a4a
000b90160004f051003f097cfffb9e10
000b787b0004d6bf003f03dbfffba170
000b60ab0004bda4003efdcefffba472
000b48b20004a4ff003ef74ffffba71d
000b309800048ccd003ef05cfffba976
000b186700047509003ee8f0fffbab85
000b002900045db1003ee108fffbad52
000ae7e4000446bd003ed8a1fffbaee4
000acfa000043029003ecfb8fffbb044
000ab764000419ed003ec64bfffbb178
000a9f3500040402003ebc5afffbb289
000a87180003ee61003eb1e2fffbb380
000a6f100003d903003ea6e3fffbb463
000a57210003c3de003e9b5dfffbb53d
000a3f4d0003aeeb003e8f50fffbb613
000a279300039a21003e82befffbb6f0
000a0ff500038578003e75a8fffbb7da
0009f871000370e8003e680ffffbb8da
0009e10500035c69003e59f5fffbb9f9
0009c9ae000347f3003e4b5ffffbbb3c
0009b2690003337f003e3c4efffbbcad
00099b3000031f07003e2cc6fffbbe52
000983ff00030a83003e1cccfffbc033
00096ccf0002f5ef003e0c64fffbc256
000955990002e146003dfb93fffbc4c2
00093e550002cc83003dea5efffbc77e
000926fd0002b7a4003dd8cbfffbca90
00090f870002a2a5003dc6e0fffbcdfc
0008f7ea00028d85003db4a3fffbd1c9
0008e01e00027845003da21bfffbd5fb
0008c819000262e3003d8f4ffffbda97
0008afd100024d63003d7c45fffbdfa1
0008973e000237c5003d6906fffbe51d
00087e560002220e003d5598fffbeb0e
0008651000020c42003d4204fffbf177
00084b630001f666003d2e52fffbf859
000831460001e081003d1a89fffbffb8
000816b20001ca99003d06b2fffc0794
0007fb9f0001b4b8003cf2d4fffc0fee
0007e00700019ee7003cdef9fffc18c6
0007c3e20001892e003ccb29fffc221e
0007a72d00017399003cb76bfffc2bf3
000789e100015e32003ca3c8fffc3646
00076bfd00014906003c9047fffc4114
00074d7c00013421003c7cf2fffc4c5b
00072e5e00011f8e003c69d0fffc581a
00070ea200010b5c003c56e8fffc644d
0006ee480000f798003c4442fffc70f0
0006cd530000e44e003c31e5fffc7e01
0006abc30000d18c003c1fd9fffc8b7a
0006899f0000bf60003c0e25fffc9958
000666ea0000add6003bfccdfffca795
000643ab00009cfb003bebdafffcb62b
00061fe800008cdd003bdb51fffcc516
0005fbaa00007d86003bcb37fffcd44e
0005d6fb00006f03003bbb92fffce3ce
0005b1e40000615f003bac66fffcf38f
00058c70000054a3003b9db7fffd038a
000566ac000048d9003b8f8afffd13b8
000540a500003e0a003b81e2fffd2411
00051a670000343d003b74c3fffd348d
0004f40200002b79003b682efffd4526
0004cd83000023c4003b5c25fffd55d3
0004a6fa00001d21003b50acfffd668b
0004807800001795003b45c2fffd7748
00045a0a00001321003b3b68fffd8800
000433c300000fc6003b319efffd98ac
00040db100000d84003b2865fffda944
0003e7e500000c5b003b1fbcfffdb9bf
0003c27000000c46003b17a1fffdca15
00039d6000000d42003b1012fffdda3e
000378c600000f4b003b090dfffdea33
000354b00000125a003b0290fffdf9eb
0003312e00001668003afc98fffe0960
00030e4d00001b6c003af721fffe188a
0002ec1a0000215d003af226fffe2761
0002caa300002832003aeda4fffe35df
0002a9f300002fde003ae996fffe43fe
00028a1400003855003ae5f6fffe51b6
00026b120000418c003ae2bffffe5f03
00024cf400004b75003adfecfffe6bde
00022fc300005601003add75fffe7842
0002138500006123003adb54fffe842b
0001f84100006ccc003ad983fffe8f93
0001ddf9000078ed003ad7fbfffe9a78
0001c4b200008576003ad6b3fffea4d4
0001ac6e00009259003ad5a5fffeaea6
0001952e00009f85003ad4c9fffeb7ea
00017ef10000aced003ad417fffec09e
000169b60000ba81003ad388fffec8c0
0001557b0000c833003ad312fffed04e
0001423b0000d5f4003ad2affffed749
00012ff30000e3b7003ad255fffeddb0
00011e9c0000f16f003ad1fdfffee382
00010e310000ff0f003ad19efffee8c1
0000fea900010c8c003ad131fffeed6d
0000effd000119db003ad0aefffef189
0000e224000126f1003ad00cfffef515
0000d514000133c7003acf43fffef815
0000c8c300014053003ace4dfffefa8c
0000bd2600014c8e003acd22fffefc7d
0000b23400015873003acbbafffefdeb
0000a7e0000163fc003aca0efffefedc
00009e1f00016f26003ac819fffeff54
000094e7000179ec003ac5d2fffeff57
00008c2b0001844e003ac335fffefeed
000083e000018e4b003ac03cfffefe19
00007bfc000197e3003abce0fffefce3
000074740001a116003ab91efffefb50
00006d3d0001a9e7003ab4f0fffef968
0000664e0001b25a003ab052fffef732
00005f9d0001ba71003aab40fffef4b4
000059210001c232003aa5b8fffef1f7
000052d30001c9a2003a9fb5fffeef02
00004cac0001d0c7003a9935fffeebdd
000046a40001d7a8003a9237fffee88f
000040b80001de4c003a8ab9fffee521
00003ae00001e4ba003a82b9fffee19c
0000351b0001eafa003a7a38fffede06
00002f650001f115003a7135fffeda69
000029bd0001f713003a67b0fffed6cc
000024220001fcfb003a5daafffed338
00001e93000202d7003a5325fffecfb5
00001912000208ae003a4822fffecc4b
000013a100020e88003a3ca4fffec901
00000e430002146d003a30adfffec5e1
000008fc00021a65003a2441fffec2f0
000003d000022074003a1764fffec037
fffffec5000226a3003a0a19fffebdbc
fffff9e200022cf60039fc64fffebb87
fffff52c000233720039ee4cfffeb99f
fffff0ac00023a1a0039dfd4fffeb808
ffffec69000240f30039d103fffeb6ca
ffffe86d000247ff0039c1defffeb5ea
ffffe4bf00024f3e0039b26dfffeb56e
ffffe168000256b10039a2b5fffeb55a
ffffde7300025e58003992bdfffeb5b3
ffffdbe8000266310039828dfffeb67c
ffffd9d000026e390039722bfffeb7ba
ffffd8360002766e003961a0fffeb970
ffffd72100027ec9003950f4fffebba0
ffffd69b000287460039402dfffebe4e
ffffd6ac00028fdf00392f54fffec179
ffffd75b0002988b00391e71fffec525
ffffd8b10002a14300390d8cfffec952
ffffdab30002a9fd0038fcaefffece00
ffffdd680002b2af0038ebdefffed32f
ffffe0d50002bb4f0038db26fffed8df
ffffe4fe0002c3d20038ca8cfffedf0e
ffffe9e70002cc2c0038ba19fffee5bb
ffffef920002d44f0038a9d5fffeece4
fffff6000002dc31003899c7fffef487
fffffd320002e3c3003889f8fffefca0
000005270002eaf900387a6fffff052c
00000dde0002f1c400386b32ffff0e28
000017530002f81800385c4affff178f
000021820002fde800384dbcffff215c
00002c660003032600383f8fffff2b8a
000037f9000307c5003831caffff3615
0000443400030bb800382471ffff40f5
0000510d00030ef50038178bffff4c26
00005e7c0003116f00380b1dffff57a0
00006c760003131a0037ff2affff635d
00007af0000313ef0037f3b8ffff6f56
000089de000313e20037e8caffff7b84
00009932000312eb0037de64ffff87e0
0000a8df000311030037d488ffff9461
0000b8d700030e230037cb3affffa100
0000c90a00030a460037c27affffadb5
0000d969000305680037ba4bffffba78
0000e9e50002ff840037b2aeffffc741
0000fa6e0002f89a0037aba3ffffd408
00010af30002f0a80037a52affffe0c5
00011b630002e7af00379f43ffffed6f
00012bb00002ddaf003799eefffff9ff
00013bc80002d2ac003795280000066c
00014b9c0002c6aa003790f0000012ae
00015b1c0002b9ae00378d4300001ebe
00016a390002abbe00378a2000002a94
000178e400029ce10037878200003629
0001870f00028d210037856600004174
000194ad00027c85003783c700004c70
0001a1b100026b19003782a200005715
0001ae10000258e7003781f20000615c
0001b9be000245fc003781b100006b40
0001c4b200023265003781d9000074bb
0001cee200021e2f0037826400007dc6
0001d848000209670037834d0000865e
0001e0db0001f41d0037848d00008e7c
0001e8970001de5e0037861c0000961d
0001ef780001c83a003787f400009d3d
0001f5790001b1c000378a0d0000a3d8
0001fa9900019aff00378c5f0000a9ea
0001fed70001840600378ee40000af72
0002023400016ce4003791920000b46d
000204b0000155a9003794630000b8d9
0002064e00013e620037974d0000bcb5
000207120001271e00379a4a0000c000
0002070100010fea00379d4f0000c2ba
000206200000f8d30037a0560000c4e3
000204750000e1e50037a3570000c67d
000202090000cb2c0037a6480000c787
0001fee20000b4b30037a9220000c803
0001fb0b00009e830037abde0000c7f5
0001f68c000088a50037ae720000c75e
0001f16f000073220037b0d90000c641
0001ebbf00005e000037b3090000c4a1
0001e587000049450037b4fd0000c284
0001ded2000034f70037b6ac0000bfed
0001d7aa000021180037b8110000bce0
0001d01c00000dac0037b9250000b964
0001c832fffffab40037b9e10000b57c
0001bff8ffffe8320037ba410000b131
0001b777ffffd6250037ba3e0000ac86
0001aebcffffc48a0037b9d30000a784
0001a5d0ffffb3620037b8fd0000a230
00019cbcffffa2a70037b7b600009c92
0001938affff92560037b5fb000096b2
00018a43ffff826a0037b3c800009096
000180edffff72de0037b11a00008a46
00017791ffff63ab0037adf0000083ca
00016e34ffff54cb0037aa4700007d2b
000164dbffff46360037a61d0000766f
00015b8cffff37e50037a17200006fa0
00015249ffff29d000379c44000068c6
00014915ffff1bef00379694000061e8
00013ff1ffff0e380037906300005b0f
000136dfffff00a5003789b000005443
00012ddefffef32c0037827e00004d8d
000124ecfffee5c600377ace000046f4
00011c08fffed86a003772a200004080
0001132dfffecb12003769fe00003a39
00010a59fffebdb5003760e500003426
00010185fffeb04d0037575900002e4f
0000f8adfffea2d400374d60000028bb
0000efcafffe9545003742fe00002371
0000e6d5fffe879b0037383800001e77
0000ddc6fffe79d100372d12000019d4
0000d496fffe6be6003721930000158e
0000cb3bfffe5dd6003715c1000011a9
0000c1acfffe4fa0003709a100000e2c
0000b7e1fffe41450036fd3b00000b1b
0000add0fffe32c30036f0960000087b
0000a36ffffe241f0036e3b800000650
000098b6fffe15590036d6a90000049d
00008d9bfffe06750036c97000000366
00008214fffdf7790036bc16000002ac
00007619fffde8690036aea100000274
000069a2fffdd94d0036a11a000002be
00005ca6fffdca2c0036938a0000038b
00004f1ffffdbb0d003685f8000004dc
00004105fffdabfb0036786c000006b3
00003253fffd9d0000366aee0000090e
00002303fffd8e2500365d8700000bec
00001311fffd7f770036503f00000f4e
00000279fffd71000036431e00001331
fffff13afffd62ce0036362b00001793
ffffdf52fffd54ed0036296f00001c71
ffffccc0fffd476a00361cf1000021c9
ffffb985fffd3a53003610b800002797
ffffa5a3fffd2db4003604cc00002dd7
ffff911dfffd219a0035f93300003486
ffff7bf7fffd16140035edf500003b9d
ffff6636fffd0b2f0035e31600004319
ffff4fe1fffd00f60035d89f00004af3
ffff38fffffcf7770035ce9400005327
ffff2198fffceebd0035c4fa00005bad
ffff09b5fffce6d40035bbd80000647f
fffef162fffcdfc60035b33000006d97
fffed8aafffcd99e0035ab08000076ed
fffebf98fffcd4650035a3630000807b
fffea63afffcd02300359c4500008a38
fffe8c9dfffcccdf003595b00000941e
fffe72cffffcca9f00358fa700009e24
fffe58e1fffcc96a00358a2b0000a843
fffe3ee0fffcc9430035853f0000b272
fffe24dcfffcca2e003580e30000bcaa
fffe0ae6fffccc2b00357d180000c6e2
fffdf10dfffccf3d003579dd0000d112
fffdd762fffcd362003577330000db31
fffdbdf5fffcd898003575180000e539
fffda4d5fffcdedd0035738b0000ef21
fffd8c13fffce62d0035728a0000f8e0
fffd73befffcee82003572120001026f
fffd5be5fffcf7d50035722100010bc7
fffd4497fffd0220003572b4000114e0
fffd2de1fffd0d5a003573c600011db2
fffd17d0fffd19790035755500012636
fffd0271fffd26720035775a00012e67
fffcedd0fffd343b003579d10001363d
fffcd9f7fffd42c700357cb500013db2
fffcc6f0fffd520a00357fff000144c0
fffcb4c3fffd61f5003583ab00014b62
fffca378fffd727b003587b200015192
fffc9316fffd838d00358c0c0001574c
fffc83a2fffd951d003590b300015c8b
fffc7520fffda71b003595a10001614c
fffc6792fffdb97900359acc0001658b
fffc5afcfffdcc260035a02f00016944
fffc4f5dfffddf150035a5c000016c76
fffc44b5fffdf2350035ab7900016f1e
fffc3b02fffe05780035b1510001713a
fffc3242fffe18cf0035b73f000172c9
fffc2a70fffe2c2d0035bd3d000173cb
fffc2388fffe3f840035c3410001743f
fffc1d84fffe52c70035c94400017425
fffc185dfffe65ea0035cf3c0001737e
fffc140cfffe78e10035d5230001724c
fffc1088fffe8ba20035daf00001708f
fffc0dc8fffe9e220035e09b00016e4b
fffc0bc3fffeb0590035e61c00016b82
fffc0a6efffec2400035eb6c00016836
fffc09bffffed3ce0035f0840001646c
fffc09abfffee4ff0035f55b00016028
fffc0a26fffef5cd0035f9eb00015b6d
fffc0b26ffff06340035fe2e00015641
fffc0c9fffff16330036021d000150a8
fffc0e86ffff25c7003605b200014aa9
fffc10cfffff34f0003608e700014448
fffc1370ffff43ad00360bb600013d8e
fffc165effff520100360e1c0001367f
fffc198fffff5fee0036101200012f22
fffc1cf8ffff6d770036119600012780
fffc2092ffff7aa1003612a300011f9e
fffc2453ffff876f0036133500011785
fffc2833ffff93e70036134b00010f3d
fffc2c2dffffa011003612e1000106cc
fffc3038ffffabf2003611f60000fe3c
fffc3451ffffb791003610880000f594
fffc3872ffffc2f700360e950000ecdc
fffc3c98ffffce2c00360c1f0000e41d
fffc40c1ffffd937003609240000db5e
fffc44ebffffe420003605a50000d2a9
fffc4915ffffeef1003601a20000ca04
fffc4d40fffff9b10035fd1e0000c179
fffc516d000004690035f81b0000b90f
fffc559f00000f1f0035f2990000b0ce
fffc59d8000019dd0035ec9e0000a8be
fffc5e1d000024a80035e62a0000a0e6
fffc627200002f880035df440000994e
fffc66de00003a810035d7ed000091fc
fffc6b660000459b0035d02c00008af8
fffc7012000050d90035c80400008448
fffc74e900005c3e0035bf7c00007df2
fffc79f4000067cf0035b699000077fd
fffc7f3a0000738c0035ad610000726d
fffc84c500007f780035a3da00006d48
fffc8a9e00008b9200359a0b00006893
fffc90ce000097da00358ffb00006451
fffc975f0000a44d003585b100006088
fffc9e590000b0e900357b3400005d3b
fffca5c70000bdab0035708d00005a6c
fffcadb00000ca8c003565c20000581f
fffcb61e0000d78800355adb00005656
fffcbf190000e49800354fe100005511
fffcc8a90000f1b5003544db00005453
fffcd2d40000fed4003539d30000541d
fffcdda200010bee00352ecf0000546e
fffce918000118f9003523d800005546
fffcf53b000125e9003518f6000056a5
fffd0210000132b200350e3200005889
fffd0f9800013f4a0035039300005af1
fffd1dd800014ba40034f92100005ddb
fffd2ccf000157b30034eee400006143
fffd3c7f000163690034e4e300006528
fffd4ce600016ebb0034db2700006985
fffd5e01000179990034d1b500006e56
fffd6fcf000183f70034c89500007398
fffd824a00018dc80034bfcd00007945
fffd956d000196fe0034b76500007f58
fffda93100019f8d0034af61000085cc
fffdbd900001a7680034a7c700008c9b
fffdd2800001ae830034a09e000093be
fffde7f70001b4d4003499e900009b30
fffdfdec0001ba4e003493ad0000a2e9
fffe14520001bee900348def0000aae2
fffe2b1d0001c29b003488b20000b314
fffe42400001c55c003483fa0000bb78
fffe59ad0001c72500347fc90000c406
fffe71560001c7ef00347c210000ccb6
fffe892c0001c7b5003479050000d581
fffea11f0001c673003476750000de5d
fffeb91f0001c426003474740000e743
fffed11d0001c0cc003473000000f02b
fffee9070001bc650034721b0000f90d
ffff00cf0001b6f1003471c4000101e1
ffff18640001b073003471f900010a9e
ffff2fb50001a8ec003472ba0001133c
ffff46b30001a0620034740300011bb4
ffff5d4e000196d9003475d4000123fd
ffff737800018c590034782800012c10
ffff8921000180e900347afd000133e6
ffff9e3c0001749100347e4f00013b77
ffffb2bc0001675c00348219000142bc
ffffc6950001595300348658000149af
ffffd9ba00014a8200348b0500015049
ffffec2100013af50034901c00015683
fffffdc100012aba0034959700015c59
00000e90000119dd00349b6f000161c4
00001e880001086d0034a19f000166bf
00002da20000f6790034a81f00016b46
00003bd80000e40e0034aeea00016f54
000049270000d13c0034b5f6000172e6
0000558c0000be130034bd3e000175f7
000061040000aaa10034c4b900017886
00006b90000096f50034cc6000017a8e
0000752f0000831f0034d42a00017c0f
00007de400006f2e0034dc1100017d06
000085b200005b2f0034e40a00017d73
00008c9b000047300034ec1000017d54
000092a6000033400034f41800017caa
000097d800001f6b0034fc1b00017b75
00009c3800000bbc00350411000179b5
00009fcdfffff84000350bf20001776b
0000a29fffffe500003513b50001749b
0000a4b9ffffd20700351b5300017145
0000a622ffffbf5d003522c400016d6c
0000a6e7ffffad0a00352a0000016914
0000a710ffff9b150035310100016440
0000a6a9ffff8984003537be00015ef5
0000a5beffff785a00353e3000015935
0000a459ffff679c0035445200015307
0000a285ffff574c00354a1d00014c70
0000a04effff476c00354f8b00014575
00009dbfffff37fc0035549600013e1b
00009ae3ffff28fc003559380001366a
000097c4ffff1a6900355d6d00012e68
0000946cffff0c43003561310001261c
000090e6fffefe840035647e00011d8c
00008d39fffef12900356752000114c0
0000896efffee42e003569a900010bc0
0000858efffed78b00356b8000010293
0000819efffecb3c00356cd50000f942
00007da4fffebf3900356da60000efd3
000079a7fffeb37b00356df20000e650
000075aafffea7f900356db70000dcc0
000071b0fffe9cad00356cf50000d32b
00006dbcfffe918e00356bac0000c99b
000069cffffe8693003569dd0000c016
000065eafffe7bb4003567890000b6a5
0000620cfffe70e9003564b00000ad51
00005e33fffe662a003561560000a421
00005a5efffe5b7000355d7c00009b1d
00005688fffe50b1003559260000924c
000052adfffe45e800355456000089b6
00004ec9fffe3b0e00354f1100008163
00004ad5fffe301d0035495a0000795a
000046ccfffe251000354336000071a0
000042a5fffe19e200353cab00006a3e
00003e5afffe0e90003535bd00006338
000039e1fffe031600352e7300005c95
00003532fffdf773003526d20000565a
00003045fffdeba500351ee10000508d
00002b10fffddfad003516a600004b31
0000258afffdd38b00350e280000464d
00001fa8fffdc7420035056f000041e2
00001963fffdbad30034fc8200003df6
000012b0fffdae440034f36800003a8b
00000b87fffda1980034ea2a000037a3
000003dffffd94d70034e0cf00003540
fffffbb0fffd88060034d75f00003365
fffff2f1fffd7b2d0034cde200003213
ffffe99dfffd6e550034c46100003149
ffffdfabfffd61870034bae300003109
ffffd517fffd54cd0034b17100003152
ffffc9dcfffd48330034a81200003223
ffffbdf5fffd3bc300349ed00000337b
ffffb15ffffd2f8a003495b200003558
ffffa418fffd239400348cbf000037b9
ffff9620fffd17ee0034840000003a9a
ffff8775fffd0ca400347b7c00003df8
ffff7819fffd01c50034733a000041d0
ffff680efffcf75d00346b420000461d
ffff5758fffced7a0034639b00004adc
ffff45fafffce42900345c4a00005007
ffff33fafffcdb77003455570000559a
ffff2160fffcd37100344ec600005b8e
ffff0e31fffccc230034489f000061de
fffefa78fffcc599003442e600006884
fffee63efffcbfde00343da100006f78
fffed18dfffcbafd003438d2000076b5
fffebc71fffcb7000034348000007e33
fffea6f7fffcb3ef003430ad000085eb
fffe912cfffcb1d400342d5c00008dd5
fffe7b1dfffcb0b400342a91000095ea
fffe64d9fffcb0960034284d00009e21
fffe4e6ffffcb17f003426930000a674
fffe37effffcb374003425640000aed9
fffe2167fffcb676003424c00000b748
fffe0aeafffcba87003424a90000bfbb
fffdf485fffcbfa90034251d0000c827
fffdde4afffcc5da0034261e0000d086
fffdc849fffccd18003427a80000d8ce
fffdb292fffcd55f003429bc0000e0f8
fffd9d34fffcdead00342c560000e8fd
fffd883ffffce8fa00342f740000f0d4
fffd73c1fffcf440003433140000f875
fffd5fcafffd0078003437330000ffd9
fffd4c67fffd0d9900343bcb000106f9
fffd39a5fffd1b99003440d900010dcf
fffd2790fffd2a6d0034465900011452
fffd1634fffd3a0a00344c4500011a7d
fffd059afffd4a630034529700012049
fffcf5cefffd5b6c0034594b000125b1
fffce6d6fffd6d170034605a00012ab0
fffcd8bafffd7f55003467bd00012f40
fffccb82fffd921800346f6e0001335c
fffcbf30fffda5520034776600013700
fffcb3cbfffdb8f300347f9e00013a29
fffca920fffdcd15003487db00013d35
fffc9eccfffde1fd00348fb4000140e9
fffc94a9fffdf7cd003496fd000145a4
fffc8ac7fffe0e8200349dbe00014b63
fffc8134fffe26180034a40000015224
fffc7801fffe3e870034a9cd000159e4
fffc6f3cfffe57cb0034af2e0001629e
fffc66f4fffe71db0034b42c00016c50
fffc5f36fffe8cb00034b8d0000176f6
fffc5812fffea8410034bd220001828b
fffc5193fffec4830034c12b00018f0b
fffc4bc5fffee16c0034c4f300019c71
fffc46b6fffefef10034c8830001aaba
fffc426fffff1d060034cbe30001b9e0
fffc3efbffff3b9e0034cf1b0001c9de
fffc3c63ffff5aac0034d2330001daaf
fffc3ab1ffff7a220034d5310001ec4e
fffc39ecffff99f20034d81f0001feb4
fffc3a1affffba0e0034db03000211dc
fffc3b43ffffda660034dde4000225c0
fffc3d6cfffffaec0034e0c900023a5b
fffc409800001b8e0034e3ba00024fa4
fffc44cb00003c3f0034e6bc00026597
fffc4a0700005cec0034e9d600027c2d
fffc504e00007d870034ed0e0002935e
fffc57a100009dff0034f06b0002ab25
fffc5ffe0000be440034f3f10002c37a
fffc69640000de450034f7a70002dc55
fffc73d10000fdf30034fb910002f5b1
fffc7f4100011d3e0034ffb500030f85
fffc8bb000013c1600350418000329c9
fffc991900015a6c003508be00034478
fffca7750001783100350dac00035f88
fffcb6be00019556003512e500037af2
fffcc6ea0001b1cd0035186e000396af
fffcd7f30001cd8800351e4b0003b2b6
fffce9cd0001e87b0035247f0003cf00
fffcfc6f0002029800352b0c0003eb84
fffd0fcd00021bd4003531f70004083b
fffd23dd00023424003539420004251d
fffd389000024b7e003540ef00044221
fffd4ddb000261d60035490000045f3f
fffd63af000277260035517800047c70
fffd79ff00028b6300355a58000499aa
fffd90bb00029e88003563a20004b6e7
fffda7d60002b08e00356d560004d41d
fffdbf3f0002c16f003577760004f145
fffdd6e70002d1260035820300050e57
fffdeebe0002dfb100358cfe00052b4a
fffe06b30002ed0d0035986500054816
fffe1eb70002f9370035a43a000564b3
fffe36ba000304300035b07b0005811a
fffe4eaa00030df60035bd2a00059d42
fffe66770003168d0035ca440005b924
fffe7e1200031df40035d7c90005d4b7
fffe956a000324310035e5b70005eff4
fffeac6f000329470035f40e00060ad3
fffec31200032d3b003602cb0006254d
fffed94400033013003611ed00063f5a
fffeeef5000331d500362171000658f3
ffff04160003328a0036315500067211
ffff189b0003323a0036419700068aab
ffff2c75000330ee003652340006a2bc
ffff3f9700032eb1003663280006ba3d
ffff51f500032b8e003674700006d126
ffff63840003278f0036860a0006e770
ffff7438000322c3003697f00006fd17
ffff840800031d340036aa2100071212
ffff92e9000316f20036bc960007265c
ffffa0d4000310090036cf4e000739ef
ffffadc0000308890036e24100074cc5
ffffb9a6000300800036f56e00075ed8
ffffc4810002f7ff003708cd00077022
ffffce4b0002ef1400371c5c0007809f
ffffd7000002e5cf0037301400079049
ffffde9e0002dc41003743f000079f1c
ffffe5200002d27b003757eb0007ad11
ffffea870002c88c00376bff0007ba26
ffffeed20002be85003780270007c654
fffff2010002b4770037945d0007d199
fffff4170002aa710037a89b0007dbf0
fffff5150002a0860037bcdb0007e556
fffff4ff000296c30037d1160007edc7
fffff3da00028d3b0037e5470007f53f
fffff1ab000283fb0037f9670007fbbb
ffffee7900027b1400380d6f0008013a
ffffea4a000272940038215a000805b7
ffffe52600026a8a0038351f00080931
ffffdf1700026303003848ba00080ba5
ffffd82600025c0d00385c2200080d12
ffffd05e000255b600386f5100080d76
ffffc7c9000250080038824000080ccf
ffffbe7400024b0f003894e800080b1c
ffffb46b000246d70038a7430008085c
ffffa9bb000243680038b9480008048e
ffff9e72000240cd0038caf20007ffb2
ffff929e00023f0e0038dc390007f9c8
ffff864e00023e310038ed150007f2cf
ffff799100023e3f0038fd800007eac8
ffff6c7600023f3c00390d740007e1b4
ffff5f0e0002412d00391ce70007d792
ffff51670002441600392bd50007cc64
ffff4392000247fa00393a350007c02b
ffff359f00024cdb003948010007b2e8
ffff27a0000252ba003955310007a49e
ffff19a400025997003961bf0007954e
ffff0bbb0002617100396da5000784fa
fffefdf600026a46003978da000773a4
fffef066000274130039835900076150
fffee31900027ed400398d1a00074dff
fffed61f00028a8400399618000739b6
fffec9890002971e00399e4c00072477
fffebd640002a49c0039a5af00070e46
fffeb1c00002b2f50039ac3c0006f726
fffea6aa0002c2210039b1eb0006df1c
fffe9c300002d2170039b6b70006c62b
fffe925f0002e2cd0039ba9a0006ac58
fffe89430002f4390039bd8e000691a8
fffe80e8000306500039bf8e0006761f
fffe7959000319040039c094000659c3
fffe72a000032c490039c09a00063c98
fffe6cc7000340130039bf9b00061ea3
fffe67d5000354530039bd930005ffeb
fffe63d4000368fb0039ba7c0005e075
fffe60c900037dfc0039b6520005c046
fffe5ebb000393480039b10f00059f65
fffe5daf0003a8ce0039aab000057dd9
fffe5daa0003be7f0039a33100055ba6
fffe5ead0003d44c00399a8c000538d4
fffe60bd0003ea23003990bf0005156a
fffe63d90003fff5003985c60004f16e
fffe6803000415b20039799d0004cce8
fffe6d3900042b4900396c400004a7dd
fffe737a000440aa00395dae00048256
fffe7ac4000455c500394de300045c5a
fffe831300046a8a00393cdc000435ef
fffe8c6200047eea00392a9700040f1e
fffe96ad000492d5003917120003e7ee
fffea1ec0004a63d0039024a0003c067
fffeae190004b9120038ec3f00039891
fffebb2c0004cb470038d4ee00037072
fffec91b0004dccd0038bc5600034814
fffed7de0004ed990038a27700031f7f
fffee7680004fd9c0038874e0002f6b9
fffef7b100050ccd00386adc0002cdcc
ffff08ab00051b1e00384d210002a4bf
ffff1a4a0005288700382e1b00027b9a
ffff2c81000534fd00380dcc00025266
ffff3f42000540770037ec330002292b
ffff528000054aee0037c9510001fff1
ffff662b0005545a0037a5270001d6c0
ffff7a3400055cb500377fb60001ada1
ffff8e8c000563f9003758ff0001849a
ffffa32400056a230037310300015bb6
ffffb7eb00056f2d003707c5000132fc
ffffccd2000573170036dd4700010a73
ffffe1c7000575de0036b18a0000e224
fffff6bc00057781003684910000ba18
00000b9e000578020036565f00009255
0000205f00057761003626f600006ae4
000034ed000575a00035f65b000043cd
00004939000572c30035c48f00001d17
00005d3300056ecd00359198fffff6ca
000070cb000569c500355d78ffffd0ef
000083f3000563b000352833ffffab8b
0000969a00055c940034f1cfffff86a7
0000a8b30005547b0034ba4fffff624a
0000ba3000054b6b003481b8ffff3e7a
0000cb040005416f0034480effff1b40
0000db200005369100340d58fffef8a3
0000ea7a00052add0033d19afffed6a7
0000f90600051e5c003394dafffeb556
000106b80005111d0033571dfffe94b4
000113870005032b0033186afffe74c9
00011f6a0004f4950032d8c5fffe559a
00012a570004e56900329837fffe372e
000134470004d5b4003256c4fffe198b
00013d340004c58700321474fffdfcb5
000145160004b4f00031d14cfffde0b4
00014beb0004a3ff00318d55fffdc58b
000151ac000492c500314895fffdab41
000156580004815000310313fffd91da
000159eb00046fb30030bcd7fffd795b
00015c6500045dfc003075e7fffd61c9
00015dc600044c3d00302e4dfffd4b27
00015e0f00043a86002fe60efffd357b
00015d40000428e7002f9d33fffd20c7
00015b5c00041771002f53c5fffd0d11
0001586900040634002f09cafffcfa5b
000154690003f540002ebf4cfffce8a8
00014f620003e4a3002e7451fffcd7fc
0001495b0003d46f002e28e4fffcc85a
0001425b0003c4b0002ddd0bfffcb9c4
00013a6b0003b575002d90d0fffcac3c
000131920003a6cd002d443bfffc9fc6
000127dc000398c5002cf754fffc9461
00011d5200038b68002caa24fffc8a12
0001120000037ec4002c5cb4fffc80d7
000105f1000372e4002c0f0dfffc78b4
0000f933000367d2002bc136fffc71a9
0000ebd200035d97002b733afffc6bb7
0000dddd0003543e002b2520fffc66de
0000cf6100034bce002ad6f1fffc631e
0000c06d0003444f002a88b7fffc6077
0000b11000033dc7002a3a79fffc5eea
0000a15b0003383b0029ec41fffc5e75
0000915c000333b100299e17fffc5f19
000081230003302c00295005fffc60d3
000070c100032dae00290212fffc63a3
0000604600032c3a0028b447fffc6787
00004fc300032bd0002866adfffc6c7e
00003f4700032c710028194cfffc7285
00002ee400032e1a0027cc2dfffc799b
00001ea9000330cb00277f58fffc81bd
00000ea70003347f002732d6fffc8ae9
fffffeed000339330026e6aefffc951b
ffffef8c00033ee200269ae8fffca051
ffffe0910003458600264f8efffcac86
ffffd20d00034d18002604a5fffcb9b9
ffffc40e000355900025ba37fffcc7e4
ffffb6a200035ee70025704bfffcd705
ffffa9d500036913002526e9fffce716
ffff9db60003740a0024de17fffcf813
ffff925000037fc0002495defffd09f9
ffff87af00038c2b00244e44fffd1cc1
ffff7ddd0003993f00240750fffd3067
ffff74e60003a6ee0023c10afffd44e6
ffff6cd20003b52b00237b77fffd5a39
ffff65a90003c3e80023369ffffd705a
ffff5f750003d3170022f287fffd8743
ffff5a3a0003e2a90022af36fffd9eee
ffff56000003f28e00226cb2fffdb756
ffff52cb000402b800222b00fffdd073
ffff509f000413170021ea27fffdea41
ffff4f7f0004239a0021aa2bfffe04b7
ffff4f6e0004343100216b12fffe1fd1
ffff506d000444cc00212ce0fffe3b85
ffff527c0004555b0020ef9cfffe57cf
ffff559a000465ce0020b348fffe74a6
ffff59c600047613002077eafffe9204
ffff5efc0004861c00203d86fffeafe1
ffff653a000495d90020041ffffece36
ffff6c7a0004a538001fcbb9fffeecfb
ffff74b70004b42d001f9459ffff0c29
ffff7deb0004c2a6001f5e00ffff2bb7
ffff880f0004d096001f28b2ffff4b9f
ffff93190004ddef001ef472ffff6bd9
ffff9f020004eaa3001ec143ffff8c5c
ffffabc00004f6a5001e8f26ffffad20
ffffb948000501e9001e5e1effffce1e
ffffc78e00050c62001e2e2dffffef4d
ffffd68700051605001dff53000010a5
ffffe62600051ec9001dd1940000321f
fffff65f000526a4001da4ee000053b1
0000072200052d8c001d796400007555
000018630005337a001d4ef600009700
00002a1300053867001d25a50000b8ac
00003c2100053c4c001cfd700000da51
00004e7f00053f24001cd6570000fbe5
0000611e000540eb001cb05a00011d61
000073ed0005419c001c8b7800013ebd
000086db00054137001c67b100015ff0
000099da00053fb9001c4502000180f2
0000acd700053d21001c236c0001a1bd
0000bfc400053970001c02ec0001c246
0000d290000534a7001be3810001e287
0000e52a00052ec9001bc52800020278
0000f782000527d9001ba7df00022211
0001098a00051fdb001b8ba30002414a
00011b30000516d4001b70720002601b
00012c6600050ccb001b564900027e7e
00013d1d000501c5001b3d2500029c6a
00014d470004f5cc001b25010002b9d9
00015cd60004e8e8001b0ddb0002d6c3
00016bbc0004db22001af7af0002f322
000179ec0004cc85001ae27800030eed
0001875b0004bd1b001ace3200032a20
000193fd0004acf0001abad8000344b1
00019fc700049c11001aa86700035e9d
0001aaaf00048a8b001a96d8000377db
0001b4ac0004786b001a862800039065
0001bdb6000465bf001a76500003a837
0001c5c400045296001a674c0003bf49
0001ccd000043eff001a59150003d596
0001d2d400042b09001a4ba60003eb19
0001d7cc000416c4001a3ef90003ffcc
0001dbb300040240001a3307000413aa
0001de860003ed8d001a27cc000426ae
0001e0440003d8bb001a1d3f000438d4
0001e0eb0003c3db001a135b00044a16
0001e07b0003aefe001a0a1900045a70
0001def500039a32001a0171000469df
0001dc5b0003858a0019f95e0004785e
0001d8af000371150019f1d8000485e9
0001d3f600035ce30019ead80004927d
0001ce33000349040019e45700049e17
0001c76e000335870019de4d0004a8b3
0001bfab0003227c0019d8b20004b24f
0001b6f200030ff10019d3800004bae9
0001ad4d0002fdf40019ceaf0004c27c
0001a2c30002ec940019ca360004c909
0001975e0002dbdd0019c60f0004ce8c
00018b2a0002cbdb0019c2310004d304
00017e320002bc9b0019be950004d670
000170810002ae280019bb330004d8ce
000162240002a08d0019b8020004da1d
00015329000293d30019b4fb0004da5d
0001439d000288020019b2160004d98c
0001338e00027d240019af4a0004d7ac
0001230c0002733f0019ac910004d4bc
0001122600026a590019a9e10004d0bc
000100ea000262790019a7330004cbac
0000ef6a00025ba20019a47f0004c58e
0000ddb4000255d70019a1bd0004be63
0000cbd90002511d00199ee50004b62b
0000b9ea00024d7400199bef0004ace7
0000a7f600024adc001998d40004a29b
0000960e000249560019958b00049747
00008443000248e10019920d00048aee
000072a50002497900198e5200047d92
0000614300024b1c00198a5200046f37
0000502e00024dc60019860700045fdd
00003f76000251710019816800044f8a
00002f280002561800197c6f00043e40
00001f5500025bb30019771400042c02
0000100b0002623b00197150000418d5
00000158000269a700196b1b000404bc
fffff348000271ee001964700003efbb
ffffe5e900027b0600195d480003d9d8
ffffd947000284e30019559a0003c316
ffffcd6e00028f7a00194d630003ab7a
ffffc26800029abf0019449a00039309
ffffb83f0002a6a500193b39000379c9
ffffaefd0002b31e0019313c00035fbe
ffffa6aa0002c01c0019269b000344ef
ffff9f4d0002cd9100191b5100032961
ffff98ee0002db6e00190f5800030d19
ffff93920002e9a4001902ac0002f01f
ffff8f3d0002f8220018f5460002d277
ffff8bf5000306da0018e7220002b429
ffff89bb000315bb0018d83c0002953c
ffff8893000324b40018c88d000275b4
ffff887c000333b60018b8130002559a
ffff8978000342b10018a6c8000234f5
ffff8b8500035193001894aa000213cb
ffff8ea10003604d001881b30001f223
ffff92ca00036ece00186de00001d006
ffff97fb00037d080018592e0001ad79
ffff9e3100038ae90018439a00018a86
ffffa5650003986300182d2100016732
ffffad920003a566001815c000014387
ffffb6af0003b1e50017fd7400011f8b
ffffc0b40003bdd10017e43c0000fb47
ffffcb990003c91c0017ca150000d6c3
ffffd7530003d3b90017aefe0000b206
ffffe3d80003dd9d001792f500008d18
fffff11c0003e6bb001775f800006802
ffffff140003ef0700175806000042cb
00000db20003f6790017392000001d7c
00001cea0003fd0600171943fffff81d
00002cae000402a50016f870ffffd2b6
00003cef0004074f0016d6a7ffffad4f
00004d9f00040afd0016b3e7ffff87f1
00005eaf00040da800169032ffff62a2
0000700e00040f4a00166b87ffff3d6d
000081ae00040fe1001645e7ffff1858
0000937e00040f6800161f54fffef36d
0000a56e00040ddc0015f7cffffeceb2
0000b76e00040b3e0015cf5afffeaa30
0000c96d0004078a0015a5f5fffe85ef
0000db5c000402c400157ba4fffe61f8
0000ed290003fceb00155068fffe3e51
0000fec50003f60200152444fffe1b02
0001101f0003ee0d0014f73bfffdf814
000121280003e50f0014c950fffdd58e
000131d10003db0f00149a85fffdb378
000142090003d01200146adefffd91d9
000151c30003c41f00143a60fffd70b8
000160ef0003b73e0014090dfffd501c
00016f810003a9780013d6e9fffd300e
00017d6a00039ad70013a3fafffd1093
00018a9f00038b6400137042fffcf1b3
0001971200037b2b00133bc8fffcd374
0001a2b900036a3800130690fffcb5dd
0001ad88000358960012d09ffffc98f5
0001b77600034654001299f9fffc7cc2
0001c07a0003337e001262a6fffc6149
0001c88b0003202200122aa9fffc4692
0001cfa200030c510011f209fffc2ca1
0001d5b90002f8170011b8ccfffc137d
0001dac80002e38500117ef9fffbfb2b
0001decc0002ceaa00114494fffbe3b0
0001e1c10002b997001109a5fffbcd11
0001e3a40002a45b0010ce32fffbb754
0001e47300028f0700109242fffba27c
0001e42d000279ab001055dcfffb8e90
0001e2d20002645700101906fffb7b92
0001e06200024f1c000fdbc8fffb6986
0001dce000023a0b000f9e2afffb5872
0001d84f00022532000f6031fffb4859
0001d2b3000210a3000f21e6fffb393d
0001cc100001fc6d000ee351fffb2b22
0001c46c0001e8a0000ea479fffb1e0c
0001bbcd0001d549000e6565fffb11fd
0001b23c0001c279000e261dfffb06f7
0001a7c00001b03d000de6aafffafcfe
00019c6200019ea2000da713fffaf412
0001902d00018db7000d6760fffaec36
0001832b00017d86000d2799fffae56c
0001756800016e1d000ce7c7fffadfb5
000166f000015f86000ca7f1fffadb11
000157cf000151cb000c681ffffad783
00014812000144f6000c285afffad50a
000137c900013910000be8aafffad3a7
0001270000012e21000ba917fffad35b
000115c70001242f000b69a9fffad425
0001042d00011b42000b2a68fffad604
0000f2410001135e000aeb5dfffad8f9
0000e01400010c87000aac90fffadd02
0000cdb5000106c2000a6e08fffae21f
0000bb3500010210000a2fcffffae84e
0000a8a30000fe720009f1ebfffaef8d
000096110000fbea0009b465fffaf7dc
0000838e0000fa7800097745fffb0137
0000712b0000fa1800093a93fffb0b9d
00005ef90000faca0008fe56fffb170c
00004d070000fc890008c297fffb2380
00003b640000ff520008875cfffb30f6
00002a220001031f00084caefffb3f6c
0000194e000107eb00081294fffb4edf
000008f700010dad0007d915fffb5f49
fffff92c0001145e0007a039fffb70a9
ffffe9fc00011bf600076806fffb82f9
ffffdb720001246a00073083fffb9636
ffffcd9c00012db10006f9b9fffbaa5b
ffffc085000137c00006c3acfffbbf63
ffffb43b0001428a00068e64fffbd54a
ffffa8c600014e03000659e8fffbec0b
ffff9e3000015a1f0006263cfffc039f
ffff9484000166cf0005f369fffc1c03
ffff8bca000174060005c173fffc3530
ffff8408000181b600059061fffc4f21
ffff7d4500018fce00056038fffc69d0
ffff778800019e40000530fdfffc8536
ffff72d50001acfb000502b6fffca14d
ffff6f2f0001bbf20004d568fffcbe0f
ffff6c9a0001cb120004a918fffcdb76
ffff6b170001da4b00047dcbfffcf97a
ffff6aa80001e98f00045384fffd1816
ffff6b4c0001f8cb00042a48fffd3741
ffff6d03000207f00004021cfffd56f5
ffff6fca000216ee0003db03fffd772a
ffff739e000225b30003b500fffd97da
ffff787d0002343200039018fffdb8fc
ffff7e600002425900036c4dfffdda8a
ffff85420002501a000349a3fffdfc7b
ffff8d1d00025d650003281cfffe1ec8
ffff95e900026a2c000307bafffe416a
ffff9f9e000276610002e881fffe6457
ffffaa32000281f60002ca71fffe8789
ffffb59b00028cdf0002ad8efffeaaf8
ffffc1d00002970f000291d7fffece9b
ffffcec30002a07a00027750fffef269
ffffdc6a0002a91600025df8ffff165d
ffffeab80002b0d7000245d1ffff3a6c
fffff99e0002b7b500022edbffff5e8e
000009100002bda700021917ffff82bd
000018ff0002c2a500020484ffffa6ef
0000295c0002c6a80001f124ffffcb1c
00003a180002c9a90001def4ffffef3c
00004b230002cba50001cdf600001347
00005c6e0002cc950001be2700003734
00006de90002cc780001af8700005afd
00007f830002cb4b0001a21400007e97
0000912c0002c90c000195cd0000a1fc
0000a2d40002c5bb00018ab00000c523
0000b46a0002c159000180bc0000e805
0000c5de0002bbe7000177ed00010a99
0000d7200002b5670001704100012cd8
0000e81f0002addd000169b500014eba
0000f8cd0002a54e0001644700017037
0001091a00029bbe00015ff400019148
000118f60002913400015cb70001b1e5
00012852000285b700015a8d0001d207
0001372100027950000159730001f1a6
0001455400026c0600015964000210bc
000152df00025de300015a5c00022f41
00015fb500024ef300015c5600024d2f
00016bc900023f3f00015f4e00026a7f
0001771000022ed40001633f00028729
0001818000021dbe000168240002a329
00018b0e00020c0b00016df70002be76
000193b30001f9c8000174b30002d90c
00019b640001e70200017c530002f2e4
0001a21c0001d3c9000184d000030bf8
0001a7d30001c02c00018e2500032443
0001ac840001ac3a0001984b00033bbf
0001b02b000198030001a33c00035267
0001b2c2000183970001aef200036836
0001b44900016f060001bb6600037d27
0001b4bc00015a5f0001c89100039135
0001b41b000145b50001d66c0003a45b
0001b266000131160001e4f10003b695
0001af9d00011c940001f4170003c7e0
0001abc40001083e000203d90003d837
0001a6de0000f4240002142d0003e797
0001a0ed0000e0580002250e0003f5fb
000199f70000cce70002367300040362
000192010000b9e20002485500040fc7
000189140000a75800025aac00041b29
00017f350000955600026d6f00042584
0001746d000083ec0002809800042ed6
0001693c000072e0000293da00043795
00015e93000061ac0002a6a9000440af
000154e2000050030002b8c600044a9c
00014c1d00003dda0002ca390004555f
0001443800002b240002db0c000460f8
00013d26000017d90002eb4600046d6a
000136da000003ed0002faf200047ab4
00013145ffffef5900030a17000488d9
00012c59ffffda12000318be000497d7
00012807ffffc414000326f00004a7b0
0001243effffad56000334b60004b864
000120f1ffff95d4000342180004c9f3
00011e0effff7d8900034f200004dc5b
00011b86ffff647200035bd60004ef9d
00011948ffff4a8c00036842000503b7
00011743ffff2fd40003746e000518a8
00011567ffff144b0003806100052e6f
000113a4fffef7f200038c250005450a
000111e9fffedac8000397c200055c78
00011025fffebcd00003a340000574b5
00010e48fffe9e0e0003aea800058dc1
00010c43fffe7e850003ba010005a797
00010a06fffe5e3b0003c5550005c236
00010782fffe3d360003d0aa0005dd9b
000104a6fffe1b7c0003dc090005f9c2
00010166fffdf9150003e77a000616a7
0000fdb3fffdd60a0003f30400063447
0000f980fffdb2640003feb00006529f
0000f4c0fffd8e2d00040a84000671a9
0000ef66fffd69700004168700069162
0000e968fffd4438000422c20006b1c6
0000e2bafffd1e9200042f3b0006d2ce
0000db53fffcf88a00043bf80006f478
0000d328fffcd22e00044902000716bd
0000ca33fffcab8c0004565d00073998
0000c06bfffc84b20004641100075d04
0000b5c9fffc5dae00047223000780fc
0000aa49fffc36900004809b0007a579
00009de4fffc0f6800048f7d0007ca75
00009098fffbe84400049ed00007efeb
00008261fffbc1340004ae98000815d4
0000733dfffb9a4a0004bedb00083c2b
0000632cfffb73940004cf9f000862e7
0000522cfffb4d230004e0e700088a03
00004040fffb27060004f2b90008b178
00002d69fffb014f000505190008d940
000019aafffadc0c0005180c00090152
00000507fffab74c00052b94000929a8
ffffef84fffa932100053fb70009523b
ffffd927fffa6f970005547800097b04
ffffc1f7fffa4cbf000569d90009a3fa
ffffa9fbfffa2aa600057fde0009cd17
ffff913cfffa095a0005968b0009f654
ffff77c2fff9e8e80005ade0000a1fa7
ffff5d97fff9c95d0005c5e2000a490b
ffff42c7fff9aac40005de92000a7276
ffff275cfff98d290005f7f2000a9be2
ffff0b63fff9709800061204000ac546
fffeeee7fff9551800062cc8000aee9b
fffed1f7fff93ab500064841000b17d9
fffeb4a1fff921760006646f000b40f7
fffe96f1fff9096200068153000b69ef
fffe78f7fff8f28000069eed000b92b8
fffe5ac3fff8dcd60006bd3e000bbb4a
fffe3c63fff8c8680006dc46000be39e
fffe1de7fff8b53b0006fc03000c0bab
fffdff5ffff8a35100071c77000c336a
fffde0dbfff892ad00073d9f000c5ad3
fffdc26cfff8834f00075f7b000c81de
fffda421fff875370007820a000ca884
fffd860afff868640007a54b000ccebd
fffd6838fff85cd50007c93a000cf481
fffd4abcfff852870007edd8000d19c9
fffd2da3fff8497500081321000d3e8d
fffd10fffff8419b00083912000d62c6
fffcf4defff83af300085faa000d866d
fffcd950fff83577000886e6000da97b
fffcbe62fff8311f0008aec2000dcbe8
fffca424fff82de20008d73b000dedae
fffc8aa2fff82bb80009004e000e0ec6
fffc71eafff82a97000929f6000e2f28
fffc5a08fff82a7400095430000e4ecf
fffc4307fff82b4200097ef9000e6db5
fffc2cf4fff82cf70009aa4a000e8bd1
fffc17d8fff82f860009d621000ea920
fffc03bcfff832e0000a0278000ec59a
fffbf0abfff836f8000a2f4a000ee139
fffbdeabfff83bbf000a5c92000efbf8
fffbcdc5fff84127000a8a4b000f15d2
fffbbdfdfff84720000ab870000f2ec1
fffbaf5afff84d9b000ae6fb000f46c0
fffba1dffff85487000b15e5000f5dca
fffb9592fff85bd4000b452b000f73da
fffb8a73fff86372000b74c4000f88eb
fffb8084fff86b50000ba4ab000f9cf9
fffb77c7fff8735e000bd4da000fb000
fffb703afff87b8b000c054a000fc1fc
fffb69ddfff883c6000c35f4000fd2e9
fffb64adfff88bfe000c66d2000fe2c4
fffb60a7fff89424000c97de000ff188
fffb5dc6fff89c28000cc90f000fff33
fffb5c06fff8a3f9000cfa5f00100bc2
fffb5b60fff8ab87000d2bc700101733
fffb5bcefff8b2c4000d5d4000102182
fffb5d47fff8b9a1000d8ec200102aad
fffb5fc3fff8c010000dc046001032b3
fffb6339fff8c603000df1c500103991
fffb679efff8cb6c000e233700103f46
fffb6ce7fff8d040000e5494001043d1
fffb7308fff8d472000e85d500104731
fffb79f6fff8d7f7000eb6f200104964
fffb81a2fff8dac5000ee7e400104a6b
fffb8a00fff8dcd2000f18a200104a44
fffb9301fff8de15000f4926001048f0
fffb9c97fff8de87000f79670010466f
fffba6b2fff8de20000fa95e001042c0
fffbb144fff8dcda000fd90400103de6
fffbbc3cfff8dab00010084f001037e0
fffbc78bfff8d79d00103739001030af
fffbd31ffff8d39e001065ba00102856
fffbdeeafff8ceb0001093cb00101ed4
fffbeadafff8c8d30010c1630010142d
fffbf6defff8c2050010ee7c00100863
fffc02e7fff8ba4700111b0d000ffb77
fffc0ee4fff8b19b00114710000fed6c
fffc1ac4fff8a8020011727d000fde44
fffc2678fff89d8100119d4d000fce04
fffc31effff8921b0011c778000fbcad
fffc3d1afff885d60011f0f8000faa44
fffc47eafff878b7001219c6000f96cc
fffc524ffff86ac7001241da000f8248
fffc5c3cfff85c0c0012692d000f6cbd
fffc65a2fff84c8f00128fba000f5630
fffc6e75fff83c5b0012b57a000f3ea4
fffc76a7fff82b780012da66000f261f
fffc7e2cfff819f30012fe78000f0ca4
fffc84fafff807d7001321a9000ef23a
fffc8b05fff7f52f001343f5000ed6e6
fffc9043fff7e20a00136554000ebaac
fffc94acfff7ce74001385c1000e9d94
fffc9837fff7ba7c0013a537000e7fa1
fffc9addfff7a6300013c3b1000e60dc
fffc9c97fff7919f0013e128000e4149
fffc9d5ffff77cd80013fd99000e20ef
fffc9d32fff767eb001418fe000dffd4
fffc9c0afff752e600143352000dde00
fffc99e6fff73ddb00144c92000dbb78
fffc96c4fff728da001464b9000d9845
fffc92a2fff713f200147bc3000d746c
fffc8d81fff6ff33001491ab000d4ff6
fffc8762fff6eaae0014a66f000d2ae9
fffc8047fff6d6730014ba0b000d054c
fffc7833fff6c2910014cc7c000cdf28
fffc6f29fff6af190014ddbe000cb885
fffc6530fff69c190014edcf000c9169
fffc5a4cfff689a10014fcad000c69dc
fffc4e85fff677be00150a54000c41e7
fffc41e1fff66681001516c4000c1992
fffc346afff655f5001521f9000bf0e4
fffc2629fff6462900152bf3000bc7e6
fffc1727fff63729001534b0000b9ea0
fffc076ffff6290100153c2f000b751a
fffbf70dfff61bbd0015426f000b4b5c
fffbe60dfff60f660015476f000b216f
fffbd47cfff6040800154b2f000af75b
fffbc266fff5f9aa00154dae000acd28
fffbafdbfff5f05600154eed000aa2df
fffb9ce8fff5e81200154eeb000a7888
fffb899cfff5e0e600154daa000a4e2c
fffb7606fff5dad700154b2a000a23d2
fffb6236fff5d5e90015476c0009f984
fffb4e3bfff5d222001542710009cf49
fffb3a25fff5cf8200153c3b0009a52a
fffb2605fff5ce0d001534cc00097b2f
fffb11eafff5cdc400152c2500095161
fffafde5fff5cea600152249000927c6
fffaea06fff5d0b2001517390008fe69
fffad65efff5d3e700150af90008d550
fffac2fcfff5d8410014fd8c0008ac83
fffaaff0fff5ddbd0014eef50008840b
fffa9d4afff5e4560014df3600085bf0
fffa8b18fff5ec060014ce5400083438
fffa796bfff5f4c70014bc5200080cec
fffa6850fff5fe900014a9350007e612
fffa57d6fff6095a001495000007bfb4
fffa480afff6151c00147fb8000799d7
fffa38f9fff621cb0014696200077483
fffa2aaffff62f5d0014520200074fbf
fffa1d39fff63dc60014399e00072b91
fffa10a1fff64cfa0014203a00070801
fffa04f1fff65cec001405dc0006e516
fff9fa34fff66d900013ea8a0006c2d5
fff9f072fff67ed60013ce4a0006a144
fff9e7b3fff690b00013b1210006806b
fff9dffefff6a311001393150006604f
fff9d959fff6b5e70013742e000640f5
fff9d3cafff6c9240013547100062263
fff9cf55fff6dcb8001333e4000604a0
fff9cbfdfff6f092001312900005e7af
fff9c9c4fff704a30012f07a0005cb95
fff9c8adfff718d90012cdaa0005b059
fff9c8b8fff72d240012aa27000595fe
fff9c9e5fff74174001285f800057c88
fff9cc31fff755b800126125000563fd
fff9cf9bfff769df00123bb500054c5f
fff9d41ffff77dda001215b0000535b3
fff9d9b9fff791980011ef1e00051ffc
fff9e064fff7a50a0011c80600050b3e
fff9e819fff7b8200011a0710004f77b
fff9f0d3fff7cacb001178660004e4b7
fff9fa88fff7dcfd00114fee0004d2f4
fffa0530fff7eea7001127110004c235
fffa10c1fff7ffbc0010fdd70004b27b
fffa1d32fff8102f0010d4490004a3c9
fffa2a77fff81ff40010aa6e00049620
fffa3885fff82efe0010804f00048982
fffa474efff83d43001055f500047def
fffa56c6fff84ab900102b680004736a
fffa66e0fff85756001000b0000469f3
fffa778dfff86311000fd5d700046189
fffa88befff86de4000faae400045a2e
fffa9a65fff877c6000f7fdf000453e2
fffaac72fff880b2000f54d300044ea3
fffabed6fff888a3000f29c600044a72
fffad17ffff88f94000efec10004474e
fffae45ffff89583000ed3cd00044536
fffaf765fff89a6d000ea8f200044429
fffb0a81fff89e51000e7e3900044425
fffb1da1fff8a12f000e53a900044528
fffb30b6fff8a307000e294b00044731
fffb43aefff8a3db000dff2700044a3d
fffb567bfff8a3ad000dd54600044e4b
fffb690bfff8a281000dabae00045357
fffb7b4ffff8a05c000d82680004595e
fffb8d38fff89d43000d597d0004605e
fffb9eb6fff8993d000d30f200046853
fffbafbafff89450000d08d100047139
fffbc037fff88e84000ce12100047b0e
fffbd01efff887e3000cb9e8000485cc
fffbdf63fff88076000c932f00049170
fffbedf8fff87848000c6cfc00049df5
fffbfbd2fff86f64000c47560004ab57
fffc08e6fff865d5000c22440004b991
fffc1529fff85ba9000bfdce0004c89e
fffc2091fff850ec000bd9f80004d879
fffc2b15fff845ab000bb6cb0004e91d
fffc34aefff839f6000b944b0004fa83
fffc3d53fff82ddb000b728000050ca7
fffc4500fff82168000b516e00051f82
fffc4badfff814ad000b311b0005330e
fffc5157fff807b9000b118e00054745
fffc55fafff7fa9d000af2cb00055c22
fffc5994fff7ed69000ad4d70005719d
fffc5c22fff7e02c000ab7b8000587af
fffc5da5fff7d2f7000a9b7100059e52
fffc5e1bfff7c5da000a80080005b580
fffc5d88fff7b8e6000a65810005cd30
fffc5becfff7ac2a000a4be00005e55c
fffc594bfff79fb6000a33280005fdfd
fffc55aafff7939a000a1b5e0006170b
fffc510cfff787e6000a04840006307f
fffc4b79fff77ca80009ee9e00064a51
fffc44f7fff771f00009d9af0006647a
fffc3d8efff767cb0009c5ba00067ef2
fffc3546fff75e470009b2c0000699b0
fffc2c29fff755720009a0c50006b4af
fffc2240fff74d5800098fca0006cfe4
fffc1797fff7460600097fd10006eb49
fffc0c3afff73f85000970dc000706d5
fffc0035fff739e2000962ec00072281
fffbf394fff735260009560100073e44
fffbe664fff7315b00094a1d00075a16
fffbd8b5fff72e8700093f40000775ef
fffbca94fff72cb40009356b000791c8
fffbbc11fff72be700092c9e0007ad97
fffbad3afff72c27000924d70007c955
fffb9e1ffff72d7700091e180007e4fa
fffb8ed0fff72fdc0009185f0008007e
fffb7f5dfff73358000913ac00081bd8
fffb6fd6fff737ee00090ffd00083701
fffb604bfff73d9f00090d51000851f1
fffb50cdfff7446a00090ba600086ca0
fffb416cfff74c4e00090afa00088706
fffb3238fff7554900090b4c0008a11a
fffb2341fff75f5900090c990008bad7
fffb1497fff76a7a00090ede0008d433
fffb064afff776a7000912180008ed28
fffaf869fff783d900091645000905ad
fffaeb03fff7920b00091b6200091dbc
fffade26fff7a1350009216a0009354d
fffad1e1fff7b14e0009285b00094c5a
fffac640fff7c24e00093030000962da
fffabb52fff7d429000938e5000978c8
fffab123fff7e6d70009427500098e1c
fffaa7bdfff7fa4a00094cde0009a2d0
fffa9f2dfff80e78000958180009b6dd
fffa977cfff82353000964210009ca3e
fffa90b4fff838cd000970f20009dceb
fffa8adefff84ed900097e860009eede
fffa8602fff8656900098cd9000a0013
fffa8226fff87c6d00099be3000a1083
fffa7f51fff893d70009aba0000a2028
fffa7d89fff8ab960009bc09000a2efe
fffa7cd0fff8c39c0009cd19000a3cff
fffa7d2bfff8dbd70009dec9000a4a26
fffa7e9dfff8f4370009f112000a566f
fffa8126fff90cac000a03ef000a61d4
fffa84c7fff92526000a1758000a6c52
fffa8980fff93d95000a2b46000a75e4
fffa8f4ffff955e6000a3fb3000a7e87
fffa9631fff96e0c000a5497000a8636
fffa9e24fff985f4000a69ec000a8cee
fffaa722fff99d90000a7fa9000a92ab
fffab128fff9b4cf000a95c8000a976c
fffabc2dfff9cba3000aac41000a9b2c
fffac82dfff9e1fc000ac30d000a9de9
fffad51dfff9f7cd000ada24000a9fa0
fffae2f7fffa0d06000af17d000aa051
fffaf1affffa219c000b0912000a9ff8
fffb013dfffa3580000b20db000a9e93
fffb1194fffa48a6000b38cf000a9c22
fffb22a9fffa5b04000b50e7000a98a4
fffb346ffffa6c8e000b691b000a9416
fffb46dafffa7d3b000b8162000a8e79
fffb59dcfffa8d00000b99b5000a87cc
fffb6d66fffa9bd6000bb20c000a800e
fffb816bfffaa9b5000bca5e000a7740
fffb95dafffab696000be2a4000a6d61
fffbaaa5fffac273000bfad6000a6273
fffbbfbcfffacd48000c12eb000a5676
fffbd50ffffad711000c2adb000a496b
fffbea8dfffadfca000c42a0000a3b53
fffc0027fffae771000c5a2f000a2c2f
fffc15ccfffaee06000c7183000a1c01
fffc2b6cfffaf389000c8892000a0acc
fffc40f5fffaf7f9000c9f560009f891
fffc5659fffafb5a000cb5c60009e552
fffc6b86fffafdad000ccbdb0009d112
fffc806dfffafef7000ce18d0009bbd4
fffc94fdfffaff3c000cf6d50009a59c
fffca929fffafe82000d0bab00098e6b
fffcbcdffffafcd0000d200800097647
fffcd013fffafa2c000d33e500095d32
fffce2b5fffaf69f000d473a00094330
fffcf4b9fffaf233000d5a0200092846
fffd0610fffaecf0000d6c3400090c78
fffd16aefffae6e2000d7dcb0008efca
fffd2689fffae014000d8ebf0008d242
fffd3594fffad891000d9f0b0008b3e4
fffd43c5fffad067000daea8000894b5
fffd5113fffac7a3000dbd8f000874bb
fffd5d74fffabe53000dcbbb000853fb
fffd68e1fffab484000dd9270008327a
fffd7353fffaaa46000de5cc00081040
fffd7cc4fffa9fa8000df1a40007ed51
fffd852dfffa94b9000dfcac0007c9b4
fffd8c8cfffa8988000e06dd0007a570
fffd92dcfffa7e27000e10330007808a
fffd981bfffa72a4000e18a800075b0a
fffd9c47fffa6711000e2039000734f6
fffd9f60fffa5b7d000e26e100070e55
fffda167fffa4ff9000e2c9d0006e72e
fffda25cfffa4495000e31670006bf88
fffda243fffa3961000e353d0006976c
fffda11efffa2e6e000e381a00066edf
fffd9ef1fffa23ca000e39fd000645ea
fffd9bc3fffa1986000e3ae000061c93
fffd9799fffa0fb1000e3ac30005f2e4
fffd927afffa0658000e39a20005c8e3
fffd8c6efff9fd8c000e377b00059e99
fffd857dfff9f558000e344c0005740d
fffd7db2fff9edcb000e301200054947
fffd7516fff9e6f1000e2acd00051e50
fffd6bb5fff9e0d7000e247a0004f32f
fffd619afff9db87000e1d190004c7ec
fffd56d2fff9d70c000e14a900049c91
fffd4b6afff9d370000e0b2900047124
fffd3f6efff9d0bd000e0098000445ae
fffd32eefff9cefa000df4f700041a37
fffd25f8fff9ce2f000de8450003eec8
fffd189afff9ce62000dda820003c368
fffd0ae5fff9cf99000dcbb000039820
fffcfce7fff9d1d9000dbbcf00036cf8
fffceeb1fff9d525000daadf000341f9
fffce053fff9d980000d98e300031729
fffcd1dcfff9deed000d85db0002ec93
fffcc35efff9e56c000d71c90002c23c
fffcb4e9fff9ecfc000d5cb00002982e
fffca68cfff9f59e000d469100026e71
fffc9859fff9ff4e000d2f6f0002450c
fffc8a5efffa0a0b000d174c00021c07
fffc7cadfffa15cf000cfe2c0001f369
fffc6f55fffa2297000ce4110001cb3b
fffc6265fffa305b000cc8ff0001a384
fffc55ebfffa3f17000cacfa00017c4b
fffc49f7fffa4ec1000c900400015598
fffc3e97fffa5f53000c722300012f72
fffc33d8fffa70c2000c535a000109e0
fffc29c7fffa8304000c33ad0000e4e9
fffc2070fffa960f000c13220000c094
fffc17dffffaa9d7000bf1bd00009ce7
fffc1020fffabe50000bcf82000079ea
fffc093bfffad36d000bac79000057a2
fffc033cfffae921000b88a400003616
fffbfe2afffaff5e000b640b0000154b
fffbfa0dfffb1616000b3eb3fffff548
fffbf6edfffb2d39000b18a1ffffd613
fffbf4cffffb44b9000af1ddffffb7b1
fffbf3b8fffb5c86000aca6bffff9a28
fffbf3adfffb748f000aa253ffff7d7c
fffbf4b2fffb8cc6000a799bffff61b3
fffbf6c7fffba519000a504affff46d1
fffbf9f0fffbbd79000a2667ffff2cdc
fffbfe2bfffbd5d50009fbf7ffff13d7
fffc0379fffbee1c0009d104fffefbc8
fffc09d8fffc063e0009a593fffee4b1
fffc1146fffc1e2b000979acfffece97
fffc19bffffc35d300094d57fffeb97d
fffc233efffc4d270009209bfffea566
fffc2dbffffc64150008f380fffe9257
fffc393afffc7a910008c60dfffe8051
fffc45aafffc90890008984afffe6f57
fffc5306fffca5f100086a3ffffe5f6c
fffc6144fffcbabb00083bf5fffe5092
fffc705dfffcced800080d72fffe42cc
fffc8044fffce23d0007debffffe3619
fffc90effffcf4dd0007afe5fffe2a7d
fffca252fffd06ad000780ebfffe1ff9
fffcb461fffd17a2000751d9fffe168d
fffcc70ffffd27b3000722b9fffe0e3a
fffcda4dfffd36d60006f391fffe0702
fffcee0efffd45030006c46afffe00e3
fffd0244fffd52320006954cfffdfbde
fffd16defffd5e5e00066641fffdf7f4
fffd2bcefffd697f0006374ffffdf523
fffd4103fffd73920006087ffffdf36b
fffd566ffffd7c930005d9d9fffdf2cb
fffd6c01fffd847f0005ab66fffdf342
fffd81a8fffd8b5400057d2dfffdf4ce
fffd9754fffd911100054f37fffdf76e
fffdacf5fffd95b70005218bfffdfb20
fffdc27afffd99450004f432fffdffe1
fffdd7d3fffd9bbf0004c734fffe05b0
fffdecf1fffd9d2700049a97fffe0c8a
fffe01c2fffd9d8100046e65fffe146c
fffe1638fffd9cd2000442a4fffe1d53
fffe2a42fffd9b200004175cfffe273c
fffe3dd3fffd98710003ec95fffe3223
fffe50dbfffd94ce0003c256fffe3e05
fffe634dfffd903d000398a6fffe4add
fffe751afffd8ac900036f8cfffe58a8
fffe8637fffd847c00034710fffe6761
fffe9696fffd7d6000031f38fffe7704
fffea62cfffd75810002f80afffe878b
fffeb4edfffd6ceb0002d18efffe98f3
fffec2d1fffd63aa0002abcafffeab35
fffecfccfffd59cd000286c4fffebe4e
fffedbd7fffd4f6000026282fffed236
fffee6e9fffd447300023f0afffee6e8
fffef0fdfffd391400021c62fffefc5f
fffefa0afffd2d520001fa90ffff1295
ffff020dfffd213d0001d998ffff2983
ffff0902fffd14e50001b981ffff4123
ffff0ee4fffd085900019a4fffff596e
ffff13b1fffcfbaa00017c06ffff725e
ffff1769fffceee900015eacffff8bed
ffff1a0bfffce22500014246ffffa612
ffff1b98fffcd56f000126d6ffffc0c8
ffff1c10fffcc8d700010c62ffffdc07
ffff1b77fffcbc6e0000f2edfffff7c7
ffff19cffffcb0430000da7b00001402
ffff171ffffca4660000c30e000030b0
ffff136afffc98e70000acab00004dc9
ffff0eb6fffc8dd50000975400006b46
ffff090dfffc833d0000830b0000891e
ffff0274fffc793000006fd40000a74b
fffefaf5fffc6fba00005db00000c5c3
fffef29afffc66e900004ca10000e480
fffee96dfffc5ec900003caa00010379
fffedf7afffc576700002dcb000122a7
fffed4cbfffc50cd0000200600014200
fffec96efffc4b060000135c0001617d
fffebd6ffffc461d000007ce00018116
fffeb0ddfffc4219fffffd5c0001a0c2
fffea3c5fffc3f04fffff4070001c07a
fffe9636fffc3ce4ffffebce0001e035
fffe883ffffc3bc0ffffe4b10001ffeb
fffe79f0fffc3b9effffdeb100021f93
fffe6b57fffc3c83ffffd9cb00023f26
fffe5c86fffc3e71ffffd60100025e9c
fffe4d8cfffc416cffffd34f00027dec
fffe3e7afffc4575ffffd1b500029d0f
fffe2f60fffc4a8effffd1310002bbfb
fffe204dfffc50b6ffffd1c20002daaa
fffe1154fffc57ecffffd3640002f913
fffe0283fffc602effffd6170003172f
fffdf3ebfffc6979ffffd9d6000334f6
fffde59cfffc73c9ffffdea00003525f
fffdd7a5fffc7f19ffffe47200036f64
fffdca16fffc8b62ffffeb4700038bfd
fffdbcfdfffc98a0fffff31e0003a822
fffdb06afffca6c9fffffbf10003c3cd
fffda46afffcb5d5000005bd0003def6
fffd990afffcc5bb0000107e0003f995
fffd8e58fffcd67200001c2f000413a5
fffd845ffffce7ed000028cd00042d1d
fffd7b2cfffcfa2200003652000445f8
fffd72cafffd0d04000044b900045e2f
fffd6b42fffd2087000053fd000475bc
fffd649efffd349d0000641900048c97
fffd5ee6fffd4938000075080004a2bc
fffd5a23fffd5e4a000086c30004b825
fffd561ffffd67eb0000990a0004c135
fffd4edafffd1e880000a99c000476d7
fffd3984fffc17810000b2f000036e4a
fffd054bfffa16080000ac97000169a0
fffca70efff7252a000090f2fffe72a6
fffc235afff390230000623dfffad430
fffb946dffefcc8700002db5fff7063b
fffb2d0bffec6a5700000d26fff39f8c
fffb0089ffe997ef00000a70fff0d17e
fffb0a18ffe7345a0000235fffee7bfd
fffb354effe514ef00004d6effec70b1
fffb6862ffe3079200007b6bffea791b
fffbe839ffe159450000d219ffe8f55e
fffce8c6ffe0480b00016d2affe831b2
fffdf448ffdf536b00020d4effe78b4c
fffeb35bffde1c5e000283a2ffe689ec
ffff4dafffdcc9190002e5a0ffe5600f
ffffd97affdb704000033f50ffe42b1e
00006728ffda1b0400039a1dffe2fb2a
0000aab2ffd8a8650003c8bfffe18b32
000086d3ffd703ef0003badcffdfbbcb
0000bca2ffd57eef0003e47bffde3bb4
0001d45effd449760004994bffdd8130
0003d4f8ffd357510005e0a4ffdd8aa5
000681b5ffd290480007960affde2237
00095cf0ffd1d75100096925ffdee2dc
000c3400ffd11fac000b39faffdfa38a
000f54d1ffd068ba000d3fdcffe09b21
0012c4acffcfb476000f7dcaffe1ce04
00165633ffcefdcf0011d5beffe31a94
001a18d7ffce404f0014544affe48a3a
001d8d7dffcd9be300169223ffe5cc66
00202426ffcd353c001819b0ffe685b4
00220600ffcd081c0019093dffe6d183
00238731ffccff720019a4fcffe6e50e
0024f8afffccf96e001a3621ffe6f115
0026ad77ffccca0f001b0d49ffe72616
0028c511ffcc5a1d001c4d64ffe795b6
002b1a6bffcbbe92001dd19affe82a7a
002d5289ffcb3d93001f32a2ffe8b194
002f1016ffcb2e84001ffaf0ffe8f80a
003034d9ffcbb93f001ffb73ffe8ee08
0030ef96ffccb69b001f6b18ffe8ad38
00319ae2ffcdbb36001ece2affe865ef
00328aa3ffce4e58001eb127ffe84431
00339c2cffceb246001ecb6dffe83622
00347272ffcf8b94001e65eaffe80b93
00351db7ffd0b1e5001dab3effe7ccc3
0035bd3dffd1f817001ccee0ffe789da
00365002ffd354bb001bd9e2ffe7424e
0036f3b2ffd44d70001b4949ffe7050b
0037a176ffd5343f001acb37ffe6cead
00383bb8ffd6c0ff0019a5c1ffe69054
0038c8b9ffd8fb0e0017d1c9ffe64d1e
00394fd0ffdb7f380015b302ffe608b6
0039d007ffddd6d10013c027ffe5c29e
003a44caffdfd8f700122293ffe57886
003aa1caffe169230010f7e2ffe52439
003ad2b1ffe24f1d00107aceffe4bb69
003ace88ffe287370010b09affe4397e
003aadd4ffe2690000113f3affe3aad5
003a86f3ffe23d400011db65ffe31ab8
003a484cffe1e9ab0012a346ffe27ffc
0039baddffe11a520013f702ffe1bdea
0038c7b6ffdfb3b50015f81effe0c85a
003777e1ffddd5d900188728ffdfa373
00360afaffdbcf94001b443bffde7110
0034f482ffda1d9e001d90f3ffdd6f44
0033f7c6ffd8914c001fb1b9ffdc7c55
0032879fffd6adcb002252a6ffdb4ab5
003092a9ffd46d130025824cffd9cff6
002e716effd20dc50028e00cffd83e19
002c6da7ffcfc1d2002c1d65ffd6bebf
002a3e79ffcd6a80002f7c10ffd52644
0027a777ffcaecc3003333d8ffd35083
00247d84ffc846080037632effd120a0
00206b6bffc567bc003c4be5ffce5f11
001ba11fffc264100041c3f4ffcb28d3
00169604ffbf5a77004769b3ffc7c928
00114b85ffbc5482004d381effc43e44
000b72f0ffb954a800536600ffc04f9e
0004e4d6ffb66331005a0c63ffbbde4e
fffdc26affb3869c006111beffb6ff42
fff6661dffb0b956006837f3ffb1f48d
ffef6dc9ffaddae5006f18fcffad3b54
ffe8e8b7ffaaed8b0075a9d0ffa8dcee
ffe278deffa805e2007c2695ffa48ea2
ffdc82ffffa4f20200825449ffa0af92
ffd720f1ffa1ab2e008822b1ff9d54bd
ffd205a9ff9e4b7a008dc0e1ff9a3c91
ffcd26b2ff9ad70800933543ff975d9c
ffc80ed8ff97a64d0098c15cff94345b
ffc2aa39ff94bec8009e711eff90b15c
ffbda273ff918b1500a3e761ff8da2d9
ffb93d10ff8dc4b300a8fe78ff8b64b1
ffb520ebff89c84a00ade697ff897f4d
ffb0d271ff862f0e00b2e168ff8738b5
ffac4578ff83058300b7f57fff8480c5
ffa798aaff80325300bd1276ff8179e5
ffa29c1cff7e271f00c250b4ff7dab7c
ff9d4c4bff7cf3ee00c7b1feff790564
ff97d198ff7c5f2a00cd217fff73c942
ff924099ff7c399400d294b9ff6e29a5
ff8cc765ff7bc6ba00d7f479ff68e74f
ff8778c5ff7ac70b00dd374aff6443bf
ff823eabff79945100e2684fff5fe364
ff7d1397ff78476e00e78a55ff5bacc3
ff77fba1ff7744e100ec9b5aff573b42
ff72f702ff76c6c500f19b4cff525498
ff6e0ca2ff76b12100f686bbff4d13fe
ff694710ff7719cc00fb5863ff47629c
ff64aaf4ff77fbe301000de9ff414446
ff6025d4ff790c460104b0b0ff3b05fd
ff5b96fcff79e9e101095156ff350ccb
ff572a17ff7ae49c010dd969ff2f00a0
ff532e3cff7c9a7e01122040ff283519
ff4f7c1fff7ec4f001163a3aff20f874
ff4bee02ff810e1b011a3a71ff19a58e
ff48b194ff83ac41011e08b2ff11f9e6
ff458f91ff8664120121c2afff0a40b7
ff421392ff88b7270125a714ff031a5d
ff3e0727ff8a7c860129d43efefcc384
ff399672ff8be060012e3253fef70259
ff354fdbff8d4ffd013271d1fef13570
ff31ad89ff8f191b01364cecfeeadd76
ff2ebf89ff913d080139b965fee3ef67
ff2c6997ff93a0a7013cc602fedc8e0c
ff2a4ad1ff9618fa013facc9fed51275
ff27db8aff98730e0142c054fecdf3b6
ff2527a0ff9ab1060145f90ffec728a2
ff22564eff9ce46a01493fe1fec08d60
ff1f4de9ff9f0b59014ca653feba34a8
ff1bc4d3ffa12735015060ccfeb451bf
ff17c351ffa3382b01546968feaede7a
ff13f754ffa53dd6015844eefea95fc1
ff10cc0bffa730a6015ba47cfea38beb
ff0e2f89ffa90c52015e92fefe9d70ca
ff0b8e7cffaaef1501618538fe976d77
ff08985bfface6340164b950fe91b68e
ff0594a4ffaedfd00167f557fe8c1eae
ff023a37ffb104f9016b8130fe86cfbc
fefe2ebfffb3809f016fb193fe81ff20
fef9ce75ffb627cb017430a9fe7d7602
fef57718ffb8caf10178a4e8fe78fd41
fef156b6ffbb4699017cda05fe747b00
feed6c7cffbd9dfd0180d301fe6fef72
fee9569bffc02b62018509dffe6b8fe3
fee50655ffc2f79b01898d5cfe676491
fee0e119ffc592af018dd03dfe6336e5
fedd0fe0ffc7ca0d01919515fe5ef0fc
fed98cedffc995b00194d747fe5a9622
fed64ae7ffcb04dc0197a9e0fe562d5c
fed31e0affcc61eb019a6013fe51cd35
fecffe49ffcdaf90019cff21fe4d79e0
feccf197ffcee7a7019f7f8bfe493027
fec9e503ffd0454101a21eccfe44f987
fec6d3edffd1dd0d01a4f202fe40d839
fec3c3ddffd3a76c01a7f0f2fe3cc954
fec0b887ffd599eb01ab10cbfe38cade
febdb56fffd7929401ae2f85fe34daf6
febabd5dffd98a1001b145bcfe30f81d
feb7cf59ffdb867a01b45994fe2d22b2
feb4e546ffdd5f1e01b74203fe295dac
feb209c4ffdf36d501ba2309fe25a390
feaf55e9ffe176c001bd681ffe21e7a0
feacc0a0ffe401f901c0f373fe1e2e56
feaa3891ffe6924e01c47d65fe1a804f
fea7dbbfffe95ef201c842cdfe16cdf9
fea5aceeffec72bb01cc4e99fe1315e1
fea37c7fffef749601d03edcfe0f7076
fea16ad0fff2865c01d43e89fe0bcc5d
fe9f9344fff5d51c01d88061fe081b4a
fe9da377fff8fff001dc8cf5fe048911
fe9b662bfffbcd0801e01aecfe01323f
fe990183fffe651601e35e4bfdfe022d
fe969df10000f05601e68bc4fdfae2e2
fe94038a00034e5e01e96b9bfdf7f46b
fe910e660005674601ebd7dffdf54b09
fe8de0a30007569201edf7c9fdf2d3f1
fe8a68a800091bfd01efc00dfdf09a8c
fe867274000aa8e501f105c5fdeebf4c
fe81d9b6000bf9ed01f1aecffded5a1a
fe7c92dc000d16c101f1b72cfdec748b
fe76b3da000e0e4a01f13571fdec02bf
fe70c6c8000ef83e01f09508fdebaa22
fe6b6210000fe70401f047c0fdeb05f0
fe6656f10010d99e01f02c37fdea36cf
fe6114950011d09e01efdc23fde9a36f
fe5bc94b0012c14001ef74fdfde926ad
fe56e9470013a06801ef4562fde86a0a
fe522bf900147ded01ef1ee5fde7a731
fe4d378700156e2801eec7ecfde7263c
fe4804650016777401ee3cc0fde6ef7a
fe42f81800176dbd01edba45fde6a620
fe3e875a00181b7c01ed8606fde5ddcf
fe3aa1680018835301ed9584fde4a2ab
fe37525d00188c6e01ededbefde2dca2
fe34c370001810b701eea51ffde05882
fe32d962001716b801efab62fddd2a7c
fe3149510015d89201f0d6d7fdd9a7c9
fe2fc50d00149bd601f1fcc4fdd62fb2
fe2e664c0013377001f32a6ffdd29411
fe2d5c7400116e2701f4790dfdce8b57
fe2c9a21000f479701f5e15dfdca21b2
fe2bf8f5000cfdc001f74f63fdc599ca
fe2b515b000ad55501f8aeb3fdc1402f
fe2a9c3f0008df8801f9fbc0fdbd2727
fe29d7f700072e4801fb35dffdb96010
fe2902950005d09a01fc5c33fdb5f9cf
fe2823140004bf2a01fd725ffdb2ebd2
fe2746420003ad0701fe7eebfdafe815
fe267c8b0001f27201ff8a27fdac45f4
fe25c70bffffab9b020094b7fda8218c
fe251aeefffd7f1a02019944fda4219f
fe246f99fffb4c0202029395fda02514
fe23b737fff89e5602037cccfd9bb6dd
fe22f1a3fff58255020454ecfd96e330
fe224974fff2a77802053184fd925d89
fe21f1dbfff0b22c02062c9cfd8ed07f
fe21f5d0ffefa4e702074bfbfd8c4116
fe224355ffef35cd020886c5fd8a6467
fe22bea8ffef1b390209cef3fd88ecfe
fe23151dffeecc3d020af99dfd874069
fe22fe10ffeddbf9020be0d5fd84e127
fe22bbcbffeca4ff020ca79efd823a04
fe22b2ecffeba7ee020d8358fd7fe594
fe231094ffeb0d33020e8cd5fd7e1b2e
fe23e241ffead824020fcc12fd7ce475
fe251195ffeaed190211357efd7c2056
fe26b546ffeb4e270212d73cfd7bdd7e
fe28f552ffec0d760214c905fd7c408c
fe2baedaffed0ed50216f7c8fd7d214e
fe2eeb44ffee47b002196b68fd7e7f5d
fe32ef8cffefcadc021c4f22fd809324
fe37c991fff191a1021faddafd836264
fe3d8511fff38ead02239299fd86ee47
fe43b438fff5a78e0227b75afd8addc5
fe49999bfff7b6b6022ba18dfd8e9b7a
fe4f7583fff9ba05022f7f32fd9253c2
fe5607b7fffbb74c0233d644fd969098
fe5d49b6fffdac270238a30efd9b4c76
fe64a68fffff9cc4023d7ac7fda01f6b
fe6bcf7c00018ff502422311fda4d3d3
fe72baf700038a1902469366fda96428
fe7999fd00057ca3024af4ddfdadeef8
fe80943700075db2024f67bbfdb28d61
fe87bbe500091fc80253fffcfdb7495b
fe8f79f4000a8750025925dafdbc5f7a
fe97abd6000ba9d6025eb5c0fdc1bbeb
fe9fb7d4000cdc3502641889fdc70563
fea7b82a000e0320026970d2fdcc49b2
feafbadc000f1ed8026ec68cfdd19190
feb754620010934002739313fdd6a237
febe9c8e0012429e0277fa60fddb883b
fec600080013b8ab027c90b8fde07e08
fecd649f0015214c02812538fde5761d
fed46b57001709b6028514d6fdea3eae
fedb19ce0019689c02886a3cfdeedaa7
fee1cf18001b8ae3028bea96fdf37b12
fee8a2d7001d4ea4028fbd05fdf82c32
feef5b25001f459b0293476afdfcd07f
fef5f21c0021711402968739fe0164e4
fefc796d0023b07a02999fa0fe05f256
ff02e33f00267082029c236efe0a71e4
ff0931e600296db4029e562cfe0ee4b0
ff0f76bc002be5d002a0fb08fe135367
ff15b0b6002dd7e202a4133ffe17bd7f
ff1bda26002f814d02a76195fe1c201c
ff21f0cb0030efdf02aad89dfe207a14
ff27f0d8003224b702ae77c5fe24c977
ff2dcbca0032fb9302b26552fe2906e5
ff33903f00339e4702b6757efe2d39ca
ff3953b20034587402ba5ac7fe316cef
ff3f11dd00351ea902be2103fe359e31
ff44ce9f0035f2af02c1c5acfe39cf8b
ff4a7a2f0036bf1102c561e9fe3df8bc
ff5043240037b76d02c8b578fe42328b
ff56714b00393a1e02cb4ff0fe46a2e4
ff5cf779003b2c4802cd4deafe4b4338
ff63ee33003d917002cea04cfe5021dc
ff6ba25c0040a10f02cef331fe5569ce
ff741b5b0044520e02ce494cfe5b204d
ff7ccb430048365e02cd4464fe60f61f
ff851276004be06602cc9021fe6690f1
ff8cdfa4004f482f02cc3cdafe6be661
ff9467c700528db102cc14b7fe7114e1
ff9c0e1e0055d7d502cbbfb0fe76588e
ffa4083f00593a9402cb0ed1fe7bd214
ffac5f3e005caef802c9ff78fe818947
ffb51d6f006032b602c88bcafe8785cb
ffbdc3370063b38602c71570fe8d7311
ffc5cef10067231402c5fdebfe92f9db
ffcd9627006a832502c50817fe98562a
ffd5de94006dcdbe02c3aa14fe9e1631
ffdea41b0071060202c1e5f2fea435c6
ffe77af70074302402c00656feaa676c
fff0cdca0077296b02bdc9cbfeb1057c
fffafaaa0079d5b502baf5a9feb85edd
0005cae9007c398902b7ae8bfec04c0b
00113b7e007e453402b3f96bfec8d3d9
001d153c00800f6f02aff7b4fed1c489
0028b07b0081ef3b02ac0bb7feda7c7c
003401a50083e2a702a83d49fee2f5ce
003f754e00859f9202a44f06feeba4f3
004ae68300874a5802a05502fef45a38
005604030089270b029c7c34fefcb586
0060de32008b27d80298bbbbff04ca2b
006b9c72008d23050294fe69ff0ccdb9
00765225008f00f802913a10ff14dce6
0080cb5700911b42028d89a8ff1c93d0
008abdef0093f79a028a139eff235e42
0094513900974cd60286c3b3ff298d0e
009deb28009a4031028365b7ff300c42
00a79b73009cb661027ff1a1ff36fa34
00b147d3009ed887027c74faff3e295d
00baf41200a08a440278edf9ff45b611
00c494e600a1f7970275625dff4d7386
00ce240d00a2e6cc0271d566ff559a96
00d7a62b00a36633026e44d5ff5e1d24
00e1140a00a40f5e026ab459ff66619d
00ea616800a49b1f02672a29ff6eaf99
00f387bf00a4ac6c0263a9a0ff77649c
00fc9bd200a4b72c0260285dff800b32
0105cca900a56fa4025c8eb7ff87ea5d
010f080700a6a6860258e60cff8f3423
0117feca00a777cb0255569aff96d6ef
012089ca00a78f010251f498ff9f2e28
0128b61800a7199f024eb990ffa80b71
0130957d00a648dd024b9cbdffb13c0e
0137fef500a4f5bd0248b429ffbaf314
013f099e00a33c590245f39cffc50e58
0145fd3900a17f570243357effcf1a1f
014cc6c6009fb1490240846affd92acc
01538f68009dee43023dc95affe314d2
015abda5009c87da023acb60ffec621a
016256ca009b7c7602378712fff510c7
0169e19f009a7d1b023441a3fffda083
0170da2400993fd6023147c700069439
017718a60097b8cf022eb23b00100d1e
017cfc33009611a5022c48170019b432
0182db1e0094710a0229d63b00233a80
0188aa950092d35602276330002ca931
018e6986009137c10224efd3003601d3
0193f5cb008f9c4b02229379003f5d2c
01999bdc008dff2e022017cd00488642
019fd57e008c64d3021d281a00512550
01a6c495008ac0b70219a7d4005926ba
01ae3d48008911480215b5890060aa3a
01b5ab41008767520211c0bf00681382
01bd02870085bbd6020dceb3006f6ce8
01c452e7008412040209d6450076ab00
01cb7f5000826e530205ed78007de0ce
01d2a1ae0080c8630201fe9c0084fe9e
01d99cf3007f303d01fe2619008c154e
01e04bf3007dbba301fa89b500933aa5
01e679a3007c95c101f766d6009a8beb
01ec6f54007b820101f4679300a1e0ca
01f2e95d0079e7f401f0b0e500a8d0e0
01fa0f3500779b3401ec0b6900af473d
0201ae5c0074ba9b01e6a9ae00b56078
020973f100719e2701e0fc6600bb4967
02110c8e006ea97d01db7dd100c12e92
021895fd006ba43c01d5f05b00c700db
0220598700680e5f01cfc53500cc9a66
02283db600641aeb01c9341d00d20878
022ff64000606b8901c2ebb800d77256
02377aee005d0cdb01bcfa6f00dcdc68
023ed74d0059ffa401b75e7800e240d7
0246039e00576b3a01b23fb000e7a3aa
024d14ed0054cdd001ad1adb00ecfa72
02541995005209da01a7d15500f23e19
025b0a08004ff7ae01a33bc300f7728d
0261e1e3004e9db7019f60a200fc9a23
02689726004d045c019b47c80101b9ff
026f208a004ac7e501968ce70106d6ed
027579f700480a8401915147010bf328
027ba6dc0044f2e5018bbb8e01110d1e
0281a78d00419b0d0185e4ea011624de
0287706a003df2e0017fbb12011b4084
028d1fdb003a3a58017983240120509a
0292d8c00036be9301738fe90125436a
02988fbc0033693f016dc909012a1eeb
029e3728003021050168128a012eea4c
02a39b4f002cab73016223610133c15b
02a87dc10028c4cc015ba59e0138c5c6
02ad074a00249a910154d24e013de1d8
02b1903500208434014e1c470142e5cb
02b65e59001cb62d0147d1c40147aaa9
02bb7fee0019372e0141ffc1014c284c
02c0f2200015f9d3013c9b8601505f1b
02c6fa43001317990137e10501542552
02cd7bc9001080b50133b40c01578baa
02d3cb14000deb20012f7813015af932
02d95d13000b2a56012ab6cc015ec45b
02de28ab0008417901256b770162f444
02e296b300054d2e011fec6a0167471c
02e6cb0600025c72011a5949016ba800
02ea6ff3ffff6da8011474d50170531a
02ed6b86fffc8355010e2d8401755bcf
02f04d94fff999700107e7c4017a5ae5
02f35e08fff6b1d20101d6cb017f1e89
02f6684ffff3cfe200fbd6a70183cd21
02f9c380fff0d7d500f61cec01881d54
02fda1eaffedbd4900f0c993018be65e
03019387ffeaa13c00eb9672018f861a
03053410ffe7ab0b00e646a2019355e2
0308b442ffe4bde100e0f614019724b1
030ca72effe185e300dbf9da019a601a
03113033ffdde7de00d76595019ce039
031614dcffda018e00d31714019edcc8
031b0af0ffd609b400cee49901a0a866
031facccffd260d800ca969f01a2c44e
0323b803ffcf520400c6098201a58e73
032723f8ffccf9bd00c1395001a922bc
032a1ab8ffcb2ccb00bc3c9f01ad4979
032ce202ffc9933d00b7383601b19900
032f6e43ffc858b200b2267601b63ce8
033195abffc7d91f00acf1db01bb9836
033354d4ffc83e7f00a798da01c1d382
0334b1adffc99fe700a21e9b01c9035c
0335c675ffcbd142009c907401d0f76f
0336b19bffce854e0096fdbd01d95ea5
0337839cffd1932b00916eb401e20e71
03384296ffd509d6008be65901eb154b
0338f0dbffd8a19a008665c001f42b60
03398bf3ffdba4070080eb9701fc9a12
033a083bffddb297007b71f402040242
033a57b6ffdecc8b0075f1ba020a621a
033a779effdf1fd900706963020fe6d7
033a8126ffdf2c3a006ae58a0215125d
033a8f8effdf5c37006573d7021a51f3
033ab4e3ffdfd66300601d7a021fcf5f
033adcd7ffe070de005ad7e302255d15
033aadedffe08a71005574bc022a4889
033a1b9effe0092f004fed7e022e75b0
03396788ffdf5f92004a640202326410
03387354ffde78610044c7900235f417
033735fdffdd44c5003f13790239155b
0335cebdffdbf189003957c6023bfb66
033402efffda543b003373a4023e6639
0331d451ffd86dd3002d67eb02405775
032f9fe3ffd686a10027686802423937
032da280ffd4c54c002197c602444ad1
032b9d7cffd30c34001bd0d1024651ba
03296bd4ffd142860015feab02482702
03275d82ffcf890500105161024a1273
03254d30ffcdd944000ab0ae024bf775
0322c9c9ffcc15290004d4fa024d790f
031fc266ffca3d01fffeb254024e8bb2
031cb094ffc8626dfff8992e024f8c79
031a26deffc69202fff2ed130250e803
0317d5afffc4cdadffed74dd025266aa
03153f22ffc311efffe7d8b30253ae3e
0312b72dffc153b3ffe258160254f68c
0310b4bfffbf7f68ffdd4f2402568de7
030f8700ffbd78baffd9021a0258a473
030ed6e6ffbb57c4ffd528cf025b0369
030e2957ffb93841ffd160fe025d5c4b
030defa8ffb6e0f1ffce1676025ff17e
030e621cffb436ccffcb7e240262e46a
030edce5ffb19289ffc8f77f0265d589
030f1148ffaf1b1bffc63820026896bb
030f6221ffac8862ffc3acfe026b5f7a
030fb9b3ffa9f7a9ffc13439026e24be
030fb3c2ffa7c23affbe52f90270af86
030f7e27ffa5b631ffbb486902731886
030f79dfffa36475ffb89ebf027593a6
030f82b7ffa10832ffb6133d02780e2f
030f311fff9f3c34ffb2f350027a51f9
030e7d3bff9e164fffaf2827027c5b18
030d8f3dff9d5d0bffaaf448027e3e95
030c6c2eff9d22b4ffa647da027fff4c
030b07cbff9d9e7dffa0eafb0281972e
03097594ff9ea493ff9b0c3902831032
0307db43ff9fa006ff95446702847d75
03064c04ffa032a6ff8ff31a0285e8a3
0304c0f0ffa07695ff8afdd102874e56
03033403ffa0a4dcff862ae60288ab93
0301a5bbffa0f949ff813e92028a00a4
030007faffa11dc5ff7c8f73028b4682
02fe49b3ffa08e22ff78a2c0028c74aa
02fc718aff9f8367ff753f18028d8e7b
02fa8cafff9e5759ff720a14028e9a97
02f89ca6ff9d1839ff6ef568028f99cc
02f6ad32ff9be184ff6be3c302909224
02f4d00fff9ad9ecff68ab6002918cc5
02f2ffe6ff99f62eff65586f029286f8
02f135d8ff9923ffff61fdd902937d5a
02ef85aeff987aeeff5e7ed002947a73
02edb9e4ff97c0dcff5b24d502956199
02eb9cc9ff96b33fff58407c0296165d
02e99cffff95bceaff55440d0296d4f0
02e807f6ff9529e4ff51cb420297c769
02e66dc0ff94a0f3ff4e57470298af96
02e43b9cff93bba9ff4b871702993a94
02e184e8ff928752ff4945d302997364
02df02ffff9169feff46dcf30299c5e8
02dcd5e1ff907baaff44292b029a43c0
02da413aff8f72afff41d1b3029a7ac8
02d7388cff8e4472ff3fe4b0029a6498
02d42609ff8d170eff3e05ff029a4203
02d1294eff8bf028ff3c1cbd029a27e0
02ceb176ff8ad70bff39d7c8029a6232
02cc8829ff89ce9eff375c58029ac9ae
02c9ba59ff88d02bff3558f8029ab490
02c65a0bff87d774ff33c25b029a3127
02c341aaff86d340ff32037d0299e0ad
02c0c665ff85b6a6ff2fe40a029a04a5
02be8dbeff8491aaff2d9f20029a5691
02bc7ab2ff836138ff2b4967029ac420
02bad1e8ff820a4cff28b95f029b8a45
02b98b52ff808c88ff25f466029ca404
02b88917ff7eedadff230d80029dfa6e
02b7922dff7d4eefff20259a029f5437
02b62738ff7c06f1ff1d84e102a028fe
02b40dc5ff7b45f9ff1b4b9c02a03434
02b163c8ff7b0257ff196810029f8ddc
02ae5a70ff7b19d7ff17be8a029e6aee
02ab38fbff7b47e7ff16284b029d2678
02a7f8e5ff7ba4f1ff14a816029ba933
02a450a9ff7c9ab8ff1364760299781c
02a036a4ff7e462fff12621e029675c3
029bd1adff80781fff118c850292db58
02975b09ff82c82aff10c60a028f1c65
0292f221ff84fc32ff0ffe79028b78e8
028e8400ff874ffaff0f3f640287b2f0
028a0605ff89e3c3ff0e8e2a0283a8e7
02857eabff8cb6eeff0de77a027f5c82
0280efd7ff8fce50ff0d4a56027ac954
027c6252ff92af3aff0cb25002766a79
0277da09ff94a100ff0c1d6c0272f8fc
027358b5ff95ede7ff0b8ac702702a60
026eda50ff972d14ff0afc60026d67f0
026a52c1ff982b49ff0a7842026ae584
0265c3e4ff98e573ff09fd7b0268a630
026148edff99c9b5ff097e42026638eb
025d0261ff9b3331ff08ea1502633e75
025901ddff9d3c10ff0837ce025f9900
02555aa2ff9ff0a6ff075d4d025b3753
025212b7ffa34995ff06572802561e06
024f39beffa74398ff051cb202504a29
024cd14affabd38aff03acbc0249c4df
024aa195ffb0a558ff02245e0242eec3
024887d9ffb585c8ff0095b4023c02dc
0246767cffba66a5feff08140235138b
024433e6ffbf188dfefd9b5a022e6456
0241839dffc36fddfefc7181022837c4
023ea6feffc7994cfefb65760222479a
023bd345ffcbc0c2fefa5a04021c55ea
0238b6f2ffcfbe4efef97f190216afa0
02357428ffd39c00fef8bf9702113897
0232aa62ffd797f2fef7ba9c020b6330
023058cbffdbb3a7fef6711902052f50
022e0d84ffdfca88fef5296901fefd8c
022c0c41ffe3decefef3b4e801f89dcf
022a9327ffe7fc2cfef1eb2001f1df5e
02292fecffec15d9fef018cd01eb180f
0227d6ebfff022edfeee431801e45368
022709b4fff4193cfeec0a7501dd391c
0226acb9fff7fdf9fee9847501d5db15
02264ff9fffbd9c2fee7035101ce8585
0225d03dffffb5edfee4a42301c74edd
0224a23e0003c643fee2e0b101c08bc6
0222a4bd00081598fee1d54f01ba50db
0220a6b8000c5222fee0c99601b420bb
021f5d2c00102182fedf110401ad90be
021f01860013573ffedc6ab701a68120
021f10f200164454fed95d67019f3cf3
021ee7c9001954f1fed695db01982123
021eccb9001c42ccfed3b8420191078d
021f0914001ed1d3fed06ed60189c799
021f218600218867fecd63cb0182a38e
021ec5c20024c134fecb087a017bc66c
021e444300281604fec8e2aa017506b2
021de87e002b1cb2fec675f8016e3cb0
021dba22002dbf32fec3ab880167648a
021da7b40030196dfec0a2f001608756
021da9ac0032271afebd5a340159a912
021dc4210033d83cfeb9c1170152c7b6
021deb5e00353f2bfeb5eb96014be92f
021e207b0036353dfeb1b3ab01450d02
021e5ef70036d8d5fead37cf013e3569
021e98ac0037643efea8b3460137697e
021ece010037e69bfea4352f0130a909
021f01b800389db8fe9ffb540129f2a4
021f3b550039c025fe9c3ca701234288
021f7b0a003b39c0fe98e4f4011c9897
021fb16e003caf7ffe9598080115fc8b
021fc007003db641fe91e72b010f7dcd
021fa790003e4f79fe8dd40001091bf3
021f8fe4003eebebfe89d4510102c2c0
021f5757003f5d72fe85b29600fc83af
021ee51a003f6973fe81307300f66b5c
021e8e93003f9a98fe7ceaaf00f04d57
021e540f004000fbfe78ef5e00ea29d9
021e097800405704fe74ef9300e417b9
021df05a0040df05fe71414f00ddf392
021e21980041b448fe6e071300d7aff6
021e6d860042a4adfe6b008000d16691
021ed14e0043a734fe68255300cb185f
021f38160044b00efe6560a500c4d17a
021f8b700045ad40fe6298b400be9e29
022021870046c6cffe601d6200b84b5b
0220e32b0047f93efe5ddd6300b1e7f2
0221805b00491cf2fe5b8ce800aba2e5
02224f2d004a4939fe59729c00a54607
0223bbe8004b961cfe57e523009e8bbb
022609cd004d04e4fe5713d90097455b
02292ccd004e8a99fe56f17b008f783e
022d04c2005014cdfe575fec0087354e
0231565000519d7afe5832b6007ea49f
02354ef700532f49fe58d84f00765f29
0238c34b0054c641fe5930c4006e81ec
023c29d90056577efe598c1c0066b512
023fab640057d8d1fe5a0458005ed72c
02437784005937f4fe5ab60b0056be71
02477b93005a7b30fe5b95be004e7ab0
024b95dc005ba8c0fe5c8da5004625f0
024f82c0005ce8f5fe5d76ca003e0495
0252d553005e7c26fe5e1249003684a0
0255b6bc006049dbfe5e77b9002f7c63
0258881900621290fe5ede46002885af
025b28f00063fcd5fe5f34bf0021cf66
025d57d500664774fe5f577a001bacf6
025f1fb10068f1a7fe5f4cbe0016185a
02607901006c1738fe5f113f00112c0c
02618360006f8ee2fe5eb5a2000cb6ad
02628ab60072f06bfe5e61c200083d7e
0263b7d70075ec55fe5e2a9f0003694e
026522c100784577fe5e1c4efffdf9b7
02669d03007a6f5bfe5e1f0cfff86912
0267faa9007cc705fe5e1c4dfff31b73
02695de7007ec700fe5e253bffed8801
026acd43008074ddfe5e3d1affe7b30c
026c2f750082392efe5e5720ffe20726
026d87d20083b03ffe5e74e3ffdc20ab
026edd740084cb76fe5e99dfffd5f09f
02702b880085f2aafe5ec399ffcfdece
027173be00873734fe5ef2d7ffc9fcbe
0272b057008875cafe5f24a2ffc42671
0273bf8500892963fe5f47e0ffbdd3a2
0274a30700894bb9fe5f5d67ffb6fe67
0275863d0089779efe5f7b0dffb04611
027689290089fd9dfe5fb11cffa9fffa
0277d841008b250efe601688ffa47c72
02798d20008d0e69fe60b8b1ff9fe209
027b8989008f75a7fe618824ff9be81d
027d9785009201aefe6268c3ff982a26
027fb3c00094a18dfe63592dff949838
0282182a00978ec9fe6478adff917d89
0284e70a009ae3f2fe65da3cff8f00d5
0287cc51009e5613fe674f94ff8cbae0
028a2ac800a16afffe688100ff89f878
028c3a3600a440b0fe698ed0ff86efa5
028ed00100a75ae2fe6af357ff847bac
0291d07500aaafeafe6c9da4ff8284b4
029475e100ade0a3fe6e18b7ff805096
02969c5b00b0dc78fe6f4f1cff7dbdc8
029849f300b3b295fe7041c7ff7ad843
02991e2b00b654e1fe70b113ff775668
0299026200b8c71afe708c1bff7329f6
02983a1100bb1e60fe6ffc4bff6e8b58
0296db3700bd68a9fe6f0cb5ff698f78
0294e1c000bfad76fe6db7ddff643620
0292892000c1ef13fe6c26e1ff5eaa00
028ffdeb00c43093fe6a77eaff590b67
028d049400c683a0fe68794dff533534
0289557800c8ff5afe65ee38ff4cfb11
0285583400cb8537fe632d53ff469dbc
0281f17b00cdc282fe60fe00ff40a910
027f47bb00cfa77efe5f82c1ff3b3422
027caae800d18710fe5e16f4ff35d670
0279fa5f00d365cefe5ca322ff307b3a
0277dd6800d4cf25fe5bdc31ff2b80d9
027690d300d59079fe5c09dcff2708dc
0275c08d00d5e1acfe5cd355ff22e394
0275305f00d5ebeefe5df88dff1eef1b
0275026400d5796cfe5fb5f4ff1b3cd6
027525f500d49fd3fe61f17aff17c3d6
02754e5300d3b796fe643da4ff145b25
0275a08400d273edfe66ecf6ff111580
027628f200d0c8a8fe6a0f0fff0df96d
0276b7f000cf004dfe6d4f54ff0aee13
027740a600cd3c4dfe708a3fff07ecc5
0277966600cc1a4dfe731d8eff04dee5
0277b24a00cba290fe74ffcdff01c0d4
0277cf5e00cad4a1fe7736e2fefeb040
0278039f00c92b24fe7a49e0fefbb823
02783f0800c72137fe7dbc95fef8d05f
0278774800c57f98fe80c5bafef5f3b2
0278aa4400c459a8fe8351defef320fa
0278dfb300c3806cfe858f6ffef05c02
02792d3a00c34998fe872715feedaf95
0279963b00c3b98efe8813f6feeb1d54
0279fa1000c44025fe88e939fee894b7
027a279e00c44b9afe8a3f05fee5fcb9
027a232200c3e38efe8c0cdefee35776
027a1aa800c3792bfe8ddae4fee0bc50
027a056e00c308c1fe8faf67fede2686
0279a67e00c23682fe91f436fedb7617
02790b5300c112b4fe949547fed8b228
0278877300c00bcffe970f55fed606af
027841c700bf4c9bfe992c14fed38897
027820ce00beb81bfe9b0fecfed12a0e
0277d67100be0a97fe9d18e7fecec016
02778d9800bd59c9fe9f1eb4fecc6373
02775f9000bcc303fea0fde7feca2127
0276aec400bbec13fea353bffec79df2
027579cb00bacfb7fea62485fec4d983
027483aa00b9c8b3fea8ba87fec247a3
0274596d00b908fdfeaa9b55fec03ec5
0274e86e00b88389feabda92febeb4b1
0275ce8d00b8153dfeaccd4ffebd6d6f
0277036500b7b221fead7efbfebc6618
0278abc600b75a83feadd595febbb86b
027a9d7200b707fdfeadf188febb4877
027c481600b6bb48feae38e2febaaf9f
027d606600b67685feaee035feb9b7c2
027e6d2f00b62a36feaf8d1efeb8c632
02801d7900b5b697feafcd58feb863c1
0282a76c00b50747feaf802ffeb8bfac
0285af1e00b4301bfeaee0b4feb990bc
0288e7d900b34015feae204bfeba9af5
028c550e00b231e2fead3d9ffebbe388
028ffb7800b0fd31feac36b7febd72ac
0294221e00af6bf4feaae42dfebf97e6
0298c51f00ad8016fea94855fec24f6e
029d810600ab7812fea79bedfec53298
02a26e1c00a93155fea5d2acfec86894
02a7c58e00a67033fea3cdb8fecc3e28
02ad4a0e00a3738afea1ae43fed061b7
02b2a44700a09cb5fe9fa318fed458fd
02b7d429009de885fe9dac6bfed8267e
02bcdf65009b5abdfe9bc6f6fedbc934
02c19c2d00994a7efe9a0833fedee2c4
02c614c70097a053fe986adcfee18c62
02ca9db20095894cfe96c3dbfee4a573
02cf4d0a0092d70ffe9507e2fee85fe9
02d3e3ef00906488fe9356c1feebd9d0
02d84881008e9792fe91bd88feeeaaa7
02dc898f008d6024fe9034c4fef0e3f1
02e0aef4008c8c57fe8eb881fef2b855
02e4bc80008b533cfe8d46dafef4f0f7
02e8bd090089b9fefe8bda61fef78884
02ecae8100883b93fe8a7425fefa046f
02f0876b00869d3ffe8918e5fefc9fc8
02f454280084ffbffe87c267feff38b5
02f80555008351b7fe867885ff01e305
02fb6ddd008110b3fe855227ff052722
02fe8d0a007e44abfe844fbbff08fdb4
0301728e007b2727fe836977ff0d2c3b
030430b50077dfc4fe8295f4ff1187f5
0307109e0074dcadfe81aefaff159235
030a54f3007276f9fe809159ff18e136
030de602007087e0fe7f4959ff1ba0a1
0311673c006ea326fe7e0869ff1e5658
03147746006c6b34fe7d0395ff217ef5
0316c5a70069a6ccfe7c6817ff257224
03189b4800668ed6fe7c0d3eff29dc8d
031aeace0063c833fe7b6991ff2dba96
031db4dc00615d7afe7a7deeff3104e8
0320253b005ed8a4fe79c595ff348d21
0321ee67005c1825fe796f26ff389a43
03234cfe00593862fe79569dff3cf3b8
0324e79800566b4ffe79140fff410de2
03271a840053c8e6fe786cfeff449d2b
0329807c00513ad3fe77a289ff47f2a8
032ba325004eae8efe7702b6ff4b6992
032dbfe9004c21d6fe766166ff4ed771
032ffee400499c76fe75a508ff521d3c
0331f1db00472451fe751dc1ff5586f8
033394690044b7a3fe74ce1dff59187d
0335282a00424f55fe7484e9ff5ca5ad
0337057f003fd09afe73f7fcff5ff796
0339a23c003d10b0fe72c0a4ff62c648
033cd971003a1921fe70fd15ff652938
0340390700370fa9fe6f0e88ff6766b4
0343d1bb0033e13efe6cde9dff697695
03477fa40030a909fe6a9589ff6b6ce8
034ab6d5002dc48bfe68c7fbff6d9937
034d9e61002b0ffefe674591ff6fe644
035096310028451cfe65a466ff721e6d
0353986300256660fe63e94bff74450f
0356d205002235bffe61cbc9ff7642b5
035a48d9001eaf87fe5f4606ff78143b
035d9d8e001b53f4fe5cf00cff79ec01
0360bd7e0018356efe5ae18eff7bd40b
036402f40014a6b7fe585c92ff7d9de0
036776300010a8d5fe555f70ff7f4524
036aad85000d3ed9fe52fd1cff80ffd4
036d92e9000a9c59fe516ca2ff82d944
0370573700083a9efe5020f4ff84b8ba
03730d8e0005cf29fe4ecd7bff86949b
0375b78800036725fe4d7f40ff886c2a
03784f7400017be7fe4cafaaff8a424e
037ad0d4ffffe43cfe4c3592ff8c1957
037d3dc1fffe0605fe4b76b4ff8df048
037f8f32fffbbba9fe4a4cc9ff8fcabb
0381ce0cfff944e7fe48f862ff91a441
038401fafff6e2ecfe47ba9bff93791e
03860c06fff43b87fe4635a3ff955909
0387e8dbfff13848fe4452d2ff9745bd
0389b974ffee393bfe427678ff992e8a
038b90eaffeb6793fe40ccecff9b09b5
038d55c3ffe89a3dfe3f2798ff9ce492
038f0704ffe5c4bffe3d7b04ff9ebf72
0390f546ffe34fc6fe3c4442ffa06fce
03935b64ffe17d03fe3bd5c6ffa1d629
03961157ffe01724fe3bf040ffa307ac
0398a127ffdea78bfe3bf8acffa44455
039b0694ffdd1eacfe3be0ebffa58db4
039d884cffdbb841fe3bfcc3ffa6bcec
039fbc80ffda3690fe3be200ffa80f04
03a1174bffd84958fe3b04a5ffa9d516
03a1e139ffd61962fe39ac9fffabe512
03a2d070ffd3fd2cfe38847affadd329
03a433abffd21239fe37d17fffaf6f5c
03a5ea42ffd048defe377501ffb0ccfa
03a7ea89ffce9588fe3762acffb1f001
03aa20eeffccf38ffe378a69ffb2e52a
03ac049effcb550efe378607ffb408c6
03ad343dffc9b51cfe370e84ffb59e58
03ae180bffc814a6fe366e16ffb75c4b
03af9be9ffc66248fe3645d2ffb89533
03b1c899ffc4a15cfe369cccffb94457
03b422dfffc2d8bcfe371e79ffb9c307
03b70dc4ffc0e383fe3806aaffb9bb07
03baacabffbeb64ffe396b3bffb90e48
03be7c7effbc7856fe3afa52ffb82aaa
03c20b95ffba599efe3c6f74ffb7775f
03c53a45ffb869f9fe3db7ebffb71295
03c80832ffb6b323fe3ed47dffb70320
03ca37e4ffb569f8fe3fa377ffb79259
03cc1478ffb44febfe404e42ffb867b9
03ce5b78ffb2c433fe413d66ffb8a162
03d12b40ffb0a614fe428124ffb815b9
03d43424ffae3e3dfe43ede2ffb7276a
03d727f8ffabe892fe4559c8ffb64800
03d9f9acffa9ad95fe46bda0ffb58479
03dce25dffa72fb7fe483700ffb4734d
03dfd5beffa48fedfe49bfa4ffb336e2
03e293d0ffa250defe4b368cffb25d40
03e51df0ffa06d6dfe4c9c51ffb1e143
03e7941dff9e971efe4e012affb16fc1
03ea06f4ff9c8922fe4f6d6affb0c23f
03ec7936ff9a3991fe50e259ffafcebb
03eeda54ff982da6fe525796ffaf1b59
03f121a4ff96e6a2fe53c8b2ffaf29ed
03f35281ff960e91fe553747ffafa42c
03f57158ff951cc7fe56a579ffb00180
03f791f2ff947c39fe581d1dffb0ade0
03f9b882ff946bbdfe59a039ffb1e83d
03fbe2beff94aa7ffe5b2da2ffb37074
03fe1849ff95401efe5cc924ffb54f3d
04005bb4ff96268ffe5e740effb77f8d
0402a393ff973cf6fe602982ffb9df68
0404d1afff9843e6fe61d9eeffbc2a44
0406cd1bff990de5fe637850ffbe2d9f
0408b057ff99c378fe65127affc01817
040a8c2aff9a83e5fe66b0deffc20bb4
040bffeaff9ae67ffe681f8dffc383da
040ccd08ff9aa854fe693cb6ffc42b03
040d68f0ff9a3ee4fe6a47f9ffc49aff
040e6401ff9a2a37fe6b9082ffc58402
040fcecdff9a7341fe6d1fe0ffc6f62c
0411366cff9aca6cfe6eb4eeffc8753f
04126d09ff9b0b50fe703661ffc9cce9
04141b1fff9b82eafe720842ffcb98f3
04165a63ff9c4297fe7438e8ffcdf47e
04187281ff9cff17fe76590dffd03a02
041a142cff9d9e41fe783781ffd2258d
041b3357ff9e253dfe79ca99ffd3b13c
041ba94bff9e95d0fe7af6a4ffd4c2b5
041b4d44ff9ef564fe7b9d3affd53f74
041a4866ff9f4caafe7bd89bffd547ea
0418c7a4ff9fa839fe7bc400ffd50043
041680f0ffa0184efe7b24c1ffd4395e
04139796ffa099defe7a14ecffd30b29
04109db8ffa11ad1fe7902c8ffd1d721
040dc134ffa192d5fe78122bffd0bb34
040b3b9effa1e7f5fe7777ceffcfd96f
040901e5ffa221cdfe7727deffcf2b99
0406b4f3ffa26410fe76cee0ffce77e0
040482f6ffa28fdefe769d6cffcdd830
0402862bffa29ab1fe76aabfffcd5c45
04008979ffa2a30efe76c1c3ffcce564
03fe748bffa2bc9ffe76c60bffcc65f7
03fc555dffa2d807fe76caecffcbe573
03fa7c66ffa29fa6fe773d9bffcb8f17
03f8f317ffa20b4bfe78295fffcb6803
03f73f6fffa1b483fe78d499ffcb2f6d
03f5044effa22285fe78a227ffcab46f
03f25b01ffa33a0efe77b42dffca0470
03ef9edfffa45e36fe76ba43ffc94ecb
03ed23dcffa4d6a5fe767ab1ffc8be7f
03eade69ffa4c8d2fe76ce93ffc84da7
03e89837ffa4aec5fe7733a2ffc7e085
03e65b6effa44a4ffe77e823ffc77c17
03e42206ffa3e84efe789f7cffc71d59
03e1d3e7ffa4050efe78db73ffc6b824
03df7a5effa41e89fe791e72ffc65114
03dd1ed4ffa3ee2efe79af46ffc5ecd6
03dac4fbffa3e53afe7a1c86ffc58d38
03d87864ffa46423fe7a04dbffc537ff
03d651e7ffa5bda1fe791356ffc4f9a1
03d448bfffa7be14fe777c3dffc4cda9
03d23fecffa9d4e5fe75d22cffc4a57f
03d03344ffabe95dfe742e1fffc47efe
03ce35e5ffae23bcfe72645bffc463f4
03cc420effb07c12fe707e55ffc45149
03ca1673ffb284b4fe6ef711ffc42515
03c7d864ffb46682fe6d9b89ffc3f321
03c61294ffb6dee4fe6b8c29ffc4047d
03c4aa75ffb9d193fe68ed0affc44ad2
03c30416ffbc8db5fe669b04ffc4729c
03c107edffbef63efe64b952ffc46f55
03befe18ffc15076fe62ebdcffc4682d
03bcfb77ffc3af3afe6118e9ffc46883
03bb1256ffc61aa0fe5f2fd6ffc47b25
03b95dafffc8a09bfe5d16b9ffc4afcd
03b7f53fffcb4700fe5aba9cffc51553
03b6ff32ffce177ffe57fcc2ffc5c39e
03b68e2affd11169fe54d0f2ffc6c77a
03b6cc27ffd4345cfe511aaeffc83dcf
03b787d7ffd77295fe4d02dfffca0782
03b7ea34ffdaa5e3fe493131ffcb9804
03b77babffddc0b1fe45ff9effcc9ef1
03b6cf8dffe0caebfe4302d0ffcd81f7
03b6803cffe3caadfe3fcb56ffceac29
03b68ec9ffe6bb29fe3c59c9ffd0204d
03b6fa00ffe99529fe38b144ffd1e057
03b7c193ffec5391fe34d331ffd3ee83
03b8bf52ffeefbbcfe30d8f4ffd62d8d
03b99918fff1aa4ffe2cfa64ffd85115
03ba6e17fff449befe292655ffda79ed
03bba3c6fff6aee5fe251fdcffdd0424
03bcdb41fff90ed7fe211e06ffdf91cd
03bdcc4dfffb8ba7fe1d4b79ffe1df9c
03beb6b1fffdfc7bfe1983ddffe42fef
03bfab2d00005757fe15bd7effe693d4
03c0807e0002c1c3fe120f02ffe8d803
03c1277b00054922fe0e80a2ffeaea37
03c1d5f20007af38fe0af5a8ffed1779
03c28498000a0901fe077175ffef4adf
03c31270000c79bffe0405a6fff157c4
03c38ffe000eef6afe00a979fff3548a
03c3dd7c0011b0fbfdfd6d19fff4f558
03c3e2ff0014f902fdfa5cb8fff5fbf0
03c3aa4a0018c7c7fdf77327fff66adc
03c3518b001cc719fdf4a105fff69c59
03c2f4c20020aad0fdf1d81afff6e027
03c2941600245f95fdef1846fff7499d
03c2387e00275955fdec5d0bfff864de
03c1e47a0029623dfde9a51cfffa67e9
03c18cfe002b15affde6f5fafffcb6f5
03c12e68002cdb80fde4516dfffeea1e
03c0c4ea002e9b0cfde1b95500011a49
03c0527700304d10fddf2cac00034e7c
03bfe8fc003236b3fddca25f00053fd5
03bfa9730034b4cefdda09a700068d38
03bf96da0037c531fdd760f00007382f
03bf9aaf003b19d0fdd4b37e000790dd
03bfd901003edf02fdd1ee740007629b
03c0742e00434a29fdceffde00067089
03c167ea00483dd2fdcbe96e0004d678
03c2a9b6004d9c7afdc8b03f0002b299
03c4347000535029fdc55661000019a8
03c64482005985b3fdc1ba56fffcc961
03c8e11b00603ddcfdbdd7d5fff8bd77
03cbcb49006732e9fdb9d058fff44d31
03cf2f3d006e7408fdb5898cffef5421
03d306320075fc06fdb1073affe9da13
03d68ff2007d5b53fdacb871ffe4a008
03d9252600844107fda9002affe043e7
03dac385008ab677fda5e16cffdcc1ca
03dc0f460090fcd4fda2f8c0ffd98753
03dde71400975632fd9fbae9ffd5da0b
03e0c458009dd6e9fd9bd848ffd15bfa
03e4b12d00a47186fd974624ffcc0c24
03e975b900ab11d5fd9225e6ffc61a65
03ee7bd000b1a9c9fd8cdd41ffbff681
03f2f11e00b83b8bfd8801fbffba34d0
03f6883600bece21fd83cd87ffb509e4
03f99f6d00c55cddfd7ffb7dffb034bc
03fca5d500cbd7f5fd7c36e6ffab6bb5
03fffcb500d22397fd782ed1ffa671da
04038c2900d84a5bfd73f912ffa15572
0406c4f900de81acfd701355ff9c6dd5
040964c900e4ea63fd6cbca6ff97e23b
040b3e7700ebaba2fd6a2a4eff93caf0
040c620b00f2c175fd684f99ff901e0b
040d2cf200f9f938fd66d171ff8ca55f
040da33201015c89fd65b444ff895d8c
040dda430108d6fdfd64dcbeff863aea
040de626011063c1fd643c9aff8331cf
040db5590118155ffd63eb47ff804b9c
040d6754011fca32fd63be15ff7d7781
040d14aa012760bbfd638d0cff7aa877
040d0071012e5891fd62cb8eff77bc05
040d4a07013476d6fd613892ff74a1f5
040da2f1013a58defd5f7f6cff7182ad
040ddfaa0140550efd5dfdefff6e7487
040e17bb01461f9cfd5c6581ff6b6b9b
040e566d014b931ffd5a8f29ff686232
040e8bad01510717fd58d3a1ff656066
040ea8b0015705b7fd57bdafff626da0
040eae75015d4c62fd570a80ff5f8964
040ea75c01633728fd5615aaff5cae81
040e94480168d2aafd54eb76ff59dc86
040e748c016e4ad2fd53b7aeff5713ca
040e5d0f0173f830fd52d47dff5449c9
040e4c6b0179eb94fd5251f3ff517f41
040e2dfc017fc6dafd51d037ff4ebe91
040e053501858c6ffd515206ff4c05fa
040dc80e018b2fe9fd50c8c8ff495aa9
040d84b90190c1fafd504855ff46b535
040d2d6401963b10fd4fc485ff441d13
040c918a019b4f5dfd4ee6c6ff41ab89
040bdd3a01a037c5fd4df2f6ff3f4955
040b6b8b01a56204fd4d6f71ff3cc5e6
040b5a7801aae91cfd4d80c2ff3a10e5
040b7ea801b09c79fd4dea08ff374173
040bc02301b65db0fd4e86dfff34641b
040bd3ab01bbfc18fd4f0851ff31a3ba
